id,smiles,notes,params_json
5277600,CCCCCCCC(=O)CCCCCC/C=C/[C@H](C(=O)N[C@@H](CC1=CC=CS1)C(=O)O)[C@@](CC(=O)O)(C(=O)O)O,,
5277604,CCCCCCCC(=O)CCCCCC/C=C/[C@H](C(=O)N[C@@H](CC1=CC=C(C=C1)OCCCC)C(=O)O)[C@@](CC(=O)O)(C(=O)O)O,,
5277605,CCCCCCCC(=O)CCCCCC/C=C/[C@H](C(=O)N[C@@H](CC1=CC=C(C=C1)OCCC)C(=O)O)[C@@](CC(=O)O)(C(=O)O)O,,
5277607,CCCCCCCC(=O)CCCCCC/C=C/[C@H](C(=O)N[C@@H](CC1=CC=C(C=C1)OC)C(=O)O)[C@@](CC(=O)O)(C(=O)O)O,,
5277608,CCCCCCCC(=O)CCCCCC/C=C/[C@H](C(=O)N[C@@H](CC1=CC=C(C=C1)OCCC(C)C)C(=O)O)[C@@](CC(=O)O)(C(=O)O)O,,
5277609,CCCCCCCCCC(=O)CCCC/C=C/[C@H](C(=O)N[C@@H](CC1=CC=C(C=C1)OCCC(C)C)C(=O)O)[C@@](CC(=O)O)(C(=O)O)O,,
5277610,CCCC(=O)CCCCCC/C=C/[C@H](C(=O)N[C@@H](CC1=CC=C(C=C1)OCCC(C)C)C(=O)O)[C@@](CC(=O)O)(C(=O)O)O,,
5277612,CC(C)CCOC1=CC=C(C=C1)C[C@@H](C(=O)O)NC(=O)[C@@H](/C=C/CCCCCCC(=O)CCCCCC=C)[C@@](CC(=O)O)(C(=O)O)O,,
5277613,CCCCCCCCC(=O)CCCCCC/C=C/[C@H](C(=O)N[C@@H](CC1=CC=C(C=C1)OCCC(C)C)C(=O)O)[C@@](CC(=O)O)(C(=O)O)O,,
5278288,CS(=O)(=O)NC1=CN=C(C=C1)C(=O)O,,
5278291,CS(=O)(=O)NC1=C(C=C(C=C1N=C(N)N)C(=O)O)CO,,
5278292,CC(=O)NC1=CN=C(C=C1)C(=O)O,,
5278296,CC(=O)NC1=CN=C(C=C1N)C(=O)O,,
5278303,C1CC1NC(=O)C2=CC3=C(S2)C4=CC=CC=C4N(CC3)C(=O)C5=CC=C(C=C5)NC(=O)C6=CC=CC=C6C7=CC=CC=C7,,
5278357,CC1=NC(=CS1)CN2CCN(C2=O)[C@@H](C(C)C)C(=O)N[C@@H](CC3=CC=CC=C3)[C@@H](CN(CC(C)C)S(=O)(=O)C4=CC=C(C=C4)N)O,,
5278358,CC1=NC(=CS1)CN2CCN(C2=O)[C@@H](C(C)C)C(=O)N[C@@H](CC3=CC=CC=C3)[C@@H](CN(CC(C)C)S(=O)(=O)C4=CC=C(C=C4)NC=O)O,,
5278359,CC1=NC(=CS1)CN2CCN(C2=O)[C@@H](C(C)C)C(=O)N[C@@H](CC3=CC=CC=C3)[C@@H](CN(CC(C)C)S(=O)(=O)C4=CC=C(C=C4)NS(=O)(=O)C)O,,
5278360,CC1=NC(=CS1)CN2CCN(C2=O)[C@@H](C(C)C)C(=O)N[C@@H](CC3=CC=CC=C3)[C@@H](CN(CC(C)C)S(=O)(=O)C4=CC=C(C=C4)NC(=O)C)O,,
5278361,CC1=NC(=CS1)CN2CCN(C2=O)[C@@H](C(C)C)C(=O)N[C@@H](CC3=CC=CC=C3)[C@@H](CN(CC(C)C)S(=O)(=O)C4=CC=C(C=C4)C(=O)O)O,,
5278363,CC1=NC(=CS1)CN2CCN(C2=O)[C@@H](C(C)C)C(=O)N[C@@H](CC3=CC=CC=C3)[C@@H](CN(CC(C)C)S(=O)(=O)C4=CC=C(C=C4)C#N)O,,
5278364,CC1=NC(=CS1)CN2CCN(C2=O)[C@@H](C(C)C)C(=O)N[C@@H](CC3=CC=CC=C3)[C@@H](CN(CC(C)C)S(=O)(=O)C4=CC=C(C=C4)C(=O)N)O,,
5278366,CC1=NC(=CS1)CN2CCN(C2=O)[C@@H](C(C)C)C(=O)N[C@@H](CC3=CC=CC=C3)[C@@H](CN(CC(C)C)S(=O)(=O)C4=CC=C(C=C4)C=C)O,,
5278367,CC1=NC(=CS1)CN2CCN(C2=O)[C@@H](C(C)C)C(=O)N[C@@H](CC3=CC=CC=C3)[C@@H](CN(CC(C)C)S(=O)(=O)C4=CC=C(C=C4)C=O)O,,
5278368,CC1=NC(=CS1)CN2CCN(C2=O)[C@@H](C(C)C)C(=O)N[C@@H](CC3=CC=CC=C3)[C@@H](CN(CC(C)C)S(=O)(=O)C4=CC=C(C=C4)CO)O,,
5278371,CC1=NC(=CS1)CN2CCN(C2=O)[C@@H](C(C)C)C(=O)N[C@@H](CC3=CC=CC=C3)[C@@H](CN(CC(C)C)S(=O)(=O)C4=CC=CC(=C4)CO)O,,
5278396,C1COCCN1C2=CC(=O)C=C(O2)C3=C4C(=CC=C3)SC5=CC=CC=C5S4,,
5278450,CC(=CCC1=C(C=CC2=C1C3=C(N2)C=CC(=C3)C=O)O)C,,
5278451,COC1=CC2=C(C=C1)NC3=C2C=C(C(=C3)O)C=O,,
5278452,COC1=CC2=C(C=C1)NC3=C2C=C(C=C3)C=O,,
5278461,C1CN(C(=O)N1CC2=CC(=CC=C2)COC3=CC=C(C=C3)C4=CC=C(C=C4)Cl)C5=CC=NC=C5,,
5278465,CN(CCN1CCN(C1=O)C2=CC=NC=C2)CCOC3=CC=C(C=C3)C4=CC=C(C=C4)Cl,,
5278469,CC(CCN1CCN(C1=O)C2=CC=NC=C2)CCOC3=CC=C(C=C3)C4=CC=C(C=C4)Cl,,
5278470,CCC(CCN1CCN(C1=O)C2=CC=NC=C2)CCOC3=CC=C(C=C3)C4=CC=C(C=C4)Cl,,
5278471,CCCC(CCN1CCN(C1=O)C2=CC=NC=C2)CCOC3=CC=C(C=C3)C4=CC=C(C=C4)Cl,,
5278473,CC(C)(CCN1CCN(C1=O)C2=CC=NC=C2)CCOC3=CC=C(C=C3)C4=CC=C(C=C4)Cl,,
5278474,C1CN(C(=O)N1CCC(CCOC2=CC=C(C=C2)C3=CC=C(C=C3)Cl)C(F)(F)F)C4=CC=NC=C4,,
5278478,CC(CCCCOC1=CC=C(C=C1)C2=CC=C(C=C2)Cl)N3CCN(C3=O)C4=CC=NC=C4,,
5278479,CC(CCCOC1=CC=C(C=C1)C2=CC=C(C=C2)Cl)CN3CCN(C3=O)C4=CC=NC=C4,,
5278480,CC(CCCN1CCN(C1=O)C2=CC=NC=C2)COC3=CC=C(C=C3)C4=CC=C(C=C4)Cl,,
5278481,CC(CCCCN1CCN(C1=O)C2=CC=NC=C2)OC3=CC=C(C=C3)C4=CC=C(C=C4)Cl,,
5278482,CC(C)(CCCOC1=CC=C(C=C1)C2=CC=C(C=C2)Cl)CN3CCN(C3=O)C4=CC=NC=C4,,
5278483,CC(C)(CCCN1CCN(C1=O)C2=CC=NC=C2)COC3=CC=C(C=C3)C4=CC=C(C=C4)Cl,,
5278484,CC1=NC(=NO1)C2=CC=C(C=C2)OCCC(C)CCN3CCN(C3=O)C4=CC=NC=C4,,
5278485,CCC1=NC(=NO1)C2=CC=C(C=C2)OCCC(C)CCN3CCN(C3=O)C4=CC=NC=C4,,
5278487,CC(CCN1CCN(C1=O)C2=CC=NC=C2)CCOC3=CC=C(C=C3)C4=NOC(=N4)C(F)(F)F,,
5278488,CC(CCN1CCN(C1=O)C2=CC=NC=C2)CCOC3=CC=C(C=C3)C4=NN(N=N4)C,,
5278489,CCN1N=C(N=N1)C2=CC=C(C=C2)OCCC(C)CCN3CCN(C3=O)C4=CC=NC=C4,,
5278571,CN1C=C(C=C1/C=C/C(=O)NO)C(=O)C2=CC=CC=C2,,
5278580,CC1=C(SC(=N1)N(C)C(=O)CC2=CC=C(C=C2)C3=CC=CC=C3)S(=O)(=O)N,,
5278581,CCNC(=O)C([C@H]1CC(C[C@@H]1N=C(N)N)C(=O)O)NC(=O)C,,
5278582,CC(C)NC(=O)C([C@H]1CC(C[C@@H]1N=C(N)N)C(=O)O)NC(=O)C,,
5278583,CC(=O)NC([C@H]1CC(C[C@@H]1N=C(N)N)C(=O)O)C(=O)NCC=C,,
5278584,CCCCNC(=O)C([C@H]1CC(C[C@@H]1N=C(N)N)C(=O)O)NC(=O)C,,
5278585,CCC(C)NC(=O)C([C@H]1CC(C[C@@H]1N=C(N)N)C(=O)O)NC(=O)C,,
5278586,CCC(CC)NC(=O)C([C@H]1CC(C[C@@H]1N=C(N)N)C(=O)O)NC(=O)C,,
5278587,CCCC(C)NC(=O)C([C@H]1CC(C[C@@H]1N=C(N)N)C(=O)O)NC(=O)C,,
5278588,CC(C)CC(C)NC(=O)C([C@H]1CC(C[C@@H]1N=C(N)N)C(=O)O)NC(=O)C,,
5278589,CCCCC(C)NC(=O)C([C@H]1CC(C[C@@H]1N=C(N)N)C(=O)O)NC(=O)C,,
5278590,CCCCC(CC)NC(=O)C([C@H]1CC(C[C@@H]1N=C(N)N)C(=O)O)NC(=O)C,,
5278591,CC(=O)NC([C@H]1CC(C[C@@H]1N=C(N)N)C(=O)O)C(=O)NCCC2=CC=CC=C2,,
5278592,CC(CCC1=CC=CC=C1)NC(=O)C([C@H]2CC(C[C@@H]2N=C(N)N)C(=O)O)NC(=O)C,,
5278594,CCC(COC)NC(=O)C([C@H]1CC(C[C@@H]1N=C(N)N)C(=O)O)NC(=O)C,,
5278595,CCCN(C)C(=O)C([C@H]1CC(C[C@@H]1N=C(N)N)C(=O)O)NC(=O)C,,
5278596,CC(C)N(C)C(=O)C([C@H]1CC(C[C@@H]1N=C(N)N)C(=O)O)NC(=O)C,,
5278598,CCCCN(C)C(=O)C([C@H]1CC(C[C@@H]1N=C(N)N)C(=O)O)NC(=O)C,,
5278601,CCN(CC)C(=O)C([C@H]1CC(C[C@@H]1N=C(N)N)C(=O)O)NC(=O)C,,
5278602,CCCN(CC)C(=O)C([C@H]1CC(C[C@@H]1N=C(N)N)C(=O)O)NC(=O)C,,
5278603,CCCCN(CC)C(=O)C([C@H]1CC(C[C@@H]1N=C(N)N)C(=O)O)NC(=O)C,,
5278604,CCN(CC1=CC=CC=C1)C(=O)C([C@H]2CC(C[C@@H]2N=C(N)N)C(=O)O)NC(=O)C,,
5278605,CCN(CCO)C(=O)C([C@H]1CC(C[C@@H]1N=C(N)N)C(=O)O)NC(=O)C,,
5278606,CCCN(CC1CC1)C(=O)C([C@H]2CC(C[C@@H]2N=C(N)N)C(=O)O)NC(=O)C,,
5278607,CCCN(CCC)C(=O)C([C@H]1CC(C[C@@H]1N=C(N)N)C(=O)O)NC(=O)C,,
5278608,CC(=O)NC([C@H]1CC(C[C@@H]1N=C(N)N)C(=O)O)C(=O)N2CCC2,,
5278609,CC(=O)NC([C@H]1CC(C[C@@H]1N=C(N)N)C(=O)O)C(=O)N2CCCCC2,,
5278611,CC1CCCN(C1)C(=O)C([C@H]2CC(C[C@@H]2N=C(N)N)C(=O)O)NC(=O)C,,
5278613,CC1CC(CN(C1)C(=O)C([C@H]2CC(C[C@@H]2N=C(N)N)C(=O)O)NC(=O)C)C,,
5278614,CC(=O)NC([C@H]1CC(C[C@@H]1N=C(N)N)C(=O)O)C(=O)N2CCOCC2,,
5278615,CC(=O)NC([C@H]1CC(C[C@@H]1N=C(N)N)C(=O)O)C(=O)N2CCSCC2,,
5278616,CC(=O)NC([C@H]1CC(C[C@@H]1N=C(N)N)C(=O)O)C(=O)N2CCCCCC2,,
5278617,CC(=O)NC([C@H]1CC(C[C@@H]1N=C(N)N)C(=O)O)C(=O)N2CCCC2,,
5278618,CC1CCCCN1C(=O)C([C@H]2CC(C[C@@H]2N=C(N)N)C(=O)O)NC(=O)C,,
5278622,CCN(CC)C(=O)C([C@H]1C[C@H](C[C@@H]1N=C(N)N)C(=O)O)NC(=O)C,,
5278626,CCCN(CCC)C(=O)C([C@H]1C[C@](C[C@@H]1N=C(N)N)(C(=O)O)O)NC(=O)C,,
5278629,CCCCCCCC(=O)CCCCCC/C=C/[C@H](C(=O)N[C@@H](CC1=CC=C(C=C1)OCC=C(C)C)C(=O)O)[C@@](CC(=O)O)(C(=O)O)O,,
5278643,CCCCCCCC(=O)CCCCCC/C=C/[C@H](C(=O)N[C@@H](CC1=CC=C(C=C1)OCC#CC)C(=O)O)[C@@](CC(=O)O)(C(=O)O)O,,
5278688,C1=CC=C2C(=C1)C(=O)N(C2=O)CCOC(=S)NC3=CC=C(C=C3)Cl,,
5278689,C1=CC=C2C(=C1)C(=O)N(C2=O)CCOC(=S)NC3=CC=C(C=C3)Br,,
5278690,C1=CC=C2C(=C1)C(=O)N(C2=O)CCOC(=S)NC3=CC=C(C=C3)I,,
5278816,CC[C@H](C)[C@@H](C(=O)N[C@@H](CCCN=C(N)N)C(=O)NCC(=O)N[C@@H](C(C)C)C(=O)N[C@@H]([C@@H](C)CC)C(=O)N[C@@H](C(C)C)C(=O)O)NC(=O)[C@H](C(C)C)NC(=O)[C@H](CC(C)C)NC(=O)[C@H](CO)N,,
5278932,CCCCCCCC(=O)CCCCCC/C=C/[C@H](C(=O)N[C@@H](CC1=CC2=CC=CC=C2C=C1)C(=O)O)[C@@](CC(=O)O)(C(=O)O)O,,
5278945,C1[C@@H](C(=O)N[C@H](C(=O)N[C@H](C(=O)N[C@H](CSS1)C(=O)NCCC2=CC=C(C=C2)O)CC3=CC4=CC=CC=C4C=C3)CCCN=C(N)N)NC(=O)CCN=C(N)N,,
5278962,C1C(=O)N[C@@H](C(=O)N[C@H](C(=O)N[C@H](C(=O)N[C@H](C(=O)N1)CC2=CC3=CC=CC=C3C=C2)CCCN=C(N)N)CCCN)CC4=CC=C(C=C4)O,,
5279109,COC1=CC=CC=C1C(=O)NC2C(=O)NC3=CC=CC=C3C(=N2)C4=CC=CC=C4,,
5279119,C1=CC=C(C=C1)C2=NC(C(=O)NC3=CC=CC=C32)NC(=O)C4=CC(=C(C=C4)Cl)Cl,,
5279125,COC1=C(C=CC(=C1)[N+](=O)[O-])C(=O)NC2C(=O)NC3=CC=CC=C3C(=N2)C4=CC=CC=C4,,
5279126,COC1=C(C=CC(=C1)[N+](=O)[O-])C(=O)N[C@@H]2C(=O)NC3=CC=CC=C3C(=N2)C4=CC=CC=C4,,
5279169,C1=CC=C(C=C1)C2=NC(C(=O)NC3=CC=CC=C32)NC(=O)NC4=CC=C(C=C4)Cl,,
5279171,C1=CC=C(C=C1)C2=NC(C(=O)NC3=CC=CC=C32)NC(=O)NC4=CC=CC=C4F,,
5279172,C1=CC=C(C=C1)C2=N[C@@H](C(=O)NC3=CC=CC=C32)NC(=O)NC4=CC=CC=C4F,,
5279175,COC1=C(C=CC(=C1)S(=O)(=O)C)C(=O)N[C@@H]2C(=O)NC3=CC=CC=C3C(=N2)C4=CC=CC=C4,,
5279193,CC(C)ON(C[C@H]([C@H](CC1=CC=CC=C1)NC(=O)OC(C)(C)C)O)S(=O)(=O)C2=CC=C(C=C2)OC,,
5279194,CCC(CC)ON(C[C@H]([C@H](CC1=CC=CC=C1)NC(=O)OC(C)(C)C)O)S(=O)(=O)C2=CC=C(C=C2)OC,,
5279195,CC(C)CON(C[C@H]([C@H](CC1=CC=CC=C1)NC(=O)OC(C)(C)C)O)S(=O)(=O)C2=CC=C(C=C2)OC,,
5279196,CC(C)(C)OC(=O)N[C@@H](CC1=CC=CC=C1)[C@@H](CN(OC2CCCCC2)S(=O)(=O)C3=CC=C(C=C3)OC)O,,
5279197,CC(C)(C)OC(=O)N[C@@H](CC1=CC=CC=C1)[C@@H](CN(OC2CCCC2)S(=O)(=O)C3=CC=C(C=C3)OC)O,,
5279198,CC(C)(C)OC(=O)N[C@@H](CC1=CC=CC=C1)[C@@H](CN(OCC2CCCCC2)S(=O)(=O)C3=CC=C(C=C3)OC)O,,
5279199,CC(C)(C)OC(=O)N[C@@H](CC1=CC=CC=C1)[C@@H](CN(OC2=CC=CC=C2)S(=O)(=O)C3=CC=C(C=C3)OC)O,,
5279200,COC1=CC=C(C=C1)S(=O)(=O)N(C[C@H]([C@H](CC2=CC=CC=C2)NC(=O)O[C@H]3CCOC3)O)OC4CCCC4,,
5279201,CC(C)(C)[C@@H](C(=O)N[C@@H](CC1=CC=CC=C1)[C@@H](CN(OC2CCCC2)S(=O)(=O)C3=CC=C(C=C3)OC)O)NC(=O)OC,,
5279258,CCC1=C(C=CC(=C1)C(=O)O)OCCC2=CC3=C(N=C2)N(C4=C(C=CC=N4)N(C3=O)C)CC,,
5279270,CC1(CC(CC(N1)(C)C)NC(=O)C(=O)NC2=CC=C(C=C2)Br)C,,
5279294,CC(C)[C@H]1CCC(=O)C2=C1[C@@H]([C@](CC2)(C)O)O,,
5279300,CC1=CC(OC1=O)O,,
5279325,COC1=C(C=CC(=C1)Cl)C(=O)NC2C(=O)NC3=CC=CC=C3C(=N2)C4=CC=CC=C4,,
5279328,COC1=C(C=C(C=C1)F)C(=O)NC2C(=O)NC3=CC=CC=C3C(=N2)C4=CC=CC=C4,,
5279449,C1=CC=C(C(=C1)C(=O)N/C(=C\C2=CC=C(C=C2)OC3=CC=CC=C3Br)/C(=O)O)O,,
5279450,C1=CC=C(C(=C1)OC2=CC=C(C=C2)/C=C(/C(=O)O)\NC(=O)C3=CC(=CC=C3)F)Br,,
5279451,C1=CC=C(C(=C1)OC2=CC=C(C=C2)/C=C(/C(=O)O)\NC(=O)C3=CC=C(C=C3)Cl)Br,,
5279452,C1=CC=C(C(=C1)OC2=CC=C(C=C2)/C=C(/C(=O)O)\NC(=O)C3=CC=C(C=C3)Br)Br,,
5279453,C1=CC=C(C(=C1)C(=O)N/C(=C\C2=CC=C(C=C2)OC3=CC=CC=C3Br)/C(=O)O)F,,
5279454,C1=CC=C(C(=C1)OC2=CC=C(C=C2)/C=C(/C(=O)O)\NC(=O)C3=C(C=C(C=C3)F)F)Br,,
5279455,C1=CC=C(C(=C1)OC2=CC=C(C=C2)/C=C(/C(=O)O)\NC(=O)C3=CC(=C(C=C3)F)F)Br,,
5279456,CC1=CC=C(C=C1)C(=O)N/C(=C\C2=CC=C(C=C2)OC3=CC=CC=C3Br)/C(=O)O,,
5279457,C1=CC=C(C(=C1)OC2=CC=C(C=C2)/C=C(/C(=O)O)\NC(=O)CC3=CC=C(C=C3)Br)Br,,
5279458,C1=CC=C(C(=C1)OC2=CC=C(C=C2)/C=C(/C(=O)O)\NC(=O)CC3=CC=C(C=C3)Cl)Br,,
5279459,C1=CC=C(C(=C1)OC2=CC=C(C=C2)/C=C(/C(=O)O)\NC(=O)CC3=CC=C(C=C3)I)Br,,
5279460,C1=CC=C(C(=C1)OC2=CC=C(C=C2)/C=C(/C(=O)O)\NC(=O)CC3=CC=C(C=C3)C(F)(F)F)Br,,
5279462,C1=CC=C(C(=C1)OC2=CC=C(C=C2)/C=C(/C(=O)O)\NC(=O)CCC3=CC=C(C=C3)C(F)(F)F)Br,,
5279463,C1=CC=C(C(=C1)OC2=CC=C(C=C2)/C=C(/C(=O)O)\NC(=O)CCC3=CC=C(C=C3)Cl)Br,,
5279464,C1=CC=C(C(=C1)OC2=CC=C(C=C2)/C=C(/C(=O)O)\NC(=O)CCC3=CC=C(C=C3)F)Br,,
5279473,C1=CC=C(C=C1)C(=O)N/C(=C\C2=CC=C(C=C2)OC3=CC=CC=C3Br)/C(=O)N,,
5279474,C1=CC=C(C=C1)C(=O)N/C(=C\C2=CC=C(C=C2)OC3=CC=CC=C3Br)/C(=O)NN,,
5279475,CONC(=O)/C(=C/C1=CC=C(C=C1)OC2=CC=CC=C2Br)/NC(=O)C3=CC=CC=C3,,
5279477,C1=CC=C(C=C1)C(=O)N/C(=C\C2=CC=C(C=C2)OC3=CC=CC=C3Br)/C(=O)NCC(=O)O,,
5279483,C1=CC=C(C=C1)C(=O)N/C(=C\C2=CC=C(C=C2)OC3=CC=CC=C3Br)/C(=O)NC4=CC=CC=C4C(=O)O,,
5279514,CC(=O)N[C@@H]1[C@H]([C@@H]([C@H](O[C@H]1O[C@H]2[C@H]([C@H](O[C@H]([C@@H]2O)O[C@@H]3[C@H](O[C@H]([C@@H]([C@H]3O)O)O)CO)CO)O)CO)O)O[C@H]4[C@@H]([C@H]([C@H]([C@H](O4)CO)O)O)O,,
5279656,C1=CC=C2C(=C1)C(=O)C=C(C2=O)SCC(=O)O,,
5279710,CC1=C2C(=CC=C1)N(C(=N2)NC3CCN(CC3)CCC(=O)N)CC4=C(C=CC(=N4)C)O,,
5279716,CC1=C2C(=CC=C1)N(C(=N2)NC3CCN(CC3)CCC(=O)O)CC4=C(C=CC(=N4)C)O,,
5280007,CC1=CC(=CC(=C1)C(=O)C2=C(C(=O)NC(=O)N2CC3=CC=CC=C3)C(C)C)C,,
5280008,CCC1=C(N(C(=O)NC1=O)CC2=CC=CC=C2)C(=O)C3=CC(=CC(=C3)C)C,,
5280053,CCOC(=O)/C=C/[C@H](C[C@@H]1CCNC1=O)NC(=O)[C@H](CC#C)N2C=CC=C(C2=O)NC(=O)C3=NOC(=C3)C,,
5280071,CC1=CC=C(C=C1)S(=O)(=O)NC(=O)[C@]2(C[C@H]2C=C)NC(=O)[C@@H]3C[C@H](CN3C(=O)[C@H](C(C)(C)C)NC(=O)OC(C)(C)C)OC4=CC(=NC5=C4C=CC(=C5)OC)C6=CC=CC=C6,,
5280085,CC(C)(C)[C@@H](C(=O)N1C[C@@H](C[C@H]1C(=O)NC2(CC2)C(=O)NS(=O)(=O)C3CC3)OC4=CC(=NC5=C4C=CC(=C5)OC)C6=CC=CC=C6)NC(=O)OC(C)(C)C,,
5280148,COC1=CN=C(C2=C1C(=CN2)C(=O)C(=O)N3CCN(CC3)C(=O)C4=CC=CC=C4)C5=CN=CC=C5,,
5280149,COC1=CN=C(C2=C1C(=CN2)C(=O)C(=O)N3CCN(CC3)C(=O)C4=CC=CC=C4)C5=CN=C(C=N5)N,,
5280154,COC1=CN=C(C2=C1C(=CN2)C(=O)C(=O)N3CCN(CC3)C(=O)C4=CC=CC=C4)C5=NC=CN=C5,,
5280157,COC1=CN=C(C2=C1C(=CN2)C(=O)C(=O)N3CCN(CC3)C(=O)C4=CC=CC=C4)C5=NC=CS5,,
5280158,COC1=CN=C(C2=C1C(=CN2)C(=O)C(=O)N3CCN(CC3)C(=O)C4=CC=CC=C4)C5=CC=CC=N5,,
5280160,C1CN(CCN1C(=O)C2=CC=CC=C2)C(=O)C(=O)C3=CNC4=C3C(=CN=C4C5=CC=NN5)F,,
5280161,COC1=CN=C(C2=C1C(=CN2)C(=O)C(=O)N3CCN(CC3)C(=O)C4=CC=CC=C4)C5=CC=NN5,,
5280162,COC1=CN=C(C2=C1C(=CN2)C(=O)C(=O)N3CCN(CC3)C(=O)C4=CC=CC=C4)C5=CN=CN=C5,,
5280164,C1CN(CCN1C(=O)C2=CC=CC=C2)C(=O)C(=O)C3=CNC4=C3C(=CN=C4C5=CN=CN=C5)F,,
5280165,CCOC1=NC=C(S1)C2=NC=C(C3=C2NC=C3C(=O)C(=O)N4CCN(CC4)C(=O)C5=CC=CC=C5)OC,,
5280166,COC1=CN=C(C2=C1C(=CN2)C(=O)C(=O)N3CCN(CC3)C(=O)C4=CC=CC=C4)C5=CN=CC(=N5)N,,
5280168,COC1=CN=C(C2=C1C(=CN2)C(=O)C(=O)N3CCN(CC3)C(=O)C4=CC=CC=C4)C5=NC=CC=N5,,
5280172,COC1=CN=C(C2=C1C(=CN2)C(=O)C(=O)N3CCN(CC3)C(=O)C4=CC=CC=C4)C5=CC=NC=C5,,
5280176,COC1=CN=C(C2=C1C(=CN2)C(=O)C(=O)N3CCN(CC3)C(=O)C4=CC=CC=C4)C5=CN=CS5,,
5280178,COC1=CN=C(C2=C1C(=CN2)C(=O)C(=O)N3CCN(CC3)C(=O)C4=CC=CC=C4)C5=CC=CS5,,
5280179,COC1=CN=C(C2=C1C(=CN2)C(=O)C(=O)N3CCN(CC3)C(=O)C4=CC=CC=C4)C5=CC=CO5,,
5280180,COC1=CN=C(C2=C1C(=CN2)C(=O)C(=O)N3CCN(CC3)C(=O)C4=CC=CC=C4)C5=CSC=C5,,
5280183,COC1=CN=C(C2=C1C(=CN2)C(=O)C(=O)N3CCN(CC3)C(=O)C4=CC=CC=C4)C5=NC=CO5,,
5280184,COC1=CN=C(C2=C1C(=CN2)C(=O)C(=O)N3CCN(CC3)C(=O)C4=CC=CC=C4)C5=NC(=CC=C5)N,,
5280185,CC1=NC(=CC=C1)C2=NC=C(C3=C2NC=C3C(=O)C(=O)N4CCN(CC4)C(=O)C5=CC=CC=C5)OC,,
5280186,COC1=CC=CC(=N1)C2=NC=C(C3=C2NC=C3C(=O)C(=O)N4CCN(CC4)C(=O)C5=CC=CC=C5)OC,,
5280188,COC1=CN=C(C2=C1C(=CN2)C(=O)C(=O)N3CCN(CC3)C(=O)C4=CC=CC=C4)C5=CN=C(S5)N,,
5280191,COC1=CN=C(C2=C1C(=CN2)C(=O)C(=O)N3CCN(CC3)C(=O)C4=CC=CC=C4)C5=COC=C5,,
5280192,CCC1=NC=C(S1)C2=NC=C(C3=C2NC=C3C(=O)C(=O)N4CCN(CC4)C(=O)C5=CC=CC=C5)OC,,
5280199,C1CN(CCN1C(=O)C2=CC=CC=C2)C(=O)C(=O)C3=CNC4=C3C(=CN=C4C5=NC=CN=C5)F,,
5280206,COC1=CN=C(C2=C1C(=CN2)C(=O)C(=O)N3CCN(CC3)C(=O)C4=CC=CC=N4)C5=NC=CN=C5,,
5280219,CNC1=NC=C(N=C1)C2=NC=C(C3=C2NC=C3C(=O)C(=O)N4CCN(CC4)C(=O)C5=CC=CC=C5)OC,,
5280226,C[C@@H]1CN(CCN1C(=O)C(=O)C2=CNC3=C(C=CN=C23)C4=CC=C(C=C4)OC)C(=O)C5=CC=CC=C5,,
5280227,C[C@@H]1CN(CCN1C(=O)C(=O)C2=CNC3=C(C=CN=C23)C(=O)N(C)OC)C(=O)C4=CC=CC=C4,,
5280235,C[C@@H]1CN(CCN1C(=O)C(=O)C2=CNC3=C(C=CN=C23)C4=CN=CN=C4)C(=O)C5=CC=CC=C5,,
5280236,C[C@@H]1CN(CCN1C(=O)C(=O)C2=CNC3=C(C=CN=C23)C4=NC=CN=C4)C(=O)C5=CC=CC=C5,,
5280237,C[C@@H]1CN(CCN1C(=O)C(=O)C2=CNC3=C(C=CN=C23)C4=NC=CS4)C(=O)C5=CC=CC=C5,,
5280239,C[C@@H]1CN(CCN1C(=O)C(=O)C2=CNC3=C(C=CN=C23)C4=CC(=CS4)C)C(=O)C5=CC=CC=C5,,
5280240,C[C@@H]1CN(CCN1C(=O)C(=O)C2=CNC3=C(C=CN=C23)C4=NC=CO4)C(=O)C5=CC=CC=C5,,
5280241,C[C@@H]1CN(CCN1C(=O)C(=O)C2=CNC3=C(C=CN=C23)C4=CC5=CC=CC=C5S4)C(=O)C6=CC=CC=C6,,
5280242,C[C@@H]1CN(CCN1C(=O)C(=O)C2=CNC3=C(C=CN=C23)C4=CC=CS4)C(=O)C5=CC=CC=C5,,
5280243,C[C@@H]1CN(CCN1C(=O)C(=O)C2=CNC3=C(C=CN=C23)C4=CSC=C4)C(=O)C5=CC=CC=C5,,
5280244,C[C@@H]1CN(CCN1C(=O)C(=O)C2=CNC3=C(C=CN=C23)C4=C(ON=C4C)C)C(=O)C5=CC=CC=C5,,
5280245,C1CN(CCN1C(=O)C2=CC=CC=C2)C(=O)C(=O)C3=CNC4=C(C=CN=C34)C5=NC=CS5,,
5280246,CC(=O)C1=CC=C(S1)C2=C3C(=NC=C2)C(=CN3)C(=O)C(=O)N4CCN(CC4)C(=O)C5=CC=CC=C5,,
5280248,CC1=CSC(=C1)C2=C3C(=NC=C2)C(=CN3)C(=O)C(=O)N4CCN(CC4)C(=O)C5=CC=CC=C5,,
5280250,C[C@@H]1CN(CCN1C(=O)C(=O)C2=CNC3=C(C=CN=C23)C(=O)NC4=NC(=CS4)C)C(=O)C5=CC=CC=C5,,
5280251,C[C@@H]1CN(CCN1C(=O)C(=O)C2=CNC3=C(C=CN=C23)C(=O)NC4=NC=CS4)C(=O)C5=CC=CC=C5,,
5280253,C1CN(CCN1C(=O)C2=CC=CC=C2)C(=O)C(=O)C3=CNC4=C(C=CN=C34)C5=CC=CC=N5,,
5280258,C1CN(CCN1C(=O)C2=CC=CC=C2)C(=O)C(=O)C3=NC4=CC=CC=C4C=C3,,
5280263,C[C@@H]1CN(CCN1C(=O)C(=O)C2=NC3=CC=CC=C3C=C2)C(=O)C4=CC=CC=C4,,
5280289,CC1CN(CCN1C(=O)C(=O)C2=NC3=C(C=C2)C=C(C=C3)OC)C(=O)C4=CC=CC=C4,,
5280292,CC1CN(CCN1C(=O)C(=O)C2=NC3=C(C=C2)C=C(C=C3)O)C(=O)C4=CC=CC=C4,,
5280293,CC1CN(CCN1C(=O)C(=O)C2=NC3=C(C=C2)C(=CC=C3)O)C(=O)C4=CC=CC=C4,,
5280315,C[C@@H]1CN(CCN1C(=O)C(=O)C2=CC3=CC=CC=C3C=C2)C(=O)C4=CC=CC=C4,,
5280343,C1=CC(=C(C=C1C2=C(C(=O)C3=C(C=C(C=C3O2)O)O)O)O)O,,
5280346,CC1=C(C(=O)C(=C(C1=O)OC)OC)C/C=C(\C)/CCC=C(C)C,,
5280352,CC1=C(NC(=C1CCC(=O)O)CC2=C(C(=C(N2)/C=C\3/C(=C(C(=O)N3)C)C=C)C)CCC(=O)O)/C=C\4/C(=C(C(=O)N4)C=C)C,,
5280353,CC\1=C(/C(=C/C2=C(C(=C(N2)/C=C\3/C(=C(C(=O)N3)C)C=C)C)CCC(=O)O)/N/C1=C\C4=NC(=O)C(=C4C)C=C)CCC(=O)O,,
5280360,CCCCC[C@@H](/C=C/[C@H]1[C@@H](CC(=O)[C@@H]1C/C=C\CCCC(=O)O)O)O,,
5280361,C=C/C=C(\C(=O)O)/O,,
5280363,CCCCC[C@@H](/C=C/[C@H]1[C@@H](C[C@@H]([C@@H]1C/C=C\CCCC(=O)O)O)O)O,,
5280369,CC[C@@H]1[C@H](/C=C(/C=C/C(=O)[C@@H](C[C@@H]([C@@H]([C@H]([C@@H](CC(=O)O1)O)C)O[C@H]2[C@@H]([C@H]([C@@H]([C@H](O2)C)O[C@H]3C[C@@]([C@H]([C@@H](O3)C)O)(C)O)N(C)C)O)CC=O)C)\C)CO[C@H]4[C@@H]([C@@H]([C@@H]([C@H](O4)C)O)O)OC,,
5280371,C1=CC(=O)OC2=CC3=C(C=CO3)C(=C21)O,,
5280373,COC1=CC=C(C=C1)C2=COC3=CC(=CC(=C3C2=O)O)O,,
5280374,CC1=C(C(=O)C2=CC=CC=C2C1=O)C/C=C(\C)/CCC=C(C)C,,
5280378,COC1=CC=C(C=C1)C2=COC3=C(C2=O)C=CC(=C3)O,,
5280379,C[C@@]12[C@H](CC[C@@]3([C@@H]1[C@@H]([C@]45[C@H]3CC[C@](C4)(C(=C)C5)O)C(=O)O)OC2=O)O,,
5280383,CCCCC/C=C\C/C=C\C=C\C=C\[C@H]1[C@@H](O1)CCCC(=O)O,,
5280385,C[N+](C)(C)CCOC(=O)/C=C/C1=CC(=C(C(=C1)OC)O)OC,,
5280388,CCCCC[C@@H](/C=C/C1=C(C(=O)CC1)CCCCCCC(=O)O)O,,
5280389,COC1=C2C(=C3[C@@H]4C=CO[C@@H]4OC3=C1)OC5=CC=CC(=C5C2=O)O,,
5280393,C(C(=O)CC(=O)O)C(=O)/C=C\C(=O)O,,
5280398,C(C(=O)CC(=O)O)C(=O)/C=C/C(=O)O,,
5280404,C(=C\C(=O)O)\C(=C/C(=O)O)\C(=O)O,,
5280406,COC1=CC(=CC(=C1O)OC)/C=C/C(=O)O[C@H]2[C@@H]([C@H]([C@@H]([C@H](O2)CO)O)O)O,,
5280411,CC/C=C\C[C@H]1[C@H](C=CC1=O)CCCCCCCC(=O)O,,
5280417,COC1=CC(=C2C(=C1)OC(=C(C2=O)OC)C3=CC(=C(C=C3)O)O)O,,
5280427,CCCCC[C@@H](/C=C/[C@H]1[C@@H](C[C@H]2[C@@H]1CC(=CCCCC(=O)O)O2)O)O,,
5280436,CCCCC/C=C\C/C=C\C/C=C\C/C=C\CCCC(=O)C(F)(F)F,,
5280440,CC[C@@H]1[C@H](/C=C(/C=C/C(=O)[C@@H](C[C@@H]([C@@H]([C@H]([C@@H](CC(=O)O1)O)C)O[C@H]2[C@@H]([C@H]([C@@H]([C@H](O2)C)O[C@H]3C[C@@]([C@H]([C@@H](O3)C)O)(C)O)N(C)C)O)CC=O)C)\C)CO[C@H]4[C@@H]([C@@H]([C@@H]([C@H](O4)C)O)OC)OC,,
5280441,C1=CC(=CC=C1C2=CC(=O)C3=C(O2)C(=C(C=C3O)O)[C@H]4[C@@H]([C@H]([C@@H]([C@H](O4)CO)O)O)O)O,,
5280442,COC1=CC=C(C=C1)C2=CC(=O)C3=C(C=C(C=C3O2)O)O,,
5280443,C1=CC(=CC=C1C2=CC(=O)C3=C(C=C(C=C3O2)O)O)O,,
5280445,C1=CC(=C(C=C1C2=CC(=O)C3=C(C=C(C=C3O2)O)O)O)O,,
5280448,COC1=C(C=C(C=C1)C2=COC3=C(C2=O)C=CC(=C3)O)O,,
5280450,CCCCC/C=C\C/C=C\CCCCCCCC(=O)O,,
5280451,C(=C\C(=O)O)\C(=O)N,,
5280459,C[C@H]1[C@@H]([C@H]([C@H]([C@@H](O1)OC2=C(OC3=CC(=CC(=C3C2=O)O)O)C4=CC(=C(C=C4)O)O)O)O)O,,
5280460,COC1=C(C=C2C(=C1)C=CC(=O)O2)O,,
5280462,CC1=CC(=O)CC([C@]1(/C=C/[C@@H](C)O)O)(C)C,,
5280468,C[C@H]1/C=C/C=C(\C(=O)NC2=CC3(C4=C(C2=O)C(=C(C5=C4C(=O)[C@](O5)(O/C=C/[C@@H]([C@H]([C@H]([C@@H]([C@@H]([C@@H]([C@H]1O)C)O)C)OC(=O)C)C)OC)C)C)O)OCC(=O)O3)/C,,
5280473,CC1=C(C(=O)C(=C(C1=O)OC)OC)C/C=C(\C)/CC/C=C(\C)/CC/C=C(\C)/CC/C=C(\C)/CC/C=C(\C)/CC/C=C(\C)/CC/C=C(\C)/CC/C=C(\C)/CCC=C(C)C,,
5280481,C[C@@]12CCC[C@@]3([C@@H]1[C@@H]([C@]45[C@H]3CC[C@](C4)(C(=C)C5)O)C(=O)O)OC2=O,,
5280483,CC1=C(C(=O)C2=CC=CC=C2C1=O)C/C=C(\C)/CCCC(C)CCCC(C)CCCC(C)C,,
5280486,C/C=C/1\[C@@H]2C[C@H]3C4=NC5=CC=CC=C5[C@]46C[C@@H](C2[C@H]6OC(=O)C)N3[C@@H]1O[C@H]7[C@@H]([C@H]([C@@H]([C@H](O7)CO)O)O)O,,
5280490,CC1=C(C(CCC1)(C)C)/C=C/C(=C/C=C\C(=C\C=O)\C)/C,,
5280491,C/C=C\1/CN2CCC3=C([C@@H]2C[C@@H]1C(C=O)C(=O)OC)NC4=CC=CC=C34,,
5280492,CCCCC/C=C\C[C@H](/C=C/C=C/C=C\[C@H](CCCC(=O)O)O)O,,
5280493,CCCCC/C=C\C/C=C\C=C\C=C\[C@H]([C@H](CCCC(=O)O)O)SC[C@@H](C(=O)NCC(=O)O)NC(=O)CC[C@@H](C(=O)O)N,,
5280497,CCCCC[C@@H](/C=C/[C@@H]1[C@H]([C@@H]2C[C@@H](O2)O1)C/C=C\CCCC(=O)O)O,,
5280498,C(/C=C/C(=O)O)C(=O)O,,
5280499,C(=C\C(=O)O)\C=C(/C(=O)O)\N,,
5280505,CC1=C(C(CCC1)(C)C)CC/C(=C/OC=O)/C,,
5280506,CCCCC[C@@H](/C=C/[C@H]1[C@@H](C[C@H]([C@@H]1C/C=C\CCCC(=O)O)O)O)O,,
5280518,C(=C\C(=O)O)\C=C/C(=O)O,,
5280520,C1=CC(=C(C=C1O)O)C2=COC3=C(C2=O)C=CC(=C3)O,,
5280523,CC(C)[C@@](CC(=O)O)(C(=O)O)O,,
5280531,CCCCCCCCCCCCCCCC(=O)OC/C=C(\C)/C=C/C=C(\C)/C=C/C1=C(CCCC1(C)C)C,,
5280533,CC(C)/C(=C/C(=O)O)/C(=O)O,,
5280536,COC1=C(C=CC(=C1)/C=C/C=O)O,,
5280537,COC1=C(C=CC(=C1)/C=C/C(=O)NCCC2=CC=C(C=C2)O)O,,
5280541,CCCCCCCCCCCCC/C=C/C=O,,
5280544,C1=CC(=CC=C1C2=C(C(=O)C3=C(O2)C(=C(C=C3O)O)O)O)O,,
5280551,COC1=CC(=C(C=C1)C2=COC3=C(C2=O)C=CC(=C3)O)O,,
5280555,C1[C@H]([C@@H]([C@@H](C=C1C(=O)O)O)O)OC(=O)/C=C/C2=CC=C(C=C2)O,,
5280564,C/C=C(\C)/C(=O)SCCNC(=O)CCNC(=O)C(C(C)(C)COP(=O)(O)OP(=O)(O)OC[C@@H]1[C@H]([C@H]([C@@H](O1)N2C=NC3=C(N=CN=C32)N)O)OP(=O)(O)O)O,,
5280567,CC1=CC(=O)OC2=C1C=CC(=C2)O,,
5280569,C1=CC(=C(C2=C1C=CC(=O)O2)O)O,,
5280578,CCCCCCCCC/C=C/C(=O)SCCNC(=O)CCNC(=O)C(C(C)(C)COP(=O)(O)OP(=O)(O)OC[C@@H]1[C@H]([C@H]([C@@H](O1)N2C=NC3=C(N=CN=C32)N)O)OP(=O)(O)O)O,,
5280581,CCCCC/C=C\C/C=C\C/C=C\CCCCCCC(=O)O,,
5280590,CCCCCCCC/C=C/CCCCCCCC(=O)OC,,
5280598,CC(=CCC/C(=C/CC/C(=C/C=O)/C)/C)C,,
5280601,C1=CC(=C(C=C1C2=CC(=O)C3=C(C=C(C=C3O2)O[C@H]4[C@@H]([C@H]([C@@H]([C@H](O4)C(=O)O)O)O)O)O)O)O,,
5280606,C(CC/C=C\C/C=C\C=C\C=C\[C@H]([C@H](CCCC(=O)O)O)SC[C@@H](C(=O)O)N)CCO,,
5280607,C[C@]12[C@H]3[C@@H]([C@@]45CC(=C)[C@@](C4)(CC[C@H]5[C@@]3(C[C@@H]([C@@H]1O)O)OC2=O)O)C(=O)O,,
5280619,C/C=C\1/C=[N+]2CCC3=C([C@@H]2C[C@@H]1/C(=C/O)/C(=O)OC)NC4=CC=CC=C34,,
5280620,C1=CC(=C2C(=C1)OC3=C(C2=O)C(=CC4=C3[C@@H]5C=CO[C@@H]5O4)O)O,,
5280625,C(=C\C=O)\C=C(/C(=O)O)\N,,
5280627,CC1=CC2=CC(=CC(=C2C(=O)O1)O)O,,
5280633,C1[C@H]([C@@H]([C@@H](C[C@]1(C(=O)O)O)OC(=O)/C=C/C2=CC(=C(C=C2)O)O)O)O,,
5280637,C1=CC(=C(C=C1C2=CC(=O)C3=C(C=C(C=C3O2)O[C@H]4[C@@H]([C@H]([C@@H]([C@H](O4)CO)O)O)O)O)O)O,,
5280644,CCCCCC/C=C/C=C\CCCCCCCC(=O)O,,
5280647,C1=CC(=C(C=C1C2=C(C(=O)C3=C(O2)C(=C(C=C3O)O)O)O)O)O,,
5280653,C1=CC=C(C=C1)/C=C/C(=O)O[C@H]2[C@@H]([C@H]([C@@H]([C@H](O2)CO)O)O)O,,
5280654,CC1=CC(=O)CC(C1(/C=C/C(C)O)O)(C)C,,
5280662,CC1=CC(=O)CC(C1(/C=C/C(=O)C)O)(C)C,,
5280665,COC1=CC(=CC(=C1O)OC)/C=C/C(=O)O[C@@H]2[C@H]([C@@H]([C@H](O[C@H]2OC(=O)/C=C/C3=CC(=C(C(=C3)OC)O)OC)CO)O)O,,
5280666,COC1=C(C=CC(=C1)C2=CC(=O)C3=C(C=C(C=C3O2)O)O)O,,
5280673,C(=C\C(=C(/C(=O)O)\N)\C(=O)O)\C=O,,
5280681,COC1=C(OC2=CC(=CC(=C2C1=O)O)O)C3=CC(=C(C=C3)O)O,,
5280682,COC1=C(C=C(C=C1)C2=C(C(=O)C3=C(C=C(C=C3O2)OC)O)OC)O,,
5280691,C1=CC(=CC=C1/C=C/C(=O)NCCCCN=C(N)N)O,,
5280699,COC1=C(C(=C2C(=C1)OC(=C(C2=O)OC)C3=CC(=C(C=C3)O)O)O)OC,,
5280701,CCCCCC(=O)/C=C/C=C\C/C=C\C/C=C\CCCC(=O)O,,
5280704,C1=CC(=CC=C1C2=CC(=O)C3=C(C=C(C=C3O2)O[C@H]4[C@@H]([C@H]([C@@H]([C@H](O4)CO)O)O)O)O)O,,
5280707,C1=COC(=C1)/C(=C/C2=CC=C(O2)[N+](=O)[O-])/C(=O)N,,
5280710,CCCCCC(=O)/C=C/[C@H]1[C@@H](CC(=O)[C@@H]1CCCCCCC(=O)O)O,,
5280711,CCCCCC(=O)CC[C@H]1[C@@H](CC(=O)[C@@H]1C/C=C\CCCC(=O)O)O,,
5280715,CCCCC[C@@H](/C=C/C1=CCC(=O)[C@@H]1CCCCCCC(=O)O)O,,
5280719,CCCCCC(=O)/C=C/[C@H]1[C@@H](CC(=O)[C@@H]1C/C=C\CCCC(=O)O)O,,
5280720,CCCCC[C@@H](/C=C/C=C\CCCCCCCC(=O)O)OO,,
5280723,CCCCC[C@@H](/C=C/[C@H]1[C@@H](CC(=O)[C@@H]1CCCCCCC(=O)O)O)O,,
5280724,CCCCC[C@@H](/C=C/C=C\C/C=C\C/C=C\CCCC(=O)O)O,,
5280727,CCCCCC(=O)/C=C/[C@@H]1[C@H]([C@H](CC1=O)O)C/C=C\CCCC(=O)O,,
5280729,CC/C=C\C[C@H]1[C@H](CCC1=O)CCCCCCCC(=O)O,,
5280733,CCCCC/C=C\C/C=C\C/C=C\C=C\[C@H](CCCC(=O)O)O,,
5280745,C(CC/C=C\C[C@H](/C=C/C=C/C=C\[C@H](CCCC(=O)O)O)O)CCO,,
5280746,C1[C@@]([C@H]([C@@H](O1)O[C@@H]2[C@H]([C@@H]([C@H](O[C@H]2OC3=CC(=C4C(=C3)OC(=CC4=O)C5=CC=C(C=C5)O)O)CO)O)O)O)(CO)O,,
5280752,C1=CC(=C(C=C1C2=CC(=O)C3=C(C=C(C=C3O2)O[C@H]4[C@@H]([C@H]([C@@H]([C@H](O4)C(=O)O)O)O)O[C@H]5[C@@H]([C@H]([C@@H]([C@H](O5)C(=O)O)O)O)O)O)O)O[C@H]6[C@@H]([C@H]([C@@H]([C@H](O6)C(=O)O)O)O)O,,
5280754,CCC1C(=O)N(CC(=O)N(C(C(=O)NC(C(=O)N(C(C(=O)NC(C(=O)NC(C(=O)N(C(C(=O)N(C(C(=O)N(C(C(=O)N(C(C(=O)N1)C(C(C)C/C=C/C)O)C)C(C)C)C)CC(C)C)C)CC(C)C)C)C)C)CC(C)C)C)C(C)C)CC(C)C)C)C,,
5280755,C/C(=C\C(=O)OC)/C(=O)OC,,
5280757,CCC/C=C/C=C/C(=O)O[C@H]1/C(=C/C(=O)OC)/C[C@H]2C[C@@H](OC(=O)C[C@@H](C[C@@H]3C[C@@H](C([C@@](O3)(C[C@@H]4C/C(=C/C(=O)OC)/C[C@@H](O4)/C=C/C([C@@]1(O2)O)(C)C)O)(C)C)OC(=O)C)O)[C@@H](C)O,,
5280759,C1=CC=C(C(=C1)/C=C/C(=O)O)O[C@H]2[C@@H]([C@H]([C@@H]([C@H](O2)CO)O)O)O,,
5280760,CC(=CCC/C(=C/CC/C(=C/CC/C(=C/CC/C(=C/CC/C(=C/CC1=C(C(=CC(=C1)C(=O)O)O)O)/C)/C)/C)/C)/C)C,,
5280765,CCC/C=C/C(=O)SCCNC(=O)CCNC(=O)C(C(C)(C)COP(=O)(O)OP(=O)(O)OC[C@@H]1[C@H]([C@H]([C@@H](O1)N2C=NC3=C(N=CN=C32)N)O)OP(=O)(O)O)O,,
5280767,CCCCCCCCCCC/C=C/C(=O)SCCNC(=O)CCNC(=O)C(C(C)(C)COP(=O)(O)OP(=O)(O)OC[C@@H]1[C@H]([C@H]([C@@H](O1)N2C=NC3=C(N=CN=C32)N)O)OP(=O)(O)O)O,,
5280768,CCCCCCC/C=C/C(=O)SCCNC(=O)CCNC(=O)C(C(C)(C)COP(=O)(O)OP(=O)(O)OC[C@@H]1[C@H]([C@H]([C@@H](O1)N2C=NC3=C(N=CN=C32)N)O)OP(=O)(O)O)O,,
5280769,CCCCC/C=C/C(=O)SCCNC(=O)CCNC(=O)C(C(C)(C)COP(=O)(O)OP(=O)(O)OC[C@@H]1[C@H]([C@H]([C@@H](O1)N2C=NC3=C(N=CN=C32)N)O)OP(=O)(O)O)O,,
5280776,CC(=CCC/C(=C/CC/C(=C/CC/C(=C/CC/C(=C/CC/C(=C/CC1=C(C(=CC(=C1)C(=O)O)OC)O)/C)/C)/C)/C)/C)C,,
5280778,CCCCC/C=C\C/C=C\C/C=C\C=C\[C@H](CCCC(=O)O)OO,,
5280781,COC1=CC=C(C=C1)C2=COC3=CC(=CC(=C3C2=O)O)O[C@H]4[C@@H]([C@H]([C@@H]([C@H](O4)CO)O)O)O,,
5280796,CC(CC/C=C(\C)/C(=O)SCCNC(=O)CCNC(=O)C(C(C)(C)COP(=O)(O)OP(=O)(O)OC[C@@H]1[C@H]([C@H]([C@@H](O1)N2C=NC3=C(N=CN=C32)N)O)OP(=O)(O)O)O)C4CCC5[C@@]4(CCC6C5[C@@H](C[C@H]7[C@@]6(CC[C@H](C7)O)C)O)C,,
5280802,COC1=CC(=CC(=C1O)OC)/C=C/C=O,,
5280804,C1=CC(=C(C=C1C2=C(C(=O)C3=C(C=C(C=C3O2)O)O)O[C@H]4[C@@H]([C@H]([C@@H]([C@H](O4)CO)O)O)O)O)O,,
5280805,C[C@H]1[C@@H]([C@H]([C@H]([C@@H](O1)OC[C@@H]2[C@H]([C@@H]([C@H]([C@@H](O2)OC3=C(OC4=CC(=CC(=C4C3=O)O)O)C5=CC(=C(C=C5)O)O)O)O)O)O)O)O,,
5280817,CC1=C(NC(=C1CCC(=O)O[C@H]2[C@@H]([C@H]([C@@H]([C@H](O2)C(=O)O)O)O)O)CC3=C(C(=C(N3)/C=C\4/C(=C(C(=O)N4)C)C=C)C)CCC(=O)O[C@H]5[C@@H]([C@H]([C@@H]([C@H](O5)C(=O)O)O)O)O)/C=C\6/C(=C(C(=O)N6)C=C)C,,
5280826,CC(=CCC/C(=C/CC/C(=C/CC/C(=C/CC/C(=C/CC/C(=C/CC1=CC(=O)C=C(C1=O)OC)/C)/C)/C)/C)/C)C,,
5280827,CC1=C(C(=O)C(=CC1=O)OC)C/C=C(\C)/CC/C=C(\C)/CC/C=C(\C)/CC/C=C(\C)/CC/C=C(\C)/CCC=C(C)C,,
5280841,C1=CC=C(C(=C1)/C=C\C(=O)O)O,,
5280844,CC(=CCC/C(=C/CC1=C(C=CC(=C1)C(=O)O)O)/C)C,,
5280845,CC(C)CCCC(C)CCCC(C)CCC/C(=C/CC12C(=O)C3=CC=CC=C3C(=O)C1(O2)C)/C,,
5280862,COC1=C(OC2=CC(=CC(=C2C1=O)O)O)C3=CC=C(C=C3)O,,
5280863,C1=CC(=CC=C1C2=C(C(=O)C3=C(C=C(C=C3O2)O)O)O)O,,
5280866,CC1=C(C(CC=C1)(C)C)/C=C/C(=C/C=C/C(=C/C=O)/C)/C,,
5280876,CCCCC/C=C\CC(=O)/C=C/C=C/C=C\[C@H](CCCC(=O)O)O,,
5280877,C(CCC(=O)O)C/C=C\C[C@H](/C=C/C=C/C=C\[C@H](CCCC(=O)O)O)O,,
5280878,CCCCC/C=C\C/C=C\C=C\C=C\[C@H]([C@H](CCCC(=O)O)O)SC[C@@H](C(=O)NCC(=O)O)N,,
5280879,CCCCC/C=C\C/C=C\C=C\C=C\[C@H]([C@H](CCCC(=O)O)O)SC[C@@H](C(=O)O)N,,
5280880,CCCCC[C@@H](/C=C/[C@H]1C=CC(=O)[C@@H]1C/C=C\CCCC(=O)O)O,,
5280881,CCCCC[C@@H](/C=C/C1=C(C(=O)CC1)C/C=C\CCCC(=O)O)O,,
5280882,CCCCC[C@@H](/C=C/C1=CCC(=O)[C@@H]1C/C=C\CCCC(=O)O)O,,
5280883,CCCCC[C@@H](/C=C/[C@H]1[C@H]2C[C@@H]([C@@H]1C/C=C\CCCC(=O)O)OO2)OO,,
5280884,CCCCC[C@@H](/C=C/[C@@H]1[C@H](C=CC1=O)C/C=C\CCCC(=O)O)O,,
5280885,CCCCC[C@@H](C/C=C/1\[C@H](C=CC1=O)C/C=C\CCCC(=O)O)O,,
5280886,CCCCC[C@@H](/C=C/[C@H]1[C@H](C[C@@H]([C@@H]1C/C=C\CCCC(=O)O)O)O)O,,
5280887,CCCCCC(=O)/C=C/[C@H]1[C@@H](C[C@@H]([C@@H]1C/C=C\CCCC(=O)O)O)O,,
5280888,CCCCC[C@@H](/C=C/[C@H]1[C@@H](C[C@@H]([C@@H]1CC(=O)CCCCC(=O)O)O)O)O,,
5280889,CCCCC[C@@H](/C=C/[C@H]1[C@@H](CC(=O)[C@@H]1CC(=O)CCCCC(=O)O)O)O,,
5280891,CCCCC[C@@H](/C=C/[C@@H]1[C@H]([C@H](CC(=O)O1)O)C/C=C\CCCC(=O)O)O,,
5280892,CCCCC/C=C\C[C@@H](/C=C/C=C\C/C=C\CCCC(=O)O)OO,,
5280893,CCCCC[C@@H](/C=C/C=C\C/C=C\C/C=C\CCCC(=O)O)OO,,
5280896,CC1=CC(=O)CC([C@]1(/C=C/C(=C\C(=O)O)/C)O)(C)C,,
5280906,C/C=C\1/C[C@H]([C@@](C(=O)OCC2=CCN3[C@H]2[C@@H](CC3)OC1=O)(C)O)C,,
5280911,C1=CC=C(C(=C1)/C=C/C(=O)C(=O)O)O,,
5280914,CCCCC[C@@H](/C=C/C=C\C=C\C=C\[C@H]([C@H](CCCC(=O)O)O)O)O,,
5280915,CCCCC[C@@H]([C@@H](/C=C/C=C/C=C\C=C\[C@H](CCCC(=O)O)O)O)O,,
5280933,CCCCC/C=C\C/C=C\C/C=C\CCCCC(=O)O,,
5280934,CC/C=C\C/C=C\C/C=C\CCCCCCCC(=O)O,,
5280936,CCCCC[C@@H](/C=C/[C@@H]1[C@H]([C@H](CC1=O)O)CCCCCCC(=O)O)O,,
5280937,CC/C=C\C[C@@H](/C=C/[C@H]1[C@@H](CC(=O)[C@@H]1C/C=C\CCCC(=O)O)O)O,,
5280938,CCCCC/C=C\C/C=C\C=C\C=C\[C@H]([C@H](CCCC(=O)O)O)SC[C@@H](C(=O)O)NC(=O)CC[C@@H](C(=O)O)N,,
5280939,CCCCC[C@@H](/C=C/[C@H]1[C@@H](C[C@@H]([C@@H]1CCCCCCC(=O)O)O)O)O,,
5280940,CC/C=C\C[C@@H](/C=C/[C@H]1[C@@H](C[C@@H]([C@@H]1C/C=C\CCCC(=O)O)O)O)O,,
5280954,CO[C@H]1[C@@H](C[C@@H]2CN3CCC4=C([C@H]3C[C@@H]2[C@@H]1C(=O)OC)NC5=C4C=CC(=C5)OC)OC(=O)/C=C/C6=CC(=C(C(=C6)OC)OC)OC,,
5280960,C1=CC(=CC=C1/C=C/C(=O)C2=C(C=C(C=C2O)O)O)O,,
5280961,C1=CC(=CC=C1C2=COC3=CC(=CC(=C3C2=O)O)O)O,,
5280965,C[C@H]1/C=C/C=C/C=C/C=C/C=C/C=C/C=C/[C@@H](C[C@H]2[C@@H]([C@H](C[C@](O2)(C[C@H](C[C@H]([C@@H](CC[C@H](C[C@H](CC(=O)O[C@H]([C@@H]([C@@H]1O)C)C)O)O)O)O)O)O)O)C(=O)O)O[C@H]3[C@H]([C@H]([C@@H]([C@H](O3)C)O)N)O,,
5280980,C1[C@@H]2N(C1=O)[C@H](/C(=C/CO)/O2)C(=O)O,,
5280992,CC1=C(C(CCC1)(C)C)/C=C/C(=C/C=C/C(=C/C=C/C=O)/C)/C,,
5281004,CCCC1O[C@@H]2C[C@H]3[C@@H]4CCC5=CC(=O)C=C[C@@]5([C@H]4[C@H](C[C@@]3([C@@]2(O1)C(=O)CO)C)O)C,,
5281006,C/C=C/C1=C(N2[C@@H]([C@@H](C2=O)NC(=O)[C@@H](C3=CC=C(C=C3)O)N)SC1)C(=O)O,,
5281025,C1CN(CCN1CCOCCO)C2=NC3=CC=CC=C3SC4=CC=CC=C42.C1CN(CCN1CCOCCO)C2=NC3=CC=CC=C3SC4=CC=CC=C42.C(=C/C(=O)O)\C(=O)O,,
5281026,CCCCC/C=C\[C@@H](/C=C\CCCCCCCC(=O)O)OO,,
5281032,CN1CCN(CC1)CCCN2C3=C(SC4=CC=CC=C24)C=CC(=C3)Cl.C(=C\C(=O)O)\C(=O)O.C(=C\C(=O)O)\C(=O)O,,
5281033,CN1CCCN=C1/C=C/C2=CC=CS2.C1=CC=C2C(=C1)C=C(C(=C2CC3=C(C(=CC4=CC=CC=C43)C(=O)O)O)O)C(=O)O,,
5281034,C[C@]12CC[C@H]3[C@H]([C@@H]1CC[C@]2(C)O)CC[C@@H]4[C@@]3(C/C(=C/O)/C(=O)C4)C,,
5281037,CCCCC1=NC=C(N1CC2=CC=C(C=C2)C(=O)O)/C=C(\CC3=CC=CS3)/C(=O)O,,
5281040,CC(C)(C1=CC=CC=C1CC[C@H](C2=CC=CC(=C2)/C=C/C3=NC4=C(C=CC(=C4)Cl)C=C3)SCC5(CC5)CC(=O)O)O,,
5281042,C[N+]1(CCC2=CC(=C(C=C2[C@H]1CC3=CC(=C(C(=C3)OC)OC)OC)OC)OC)CCCOC(=O)CC/C=C/CCC(=O)OCCC[N+]4(CCC5=CC(=C(C=C5[C@H]4CC6=CC(=C(C(=C6)OC)OC)OC)OC)OC)C,,
5281045,CC1=C(C(=O)C[C@@H]1OC(=O)[C@@H]2[C@H](C2(C)C)C=C(C)C)C/C=C\C=C,,
5281055,CN(CCOC1=CC=C(C=C1)CC2C(=O)NC(=O)S2)C3=CC=CC=N3.C(=C\C(=O)O)\C(=O)O,,
5281056,CC(C)(C)NC[C@@H](COC1=NSN=C1N2CCOCC2)O.C(=C\C(=O)O)\C(=O)O,,
5281064,CC(C)NCC(COC1=CC=C(C=C1)COCCOC(C)C)O.CC(C)NCC(COC1=CC=C(C=C1)COCCOC(C)C)O.C(=C/C(=O)O)\C(=O)O,,
5281065,CCCCCCCN(CC)CCCC(C1=CC=C(C=C1)NS(=O)(=O)C)O.CCCCCCCN(CC)CCCC(C1=CC=C(C=C1)NS(=O)(=O)C)O.C(=C/C(=O)O)\C(=O)O,,
5281066,CN1CCC(=C2C3=C(C=CC=N3)CCC4=CC=CC=C24)CC1.C(=C\C(=O)O)\C(=O)O.C(=C\C(=O)O)\C(=O)O,,
5281067,CN(C)CCC(C1=CC=C(C=C1)Br)C2=CC=CC=N2.C(=C\C(=O)O)\C(=O)O,,
5281068,CN(C)CCC(C1=CC=C(C=C1)Cl)C2=CC=CC=N2.C(=C\C(=O)O)\C(=O)O,,
5281069,C[C@@](C1=CC=CC=C1)(C2=CC=C(C=C2)Cl)OCC[C@H]3CCCN3C.C(=C/C(=O)O)\C(=O)O,,
5281070,CN(C)CC[C@@H](C1=CC=C(C=C1)Cl)C2=CC=CC=N2.C(=C\C(=O)O)\C(=O)O,,
5281071,CN(C)CC/C=C\1/C2=CC=CC=C2COC3=C1C=C(C=C3)CC(=O)O,,
5281072,CC[C@@H](CO)NC(=O)[C@H]1CN([C@@H]2CC3=CNC4=CC=CC(=C34)C2=C1)C.C(=C\C(=O)O)\C(=O)O,,
5281073,CC[C@@H](CO)NC(=O)[C@H]1CN([C@@H]2CC3=CN(C4=CC=CC(=C34)C2=C1)C)C.C(=C\C(=O)O)\C(=O)O,,
5281074,CCCCC[C@@](C)(/C=C/[C@H]1[C@@H](C[C@@H]([C@@H]1C/C=C\CCCC(=O)O)O)O)O.C(C(CO)(CO)N)O,,
5281075,CCCCC[C@@](C)(/C=C/[C@H]1[C@@H](C[C@@H]([C@@H]1C/C=C\CCCC(=O)O)O)O)O,,
5281078,CC1=C2COC(=O)C2=C(C(=C1OC)C/C=C(\C)/CCC(=O)OCCN3CCOCC3)O,,
5281080,C[N+]1(CCC2=CC(=C(C=C2[C@H]1CC3=CC(=C(C(=C3)OC)OC)OC)OC)OC)CCCOC(=O)CC/C=C/CCC(=O)OCCC[N+]4(CCC5=CC(=C(C=C5[C@H]4CC6=CC(=C(C(=C6)OC)OC)OC)OC)OC)C.[Cl-].[Cl-],,
5281081,CCN(CC)C(=O)/C(=C/C1=CC(=C(C(=C1)O)O)[N+](=O)[O-])/C#N,,
5281082,CC(=O)C1=CC2=C(SC3=CC=CC=C3N2CCCN4CCN(CC4)CCO)C=C1.C(=C\C(=O)O)\C(=O)O.C(=C\C(=O)O)\C(=O)O,,
5281086,CN1CCCN=C1/C=C/C2=CC(=CC=C2)O.C1=CC=C2C(=C1)C=C(C(=C2CC3=C(C(=CC4=CC=CC=C43)C(=O)O)O)O)C(=O)O,,
5281116,CCCCCCCC/C=C\CCCCCCCCCCCC(=O)O,,
5281119,CCCC/C=C\CCCCCCCC(=O)O,,
5281120,CCCCCCCC/C=C\CCCCCCCCCCCCCC(=O)O,,
5281125,CCCCCCCCCCC/C=C\CCCCC(=O)O,,
5281126,CCCC/C=C\C=C\C=C/CCCCCCCC(=O)O,,
5281127,CCCCCC/C=C/CCCCCCCCCC(=O)O,,
5281143,C[C@H]1C(=O)N[C@H](C(=O)N(/C(=C\C2=CC=CC=C2)/C(=O)NCC(=O)N1C)C)CC(C)C,,
5281146,CC#CC#CC#C/C=C/C(=O)OC,,
5281150,CCCCCCC/C=C\CC#CC#CC(=O)C=C,,
5281157,C1=CC(=CC=C1/C=C/C(=O)NC2=C(C=C(C=C2)O)C(=O)O)O,,
5281161,CCCCCCCCCCCC/C=C\CCC1C(O1)CCCCCCCCCCCCC2=CC(OC2=O)C,,
5281162,CCCCC/C=C\C=C\C(=O)OCC,,
5281163,CCOC(=O)/C(=C/C)/C,,
5281166,CC/C=C\C[C@@H]1[C@H](CCC1=O)CC(=O)O,,
5281168,CCC/C=C/C=O,,
5281169,CCCC1C(C(/C=C/CCC(C(=O)O1)OC(=O)/C=C/C=C/C)O)O,,
5281188,C/C=C(\C)/COC(=O)/C(=C/C)/C,,
5281219,CC(=CCC1=CC(=CC(=C1O)CC=C(C)C)/C=C/C(=O)C2=C(C=C(C=C2)O)O)C,,
5281220,C1=CC(=C(C=C1/C=C\2/C(=O)C3=C(C=C(C=C3O2)O)O)O)O,,
5281222,C1=CC(=C(C=C1/C=C/C(=O)C2=C(C=C(C=C2)O)O)O)O,,
5281224,CC1=C(C(C[C@@H](C1=O)O)(C)C)/C=C/C(=C/C=C/C(=C/C=C/C=C(/C=C/C=C(/C=C/C2=C(C(=O)[C@H](CC2(C)C)O)C)\C)\C)/C)/C,,
5281226,C/C(=C\C=C\C=C(/C)\C=C\C=C(\C)/C=C/C(=O)OC)/C=C/C=C(\C)/C=C/C(=O)O,,
5281227,CC1=C(C(CCC1=O)(C)C)/C=C/C(=C/C=C/C(=C/C=C/C=C(/C=C/C=C(/C=C/C2=C(C(=O)CCC2(C)C)C)\C)\C)/C)/C,,
5281228,CC1=C(C(C[C@@H](C1)O)(C)C)/C=C/C(=C/C=C/C(=C/C=C/C=C(\C)/C=C/C=C(\C)/C=C/C(=O)[C@@]2(C[C@H](CC2(C)C)O)C)/C)/C,,
5281229,C/C(=C\C=C\C=C(\C=C\C=C(\C=C\C(=O)[C@]1(C(C[C@@H](C1)O)(C)C)C)/C)/C)/C=C/C=C(/C=C/C(=O)[C@]2(C(C[C@@H](C2)O)(C)C)C)\C,,
5281232,C/C(=C\C=C\C=C(\C=C\C=C(\C(=O)O)/C)/C)/C=C/C=C(/C(=O)O)\C,,
5281233,C/C(=C\C=C\C=C(\C=C\C=C(\C(=O)O[C@@H]1O[C@@H]([C@H]([C@@H]([C@H]1O)O)O)CO[C@@H]2O[C@@H]([C@H]([C@@H]([C@H]2O)O)O)CO)/C)/C)/C=C/C=C(/C(=O)O[C@@H]3O[C@@H]([C@H]([C@@H]([C@H]3O)O)O)CO[C@@H]4O[C@@H]([C@H]([C@@H]([C@H]4O)O)O)CO)\C,,
5281236,CC1=C(C(CCC1)(C)C)/C=C/C(=C/C=C/C(=C/C=C/C=C(\C)/C=C/C=C(\C)/C=C/C2=C(C(=O)CCC2(C)C)C)/C)/C,,
5281239,C/C(=C\C=C\C=C(/C)\C=C\C=C(/C)\C(=O)C[C@]12[C@](O1)(C[C@H](CC2(C)C)O)C)/C=C/C=C(\C)/C=C=C3[C@](C[C@H](CC3(C)C)OC(=O)C)(C)O,,
5281240,CCCCCCCCCCCCCCCC(=O)O[C@@H]1CC(=C(C(C1)(C)C)/C=C/C(=C/C=C/C(=C/C=C/C=C(\C)/C=C/C=C(\C)/C=C/[C@H]2C(=C[C@@H](CC2(C)C)OC(=O)CCCCCCCCCCCCCCC)C)/C)/C)C,,
5281248,CC1=C(C(CCC1)(C)C)/C=C/C(=C/C=C/C(=C/C=C/C=C(\C)/C=C/C=C(\C)/C=C/C=C(\C)/C=C/C=C(\C)/C(=O)O)/C)/C,,
5281249,C/C(=C\C=C\C=C(\C=C\C=C(\C=C\C(=O)O)/C)/C)/C=C/C=C(/C=C/C(=O)O)\C,,
5281250,CCCCCCCCCCCCCCCC(=O)O[C@H]1CC(C(=C(C1)C)/C=C/C(=C/C=C/C(=C/C=C/C=C(/C=C/C=C(/C=C/C2=C(C[C@H](CC2(C)C)OC(=O)CCCCCCCCCCCCCCC)C)\C)\C)/C)/C)(C)C,,
5281254,C1=CC(=CC=C1/C=C\2/C(=O)C3=C(O2)C=C(C=C3)O)O,,
5281255,CC(=CCC1=C(C=CC(=C1O)C(=O)/C=C/C2=CC=C(C=C2)O)O)C,,
5281267,C[C@@H]\1[C@H]2[C@H](CC/C1=C\C(=O)OCCN(C)C)[C@]3(CC[C@@H](C([C@@H]3CC2=O)(C)C)O)C,,
5281292,C1=CC(=C(C=C1/C=C\2/C(=O)C3=C(O2)C(=C(C=C3)O)O)O)O,,
5281294,C1=CC(=C(C=C1/C=C/C(=O)C2=C(C(=C(C=C2)O)O)O)O)O,,
5281295,C1=CC(=C(C=C1/C=C\2/C(=O)C3=C(O2)C=C(C=C3)O)O)O,,
5281297,CC(=CCC/C(=C/CC1=C(C=C(C=C1O)O)C2=CC3=C(O2)C=C(C=C3)O)/C)C,,
5281303,C/C=C(\C)/C(=O)O[C@H]1C[C@H]([C@]2(CO[C@@H]3[C@@H]2[C@]14CO[C@@]([C@H]4[C@]([C@@H]3O)(C)[C@@]56[C@@H]7C[C@H]([C@@]5(O6)C)[C@]8(C=CO[C@H]8O7)O)(C(=O)OC)O)C(=O)OC)OC(=O)C,,
5281304,CC1=C(C(=O)C[C@]2([C@H]1C[C@@H]3[C@]45[C@@H]2[C@H]([C@@H]([C@]([C@@H]4[C@H](C(=O)O3)OC(=O)/C=C(\C)/C(C)C)(OC5)C(=O)OC)O)O)C)O,,
5281305,CC1=C(C(=O)C[C@]2([C@H]1C[C@@H]3[C@]45[C@@H]2[C@H]([C@@H]([C@]([C@@H]4[C@H](C(=O)O3)OC(=O)/C=C(\C)/C(C)(C)OC(=O)C)(OC5)C(=O)OC)O)O)C)O,,
5281311,C/C=C(\C)/C(=O)O[C@@H]1[C@H]2C(=CC(=O)[C@H]([C@@]2([C@@H]3[C@@]45[C@@H]1OC(=O)[C@@H]([C@H]4[C@H]([C@H]([C@@]3(OC5)O)O)C)OC(=O)C)C)O)C,,
5281315,CC(=O)OC(C)(C)/C=C/C(=O)[C@@](C)([C@H]1[C@@H](C[C@@]2([C@@]1(CC(=O)[C@@]3([C@H]2CC=C4[C@H]3C[C@@H](C(=O)C4(C)C)O)CO)C)C)O)O,,
5281316,CC(=O)OC(C)(C)/C=C/C(=O)[C@@](C)([C@H]1[C@@H](C[C@@]2([C@@]1(CC(=O)[C@@]3([C@H]2CC=C4[C@H]3C[C@@H](C(=O)C4(C)C)O)C)C)C)O)O,,
5281317,CC(=O)OC(C)(C)/C=C/C(=O)[C@@](C)([C@H]1[C@@H](C[C@@]2([C@@]1(CC(=O)[C@@]3([C@H]2CC=C4[C@H]3CC[C@@H](C4(C)C)O)CO)C)C)O)O,,
5281318,C[C@@]12C[C@H]([C@@H]([C@]1(CC(=O)[C@@]3([C@H]2CC=C4[C@H]3C[C@@H](C(=O)C4(C)C)O)C)C)[C@](C)(C(=O)/C=C/C(C)(C)O)O)O,,
5281319,CC(=O)OC(C)(C)/C=C/C(=O)[C@@](C)([C@H]1[C@@H](C[C@@]2([C@@]1(CC(=O)[C@@]3([C@H]2CC=C4[C@H]3C=C(C(=O)C4(C)C)O)C)C)C)O)O,,
5281320,C[C@@]12C[C@H]([C@@H]([C@]1(CC(=O)[C@@]3([C@H]2CC=C4[C@H]3C[C@@H]([C@H](C4(C)C)O)O)C)C)[C@](C)(C(=O)/C=C/C(C)(C)O)O)O,,
5281321,C[C@@]12C[C@H]([C@@H]([C@]1(CC(=O)[C@@]3([C@H]2CC=C4[C@H]3C=C(C(=O)C4(C)C)O)C)C)[C@](C)(C(=O)/C=C/C(C)(C)O)O)O,,
5281332,CC(=CCC/C(=C/CC1=C(C=C(C=C1OC)O)C2=CC3=C(O2)C=C(C=C3)O)/C)C,,
5281342,COC1=C(C2=C(C=C1O)OC(=CC2=O)OC3=CC=C(C=C3)O)O,,
5281343,C1=COC2=CC(=CC(=C2C1=O)O)O,,
5281371,C/C=C(/C)\C(=O)O[C@H]1[C@H](OC2=C1C3=C(C=C2)C=CC(=O)O3)C(C)(C)OC(=O)/C(=C\C)/C,,
5281373,C[C@@H]1C[C@@]23C(=C1)/C=C(\C(=O)/C=C\C(CC(=C(C2=O)C)O3)(C)C)/C,,
5281377,C1=CC(=CC=C1C2=COC3=CC(=CC(=C3C2=O)O)O[C@H]4[C@@H]([C@H]([C@@H]([C@H](O4)CO)O)O)O)O,,
5281387,C[C@H]1C[C@@H](O[C@@]12CC[C@]3([C@H]2C/C=C(\[C@@H]4[C@H](C3)[C@](CC4=O)(C)O)/C=O)C)C=C(C)C,,
5281391,CCCCCCCCCC(=O)O[C@@]12[C@@H](C1(C)C)[C@@H]3C=C(C[C@]4([C@H]([C@]3([C@@H]([C@H]2OC(=O)/C(=C/C)/C)C)O)C=C(C4=O)C)O)CO,,
5281392,C/C=C(\C)/C(=O)C1=C(C2=C(C3=C1OC(=O)C=C3C4=CC=CC=C4)OC(C=C2)(C)C)OC,,
5281394,C[C@@H]1[C@@H]([C@@H]([C@H]([C@@H](O1)OC2=CC=CC3=C2C4=C5C6=C(C=CC(=C6C(=O)O4)C)OC(=O)C5=C3O)O[C@@H]7[C@@H]([C@H]([C@H]([C@H](O7)C)O)OC)O)O)O,,
5281406,COC1=C(C=C2C(=C1)C=C(C(=O)O2)OC3=CC4=C(C=C3)C=CC(=O)O4)O,,
5281408,CC[C@H]1CN2CC[C@]3([C@@H]2C[C@@H]1/C(=C\OC)/C(=O)OC)C4=CC=CC=C4NC3=O,,
5281416,C1=CC(=O)OC2=CC(=C(C=C21)O)O,,
5281417,C1=CC(=O)OC2=CC(=C(C=C21)O[C@H]3[C@@H]([C@H]([C@@H]([C@H](O3)CO)O)O)O)O,,
5281419,CC(C)CC(=O)C1=C(C2=C(C(=C1O)CC=C(C)C)OC(=O)C=C2C3=CC=CC=C3)O,,
5281420,CC(=CCC/C(=C/CC1=C(C=C2C(=C1)C=CC(=O)O2)O)/C)C,,
5281423,C/C/1=C\CC/C(=C/[C@@H]2[C@@H]([C@H](C1)OC(=O)C(C)CO)C(=C)C(=O)O2)/CO,,
5281425,C/C=C(/C)\C(=O)O[C@H]1[C@H](C(OC2=C1C3=C(C=C2)C=CC(=O)O3)(C)C)OC(=O)C,,
5281426,C1=CC(=CC2=C1C=CC(=O)O2)O,,
5281428,C/C/1=C\[C@@H]2[C@@H](CCC(=C)[C@@H](CC1)O)C(=C)C(=O)O2,,
5281430,C/C=C(/C)\C(=O)O[C@@H]1C[C@@]2(C(=O)C=C(O2)/C(=C\[C@@H]3[C@@H]1C(=C)C(=O)O3)/CO)C,,
5281431,C/C/1=C/[C@@H]2[C@@H]([C@@H](C[C@@]3(C(=O)C=C1O3)C)OC(=O)C(=C)C)C(=C)C(=O)O2,,
5281435,C/C/1=C\CC/C(=C/[C@@H]2[C@@H]([C@H](C1)OC(=O)C(=C)[C@H](CO)O)C(=C)C(=O)O2)/CO,,
5281437,C/C/1=C\CC/C(=C/[C@@H]2[C@@H](CC1)C(=C)C(=O)O2)/C,,
5281456,C/C=C(/C)\C(=O)O[C@@H]1C[C@]2(CO2)[C@@H]3[C@@H](C=C([C@@]3([C@@H]4[C@@H]1C(=C)C(=O)O4)O)C)OC(=O)C,,
5281460,C/C/1=C\[C@@H]2[C@@H]([C@@H](C/C(=C/CC1)/C)O)C(=C)C(=O)O2,,
5281461,C/C/1=C\[C@@H]2[C@@H]([C@@H](C/C(=C/CC1)/C)OC(=O)/C(=C/CO)/CO)C(=C)C(=O)O2,,
5281471,C/C/1=C\C[C@@H](/C(=C\[C@@H]2[C@@H]([C@@H](C1)OC(=O)/C(=C/CO)/CO)C(=C)C(=O)O2)/C)OC(=O)C,,
5281472,C=C1[C@@H]2[C@H](C[C@]34[C@H](O3)CC/C(=C/[C@H]2OC1=O)/CO[C@H]4O)OC(=O)C(=C)CO,,
5281484,C/C/1=C\C(=O)/C=C(\[C@@H]([C@@H]2[C@@H]([C@H](C1)OC(=O)C(=C)C)C(=C)C(=O)O2)O)/C,,
5281485,C/C=C(\C)/C(=O)O[C@H]1C/C(=C/C(=O)/C=C(\[C@@H]([C@@H]2[C@@H]1C(=C)C(=O)O2)O)/C)/C,,
5281490,C/C/1=C\CC/C(=C/[C@@H]2[C@@H]([C@H](C1)OC(=O)C(=C)CO)C(=C)C(=O)O2)/CO,,
5281503,CC[C@H](C)C(=O)O[C@H]1C[C@]([C@H]2C[C@H](C(=C2[C@H]3[C@]1([C@](C(=O)O3)(C)O)O)C)OC(=O)/C(=C\C)/C)(C)OC(=O)C,,
5281511,C[C@H]1C[C@H]2[C@H](CC=C1/C=C/C(=O)C)C(=C)C(=O)O2,,
5281514,C/C/1=C\CCC(=C)[C@H]2CC([C@@H]2[C@H](C1=O)OC(=O)C)(C)C,,
5281521,C[C@@H]1CC=C([C@@H](C1(C)C)/C=C/C(=O)C)C,,
5281523,C/C(=C\CC/C(=C/C(=O)OC)/C)/CC[C@@H]1C(O1)(C)C,,
5281526,C/C=C(/C)\C(=O)O[C@@H]1CCC2=CC(=O)[C@@H](C[C@@]2([C@H]1C)C)C(=C)C,,
5281527,C/C(=C/C(=O)O)/C=C/[C@@]1([C@@]2(CC(=O)C[C@]1(OC2)C)C)O,,
5281534,C/C(=C\C/C=C(\C)/C=C)/CC/C=C(\C)/C=O,,
5281535,C/C(=C\CCC(=C)C=C)/CC/C=C(\C)/C=O,,
5281541,C/C=C/C=C/1\C=CC2=C1C(=O)OC=C2C(=O)OC,,
5281542,C[C@@]1(C[C@H]([C@]2([C@@H]1[C@@H](OC=C2)O[C@H]3[C@@H]([C@H]([C@@H]([C@H](O3)CO)O)O)O)O)O)OC(=O)/C=C/C4=CC=CC=C4,,
5281543,C/C=C\1/[C@H]2[C@@]3(C=C[C@H]4[C@@H]3[C@@H](O2)OC=C4C(=O)OC)OC1=O,,
5281544,C/C=C/1\[C@@H](C(=CO[C@H]1O[C@H]2[C@@H]([C@H]([C@@H]([C@H](O2)CO)O)O)O)C(=O)OC)CC(=O)OCCC3=CC(=C(C=C3)O)O,,
5281545,C/C=C/1\[C@H]2[C@@]3(C=C[C@H]4[C@@H]3[C@@H](O2)OC=C4C(=O)OC)OC1=O,,
5281547,C/C=C\CC1=C([C@H](CC1=O)OC(=O)[C@@H]2[C@H](C2(C)C)C=C(C)C)C,,
5281548,C/C=C\CC1=C([C@H](CC1=O)OC(=O)[C@@H]2[C@H](C2(C)C)/C=C(\C)/C(=O)OC)C,,
5281555,CC1=C(C(=O)C[C@@H]1OC(=O)[C@@H]2[C@H](C2(C)C)/C=C(\C)/C(=O)OC)C/C=C\C=C,,
5281565,COC1=CC(=O)O[C@H](C1)/C=C/C2=CC=CC=C2,,
5281567,COC1=CC(=O)O[C@H](C1)/C=C/C2=CC3=C(C=C2)OCO3,,
5281571,C1=CC(=O)C(=C2C(=C1)C=C(C(=C2O)O)O)O,,
5281575,COC1=CC=C(C=C1)/C=C/C2=CC(=CC(=O)O2)OC,,
5281576,C[C@H]1CCCC(=O)CCC/C=C/C2=C(C(=CC(=C2)O)O)C(=O)O1,,
5281599,C1=CC(=CC=C1C2=CC(=O)C3=C(O2)C=C(C(=C3O)C4=C(C=C(C5=C4OC(=CC5=O)C6=CC=C(C=C6)O)O)O)O)O,,
5281600,C1=CC(=CC=C1C2=CC(=O)C3=C(O2)C(=C(C=C3O)O)C4=C(C=CC(=C4)C5=CC(=O)C6=C(C=C(C=C6O5)O)O)O)O,,
5281601,COC1=CC=C(C=C1)C2=CC(=O)C3=C(C=C(C=C3O2)OC)O,,
5281602,C1=CC(=CC=C1C2=CC(=O)C3=C(C=C(C=C3O2)O[C@H]4[C@@H]([C@H]([C@@H]([C@H](O4)COC(=O)CC(=O)O)O)O)O)O)O,,
5281603,COC1=C(C2=C(C=C1O)OC(=C(C2=O)OC)C3=CC(=C(C=C3)O)O)O,,
5281604,COC1=CC(=CC2=C1C(=O)C(=C(O2)C3=CC(=C(C=C3)O)O)O)O,,
5281605,C1=CC=C(C=C1)C2=CC(=O)C3=C(O2)C=C(C(=C3O)O)O,,
5281606,COC1=C(C2=C(C(=C1)O)C(=O)C(=C(O2)C3=C(C(=CC=C3)Cl)O)OC)OC,,
5281607,C1=CC=C(C=C1)C2=CC(=O)C3=C(C=C(C=C3O2)O)O,,
5281608,COC1=C(C=CC(=C1)C2=C(C(=O)C3=C(C(=C(C=C3O2)OC)OC)O)OC)O,,
5281609,C1=CC(=CC=C1C2=CC(=O)C3=C(O2)C(=C(C=C3O)O)C4=C(C=C(C5=C4OC(=CC5=O)C6=CC=C(C=C6)O)O)O)O,,
5281610,C1=CC=C(C(=C1)C2=C(C(=O)C3=C(C=C(C=C3O2)O)O)O)O,,
5281611,C1=CC(=CC=C1C2=C(C(=O)C3=C(O2)C=C(C=C3)O)O)O,,
5281612,COC1=C(C=C(C=C1)C2=CC(=O)C3=C(C=C(C=C3O2)O)O)O,,
5281613,C[C@H]1[C@@H]([C@H]([C@H]([C@@H](O1)OC[C@@H]2[C@H]([C@@H]([C@H]([C@@H](O2)OC3=CC(=C4C(=C3)OC(=CC4=O)C5=CC(=C(C=C5)OC)O)O)O)O)O)O)O)O,,
5281614,C1=CC(=C(C=C1C2=C(C(=O)C3=C(O2)C=C(C=C3)O)O)O)O,,
5281616,C1=CC=C(C=C1)C2=C(C(=O)C3=C(C=C(C=C3O2)O)O)O,,
5281617,COC1=CC(=C2C(=C1)OC(=CC2=O)C3=CC=C(C=C3)O)O,,
5281618,COC1=C(C=CC(=C1)C2=CC(=O)C3=C(O2)C=C(C=C3)O)O,,
5281621,C1=CC(=C(C=C1C2=C(C(=O)C3=C(O2)C(=C(C=C3O)O)O[C@H]4[C@@H]([C@H]([C@@H]([C@H](O4)CO)O)O)O)O)O)O,,
5281623,COC1=CC(=C2C(=C1)OC3=C(C=CC(=C3C2=O)O)O)O,,
5281626,C1=CC(=C2C(=C1O)C(=O)C3=C(C=C(C=C3O2)O)O)O,,
5281627,C1=CC(=CC=C1C2=CC(=O)C3=C(O2)C=C(C(=C3O)OC4=CC=C(C=C4)C5=CC(=O)C6=C(C=C(C=C6O5)O)O)O)O,,
5281628,COC1=C(C2=C(C=C1O)OC(=CC2=O)C3=CC=C(C=C3)O)O,,
5281629,CC1(C=CC2=C(O1)C=C3C(=C2O)C(=O)C4=C(O3)C(=CC=C4)O)C,,
5281631,C1=CC(=C2C(=C1)OC3=C(C2=O)C=C(C=C3)O)O,,
5281633,CC(=CCC1=C(C(=C2C(=C1O)C(=O)C3=C(C=CC(=C3O2)O)O)CC=C(C)C)O)C,,
5281634,COC1=CC(=C2C(=C1)OC3=C(C2=O)C(=C(C=C3)O)OC)O,,
5281635,C1=CC2=C(C=C1O)C(=O)C3=C(C=C(C=C3O2)O)O,,
5281636,COC1=CC(=C2C(=C1)OC3=C(C2=O)C=C(C=C3)O)O,,
5281637,COC1=C(C=CC2=C1OC3=C(C2=O)C(=C(C(=C3)O)[C@H]4[C@@H]([C@H]([C@@H]([C@H](O4)CO)O)O)O)O)O,,
5281638,C1=CC(=CC=C1C2=C(C(=O)C3=C(O2)C=C(C(=C3O)O)O)O)O,,
5281640,COC1=CC2=C(C=C1)OC3=CC(=CC(=C3C2=O)O)O,,
5281641,CC(=CCC1=C(C(=CC2=C1C(=O)C3=C(O2)C=C(C4=C3OC(CC4)(C)C)O)O)OC)C,,
5281642,C1=CC(=C(C=C1C2=CC(=O)C3=C(O2)C=C(C(=C3O)O)O)O)O,,
5281643,C1=CC(=C(C=C1C2=C(C(=O)C3=C(C=C(C=C3O2)O)O)O[C@H]4[C@@H]([C@H]([C@H]([C@H](O4)CO)O)O)O)O)O,,
5281644,CC1(C=CC2=C(O1)C=C3C(=C2O)C(=O)C4=C(O3)C(=C(C=C4)O)O)C,,
5281646,CC1(C=CC2=C(C3=C(C(=C2O1)C(C)(C)C=C)OC4=C(C3=O)C=CC(=C4O)O)O)C,,
5281647,C1=C2C(=CC(=C1O)O)OC3=C(C2=O)C(=C(C(=C3)O)[C@H]4[C@@H]([C@H]([C@@H]([C@H](O4)CO)O)O)O)O,,
5281648,C1=CC(=C(C=C1C2=CC(=O)C3=C(O2)C(=C(C=C3O)O)O)O)O,,
5281650,CC(=CCC1=C(C2=C(C=C1O)OC3=C(C2=O)C(=C(C(=C3)O)OC)CC=C(C)C)O)C,,
5281651,COC1=CC(=C2C(=C1)OC3=C(C2=O)C=CC=C3O)O,,
5281653,COC1=C(C2=C(C=C1)OC3=CC(=CC(=C3C2=O)O)OC)O,,
5281654,COC1=C(C=CC(=C1)C2=C(C(=O)C3=C(C=C(C=C3O2)O)O)O)O,,
5281656,C1=C(C=C2C(=C1O)C(=O)C3=CC(=C(C=C3O2)O)O)O,,
5281657,CC1=CC(=CC2=C1C(=O)C3=C(C=C(C=C3O2)O)O)O,,
5281658,C1=CC2=C(C(=C1O)O)C(=O)C3=C(C=C(C=C3O2)O)O,,
5281659,C1=CC(=C2C(=C1O)OC3=CC(=CC(=C3C2=O)O)O)O[C@H]4[C@@H]([C@H]([C@@H]([C@H](O4)CO)O)O)O,,
5281661,COC1=CC(=C2C(=C1)OC3=C(C2=O)C(=C(C=C3)O)O)O,,
5281662,COC1=CC(=C2C(=C1)OC3=C(C=CC(=C3C2=O)O[C@H]4[C@@H]([C@H]([C@@H]([C@H](O4)CO)O)O)O)O)O,,
5281663,C1=CC2=C(C(=C1)O)OC3=CC(=CC(=C3C2=O)O)O,,
5281665,C1=CC(=CC=C1C2=CC(=O)C3=C(O2)C(=C(C=C3O)O)O)O,,
5281666,COC1=CC=C(C=C1)C2=C(C(=O)C3=C(C=C(C=C3O2)O)O)O,,
5281667,CC1=C[C@@H]([C@H]([C@@H](C1)C2=C(C=C(C=C2)O)O)C(=O)C3=C(C=C(C=C3)O)O)C4=C(C=C(C5=C4OC(=C(C5=O)CC=C(C)C)C6=C(C=C(C=C6)O)O)O)O,,
5281668,CC1=C[C@@H]([C@H]([C@@H](C1)C2=C(C=C(C=C2)O)O)C(=O)C3=C(C(=C(C=C3)O)CC=C(C)C)O)C4=C(C=C(C5=C4OC(=C(C5=O)CC=C(C)C)C6=C(C=C(C=C6)O)O)O)O,,
5281669,C1=CC(=C(C=C1C2=CC(=O)C3=C(C=C(C=C3O2)O[C@H]4[C@@H]([C@H]([C@@H]([C@H](O4)COC(=O)CC(=O)O)O)O)O)O)O)O,,
5281670,C1=CC(=C(C=C1O)O)C2=C(C(=O)C3=C(C=C(C=C3O2)O)O)O,,
5281671,CC(=CCC1=C(OC2=C(C1=O)C(=CC3=C2C=CC(O3)(C)C)O)C4=C(C=C(C=C4)O)O)C,,
5281672,C1=C(C=C(C(=C1O)O)O)C2=C(C(=O)C3=C(C=C(C=C3O2)O)O)O,,
5281673,C[C@H]1[C@@H]([C@H]([C@H]([C@@H](O1)OC2=C(OC3=CC(=CC(=C3C2=O)O)O)C4=CC(=C(C(=C4)O)O)O)O)O)O,,
5281674,C1=CC=C(C=C1)C2=CC(=O)C3=C(O2)C(=C(C=C3O)O)O,,
5281675,C1=CC(=C(C=C1C2=CC(=O)C3=C(O2)C(=C(C=C3O)O)[C@H]4[C@@H]([C@H]([C@@H]([C@H](O4)CO)O)O)O)O)O,,
5281677,COC1=CC(=C2C(=C1)OC(=C(C2=O)OC)C3=CC(=C(C=C3)O)OC)O,,
5281678,COC1=C(C2=C(C=C1O)OC(=C(C2=O)O)C3=CC(=C(C=C3)O)O)O,,
5281679,CC1=C(C2=C(C=C1O)OC(=C(C2=O)O)C3=CC(=C(C=C3)O)O)O,,
5281680,C1=CC(=C(C=C1C2=C(C(=O)C3=C(O2)C=C(C(=C3O)O)O)O)O)O,,
5281690,C[C@H]1[C@@H]([C@H]([C@H]([C@@H](O1)OC[C@@H]2[C@H]([C@@H]([C@H]([C@@H](O2)OC3=C(OC4=CC(=CC(=C4C3=O)O)O)C5=CC(=C(C=C5)O)O)O[C@H]6[C@@H]([C@H]([C@@H](CO6)O)O)O)O)O)O)O)O,,
5281691,COC1=CC(=C2C(=C1)OC(=C(C2=O)O)C3=CC(=C(C=C3)O)O)O,,
5281692,C1=CC2=C(C=C1O)OC(=C(C2=O)O)C3=CC(=C(C(=C3)O)O)O,,
5281693,C[C@H]1[C@@H]([C@H]([C@H]([C@@H](O1)OC[C@@H]2[C@@H]([C@@H]([C@H]([C@@H](O2)OC3=C(OC4=CC(=CC(=C4C3=O)O)O[C@H]5[C@@H]([C@@H]([C@H]([C@@H](O5)C)O)O)O)C6=CC=C(C=C6)O)O)O)O)O)O)O,,
5281694,C1=CC(=CC=C1C2=CC(=O)C3=C(O2)C=C(C(=C3O)C4=C(C=CC(=C4)C5=CC(=O)C6=C(C=C(C=C6O5)O)O)O)O)O,,
5281695,COC1=CC=C(C=C1)C2=C(C(=O)C3=C(O2)C=C(C(=C3O)OC)O)OC,,
5281696,COC1=CC=C(C=C1)C2=CC(=O)C3=C(O2)C(=C(C=C3O)O)C4=C(C=CC(=C4)C5=CC(=O)C6=C(C=C(C=C6O5)OC)O)OC,,
5281697,C1=CC(=CC=C1C2=CC(=O)C3=C(O2)C=C(C(=C3O)O)O)O,,
5281699,COC1=C(C=C(C=C1)C2=C(C(=O)C3=C(C=C(C=C3O2)O)O)O)O,,
5281700,COC1=CC=C(C=C1)C2=C(C(=O)C3=C(O2)C(=C(C=C3O)OC)OC)O,,
5281701,C1=C(C=C(C(=C1O)O)O)C2=CC(=O)C3=C(C=C(C=C3O2)O)O,,
5281702,COC1=CC(=CC(=C1O)OC)C2=CC(=O)C3=C(C=C(C=C3O2)O)O,,
5281703,COC1=C(C=C(C2=C1OC(=CC2=O)C3=CC=CC=C3)O)O,,
5281704,COC1=CC=C(C=C1)C2=COC3=CC(=C(C=C3C2=O)OC)O,,
5281705,COC1=CC(=O)C(=CC1=O)C2=COC3=C(C2=O)C=CC(=C3)O,,
5281706,COC1=CC(=C2C(=C1)OC=C(C2=O)C3=C(C=C(C=C3)O)O)O,,
5281707,C1=CC2=C(C=C1O)OC3=C2C(=O)OC4=C3C=CC(=C4)O,,
5281708,C1=CC(=CC=C1C2=COC3=C(C2=O)C=CC(=C3)O)O,,
5281715,CC(=CCC1=C(C=C(C(=C1/C=C/C2=CC=CC=C2)C(=O)O)O)OC)C,,
5281729,C/C=C(/C)\C(=O)O[C@@H]1CCN2[C@@H]1C(=CC2)COC(=O)[C@@]([C@H](C)O)(C(C)(C)O)O,,
5281733,C/C=C/1\C[C@H]([C@@](C(=O)OCC2=CCN3[C@H]2[C@@H](CC3)OC1=O)(C)O)C,,
5281734,C/C=C\1/C[C@H]([C@@](C(=O)OCC2=CC[N+]3([C@H]2[C@@H](CC3)OC1=O)[O-])(CO)O)C,,
5281735,C/C=C(/C)\C(=O)O[C@H]1CCN2[C@@H]1C(=CC2)COC(=O)[C@@]([C@H](C)OC)(C(C)(C)O)O,,
5281741,C[C@@H]1C[C@@]2([C@H](O2)C)C(=O)O[C@@H]3CCN(C/C=C(\C3=O)/COC(=O)[C@]1(C)O)C,,
5281742,C/C=C\1/C[C@H]([C@@](C(=O)OC[C@H]2CCN3[C@H]2[C@@H](CC3)OC1=O)(C)O)C,,
5281743,C/C=C\1/C[C@H]([C@@](C(=O)OCC2=CCN3[C@H]2[C@@H](CC3)OC1=O)(CO)O)C,,
5281744,C/C=C\1/CC(=C)[C@@](C(=O)OCC2=CCN3[C@H]2[C@@H](CC3)OC1=O)(CO)O,,
5281750,C/C=C\1/CC(=C)[C@@](C(=O)OCC2=CCN3[C@H]2[C@@H](CC3)OC1=O)(C)O,,
5281752,C/C=C\1/C[C@H]([C@@](C(=O)OC/C/2=C/CN(CC[C@H](C2=O)OC1=O)C)(C)O)C,,
5281754,C/C=C(\C)/C(=O)O[C@@H]1CCN2[C@@H]1C(=CC2)COC(=O)[C@@]([C@H](C)O)(C(C)C)O,,
5281756,C/C=C/1\C[C@H]([C@@](C(=O)OCC2=CCN3[C@H]2[C@@H](CC3)OC1=O)(CO)O)C,,
5281757,C1=CC(=CC=C1C2=COC3=C(C2=O)C(=CC(=C3[C@H]4[C@@H]([C@H]([C@@H]([C@H](O4)CO)O)O)O)O)O)O,,
5281759,C1=CC(=C(C=C1/C=C/C(=O)O)O[C@H]2[C@@H]([C@H]([C@@H]([C@H](O2)CO)O)O)O)O,,
5281761,C1=CC(=C(C=C1/C=C/C(=O)O[C@H]2[C@@H]([C@H]([C@@H]([C@H](O2)CO)O)O)O)O)O,,
5281762,C1[C@H]([C@@H]([C@@H](C=C1C(=O)O)O)O)OC(=O)/C=C/C2=CC(=C(C=C2)O)O,,
5281764,C1=CC(=C(C=C1/C=C/C(=O)O[C@@H](C(=O)O)[C@@H](OC(=O)/C=C/C2=CC(=C(C=C2)O)O)C(=O)O)O)O,,
5281766,C1[C@H](C([C@@H](CC1(C(=O)O)O)O)OC(=O)/C=C/C2=CC=C(C=C2)O)O,,
5281767,COC1=C(C=CC(=C1)/C=C/C(=C/C(=O)/C=C/C2=CC(=C(C=C2)O)OC)/O)O,,
5281769,C1[C@H]([C@@H]([C@@H](C[C@]1(C(=O)O)OC(=O)/C=C/C2=CC(=C(C=C2)O)O)OC(=O)/C=C/C3=CC(=C(C=C3)O)O)O)O,,
5281770,COC1=CC(=CC(=C1O)C2=C(C(=CC(=C2)/C=C/C(=O)O)OC)O)/C=C/C(=O)O,,
5281771,C[C@H]1[C@@H]([C@H]([C@H]([C@@H](O1)O[C@@H]2[C@H]([C@@H](O[C@@H]([C@H]2OC(=O)/C=C/C3=CC(=C(C=C3)O)O)CO[C@H]4[C@@H]([C@H]([C@@H]([C@H](O4)CO)O)O)O)OCCC5=CC(=C(C=C5)O)O)O)O)O)O,,
5281773,C[C@H]1[C@@H]([C@H]([C@H]([C@@H](O1)OC[C@@H]2[C@H]([C@@H]([C@H]([C@@H](O2)OCCC3=CC(=C(C=C3)O)O)O)O)OC(=O)/C=C/C4=CC(=C(C=C4)O)O)O)O)O,,
5281775,COC1=C(C=CC(=C1)CC/C=C/C(=O)CCC2=CC(=C(C=C2)O)OC)O,,
5281777,COC1=CC(=CC(=C1OC)O)C2=COC3=CC(=C(C(=C3C2=O)O)OC)O[C@H]4[C@@H]([C@H]([C@@H]([C@H](O4)CO)O)O)O,,
5281779,C1OC2=C(O1)C(=C3C(=C2)OC=C(C3=O)C4=CC=C(C=C4)O)O,,
5281780,C1[C@H]([C@H]([C@@H](C[C@@]1(C(=O)O)O)OC(=O)/C=C/C2=CC(=C(C=C2)O)O)OC(=O)/C=C/C3=CC(=C(C=C3)O)O)O,,
5281781,COC1=CC=C(C=C1)C2=COC3=C(C2=O)C(=C(C(=C3)O)OC)O,,
5281783,CCOC(=O)/C=C/C1=CC=C(C=C1)OC,,
5281787,C1=CC=C(C=C1)CCOC(=O)/C=C/C2=CC(=C(C=C2)O)O,,
5281788,C1=CC(=C(C=C1CCO[C@H]2[C@@H]([C@H]([C@@H]([C@H](O2)CO)OC(=O)/C=C/C3=CC(=C(C=C3)O)O)O[C@H]4[C@@H]([C@H]([C@@H]([C@H](O4)CO)O)O)O)O)O)O,,
5281789,CC(=CCC1=C(C=CC(=C1O)C2=COC3=CC(=CC(=C3C2=O)O)O)O)C,,
5281790,CC(=CCOC(=O)/C=C/C1=CC(=C(C=C1)O)O)C,,
5281792,C1=CC(=C(C=C1C[C@H](C(=O)O)OC(=O)/C=C/C2=CC(=C(C=C2)O)O)O)O,,
5281793,C1=CC(=C(C=C1C[C@H](C(=O)O)OC(=O)/C=C/C2=C(C(=C(C=C2)O)O)/C=C/C3=CC(=C(C=C3)O)O)O)O,,
5281794,CCCCC/C=C/C(=O)CCC1=CC(=C(C=C1)O)OC,,
5281796,COC1=C(C=CC(=C1)/C=C/C(=O)NCCCCN)O,,
5281797,CC(=CCC1=C(C2=C(C=C1O)OC=C(C2=O)C3=C(C=C(C=C3)O)O)O)C,,
5281800,C[C@H]1[C@@H]([C@H]([C@H]([C@@H](O1)O[C@@H]2[C@H]([C@@H](O[C@@H]([C@H]2OC(=O)/C=C/C3=CC(=C(C=C3)O)O)CO)OCCC4=CC(=C(C=C4)O)O)O)O)O)O,,
5281801,C1=CC(=C(C=C1C2=COC3=CC(=CC(=C3C2=O)O)O)O)O,,
5281803,COC1=C(C=C(C=C1)C2=COC3=CC(=CC(=C3C2=O)O)O)O,,
5281804,COC1=CC(=C2C(=C1)OC=C(C2=O)C3=CC=C(C=C3)O)O,,
5281805,C1OC2=C(O1)C=C(C=C2)C3=COC4=C(C3=O)C=CC(=C4)O,,
5281806,CC(=CCC1=CC2=C(C=C1O)OC(=O)C3=C2OC4=C3C=CC(=C4)O)C,,
5281807,C1=CC(=CC=C1C2=COC3=C(C2=O)C=CC(=C3[C@H]4[C@@H]([C@H]([C@@H]([C@H](O4)CO)O)O)O)O)O,,
5281809,CC1(CCC2=C(O1)C=CC3=C2OC4=C3C(=O)OC5=C4C=CC(=C5)O)C,,
5281810,COC1=C(C=C2C(=C1O)C(=O)C(=CO2)C3=CC=C(C=C3)O)O[C@H]4[C@@H]([C@H]([C@@H]([C@H](O4)CO)O)O)O,,
5281811,COC1=C(C2=C(C=C1O)OC=C(C2=O)C3=CC=C(C=C3)O)O,,
5281812,COC1=CC=C(C=C1)C2=COC3=CC(=C(C=C3C2=O)O)O,,
5281813,COC1=CC(=C2C(=C1)OC(=O)C3=C2OC4=CC(=C(C=C43)O)O)O,,
5281814,CC(=CCC1=C(C2=C(C=C1O)OC=C(C2=O)C3=CC=C(C=C3)O)O)C,,
5281818,CN(CCC1=CN(C=N1)[C@H]2[C@@H]([C@H]([C@@H]([C@H](O2)CO)O)O)O)C(=O)/C=C/C3=CC=CC=C3,,
5281819,C/C=C(\C)/C(=O)N[C@@H](C1=CC=CC=C1)[C@H](C(=O)O[C@H]2C[C@]3([C@H](C4[C@@]([C@H](C[C@@H]5[C@]4(CO5)OC(=O)C)O)(C(=O)[C@@H](C(=C2C)C3(C)C)OC(=O)C)C)OC(=O)C6=CC=CC=C6)O)O,,
5281824,CN1CCCC1C2=C(C=C(C3=C2OC(=CC3=O)C4=CC=CC=C4)O)O,,
5281828,C[C@@H]1[C@@H]2C[C@]([C@@H](/C=C/C=C(/CC3=CC(=C(C(=C3)OC)Cl)N(C(=O)C[C@@H]([C@]4([C@H]1O4)C)OC(=O)[C@H](C)N(C)C(=O)C)C)\C)OC)(NC(=O)O2)O,,
5281829,CC1=C2[C@H](C(=O)[C@]3(C/C(=C\[C@@H]([C@@H](C2(C)C)C[C@@H]1OC(=O)C)OC(=O)C)/[C@H](C[C@@H]3O)OC(=O)[C@@H]([C@H](C4=CC=CC=C4)N(C)C)O)C)O,,
5281832,CN1C2=CC=CC=C2C(=O)C3=C(C(=C(C=C31)OC)OC)O,,
5281838,CC(=CCC1=C(C=C2C(=C1O)C(=O)C3=C(N2C)C(=C(C=C3)O)OC)O)C,,
5281842,CN1C2=CC=CC=C2C(=O)C3=C1C4=C(C=C3O)OC=C4,,
5281846,COC1=C2C=COC2=NC3=C1C=CC(=C3OC)O,,
5281847,CC1=C(C(=C(C(=C1O)C(=O)C)O)CC2=C(C(=C3C(=C2O)C=CC(O3)(C)C)C(=O)/C=C/C4=CC=CC=C4)O)O,,
5281849,CC(=C)C1CC2=C(O1)C=C(C3=C2N(C4=CC=CC=C4C3=O)C)O,,
5281850,CC1(CO1)C2CC3=C(O2)C=C(C4=C3N(C5=CC=CC=C5C4=O)C)O,,
5281855,C1=C2C3=C(C(=C1O)O)OC(=O)C4=CC(=C(C(=C43)OC2=O)O)O,,
5281858,CCCCCC/C=C\CCCCCCCC1=C(C(=CC=C1)O)C(=O)O,,
5281860,COC1=C(C2=C3C(=C1)C(=O)OC4=C3C(=CC(=C4OC)O)C(=O)O2)OC,,
5281865,C/C=C(\C)/C(=O)OC1CC2CCC(C1)N2C,,
5281867,C1[C@@H](/C(=C\C2=CC3=C(C=C2)OCO3)/C(=O)O1)CC4=CC5=C(C=C4)OCO5,,
5281870,CC(C)CNC(=O)/C=C/C=C/CC1=CC=CC=C1,,
5281871,C1=CC(=C(C=C1/C=C/C=O)O)O,,
5281872,CC1=C(C=CC=C1C2=CC=CC=C2)COC(=O)C3C(C3(C)C)/C=C(/C(F)(F)F)\Cl,,
5281873,CC1(C(C1C(=O)OC(C#N)C2=CC(=CC=C2)OC3=CC=CC=C3)/C=C(/C(F)(F)F)\Cl)C,,
5281874,CC1=C(C(=C(C(=C1F)F)COC(=O)C2C(C2(C)C)/C=C(/C(F)(F)F)\Cl)F)F,,
5281877,CC1=C(C(CCC1)(C)C)/C=C/C(=C/C=C/C(=C/C(=O)O[C@H]2[C@@H]([C@H]([C@@H]([C@H](O2)C(=O)O)O)O)O)/C)/C,,
5281884,C/C=C/C[C@@H](C)C(=O)[C@H]1C(=O)N[C@H](C(=O)N(CC(=O)N([C@H](C(=O)N[C@H](C(=O)N([C@H](C(=O)N[C@H](C(=O)N[C@@H](C(=O)N([C@H](C(=O)N([C@H](C(=O)N([C@H](C(=O)N1C)C(C)C)C)CC(C)C)C)CC(C)C)C)C)C)CC(C)C)C)C(C)C)CC(C)C)C)C)C(C)C,,
5281885,C[C@H]1C[C@H]([C@H]([C@@H](/C=C(/[C@H]([C@@H](/C=C\C=C(\C(=O)NC2=CC(=O)C(=C(C1)C2=O)OC)/C)OC)OC(=O)N)\C)C)O)OC,,
5281887,C[C@]12CC[C@H]3[C@H]([C@@H]1CC[C@@H]2O[C@H]4[C@@H]([C@H]([C@@H]([C@H](O4)C(=O)O)O)O)O)CCC5=C3C=CC(=C5)O,,
5281888,CN(C)C(=O)CCSC(C1=CC=CC(=C1)/C=C/C2=NC3=C(C=CC(=C3)Cl)C=C2)SCCC(=O)O,,
5281894,C1=CC=C(C=C1)C2=CC(=O)C3=C(O2)C=C(C=C3)O,,
5281895,C[C@]12CC[C@H]3[C@H]([C@@H]1CC[C@@H]2O[C@H]4[C@@H]([C@H]([C@@H]([C@H](O4)C(=O)O)O)O)O)CCC5=C3C=CC(=C5)OS(=O)(=O)O,,
5281897,C[C@H]1/C=C/[C@H]([C@H](CCCC[C@H](OC(=O)[C@H]([C@@]2([C@@H]([C@H]([C@@H]([C@H]1O2)C)O)OC)O)C)C3=CC=CC=C3)OC)OC,,
5281899,CC[C@H]\1CC[C@@H]2[C@@H]([C@@H]([C@H]([C@@]3(O2)CC[C@H]([C@H](O3)C[C@H](C)O)C)C)OC(=O)/C=C/[C@H]([C@@H]([C@H](C(=O)[C@H]([C@@H]([C@H](C(=O)[C@@]([C@@H]([C@H](C/C=C/C=C1)C)O)(C)O)C)O)C)C)O)C)C,,
5281900,CC[C@H]\1CC[C@@H]2[C@@H]([C@@H]([C@H]([C@@]3(O2)C(=O)C[C@H]([C@H](O3)C[C@H](C)O)C)C)OC(=O)/C=C/[C@H]([C@@H]([C@H](C(=O)[C@H]([C@@H]([C@H](C(=O)[C@@]([C@@H]([C@H](C/C=C/C=C1)C)O)(C)O)C)O)C)C)O)C)C,,
5281903,CC(=CCC1=C2C(=C(C=C1O)O)C(=O)C=C(O2)C3=CC=CC=C3)C,,
5281904,C[C@]12CC[C@H]3[C@H]([C@@H]1C[C@H]([C@@H]2O[C@H]4[C@@H]([C@H]([C@@H]([C@H](O4)C(=O)O)O)O)O)O)CCC5=C3C=CC(=C5)O,,
5281910,CCCCC/C=C\C/C=C\C=C\C=C\[C@H]([C@H](CCCC(=O)O)O)SCC(C(=O)O)NC(=O)C,,
5281912,CCCCC[C@@H](/C=C/[C@H]1C=CC(=O)[C@@H]1CCCCCCC(=O)O)O,,
5281915,CC1=C(C(=O)C(=C(C1=O)OC)OC)C/C=C(\C)/CC/C=C(\C)/CC/C=C(\C)/CC/C=C(\C)/CC/C=C(\C)/CC/C=C(\C)/CC/C=C(\C)/CC/C=C(\C)/CC/C=C(\C)/CCC=C(C)C,,
5281929,CC/C=C\C[C@@H]1[C@H](CCC1=O)CC(=O)OC,,
5281945,CC(=CCC1=C(C2=C(C=C1O)OC(=C(C2=O)O)C3=CC=CC=C3)O)C,,
5281946,COC1=C(OC2=CC(=CC(=C2C1=O)O)O)C3=CC=CC=C3,,
5281949,CC(C)(C=C)C1=C(C=C(C2=C1OC(=C(C2=O)O)C3=CC=C(C=C3)OC)O)O,,
5281950,CC(C)(C=C)C1=C(C=C(C2=C1OC(=C(C2=O)O)C3=CC=CC=C3)O)O,,
5281953,COC1=CC(=CC(=C1O)OC)C2=C(C(=O)C3=C(C=C(C=C3O2)O)O)O,,
5281954,COC1=CC(=C2C(=C1)OC(=CC2=O)C3=CC=CC=C3)O,,
5281969,CCCCC/C=C\C/C=C\C/C=C\C/C=C\CCCC(=O)NCCO,,
5281970,CC(C)C1=C(C(=CC(=N1)C2=CC=CC=C2)C3=CC=C(C=C3)F)/C=C/[C@@H]4C[C@H](CC(=O)O4)O,,
5281974,C/C=C\1/CN2[C@H]3C[C@@H]1C4[C@@H]2C[C@]5([C@@H]4OC(=O)C)C3=NC6=CC=CC=C56,,
5281984,C[C@@]12CCC[C@@]3([C@@H]1[C@@H]([C@]45[C@H]3CC[C@H](C4)C(=C)C5)C(=O)O)OC2=O,,
5281985,C[C@@]12C[C@H](C[C@@]3([C@@H]1[C@@H]([C@]45[C@H]3CC[C@H](C4)C(=C)C5)C(=O)O)OC2=O)O,,
5281987,C[C@]12[C@H]3[C@@H]([C@@]45C[C@@H](CC[C@H]4[C@@]3(C[C@@H]([C@@H]1O)O)OC2=O)C(=C)C5)C(=O)O,,
5281988,C[C@@]12C=CC[C@@]3([C@@H]1[C@@H]([C@]45[C@H]3CC[C@](C4)(C(=C)C5)O)C(=O)O)OC2=O,,
5282031,CC[C@@H]1[C@@H](/C=C/C(=O)[C@@H](C[C@@H]([C@@H]([C@H](C(=O)O1)C)O)C)C)C,,
5282032,CC[C@@H]1[C@@H](/C=C/C(=O)[C@@H](C[C@@H]([C@@H]([C@H](C(=O)O1)C)O[C@H]2[C@@H]([C@H](C[C@H](O2)C)N(C)C)O)C)C)C,,
5282034,CC[C@@H]1[C@@](/C=C/C(=O)[C@@H](C[C@@H]([C@@H]([C@H](C(=O)O1)C)O[C@H]2[C@@H]([C@H](C[C@H](O2)C)N(C)C)O)C)C)(C)O,,
5282035,CC[C@@H]1[C@@H](/C=C/C(=O)[C@@H](C[C@@H]([C@@H]([C@H](C(=O)[C@H](C(=O)O1)C)C)O)C)C)C,,
5282036,CC[C@@H]1[C@@H](/C=C/C(=O)[C@@H](C[C@@H]([C@@H]([C@H](C(=O)[C@H](C(=O)O1)C)C)O[C@H]2[C@@H]([C@H](C[C@H](O2)C)N(C)C)O)C)C)C,,
5282037,CC[C@@H]1[C@@](/C=C/C(=O)[C@@H](C[C@@H]([C@@H]([C@H](C(=O)[C@H](C(=O)O1)C)C)O[C@H]2[C@@H]([C@H](C[C@H](O2)C)N(C)C)O)C)C)(C)O,,
5282049,C[C@@H]1[C@@H]2C[C@]([C@@H](/C=C/C=C(/CC3=CC(=C(C(=C3)OC)Cl)N(C(=O)C[C@@H]([C@]4([C@H]1O4)C)OC(=O)C(C)C)C)\C)OC)(NC(=O)O2)O,,
5282054,C/C=C/C/C=C/CCC(=O)[C@@H]1[C@@H](O1)C(=O)N,,
5282066,CN1C2=CC=CC=C2C(=O)C3=C1C=C(C=C3O)O,,
5282067,C1=CC(=CC=C1/C=C/C(=O)OC[C@@H]2[C@H]([C@@H]([C@H]([C@@H](O2)OC3=CC4=C(C=C(C=C4[O+]=C3C5=CC(=C(C=C5)O)O)O)O)O)O)O)O,,
5282068,C1=CC(=CC=C1/C=C/C(=O)OC[C@@H]2[C@H]([C@@H]([C@H]([C@@H](O2)OC3=C([O+]=C4C=C(C=C(C4=C3)O[C@H]5[C@@H]([C@H]([C@@H]([C@H](O5)CO)O)O)O)O)C6=CC(=C(C=C6)O)O)O)O)O)O,,
5282071,CC[C@@H]1/C=C(/C[C@@H](C[C@@H]([C@@H]2[C@H](C[C@H]([C@@](O2)(C(=O)C(=O)N3CCCC[C@H]3C(=O)O[C@@H]([C@@H]([C@H](CC1=O)O)C)/C(=C/[C@@H]4CC[C@H]([C@@H](C4)OC)O)/C)O)C)OC)OC)C)\C,,
5282073,C1=CC(=CC=C1C2=CC(=O)C3=C(O2)C=C(C=C3)O)O,,
5282074,C1=CC(=C(C=C1O)O)C2=COC3=CC(=CC(=C3C2=O)O)O,,
5282075,COC1=CC(=C(C=C1)C2=COC3=CC(=CC(=C3C2=O)O)O)O,,
5282085,C[C@@H](CO)NC(=O)/C(=C/C=C/C=C\C=C\C(=C\[C@@H](C)[C@H](/C(=C/C(C)C)/C)O)\C)/C,,
5282094,COC1=CC(=CC(=C1O)O)/C=C/C=O,,
5282102,C1=CC(=CC=C1C2=C(C(=O)C3=C(C=C(C=C3O2)O)O)O[C@H]4[C@@H]([C@H]([C@@H]([C@H](O4)CO)O)O)O)O,,
5282105,CCCCC/C=C\C/C=C\C/C=C\C/C=C\CCCC(=O)NCCC1=CC(=C(C=C1)O)O,,
5282106,CCCCCCCC/C=C\CCCCCCCC(=O)NCCC1=CC(=C(C=C1)O)O,,
5282107,CCCCCCC(C/C=C\CCCCCCCC(=O)OC)OC(=O)C,,
5282108,CC1=CCCC(C1/C=C/C(=O)C)(C)C,,
5282109,CC(=CCC/C(=C/COC=O)/C)C,,
5282110,CC(=O)OC/C=C/C1=CC=CC=C1,,
5282136,C1CCN(CC1)CC2=CC(=NC=C2)OC/C=C\CNC(=O)CS(=O)CC3=CC=CO3,,
5282138,CC1=C(C(C(=C(N1)C)C(=O)OC/C=C/C2=CC=CC=C2)C3=CC(=CC=C3)[N+](=O)[O-])C(=O)OCCOC,,
5282139,CN(C)CCC(C1=CC=CC=C1)C2=CC=CC=N2.C(=C\C(=O)O)\C(=O)O,,
5282146,C1=CC(=C(C(=C1)O)O)/C=C/C(=O)O,,
5282149,C1=CC(=CC=C1C2=C(C(=O)C3=C(C=C(C=C3O2)O)O)O[C@H]4[C@@H]([C@H]([C@H]([C@H](O4)CO)O)O)O)O,,
5282150,C[C@H]1[C@@H]([C@H]([C@H]([C@@H](O1)O[C@@H]2[C@H]([C@@H]([C@H](O[C@H]2OC3=CC(=C4C(=C3)OC(=CC4=O)C5=CC=C(C=C5)O)O)CO)O)O)O)O)O,,
5282151,C[C@H]1[C@@H]([C@H]([C@H]([C@@H](O1)O[C@@H]2[C@H]([C@@H]([C@H](O[C@H]2C3=C(C=C(C4=C3OC(=CC4=O)C5=CC=C(C=C5)O)O)O)CO)O)O)O)O)O,,
5282152,C[C@H]1[C@@H]([C@H]([C@H]([C@@H](O1)O[C@@H]2[C@H]([C@@H]([C@H](O[C@H]2OC3=CC(=C4C(=C3)OC(=CC4=O)C5=CC(=C(C=C5)O)O)O)CO)O)O)O)O)O,,
5282153,C1=CC(=C(C=C1C2=CC(=O)C3=C(C=C(C=C3O2)O[C@H]4[C@@H]([C@H]([C@@H]([C@H](O4)C(=O)O)O)O)O[C@H]5[C@@H]([C@H]([C@@H]([C@H](O5)C(=O)O)O)O)O)O)O)O,,
5282154,COC1=CC(=CC(=C1O)O)C2=C(C(=O)C3=C(C=C(C=C3O2)O)O)O,,
5282155,C1=CC(=CC=C1C2=C(C(=O)C3=C(C=C(C=C3O2)O)O)O[C@H]4[C@@H]([C@H]([C@@H]([C@H](O4)CO)O)O)O[C@H]5[C@@H]([C@H]([C@@H]([C@H](O5)CO)O)O)O)O,,
5282156,C1=CC(=CC=C1C2=C(C(=O)C3=C(C=C(C=C3O2)O)O)O[C@H]4[C@@H]([C@H]([C@@H]([C@H](O4)CO)O)O)O[C@H]5[C@@H]([C@H]([C@@H]([C@H](O5)CO)O)O)O[C@H]6[C@@H]([C@H]([C@@H]([C@H](O6)CO)O)O)O)O,,
5282159,C1=CC(=C(C=C1C2=C(C(=O)C3=C(C=C(C=C3O2)O)O)O[C@H]4[C@@H]([C@H]([C@@H]([C@H](O4)COC(=O)CC(=O)O)O)O)O)O)O,,
5282160,C1=CC(=C(C=C1C2=C(C(=O)C3=C(C=C(C=C3O2)O[C@H]4[C@@H]([C@H]([C@@H]([C@H](O4)CO)O)O)O)O)O)O)O,,
5282164,C[C@H](CCC=C(C)C)[C@H]1CC[C@@]2([C@@]1(CC[C@]34[C@H]2CC[C@@H]5[C@]3(C4)CC[C@@H](C5(C)C)OC(=O)/C=C/C6=CC(=C(C=C6)O)OC)C)C,,
5282165,C[C@@H]1C/C=C/C=C/[C@@H]([C@@H](C[C@@H]([C@@H]([C@H]([C@@H](CC(=O)O1)OC(=O)C)OC)O[C@H]2[C@@H]([C@H]([C@@H]([C@H](O2)C)O[C@H]3C[C@@]([C@H]([C@@H](O3)C)OC(=O)CC(C)C)(C)O)N(C)C)O)CC=O)C)O,,
5282166,C1=CC(=C(C=C1C2=C(C(=O)C3=C(C=C(C=C3O2)O)O)O[C@H]4[C@@H]([C@H]([C@@H]([C@H](O4)CO)O)O)O[C@H]5[C@@H]([C@H]([C@@H]([C@H](O5)CO)O)O)O)O)O,,
5282167,C1=CC(=C(C=C1C2=C(C(=O)C3=C(C=C(C=C3O2)O)O)O[C@H]4[C@@H]([C@H]([C@@H]([C@H](O4)CO)O)O)O[C@H]5[C@@H]([C@H]([C@@H]([C@H](O5)CO)O)O)O[C@H]6[C@@H]([C@H]([C@@H]([C@H](O6)CO)O)O)O)O)O,,
5282169,CCC(=O)O[C@@H]1CC(=O)O[C@@H](C/C=C/C=C/[C@@H]([C@@H](C[C@@H]([C@@H]([C@H]1OC)O[C@H]2[C@@H]([C@H]([C@@H]([C@H](O2)C)O[C@H]3C[C@@]([C@H]([C@@H](O3)C)OC(=O)CC)(C)O)N(C)C)O)CC=O)C)O)C,,
5282173,C[C@@H]1C/C=C/C=C/[C@@H]([C@@H](C[C@@H]([C@@H]([C@H]([C@@H](CC(=O)O1)OC(=O)C)OC)O[C@H]2[C@@H]([C@H]([C@@H]([C@H](O2)C)O[C@H]3C[C@@]([C@H]([C@@H](O3)C)O)(C)O)N(C)C)O)CC=O)C)O[C@H]4CC[C@@H]([C@@H](O4)C)N(C)C,,
5282175,CCCCCCCC(=O)CC[C@H]1[C@@H](C[C@@H]([C@@H]1C/C=C\CCCC(=O)OC(C)C)O)O,,
5282176,CCCC[C@H](/C=C(\C)/C=C/C=C/C(=O)N1CCCC1=O)O,,
5282180,CC1=C(C(CCC1)(C)C)/C=C/C(=C/C=C/C(=C/C(=O)OC2=C(C3=C(C(=C2C)C)O[C@](CC3)(C)CCC[C@H](C)CCC[C@H](C)CCCC(C)C)C)/C)/C,,
5282182,CC(=CCC/C(=C/CC/C(=C/CCC(=O)OC/C=C(\C)/CCC=C(C)C)/C)/C)C,,
5282183,CC1=C(C2=C(N1C(=O)C3=CC=C(C=C3)Cl)C=CC(=C2)OC)CC(=O)OC/C=C(\C)/CC/C=C(\C)/CCC=C(C)C,,
5282184,CCCCC/C=C\C/C=C\CCCCCCCC(=O)OCC,,
5282188,CCC(=O)O[C@@H]1CC(=O)O[C@@H](C/C=C/C=C/[C@@H]([C@@H](C[C@@H]([C@@H]([C@H]1OC)O[C@H]2[C@@H]([C@H]([C@@H]([C@H](O2)C)O[C@H]3C[C@@]([C@H]([C@@H](O3)C)OC(=O)CC)(C)OC(=O)C)N(C)C)O)CC=O)C)OC(=O)C)C,,
5282189,C[C@@H]1C/C=C/C=C/[C@@H]([C@@H](C[C@@H]([C@@H]([C@H]([C@@H](CC(=O)O1)O)OC)O[C@H]2[C@@H]([C@H]([C@@H]([C@H](O2)C)O[C@H]3C[C@@]([C@H]([C@@H](O3)C)O)(C)O)N(C)C)O)CC=O)C)O,,
5282192,C1=C(C(=O)NC(=O)N1[C@H]2[C@H]([C@@H]([C@H](O2)CO)O)O)/C=C/Br,,
5282193,CCCN(C(=O)C(NC(=O)C1=CC=CC=C1)CCC(=O)OCCCN2CCN(CC2)CCOC(=O)CC3=C(N(C4=C3C=C(C=C4)OC)C(=O)C5=CC=C(C=C5)Cl)C)CCC.C(=C\C(=O)O)\C(=O)O.C(=C\C(=O)O)\C(=O)O,,
5282198,CCOC(=O)/C=C(\C)/C=C/C[C@@H](C)CCCC(C)C,,
5282199,CC(=CCC/C(=C/CC/C(=C/CC/C(=C/CCC(=O)C)/C)/C)/C)C,,
5282200,CCCCC[C@H]([C@@H]1[C@H](C[C@H](C[C@H](C[C@H](C[C@H](C[C@H]([C@H]([C@@H](/C(=C/C=C/C=C/C=C/C=C/[C@@H]([C@H](OC1=O)C)O)/C)O)O)O)O)O)O)O)O)O,,
5282203,CC(C1=CC=C(C=C1)/C=C/2\CCCCC2=O)C(=O)O,,
5282209,CO[C@H]1[C@@H](C[C@@H]2CN3CCC4=C([C@H]3C[C@@H]2[C@@H]1C(=O)OC)NC5=C4C=CC(=C5)OC)OC(=O)/C=C/C6=CC(=C(C=C6)O)OC,,
5282210,C1C[C@H]2C[C@@H]1[C@@H]3[C@H]2CN(C3)NC(=O)C4=CC(=C(C=C4)Cl)S(=O)(=O)N,,
5282211,CCCC(=O)O[C@H]1[C@@H](O[C@H](C[C@@]1(C)OC(=O)CC)O[C@@H]2[C@H](O[C@H]([C@@H]([C@H]2N(C)C)O)O[C@H]3[C@H](C[C@H]([C@H](/C=C/C=C/C[C@H](OC(=O)C[C@H]([C@@H]3OC)O)C)O)C)CC=O)C)C,,
5282215,C1CCNC2=C(C1)C=CC(=C2)C(=O)CCC3CCN(CC3)CC4=CC=CC=C4.C(=C/C(=O)O)\C(=O)O,,
5282219,CC(=CCOC1=CC=C(C=C1)/C=C/C(=O)C2=C(C=C(C=C2)OCC=C(C)C)OCC(=O)O)C,,
5282222,C/C(=C/C=O)/C=C/[C@]12[C@](O1)(C[C@H](CC2(C)C)O)C,,
5282224,CC1=CC(=O)CC([C@]1(/C=C/C(=C\C=O)/C)O)(C)C,,
5282225,CC1=CC(=O)CC([C@]1(/C=C/C(=C\CO)/C)O)(C)C,,
5282226,CC(C)OC(=O)CCC/C=C\C[C@H]1[C@H](C[C@H]([C@@H]1/C=C/[C@H](COC2=CC=CC(=C2)C(F)(F)F)O)O)O,,
5282227,C/C=C/C1C(C1(C)C)C(=O)OCC2=C(C(=C(C(=C2F)F)COC)F)F,,
5282230,COC1=C(C=C(C=C1)/C=C/C(=O)NC2=CC=CC=C2C(=O)O)OC,,
5282237,CCCCC(C)(C)[C@@H](/C=C/[C@H]1[C@@H](CC(=O)[C@@H]1CCCC/C=C/C(=O)OC)O)O,,
5282241,C1C=C(N2[C@H](S1)[C@@H](C2=O)NC(=O)/C(=C\CC(=O)O)/C3=CSC(=N3)N)C(=O)O.O.O,,
5282242,C1C=C(N2[C@H](S1)[C@@H](C2=O)NC(=O)/C(=C\CC(=O)O)/C3=CSC(=N3)N)C(=O)O,,
5282250,CC(=O)NC1=CC(=C(C=C1)/C=C/C2=C(C=C(C=C2)N=C=S)S(=O)(=O)O)S(=O)(=O)O,,
5282253,C[C@H](/C=C/C=C(/C)\[C@H]1CN[C@@H]([C@H]1CC(=O)O)C(=O)O)C(=O)O,,
5282259,CCCCC/C=C\C/C(=C\CCCCCCCC(=O)O)/[N+](=O)[O-],,
5282260,CC/C=C\C[C@@H](/C=C/[C@@H]1[C@H]([C@H](CC1=O)O)C/C=C\CCCC(=O)O)O,,
5282263,CCCCC[C@@H](/C=C/[C@H]1[C@@H](C[C@@H]([C@H]1C/C=C\CCCC(=O)O)O)O)O,,
5282272,CCCCC/C=C\C/C=C\C/C=C\CCCCCCC(=O)NCCO,,
5282273,CCCCC/C=C\C/C=C\C/C=C\C/C=C\CCCCCC(=O)NCCO,,
5282277,CC[C@H]1[C@H](O1)C/C=C\C/C=C\C/C=C\C/C=C\CCCC(=O)O,,
5282279,CN1C2=CC=CC=C2C(=N[C@H](C1=O)NC(=O)/C=C/C3=C(C=C(C=C3)Cl)Cl)C4=CC=CC=C4,,
5282280,CCCCC/C=C\C/C=C\C/C=C\C/C=C\CCCC(=O)OC(CO)CO,,
5282281,CCCCC/C=C\C/C=C\C/C=C\C/C=C\CCCC(=O)OCC(CO)O,,
5282283,CCCCCCCCCCCCCCCC(=O)OC[C@H](CO)OC(=O)CCCCCCC/C=C\CCCCCCCC,,
5282284,CCCCCCCCCCCCCCCCOC[C@H](CO)OC(=O)CCCCCCC/C=C\CCCCCCCC,,
5282287,CC/C=C\C/C=C\C/C=C\CCCCCCCC(=O)OCC(CO[C@H]1[C@@H]([C@H]([C@H]([C@H](O1)CO)O)O)O)OC(=O)CCCCCCC/C=C\C/C=C\C/C=C\CC,,
5282310,CCCCCCCCCCCCC/C=C/[C@H]([C@H](CO)NC(=O)CCCCCCCCCCCCC)O,,
5282311,CCCCCCCCCCCCC/C=C/[C@H]([C@H](CO)NC(=O)CCCCCCCCCCCCCCCCCCCCCCCCCCCCCOC(=O)CCCCCCC/C=C\C/C=C\CCCCC)O,,
5282314,CCCCCCCCC/C=C\CCCC(C(=O)O)OC,,
5282315,C[C@@H]1C[C@@H]([C@@H]2[C@H](C[C@H]([C@@](O2)(C(=O)C(=O)N3CCCC[C@H]3C(=O)O[C@@H]([C@@H]([C@H](CC(=O)[C@@H](/C=C(/C1)\C)CC=C)O)C)/C(=C/[C@@H]4CC[C@H]([C@@H](C4)OC)O)/C)O)C)OC)OC.O,,
5282316,CCCCC/C=C(\C/C=C\CCCCCCCC(=O)O)/[N+](=O)[O-],,
5282317,C[C@@H]([C@@H](O)C)[C@@H]1O[C@H]1C[C@@H]2[C@H]([C@H]([C@@H](OC2)C/C(=C/C(=O)OCCCCCCCCC(=O)[O-])/C)O)O.C[C@@H]([C@@H](O)C)[C@@H]1O[C@H]1C[C@@H]2[C@H]([C@H]([C@@H](OC2)C/C(=C/C(=O)OCCCCCCCCC(=O)[O-])/C)O)O.O.O.[Ca+2],,
5282318,CC(CN1C2=CC=CC=C2CCC3=CC=CC=C31)CN(C)C.C(=C\C(=O)O)\C(=O)O,,
5282319,C/C(=C\C=C\C=C(/C)\C=O)/C=C/C=C(\C)/C=C=C1[C@](C[C@H](CC1(C)C)O)(C)O,,
5282320,C/C(=C\C=C\C=C(/C)\C=O)/C=C/C=C(\C)/C=C/[C@]12[C@](O1)(C[C@H](CC2(C)C)O)C,,
5282322,C[C@@H]1C/C=C/C=C/[C@@H]([C@@H](C[C@@H]([C@@H]([C@H]([C@@H](CC(=O)O1)O)OC)O[C@H]2[C@@H]([C@H]([C@@H]([C@H](O2)C)O[C@H]3C[C@@]([C@H]([C@@H](O3)C)OC(=O)CC(C)C)(C)O)N(C)C)O)CC=O)C)O,,
5282323,CCCC(=O)O[C@H]1[C@@H](O[C@H](C[C@@]1(C)O)O[C@@H]2[C@H](O[C@H]([C@@H]([C@H]2N(C)C)O)O[C@H]3[C@H](C[C@H]([C@H](/C=C/C=C/C[C@H](OC(=O)C[C@H]([C@@H]3OC)OC(=O)C)C)O)C)CC=O)C)C,,
5282324,CCCC(=O)O[C@H]1[C@@H](O[C@H](C[C@@]1(C)O)O[C@@H]2[C@H](O[C@H]([C@@H]([C@H]2N(C)C)O)O[C@H]3[C@H](C[C@H]([C@H](/C=C/C=C/C[C@H](OC(=O)C[C@H]([C@@H]3OC)O)C)O)C)CC=O)C)C,,
5282327,C[C@@H]1C/C=C/C=C/[C@@H]([C@@H](C[C@@H]([C@@H]([C@H]([C@@H](CC(=O)O1)OC(=O)C)OC)O[C@H]2[C@@H]([C@H]([C@@H]([C@H](O2)C)O[C@H]3C[C@@]([C@H]([C@@H](O3)C)OC(=O)C)(C)O)N(C)C)O)CC=O)C)O,,
5282335,CC(C)(C)C1=CN=C(O1)CSC2=CN=C(S2)NC(=O)CC3=CC=C(C=C3)CNC(CO)CO,,
5282338,CC(C)N(CCNC(=O)C1=CSC(=N1)NC(=O)C2=CC(=C(C=C2O)OC)OC)C(C)C,,
5282361,C1=CC=C(C=C1)C(=O)/C=C/C2=CC=C(C=C2)O,,
5282362,C1=CC=C(C=C1)/C=C/C(=O)C2=CC=C(C=C2)O,,
5282365,C[C@]12CCC(=O)C=C1CC[C@@H]3[C@@H]2C(=O)C[C@]4([C@H]3CC[C@@H]4O)C,,
5282367,CC1=C(C(=O)C2=CC=CC=C2C1=O)C/C=C(\C)/CC/C=C(\C)/CC/C=C(\C)/CCC=C(C)C,,
5282372,C[C@H]([C@@H]1[C@H]2CC(=C(N2C1=O)C(=O)O)SCCN=CN)O.O,,
5282375,CCOC(=O)/C=C(\C)/C=C/C=C(\C)/C=C/C1=C(C(=C(C=C1C)OC)C)C,,
5282379,CC1=C(C(CCC1)(C)C)/C=C/C(=C/C=C/C(=C\C(=O)O)/C)/C,,
5282380,CC(C)OC(=O)CCC/C=C/C[C@H]1[C@H](C[C@H]([C@@H]1CC[C@H](CCC2=CC=CC=C2)O)O)O,,
5282381,CCCCC(C)(C/C=C/[C@H]1[C@@H](CC(=O)[C@@H]1CCCCCCC(=O)OC)O)O,,
5282392,C(C(=O)[O-])C(CC(=O)[O-])(C(=O)[O-])O.C(C(=O)[O-])C(CC(=O)[O-])(C(=O)[O-])O.O.O.O.O.[Ca+2].[Ca+2].[Ca+2],,
5282398,CCSC1=CC2=C(SC3=CC=CC=C3N2CCCN4CCN(CC4)C)C=C1.C(=C\C(=O)O)\C(=O)O.C(=C\C(=O)O)\C(=O)O,,
5282401,C1CN(CCN1CCCC(=O)NC2C3=CC=CC=C3CSC4=CC=CC=C24)C5=CC=C(C=C5)F.C(=C\C(=O)O)\C(=O)O,,
5282402,CN(C)CC/C=C\1/C2=CC=CC=C2COC3=C1C=C(C=C3)CC(=O)O.Cl,,
5282403,CN(C)CCCOC1(CCCCCC1)CC2=CC=CC=C2.C(=C/C(=O)O)\C(=O)O,,
5282408,CN1CCC(=C2C3=C(C(=O)CC4=CC=CC=C42)SC=C3)CC1.C(=C/C(=O)O)\C(=O)O,,
5282409,CN(C)CCOC(C1=CC=C(C=C1)Cl)C2=CC=CC=N2.C(=C\C(=O)O)\C(=O)O,,
5282411,CCCCC[C@@H](/C=C/[C@H]1[C@@H](C[C@H]2[C@@H]1C/C(=C/CCCC(=O)O)/O2)O)O,,
5282414,CC(C1=CC=CC=N1)C2=C(CC3=CC=CC=C32)CCN(C)C.C(=C\C(=O)O)\C(=O)O,,
5282415,CCCCC[C@@H](/C=C/[C@H]1[C@@H](C[C@@H]([C@@H]1C/C=C\CCCC(=O)O)O)O)O.C(C(CO)(CO)N)O,,
5282419,CCCCN1CCCCC1C(=O)NC2=C(C=CC=C2C)C.O.Cl,,
5282421,CCN(CC)C(=O)N[C@@H]1CN([C@@H]2CC3=CNC4=CC=CC(=C34)C2=C1)C.C(=C\C(=O)O)\C(=O)O,,
5282422,CCN(CC)CC1=NC=CN1C2=C(C=C(C=C2)[N+](=O)[O-])C(=O)C3=CC=CC=C3Cl.C(=C/C(=O)O)\C(=O)O,,
5282428,CC#CCC(C)C(/C=C/C1C(CC2C1C3=CC=CC(=C3O2)CCCC(=O)O)O)O,,
5282435,C1=CC(=C(C=C1Cl)C2=NC(=NC(=N2)N)N)Cl.C(=C\C(=O)O)\C(=O)O,,
5282437,CC/C=C(/C1=CSC(=N1)N)\C(=O)N[C@H]2[C@@H]3N(C2=O)C(=C(CS3)COC(=O)N)C(=O)OCOC(=O)C(C)(C)C.O.Cl,,
5282438,CC/C=C(/C1=CSC(=N1)N)\C(=O)N[C@H]2[C@@H]3N(C2=O)C(=C(CS3)COC(=O)N)C(=O)OCOC(=O)C(C)(C)C,,
5282440,C1=CC(=CC=C1CN2C=CN=C2)/C=C/C(=O)O,,
5282448,CO[C@@H]1[C@@H]([C@H]([C@@H]([C@H](O1)COS(=O)(=O)O)O[C@H]2[C@@H]([C@H]([C@@H]([C@@H](O2)C(=O)O)O[C@@H]3[C@@H]([C@H]([C@@H]([C@H](O3)COS(=O)(=O)O)O[C@H]4[C@@H]([C@H]([C@@H]([C@H](O4)C(=O)O)O[C@@H]5[C@@H]([C@H]([C@@H]([C@H](O5)COS(=O)(=O)O)O)O)NS(=O)(=O)O)O)O)OS(=O)(=O)O)NS(=O)(=O)O)O)OS(=O)(=O)O)O)NS(=O)(=O)O,,
5282450,C1CCN(CC1)CC2=CC(=NC=C2)OC/C=C\CNC3=C(C(=O)C3=O)N,,
5282451,C1C(C1)C2=NC3=CC=CC=C3C(=C2/C=C/[C@@H](O)C[C@@H](O)CC(=O)[O-])C4=CC=C(C=C4)F.C1C(C1)C2=NC3=CC=CC=C3C(=C2/C=C/[C@@H](O)C[C@@H](O)CC(=O)[O-])C4=CC=C(C=C4)F.[Ca+2],,
5282452,C1CC1C2=NC3=CC=CC=C3C(=C2/C=C/[C@H](C[C@H](CC(=O)O)O)O)C4=CC=C(C=C4)F,,
5282455,CC(C1=NC(=NC(=C1/C=C/[C@@H](O)C[C@@H](O)CC(=O)[O-])C2=CC=C(C=C2)F)N(S(=O)(=O)C)C)C.CC(C1=NC(=NC(=C1/C=C/[C@@H](O)C[C@@H](O)CC(=O)[O-])C2=CC=C(C=C2)F)N(S(=O)(=O)C)C)C.[Ca+2],,
5282457,CCCCC/C=C/C/C=C/CCCCCCCC(=O)O,,
5282458,COC1=CC(=CC(=C1OC)OC)/C=C/C(=O)N2CCN(CC2)CC(=O)N3CCCC3.C(=C\C(=O)O)\C(=O)O,,
5282459,COC1=CC(=CC(=C1OC)OC)/C=C/C(=O)N2CCN(CC2)CC(=O)N3CCCC3,,
5282474,CCCCC1=NC=C(N1CC2=CC=C(C=C2)C(=O)O)/C=C(\CC3=CC=CS3)/C(=O)O.CS(=O)(=O)O,,
5282484,C[C@@H](CN1C2=CC=CC=C2SC3=C1C=C(C=C3)OC)CN(C)C.C(=C\C(=O)O)\C(=O)O,,
5282485,CCOCCN1C(=NC2=CC=CC=C12)N3CCN(CCC3)C.C(=C/C(=O)O)\C(=O)O.C(=C/C(=O)O)\C(=O)O,,
5282489,CCCCCCCC/C=C\CCCCCCCC(=O)O.C(CO)N,,
5282492,C[C@H]1C[C@H]2[C@@H]3CCC4=CC(=O)C=C[C@@]4([C@]3([C@H](C[C@@]2([C@]1(C(=O)CO)OC(=O)C5=CC=CC=C5)C)O)F)C,,
5282493,C[C@@H]1C[C@H]2[C@@H]3C[C@@H](C4=CC(=O)C=C[C@@]4([C@]3([C@H](C[C@@]2([C@H]1C(=O)COC(=O)C(C)(C)C)C)O)Cl)C)F,,
5282494,CCCCC(=O)O[C@@]1(CC[C@@H]2[C@@]1(C[C@@H]([C@H]3[C@H]2CCC4=CC(=O)CC[C@]34C)O)C)C(=O)CO,,
5282517,C[C@@H](C(=O)N[C@@H](C)C(=O)NC1[C@H]2[C@@H]1CN(C2)C3=C(C=C4C(=O)C(=CN(C4=N3)C5=C(C=C(C=C5)F)F)C(=O)O)F)N.CS(=O)(=O)O,,
5282521,CC[C@@H]1[C@H](/C=C(/C=C/C(=O)[C@@H](C[C@@H]([C@@H]([C@H]([C@@H](CC(=O)O1)O)C)O[C@H]2[C@@H]([C@H]([C@@H]([C@H](O2)C)O)N(C)C)O)CCN3C[C@@H](C[C@@H](C3)C)C)C)\C)CO[C@H]4[C@@H]([C@@H]([C@@H]([C@H](O4)C)O)OC)OC,,
5282522,CC[C@@H]1[C@H](/C=C(/C=C/C(=O)[C@@H](C[C@@H]([C@@H]([C@H]([C@@H](CC(=O)O1)O)C)O[C@H]2[C@@H]([C@H]([C@@H]([C@H](O2)C)O)N(C)C)O)CCN3C[C@@H](C[C@@H](C3)C)C)C)\C)CO[C@H]4[C@@H]([C@@H]([C@@H]([C@H](O4)C)O)OC)OC.OP(=O)(O)O,,
5282539,CC(C)CN1C2=C(C(=C(S2)CC3=CC=CC4=CC=CC=C43)SCCCO)C(=O)N(C1=O)C,,
5282542,CC(C)CC1=NN(C(=O)C2=C(N(C=C12)CC3=CC=CC4=CC=CC=C43)SCCCO)C,,
5282545,CC(C)CN1C2=C(C(=C(S2)CC3=CC=NC4=CC=CC=C34)C(=O)N5CC[C@H](C5)O)C(=O)N(C1=O)C,,
5282546,CC(C)CN1C2=C(C(=C(S2)CC3=CC=CC=C3C(F)(F)F)C(=O)N4CCCC4)C(=O)N(C1=O)C,,
5282547,CC(C)CN1C2=C(C(=C(S2)CC3=CC=CC=C3C(F)(F)F)SCCCO)C(=O)N(C1=O)C,,
5282549,CC(C)CN1C2=C(C(=C(S2)CC3=CNC4=CC=CC=C43)C(=O)N5CC[C@H](C5)O)C(=O)N(C1=O)C,,
5282551,CC(C)CN1C2=CN(C(=C2C(=O)N(C1=O)C)SCCCO)CC3=CC=CC4=CC=CC=C43,,
5282592,C[N+]1([C@@H]2CC[C@H]1CC(C2)OC(=O)C(C3=CC=CC=C3)O)C,,
5282593,CN1[C@@H]2CC[C@H]1CC(C2)OC(=O)C(C3=CC=CC=C3)O,,
5282597,CCCCCCCCCCCCCCCCCCCCCCCCCCCCCCCCCCCCC(=O)O,,
5282601,CCC(C)CCCCCCCCCCCCCCC(=O)O,,
5282603,CC(C)CCCCCCCCCCCCCCCCCCC(=O)O,,
5282650,CCC/C=C(\C)/C(=O)O,,
5282660,CC(C)(C)/C=C/C(=O)O,,
5282667,CCCCCC/C(=C/C(=O)O)/C,,
5282706,C/C=C/CC(=O)O,,
5282707,CCC/C=C/C(=O)O,,
5282708,CC/C=C/CC(=O)O,,
5282709,CCCC/C=C/C(=O)O,,
5282710,CCC/C=C/CC(=O)O,,
5282711,CC/C=C/CCC(=O)O,,
5282713,CCCCC/C=C\C(=O)O,,
5282714,CCCCC/C=C/C(=O)O,,
5282718,CC/C=C\CCCC(=O)O,,
5282722,CCCCCC/C=C\C(=O)O,,
5282724,CCCCCCC/C=C/C(=O)O,,
5282725,CCCCCC/C=C/CC(=O)O,,
5282726,CCCCC/C=C/CCC(=O)O,,
5282728,CCCCCCCC/C=C/C(=O)O,,
5282729,CCCCCCCCC/C=C/C(=O)O,,
5282735,CCCCCCCCCC/C=C/C(=O)O,,
5282738,CCCCCCCCCCC/C=C/C(=O)O,,
5282740,CCCCCCCC/C=C/CCCC(=O)O,,
5282743,CCCCCCCCCCCCC/C=C/C(=O)O,,
5282744,CCCCCCCCC/C=C/CCCCC(=O)O,,
5282745,CCCCCC/C=C/CCCCCCCC(=O)O,,
5282748,CCCCCCC/C=C\CCCCCCCC(=O)O,,
5282750,CCCCCCCCCCCCCCC/C=C/C(=O)O,,
5282754,CCCCCCCCCCC/C=C/CCCCC(=O)O,,
5282756,CCCCCCCCCC/C=C/CCCCCC(=O)O,,
5282757,CCCCCCCCC/C=C\CCCCCCC(=O)O,,
5282759,CCCCCCC/C=C\CCCCCCCCC(=O)O,,
5282760,CCCCCCC/C=C/CCCCCCCCC(=O)O,,
5282761,CCCCCC/C=C\CCCCCCCCCC(=O)O,,
5282763,CC/C=C/CCCCCCCCCCCCCC(=O)O,,
5282767,CCCCCCCCCC/C=C\CCCCCCCC(=O)O,,
5282768,CCCCCCCC/C=C\CCCCCCCCCC(=O)O,,
5282769,CCCCCCCC/C=C/CCCCCCCCCC(=O)O,,
5282771,CCCCCCCCCC/C=C\CCCCCCCCCC(=O)O,,
5282772,CCCCCCCC/C=C/CCCCCCCCCCCC(=O)O,,
5282773,CCCCCCCC/C=C/CCCCCCCCCCCCCC(=O)O,,
5282775,CCCCCCCC/C=C\CCCCCCCCCCCCCCCC(=O)O,,
5282782,CCCCC/C=C/C=C/C(=O)O,,
5282796,CCCCCC/C=C/C=C/CCCCCCCC(=O)O,,
5282797,CCCCC/C=C/C/C=C\CCCCCCCC(=O)O,,
5282798,CCCCC/C=C\C/C=C/CCCCCCCC(=O)O,,
5282799,CCCCC/C=C\C=C/CCCCCCCCC(=O)O,,
5282800,CCCCC/C=C\C=C\CCCCCCCCC(=O)O,,
5282801,CCCCC/C=C/C=C/CCCCCCCCC(=O)O,,
5282805,CCCCC/C=C/C/C=C/CCCCCCCCCC(=O)O,,
5282807,CCCCC/C=C/C/C=C/CCCCCCCCCCCC(=O)O,,
5282818,CCCCC/C=C\C=C\C=C\CCCCCCC(=O)O,,
5282820,CCCC/C=C/C=C/C=C/CCCCCCCC(=O)O,,
5282822,CC/C=C/C/C=C/C/C=C/CCCCCCCC(=O)O,,
5282827,CC/C=C/C/C=C/C/C=C/CCCCCCCCCC(=O)O,,
5282838,CC/C=C/C=C/C=C/C=C/CCCCCCCC(=O)O,,
5282847,CC/C=C/C/C=C/C/C=C/C/C=C/C/C=C/CCCC(=O)O,,
5282848,CCCCC/C=C/C/C=C/C/C=C/C/C=C/C/C=C/CCC(=O)O,,
5282850,CC/C=C/C/C=C/C/C=C/C/C=C/C/C=C/CCCCCC(=O)O,,
5282856,CCCCC/C=C/C=C/C(CCCCCCCC(=O)O)OO,,
5282897,CCCCCCCC(C(=O)O)O,,
5282899,CCCCCCCCCC(C(=O)O)O,,
5282901,CCCCCCCCCCCC(C(=O)O)O,,
5282915,C(CCCCCCCCC(=O)O)CCCCCCCCO,,
5282922,C(CCCCCCCCCCC(=O)O)CCCCCCCCCCO,,
5282938,C(CCCCO)CCCC(C(CCCCCCCC(=O)O)O)O,,
5282942,CCCCCCC(C/C=C\CCCCCCCC(=O)O)O,,
5282943,CCCCCCC(C/C=C/CCCCCCCC(=O)O)O,,
5282944,CCCCC/C=C\C=C\C(CCCCCCCC(=O)O)O,,
5282945,CCCCC/C=C/C=C/C(CCCCCCCC(=O)O)O,,
5282947,CCCCCC(/C=C/C=C\CCCCCCCC(=O)O)O,,
5282948,CCCCCC(/C=C/C=C/CCCCCCCC(=O)O)O,,
5282953,CCCCCC1C(O1)/C=C/C(CCCCCCCC(=O)O)O,,
5282958,CCCCC/C=C/CC(C(CCCCCCCC(=O)O)O)O,,
5282965,CCCCCC(/C=C/C(C(CCCCCCCC(=O)O)O)O)O,,
5282966,CCCCCC(C(/C=C/C(CCCCCCCC(=O)O)O)O)O,,
5282972,C#CCCC[C@H](CCCCCCCCCCC(=O)O)O,,
5282982,CCCCCCCC(=O)CC(=O)O,,
5282997,CCCCCCCCCCCCCC(=O)CC(=O)O,,
5283005,CCCCCCCCCCCCCCCC(=O)CC(=O)O,,
5283007,CCCCCC1C(O1)/C=C/C(=O)CCCCCCCC(=O)O,,
5283009,CCCCCC(/C=C/C(=O)CCCCCCCCC(=O)O)O,,
5283011,CCCCC/C=C/C=C/C(=O)CCCCCCCC(=O)O,,
5283012,CCCCCC(=O)/C=C/C=C/CCCCCCCC(=O)O,,
5283013,CCCCCC(=O)/C=C/C=C\CCCCCCCCCC(=O)O,,
5283017,CCCCCC(=O)/C=C/C1C(O1)CCCCCCCC(=O)O,,
5283018,CCCCC/C=C/CC1C(O1)CCCCCCCC(=O)O,,
5283028,C(CCCCC(=O)O)CCC/C=C/C(=O)O,,
5283033,CCCCCC(=O)/C=C/[C@H]1[C@@H](C[C@@H]([C@@H]1CC(=O)CCCCC(=O)O)O)O,,
5283034,C1[C@H]([C@@H]([C@H](C1=O)C/C=C\CCCC(=O)O)/C=C/[C@H](CCCCCO)O)O,,
5283035,CCCCC/C=C\C=C\1/[C@H](C=CC1=O)C/C=C\CCCC(=O)O,,
5283036,CCCCCC(=O)CC[C@@H]1[C@H]([C@H](CC1=O)O)C/C=C\CCCC(=O)O,,
5283038,C[C@H](CCC[C@@H](/C=C/[C@H]1[C@@H](CC(=O)[C@@H]1C/C=C\CCCC(=O)O)O)O)O,,
5283039,CCCCCC(=O)CC[C@H]1[C@@H](C[C@@H]([C@@H]1C/C=C\CCCC(=O)O)O)O,,
5283040,C1[C@@H]([C@@H]([C@H]([C@@H]1O)/C=C/[C@H](CCCCCO)O)C/C=C\CCCC(=O)O)O,,
5283042,CCCCCC(=O)CC[C@H]1C=CC(=O)[C@@H]1C/C=C\CCCC(=O)O,,
5283043,CCCCC1[C@H]2CC(=O)[C@@H]([C@H]2CCC1=O)C/C=C\CCCC(=O)O,,
5283046,CCCCC[C@H](/C=C/[C@H]1[C@@H](C[C@@H]([C@@H]1C/C=C\CCCC(=O)O)O)O)O,,
5283049,CC/C=C\C[C@@H](/C=C/[C@H]1[C@@H](C[C@H]2[C@@H]1C/C(=C/CCCC(=O)O)/O2)O)O,,
5283051,CCCCC[C@@](C)(/C=C/[C@@H]1[C@H]([C@H](CC1=O)O)C/C=C\CCCC(=O)O)O,,
5283052,CCCCC/C=C/C=C/1\[C@H]([C@H](CC1=O)O)C/C=C\CCCC(=O)O,,
5283054,CCCCC[C@@H](/C=C/[C@H]1[C@@H](CC(=O)[C@@H]1CCCCCCCO)O)O,,
5283055,CCCCC[C@@H](/C=C/[C@H]1CCC(=O)[C@@H]1CCCCCCC(=O)O)O,,
5283056,CCCCC[C@H](/C=C/[C@H]1[C@@H](CC(=O)[C@@H]1CCCCCCC(=O)O)O)O,,
5283057,CCCCC[C@@](C)(/C=C/[C@H]1[C@@H](CC(=O)[C@@H]1CCCCCCC(=O)O)O)O,,
5283060,CCCCC(C)(C)[C@@H](/C=C/[C@H]1[C@@H](CC(=C)[C@@H]1C/C=C\CCCC(=O)O)O)O,,
5283061,CCCCC[C@@H](/C=C/[C@H]1[C@H](CC(=O)[C@@H]1C/C=C\CCCC(=O)O)O)O,,
5283062,CCCCC[C@@H](/C=C/[C@H]1CCC(=O)[C@@H]1C/C=C\CCCC(=O)O)O,,
5283064,CCCCC[C@](C)(/C=C/[C@H]1[C@@H](CC(=O)[C@@H]1C/C=C\CCCC(=O)O)O)O,,
5283066,CCCCC(C)(C)[C@@H](/C=C/[C@H]1[C@@H](CC(=O)[C@@H]1C/C=C\CCCC(=O)O)O)O,,
5283068,C1[C@H]([C@@H]([C@H](C1=O)C/C=C\CCCC(=O)O)/C=C/[C@H](CCC2=CC=CC=C2)O)O,,
5283076,CCCCC[C@@H](/C=C/[C@H]1[C@@H](C[C@@H]([C@@H]1C/C=C\CCCC(=O)NCCO)O)O)O,,
5283077,CCCCC[C@@H](/C=C/[C@H]1[C@@H](C[C@@H]([C@@H]1C/C=C\CCCC(=O)OC(C)C)O)O)O,,
5283078,CCCCC[C@@H](/C=C/[C@H]1[C@@H](C[C@@H]([C@@H]1C/C=C/CCCC(=O)O)O)O)O,,
5283080,CCCCC[C@@H](CC[C@H]1[C@@H](C[C@@H]([C@@H]1C/C=C\CCCC(=O)O)O)O)O,,
5283081,C1[C@@H]([C@@H]([C@H]([C@@H]1O)/C=C/[C@H](CCC2=CC=CC=C2)O)C/C=C\CCCC(=O)O)O,,
5283084,CCCCC[C@@H](/C=C/[C@H]1[C@@H](C[C@@H]([C@@H]1CC(=O)CCC(=O)O)O)O)O,,
5283086,CCCCC[C@H](/C=C/[C@H]1[C@@H](CC(=O)[C@@H]1C/C=C\CCCC(=O)O)O)O,,
5283097,CCCCC[C@](C)(/C=C/[C@@H]1[C@H]([C@H](CC1=O)O)C/C=C\CCCC(=O)O)O,,
5283102,CCCCC[C@@H](/C=C/[C@H]1[C@@H](C[C@@H]([C@@H]1C/C=C\CCCC(=O)OC)O)O)O,,
5283107,CC(C)OC(=O)CCC/C=C\C[C@H]1[C@H](C[C@H]([C@@H]1/C=C/[C@H](CCC2=CC=CC=C2)O)O)O,,
5283116,CCCCC[C@@H](/C=C/[C@H]1[C@@H](CC(=O)[C@@H]1C/C=C/CCCC(=O)O)O)O,,
5283118,CCCCCC(=O)/C=C/[C@H]1[C@@H](C[C@@H]([C@@H]1CCCCCCC(=O)O)O)O,,
5283119,CCCCC[C@@H](/C=C/[C@H]1[C@@H](CC(=O)[C@@H]1C/C=C\CCCC(=O)NCCO)O)O,,
5283120,CCCCC[C@@H](/C=C/[C@@H]1[C@H]([C@H](CC1=O)O)C/C=C\CCCC(=O)NCCO)O,,
5283125,CC/C=C\C/C=C\C[C@H](/C=C/C=C/C=C\[C@H](CCCC(=O)O)O)O,,
5283126,CCCCC/C=C\C[C@H](/C=C/C=C/C=C\[C@H](CCCC(=O)N(C)C)O)O,,
5283127,CCCCC/C=C\C[C@H](/C=C/C=C/C=C\[C@H](CCCC(=O)NCCO)O)O,,
5283128,CCCCC/C=C\C[C@H](/C=C/C=C/C=C/[C@H](CCCC(=O)O)O)O,,
5283129,CCCCC/C=C\C[C@@H](/C=C/C=C/C=C/[C@H](CCCC(=O)O)O)O,,
5283130,CCCCC/C=C\C[C@@H](/C=C/C=C/C=C\[C@H](CCCC(=O)O)O)O,,
5283133,C(CCC(F)(F)F)C/C=C\C[C@H](/C=C/C=C/C=C\[C@H](CCCC(=O)O)O)O,,
5283134,CCCCC/C=C\C/C=C/C=C/C=C/[C@H]([C@H](CCCC(=O)O)O)SC[C@@H](C(=O)NCC(=O)O)NC(=O)CC[C@@H](C(=O)O)N,,
5283136,CCCCC/C=C\C/C=C/C=C/C=C/[C@H]([C@H](CCCC(=O)O)O)SC[C@@H](C(=O)O)N,,
5283137,CCCCC[C@@H](/C=C/[C@@H]1[C@H]([C@H](CC(O1)O)O)C/C=C\CCCC(=O)O)O,,
5283138,CCCCC[C@@H](/C=C/[C@@H]1[C@H]([C@H](CC(O1)O)O)C/C=C\CC(=O)O)O,,
5283140,CC/C=C\C[C@@H](/C=C/[C@@H]1[C@H]([C@H](CC(O1)O)O)C/C=C\CCCC(=O)O)O,,
5283141,CCCCC[C@@H](/C=C/C=C/C/C=C\CCCC(=O)O)O,,
5283142,CCCCC/C=C\C/C=C\C/C=C\CC(C(CCCC(=O)O)O)O,,
5283144,CCCCC/C=C\C/C=C\CC(C(C/C=C\CCCC(=O)O)O)O,,
5283145,CCCCC[C@@H](/C=C/C=C\C/C=C\CCCCCCC(=O)O)O,,
5283146,CCCCC/C=C\CC(C(C/C=C\C/C=C\CCCC(=O)O)O)O,,
5283147,CCCCCC(C(C/C=C\C/C=C\C/C=C\CCCC(=O)O)O)O,,
5283149,CCCCC/C=C\C[C@@H](CC/C=C\C/C=C\CCCC(=O)O)O,,
5283154,CCCCC/C=C\C/C=C\C=C\[C@H](C/C=C\CCCC(=O)O)O,,
5283155,CCCCC/C=C\C[C@@H](/C=C/C=C\C/C=C\CCCC(=O)O)O,,
5283156,CCCCC/C=C\C[C@H](/C=C/C=C\C/C=C\CCCC(=O)O)O,,
5283157,C(CC/C=C\C/C=C\C/C=C\C/C=C\CCCC(=O)O)CCO,,
5283158,CCCCC[C@@H](/C=C/C=C\C/C=C\C=C\[C@H](CCCC(=O)O)O)O,,
5283159,CCCCC/C=C\C/C=C\C/C=C\C=C\C(=O)CCCC(=O)O,,
5283160,CCCCC/C=C\C/C=C\C=C\C=C\[C@H]([C@H](CCCC(=O)O)O)O,,
5283161,CCCCC/C=C\C/C=C\C=C\C=C\[C@@H]([C@H](CCCC(=O)O)O)O,,
5283162,CCCCC/C=C\CC(=O)/C=C/C=C\C/C=C\CCCC(=O)O,,
5283168,CCCCC/C=C\C=C\[C@@H](C/C=C\C/C=C\CCCC(=O)O)O,,
5283169,CCCCC[C@H](/C=C/C=C\C/C=C\C/C=C\CCCC(=O)O)O,,
5283171,CCCCC/C=C\C/C=C\C/C=C\C=C\C(CCCC(=O)O)OO,,
5283174,CCCCC/C=C\C=C\C(C/C=C\C/C=C\CCCC(=O)O)OO,,
5283188,CC/C=C\C/C=C\C=C\[C@@H](C/C=C\C/C=C\CCCC(=O)O)O,,
5283190,CC/C=C\C/C=C\C[C@H](/C=C/C=C\C/C=C\CCCC(=O)O)O,,
5283192,CC/C=C\C[C@@H](/C=C/C=C\C/C=C\C/C=C\CCCC(=O)O)O,,
5283201,CCCCC[C@H]1[C@H](O1)C/C=C\C/C=C\C/C=C\CCCC(=O)O,,
5283202,CCCCC/C=C\C/C=C\C/C=C\CC1C(O1)CCCC(=O)O,,
5283203,CCCCC/C=C\C/C=C\CC1C(O1)C/C=C\CCCC(=O)O,,
5283204,CCCCC/C=C\CC1C(O1)C/C=C\C/C=C\CCCC(=O)O,,
5283205,CCCCCC1C(O1)C/C=C\C/C=C\C/C=C\CCCC(=O)O,,
5283208,CCCCC/C=C\C[C@@H]([C@@H](/C=C/C(C/C=C\CCCC(=O)O)O)O)O,,
5283210,CCCCC/C=C\C[C@H]([C@@H](C(/C=C\C/C=C\CCCC(=O)O)O)O)O,,
5283211,CCCCC/C=C\C[C@H]1[C@@H](O1)/C=C/C(C/C=C\CCCC(=O)O)O,,
5283212,CCCCC[C@@H](/C=C/[C@H]1[C@@H](CC(=O)[C@H]1CCCCCCC(=O)O)O)O,,
5283213,CCCCC[C@@H](/C=C/[C@H]1[C@@H](CC(=O)[C@H]1C/C=C\CCCC(=O)O)O)O,,
5283215,CCCCCC(=O)/C=C/[C@H]1[C@@H](C[C@@H]([C@H]1C/C=C\CCCC(=O)O)O)O,,
5283216,CCCCC[C@@H](/C=C/[C@H]1[C@@H](C[C@H]([C@H]1C/C=C\CCCC(=O)O)O)O)O,,
5283217,CC/C=C\C[C@@H](/C=C/[C@H]1[C@@H](C[C@@H]([C@H]1C/C=C\CCCC(=O)O)O)O)O,,
5283218,CCCCC/C=C\C[C@@]\1(C=CC(=O)/C1=C/C=C/[C@@H](CCC(=O)OC)OC(=O)C)OC(=O)C,,
5283224,CCCCC/C=C\C[C@]\1(C=C(C(=O)/C1=C\C=C\CCCC(=O)OC)Cl)O,,
5283244,CCCCC/C=C\C[C@]1(C=C(C(=O)[C@@H]1[C@H]([C@@H]([C@H](CCCC(=O)OC)OC(=O)C)OC(=O)C)OC(=O)C)Cl)O,,
5283246,CC/C=C\C/C=C\C[C@]\1(C=C(C(=O)/C1=C/[C@@H]([C@H](CCCC(=O)OC)OC(=O)C)OC(=O)C)Cl)O,,
5283248,CCCCC/C=C\C[C@]\1(C=C(C(=O)/C1=C/[C@@H]([C@H](CCCC(=O)OC)OC(=O)C)OC(=O)C)Cl)O,,
5283258,CCCCC/C=C\C[C@]1(C=C(C(=O)[C@@H]1C[C@@H]([C@H](CCCC(=O)OC)OC(=O)C)OC(=O)C)Cl)O,,
5283272,C/C=C/CCC(=O)C[C@H](CCO)O,,
5283308,C/C=C/CCC=O,,
5283312,C(=C/C=O)\C=C\C=O,,
5283314,CCC(/C=C/C=O)O,,
5283316,CCCC/C=C/C=O,,
5283318,CC/C=C/CCC=O,,
5283320,C=CCCCCC=O,,
5283321,CC/C=C/C=C/C=O,,
5283322,C=C/C=C/CCC=O,,
5283324,CCCCC/C=C/C=O,,
5283325,CCCC/C=C/CC=O,,
5283327,CC/C=C/CCCC=O,,
5283328,C/C=C/CCCCC=O,,
5283329,CCC/C=C/C=C/C=O,,
5283331,C/C=C/C=C/C=C/C=O,,
5283334,CCCCC(/C=C/C=O)O,,
5283335,CCCCCC/C=C/C=O,,
5283336,CCCCC/C=C/CC=O,,
5283337,CCCC/C=C/CCC=O,,
5283339,CCCC/C=C/C=C/C=O,,
5283344,CCCCCC(/C=C/C=O)O,,
5283345,CCCCCCC/C=C/C=O,,
5283347,CCCC/C=C/CCCC=O,,
5283348,CCC/C=C/CCCCC=O,,
5283349,CCCCC/C=C/C=C/C=O,,
5283352,CC/C=C/C/C=C/C=C/C=O,,
5283356,CCCCCCCC/C=C/C=O,,
5283357,CCCCCC/C=C/CCC=O,,
5283361,CCCCCCCCC/C=C/C=O,,
5283363,CCCCCCCCCC/C=C/C=O,,
5283366,CCCCCCCCCCC/C=C/C=O,,
5283368,CCCC/C=C/CCCCCCCC=O,,
5283381,CCCCCCCC/C=C/CCCCCCCC=O,,
5283385,CCCCCCCC/C=C\CCCCCCCCCCCCCC=O,,
5283387,CCCCCCCC/C=C\CCCCCCCC(=O)N,,
5283388,CCCCC/C=C\C/C=C\C/C=C\C/C=C\CCCC(=O)NCCOP(=O)(O)O,,
5283389,CCCCC/C=C\C/C=C\C/C=C\C/C=C\CCCC(=O)NCC(=O)O,,
5283391,CCCCC/C=C\C/C=C\C/C=C\C/C=C\CCCC(=O)NCC,,
5283392,CCCCC/C=C\C/C=C\C/C=C\C/C=C\CCCC(=O)NC,,
5283393,CCCCC/C=C\C/C=C\C/C=C\C/C=C\CCCC(=O)N,,
5283394,CCCCC/C=C\C/C=C\C/C=C\C/C=C\CCCC(=O)NCCC,,
5283395,CCCCC/C=C\C/C=C\C/C=C\C/C=C\CCCC(=O)NC(C)C,,
5283397,CCCCC/C=C\C/C=C\C/C=C\C/C=C\CCCC(=O)NC(C)(C)C,,
5283399,CCCCC/C=C\C/C=C\C/C=C\C/C=C\CCCC(=O)NCCC(C)C,,
5283403,CCCCC/C=C\C/C=C\C/C=C\C/C=C\CCCC(=O)NCCCO,,
5283408,CCCCC/C=C\C/C=C\C/C=C\C/C=C\CCCC(=O)N(C)C,,
5283413,CCCCC/C=C\C/C=C\C/C=C\C/C=C\CCCC(=O)N(CCO)CCO,,
5283414,CCCCC/C=C\C/C=C\C/C=C\C/C=C\CCCC(=O)NO,,
5283420,CCCCC/C=C\C/C=C\C/C=C\C/C=C\CCC(C)(C)C(=O)NC[C@H](C)O,,
5283428,CCCCCCC(C)(C)/C=C\C/C=C\C/C=C\C/C=C\CCCC(=O)NCCC,,
5283433,CCCCC/C=C\C/C=C\C/C=C\C/C=C\CCCC(=O)N1CCOCC1,,
5283436,CCCCC/C=C\C/C=C\C/C=C\C/C=C\CCCC(=O)NCCF,,
5283437,CCCCC/C=C\C/C=C\C/C=C\C/C=C\CCC(C)C(=O)NCCF,,
5283438,CCCCCCC(C)(C)/C=C\C/C=C\C/C=C\C/C=C\CCC(C)C(=O)NCCF,,
5283444,CCCCC/C=C\C/C=C\CCCCCCCCCC(=O)NCCO,,
5283446,CCCCC/C=C\C/C=C\CCCCCCCC(=O)NCCO,,
5283449,CC/C=C\C/C=C\C/C=C\CCCCCCCC(=O)NCCO,,
5283450,CC/C=C\C/C=C\C/C=C\C/C=C\C/C=C\CCCC(=O)NCCO,,
5283451,CC/C=C\C/C=C\C/C=C\C/C=C\C/C=C\C/C=C\CCC(=O)NCCO,,
5283452,CCCCCCCC/C=C\CCCCCCCCCC(=O)NCCO,,
5283454,CCCCCCCC/C=C\CCCCCCCC(=O)NCCO,,
5283455,CCCCC/C=C\C/C=C\C/C=C\C/C=C\CCC(C)C(=O)NCCO,,
5283457,CCCCCCC(C)(C)/C=C\C/C=C\C/C=C\C/C=C\CCCC(=O)NCCO,,
5283458,CCCCC/C=C\C/C=C\C/C=C\C/C=C\CCC(C(C)C)C(=O)NCCO,,
5283461,CCCCCCCC/C=C\C/C=C\C/C=C\C/C=C\CCCC(=O)NCCO,,
5283464,CCCCC(C)(C)C/C=C\C/C=C\C/C=C\C/C=C\CCCC(=O)NCCO,,
5283468,CCCCCCCC/C=C\CCCCCCCC(=O)OCC(CO)O,,
5283469,CCCCC/C=C\C/C=C\CCCCCCCC(=O)OCC(CO)O,,
5283471,CCCCCCCCCCCCCCCC(=O)O[C@@H](CO)COC(=O)CCCCCCC/C=C\CCCCCCCC,,
5283496,CCCCCCCCCCCCCCCC(=O)OC[C@H](COP(=O)(O)OCCN)OC(=O)CCCCCCC/C=C\CCCCCCCC,,
5283497,CCCCCCCCCCCCCC/C=C\OC[C@H](COP(=O)(O)OCCN)OC(=O)CC/C=C\C/C=C\C/C=C\C/C=C\C/C=C\C/C=C\CC,,
5283499,CCCCCCCCCCCCCCCC(=O)OC[C@H](COP(=O)(O)OC[C@@H](C(=O)O)N)OC(=O)CCCCCCC/C=C\CCCCCCCC,,
5283509,CCCCCCCCCCCCCCCC(=O)OC[C@H](COP(=O)(O)OCC(CO)O)OC(=O)CCCCCCC/C=C\CCCCCCCC,,
5283518,CCCCCCCCCCCCCCCC(=O)OC[C@H](COP(=O)(O)OC[C@H](COP(=O)(O)O)O)OC(=O)CCCCCCC/C=C\CCCCCCCC,,
5283523,CCCCCCCCCCCCCCCC(=O)OC[C@H](COP(=O)(O)O)OC(=O)CCCCCCC/C=C\CCCCCCCC,,
5283529,CCCCCCCCCCCCCCCCCC(=O)OC[C@H](COP(=O)(O)O)OC(=O)CCC/C=C\C/C=C\C/C=C\C/C=C\CCCCC,,
5283539,CCCCC/C=C\C/C=C\CCCCCCCC(=O)OC[C@@H](OC(=O)CCCCCCC/C=C\C/C=C\CCCCC)COP(=O)(OCC(O)COP(=O)(OC[C@H](OC(=O)CCCCCCC/C=C\C/C=C\CCCCC)COC(=O)CCCCCCC/C=C\C/C=C\CCCCC)O)O,,
5283542,CC1=C(C(CCC1)(C)C)CC/C(=C/CCC2=CC[C@@H](O[C@H]2O)C3=CC(=O)OC3O)/C,,
5283544,CC1=C(C(=O)C(=C(C1=O)OC)OC)C/C=C(\C)/CC/C=C(\C)/CC/C=C(\C)/CC/C=C(\C)/CC/C=C(\C)/CCC=C(C)C,,
5283545,CC1=C(C(=O)C(=C(C1=O)OC)OC)C/C=C(\C)/CC/C=C(\C)/CC/C=C(\C)/CCC=C(C)C,,
5283546,CC1=C(C(=O)C(=C(C1=O)OC)OC)C/C=C(\C)/CC/C=C(\C)/CC/C=C(\C)/CC/C=C(\C)/CC/C=C(\C)/CC/C=C(\C)/CC/C=C(\C)/CCC=C(C)C,,
5283547,CC1=C(C(=O)C2=CC=CC=C2C1=O)C/C=C(\C)/CC/C=C(\C)/CC/C=C(\C)/CC/C=C(\C)/CC/C=C(\C)/CCC=C(C)C,,
5283562,CCCCCCCCCCCCC/C=C/[C@H]([C@H](CO)NC(=O)CCCCCCCCCCC)O,,
5283563,CCCCCCCCCCCCC/C=C/[C@H]([C@H](CO)NC(=O)CCCCCCC/C=C\CCCCCCCC)O,,
5283564,CCCCCCCCCCCCCCCC(=O)N[C@@H](CO)[C@@H](/C=C/CCCCCCCCCCCCC)O,,
5283565,CCCCCCCCCCCCCCCCCC(=O)N[C@@H](CO)[C@@H](/C=C/CCCCCCCCCCCCC)O,,
5283566,CCCCCCCCCCCCCCCCCCCC(=O)N[C@@H](CO)[C@@H](/C=C/CCCCCCCCCCCCC)O,,
5283567,CCCCCCCCCCCCCCCCCCCCCC(=O)N[C@@H](CO)[C@@H](/C=C/CCCCCCCCCCCCC)O,,
5283568,CCCCCCCCCCCCC/C=C/[C@H]([C@H](CO)NC(=O)CCCCCCCCCCCCC/C=C\CCCCCCCC)O,,
5283569,CCCCCCCCCCCCC/C=C/[C@H]([C@H](CO)NC(=O)CCCCCCCCCCCCCCC/C=C\CCCCCCCC)O,,
5283570,CCCCCCCCCCCCCCCCCCCCCCCCCC(=O)N[C@@H](CO)[C@@H](/C=C/CCCCCCCCCCCCC)O,,
5283571,CCCCCCCCCCCCCCCCCCCCCCCC(=O)N[C@@H](CO)[C@@H](/C=C/CCCCCCCCCCCCC)O,,
5283572,CCCCCCCCCCCCCCC[C@H]([C@H](CO)NC(=O)CCCCCCCCCCCCCCC)O,,
5283573,CCCCCCCCCCCCCCCCCC(=O)N[C@@H](CO)[C@@H](CCCCCCCCCCCCCCC)O,,
5283574,CCCCCCCCCCCCCCCCCCCC(=O)N[C@@H](CO)[C@@H](CCCCCCCCCCCCCCC)O,,
5283575,CCCCCCCCCCCCCCCCCCCCCC(=O)N[C@@H](CO)[C@@H](CCCCCCCCCCCCCCC)O,,
5283576,CCCCCCCCCCCCCCC[C@H]([C@H](CO)NC(=O)CCCCCCCCCCCCC/C=C\CCCCCCCC)O,,
5283577,CCCCCCCCCCCCCCCCCCCCCCCC(=O)N[C@@H](CO)[C@@H](CCCCCCCCCCCCCCC)O,,
5283578,CCCCCCCCCCCCCCC[C@H]([C@H](CO)NC(=O)CCCCCCCCCCCCCCC/C=C\CCCCCCCC)O,,
5283580,CCCCCCCCCCCCC/C=C/[C@H]([C@H](COP(=O)(O)O)NC(=O)CCCCCCCCCCC)O,,
5283581,CCCCCCCCCCCCCCCC(=O)N[C@@H](COP(=O)(O)O)[C@@H](/C=C/CCCCCCCCCCCCC)O,,
5283582,CCCCCCCCCCCCCCC[C@H]([C@H](COP(=O)(O)O)NC(=O)CCCCCCCCCCCCCCC)O,,
5283583,CCCCCCCCCCCCCCCCCC(=O)N[C@@H](COP(=O)(O)O)[C@@H](/C=C/CCCCCCCCCCCCC)O,,
5283584,CCCCCCCCCCCCCCCCCCCC(=O)N[C@@H](COP(=O)(O)O)[C@@H](/C=C/CCCCCCCCCCCCC)O,,
5283585,CCCCCCCCCCCCCCCCCCCCCC(=O)N[C@@H](COP(=O)(O)O)[C@@H](/C=C/CCCCCCCCCCCCC)O,,
5283586,CCCCCCCCCCCCC/C=C/[C@H]([C@H](COP(=O)(O)O)NC(=O)CCCCCCCCCCCCC/C=C\CCCCCCCC)O,,
5283587,CCCCCCCCCCCCCCCCCCCCCCCC(=O)N[C@@H](COP(=O)(O)O)[C@@H](/C=C/CCCCCCCCCCCCC)O,,
5283588,CCCCCCCCCCCCCCCCCC(=O)N[C@@H](COP(=O)(O)OCC[N+](C)(C)C)[C@@H](/C=C/CCCCCCCCCCCCC)O,,
5283627,C[C@H](CCCC(C)C)[C@H]1CC[C@@H]2[C@@]1(CC[C@H]3[C@H]2C(=O)C=C4[C@@]3(CCC=C4)C)C,,
5283632,CCCCCCCC/C=C\CCCCCCCC(=O)O[C@H]1CC[C@@]2([C@H]3CC[C@]4([C@H]([C@@H]3CC=C2C1)CC[C@@H]4[C@H](C)CCCC(C)C)C)C,,
5283685,CC1=C(C=C(C=C1)O)CC[C@H]2[C@@H]3CC[C@@H]([C@]3(CCC2=O)C)[C@H](C)CCCC(C)C,,
5283703,C[C@H](CCC(=O)C(C)(C)O)[C@H]1CC[C@@H]\2[C@@]1(CCC/C2=C\C=C/3\C[C@H](C[C@@H](C3=C)O)O)C,,
5283812,C[C@H](CCC(=O)O)[C@H]1CC[C@@H]2[C@@]1([C@@H](C[C@H]3[C@H]2CC[C@H]4[C@@]3(CCCC4)C)O)C,,
5283820,C[C@H](CCC(=O)O)[C@H]1CC[C@@H]2[C@@]1(CC[C@H]3[C@H]2C[C@@H]([C@H]4[C@@]3(CC[C@H](C4)O)C)O)C,,
5283821,C[C@H](CCC(=O)O)[C@H]1CC[C@@H]2[C@@]1(CC[C@H]3[C@H]2C[C@H]([C@H]4[C@@]3(CC[C@H](C4)O)C)O)C,,
5283822,C[C@H](CCC(=O)O)[C@H]1CC[C@@H]2[C@@]1(CC[C@H]3[C@H]2C[C@@H]([C@H]4[C@@]3(CC[C@@H](C4)O)C)O)C,,
5283831,C[C@H](CCC(=O)O)[C@H]1CC[C@@H]2[C@@]1([C@@H](C[C@H]3[C@H]2CC[C@H]4[C@@]3(CC[C@H](C4)O)C)O)C,,
5283832,C[C@H](CCC(=O)O)[C@H]1CC[C@@H]2[C@@]1([C@@H](C[C@H]3[C@H]2CC[C@H]4[C@@]3(CC[C@@H](C4)O)C)O)C,,
5283834,C[C@H](CCC(=O)O)[C@H]1CC[C@@H]2[C@@]1([C@@H](C[C@H]3[C@H]2CC[C@@H]4[C@@]3(CC[C@H](C4)O)C)O)C,,
5283835,C[C@H](CCC(=O)O)[C@H]1CC[C@@H]2[C@@]1([C@H](C[C@H]3[C@H]2CC[C@@H]4[C@@]3(CC[C@@H](C4)O)C)O)C,,
5283838,C[C@H](CCC(=O)O)[C@H]1CC[C@@H]2[C@@]1([C@@H](C[C@H]3[C@H]2[C@@H](C[C@H]4[C@@]3(CCCC4)C)O)O)C,,
5283839,C[C@H](CCC(=O)O)[C@H]1CC[C@@H]2[C@@]1([C@H](C[C@H]3[C@H]2[C@H](C[C@H]4[C@@]3(CCCC4)C)O)O)C,,
5283846,C[C@H](CCC(=O)O)[C@H]1CC[C@@H]2[C@@]1(CC[C@H]3[C@H]2[C@@H](C[C@H]4[C@@]3([C@@H](C[C@H](C4)O)O)C)O)C,,
5283847,C[C@H](CCC(=O)O)[C@H]1CC[C@@H]2[C@@]1(CC[C@H]3[C@H]2[C@@H](C[C@H]4[C@@]3(C[C@@H]([C@H](C4)O)O)C)O)C,,
5283851,C[C@H](CCC(=O)O)[C@H]1CC[C@@H]2[C@@]1(CC[C@H]3[C@H]2[C@H]([C@@H]([C@H]4[C@@]3(CC[C@H](C4)O)C)O)O)C,,
5283852,C[C@H](CCC(=O)O)[C@H]1CC[C@@H]2[C@@]1(CC[C@H]3[C@H]2[C@@H]([C@H]([C@H]4[C@@]3(CC[C@H](C4)O)C)O)O)C,,
5283853,C[C@H](CCC(=O)O)[C@H]1CC[C@@H]2[C@@]1(CC[C@H]3[C@H]2[C@H]([C@H]([C@H]4[C@@]3(CC[C@H](C4)O)C)O)O)C,,
5283869,C[C@H](CCC(=O)O)[C@H]1CC[C@@H]2[C@@]1([C@@H](C[C@H]3[C@H]2[C@@H](C[C@H]4[C@@]3(CC[C@H](C4)O)C)O)O)C,,
5283870,C[C@H](CCC(=O)O)[C@H]1CC[C@@H]2[C@@]1([C@H](C[C@H]3[C@H]2[C@@H](C[C@H]4[C@@]3(CC[C@@H](C4)O)C)O)O)C,,
5283872,C[C@H](CCC(=O)O)[C@H]1CC[C@@H]2[C@@]1([C@@H](C[C@H]3[C@H]2[C@H](C[C@H]4[C@@]3(CC[C@H](C4)O)C)O)O)C,,
5283873,C[C@H](CCC(=O)O)[C@H]1CC[C@@H]2[C@@]1([C@H](C[C@H]3[C@H]2[C@H](C[C@H]4[C@@]3(CC[C@@H](C4)O)C)O)O)C,,
5283875,C[C@H](CCC(=O)O)[C@H]1CC[C@@H]2[C@@]1([C@H](C[C@H]3[C@H]2[C@@H](C[C@@H]4[C@@]3(CC[C@@H](C4)O)C)O)O)C,,
5283877,C[C@H](CCC(=O)O)[C@H]1CC[C@@H]2[C@@]1([C@H](C[C@H]3[C@H]2[C@H](C[C@@H]4[C@@]3(CC[C@H](C4)O)C)O)O)C,,
5283879,C[C@H](CCC(=O)O)[C@H]1CC[C@@H]2[C@@]1([C@H](C[C@H]3[C@H]2[C@H](C[C@@H]4[C@@]3(CC[C@@H](C4)O)C)O)O)C,,
5283893,C[C@H](CCC(=O)O)[C@H]1CC[C@@H]2[C@@]1([C@H](C[C@H]3[C@H]2[C@@H](C[C@H]4[C@@]3([C@@H](C[C@H](C4)O)O)C)O)O)C,,
5283895,C[C@H](CCC(=O)O)[C@H]1CC[C@@H]2[C@@]1([C@H](C[C@H]3[C@H]2[C@@H](C[C@H]4[C@@]3(CC[C@H]([C@@H]4O)O)C)O)O)C,,
5283896,C[C@H](CCC(=O)O)[C@H]1CC[C@@H]2[C@@]1([C@H](C[C@H]3[C@H]2[C@@H](C[C@H]4[C@@]3(CC[C@@H]([C@@H]4O)O)C)O)O)C,,
5283899,C[C@H](CCC(=O)O)[C@H]1CC[C@@H]2[C@@]1([C@H](C[C@H]3[C@H]2[C@@H]([C@H]([C@H]4[C@@]3(CC[C@H](C4)O)C)O)O)O)C,,
5283900,C[C@H](CCC(=O)O)[C@H]1CC[C@@H]2[C@@]1([C@H](C[C@H]3[C@H]2[C@H]([C@H]([C@H]4[C@@]3(CC[C@H](C4)O)C)O)O)O)C,,
5283902,C[C@H](CCC(=O)O)[C@H]1CC[C@@H]2[C@@]1([C@@H](C[C@H]3[C@H]2[C@H]([C@H]([C@H]4[C@@]3(CC[C@H](C4)O)C)O)O)O)C,,
5283905,C[C@H](CCC(=O)O)[C@H]1CC[C@@H]2[C@@]1([C@H](C[C@H]3[C@H]2[C@@H](C[C@H]4[C@@]3(CC[C@H](C4)O)CO)O)O)C,,
5283906,C[C@H](CCC(=O)O)[C@H]1CC[C@@H]2[C@@]1(CC[C@H]3[C@H]2CC[C@H]4[C@@]3(CCC(=O)C4)C)C,,
5283928,C[C@H](CCC(=O)O)[C@H]1CC[C@@H]2[C@@]1(C(=O)C[C@H]3[C@H]2CC[C@H]4[C@@]3(CC[C@@H](C4)O)C)C,,
5283932,C[C@H](CCC(=O)O)[C@H]1CC[C@@H]2[C@@]1(CC[C@H]3[C@H]2[C@@H](C[C@H]4[C@@]3(CCC(=O)C4)C)O)C,,
5283956,C[C@H](CCC(=O)O)[C@H]1CC[C@@H]2[C@@]1([C@H](C[C@H]3[C@H]2[C@@H](C[C@H]4[C@@]3(CCC(=O)C4)C)O)O)C,,
5283978,C[C@H](CCC(=O)O)[C@H]1CC[C@@H]2[C@@]1(CC[C@H]3[C@H]2[C@H](C=C4[C@@]3(CC[C@@H](C4)O)C)O)C,,
5283992,C[C@H](CCC(=O)O)[C@H]1CC[C@@H]2[C@@]1(CC[C@H]3[C@H]2C=CC4=CC(=O)CC[C@]34C)C,,
5283996,C[C@H](CCC(=O)O)[C@H]1CC[C@@H]2[C@@]1([C@H](C[C@H]3[C@H]2[C@@H](CC4=CC(=O)CC[C@]34C)O)O)C,,
5283999,C[C@H](CCC(=O)O)[C@H]1CC[C@@H]2[C@@]1([C@H](C[C@H]3[C@H]2[C@@H](CC4=CC(=O)C=C[C@]34C)O)O)C,,
5284086,C[C@H](CCC(=O)O)[C@H]1CC[C@@H]2[C@@]1(CC[C@H]3[C@H]2C[C@H]([C@@]4([C@@]3(CC[C@@H](C4)O)C)O)O)C,,
5284138,C[C@H](CCC(=O)O)[C@H]1CC[C@@H]2[C@@]1(CC[C@H]3[C@H]2C(=O)C=C4[C@@]3(CC[C@@H](C4)O)C)C,,
5284239,C[C@H](CCCC(C)C(=O)O)[C@H]1CC[C@@H]2[C@@]1(CC[C@H]3[C@H]2[C@@H](C[C@H]4[C@@]3(CC[C@H](C4)O)C)O)C,,
5284267,C[C@H](CCCC(C)(C)O)[C@H]1CC[C@@H]2[C@@]1(CC[C@H]3[C@H]2[C@@H](CC4=CC(=O)CC[C@]34C)O)C,,
5284270,C[C@H](CCCC(C)C)[C@H]1CC[C@@H]2[C@@]1(CC[C@H]3[C@H]2[C@@H](C[C@H]4[C@@]3(CCC(=O)C4)C)O)C,,
5284271,C[C@H](CCCC(C)C)[C@H]1CC[C@@H]2[C@@]1([C@H](C[C@H]3[C@H]2[C@@H](C[C@H]4[C@@]3(CCC(=O)C4)C)O)O)C,,
5284330,CNC1CCC(CC1)N(CC2=CC(=CC=C2)C3=CC=NC=C3)C(=O)C4=C(C5=CC=CC=C5S4)Cl,,
5284337,CC[C@H](C)[C@@H]1C(=O)N2CCC[C@H]2C(=O)N(CC(=O)N([C@H](C(=O)O[C@@H]([C@@H](C(=O)N1)NC(=O)C3=C(C(=O)C(=C4C3=NC5=C(C=CC(=C5O4)C)C(=O)N[C@H]6[C@H](OC(=O)[C@@H](N(C(=O)CN(C(=O)[C@@H]7CCCN7C(=O)[C@H](NC6=O)C(C)C)C)C)C(C)C)C)C)N)C)C(C)C)C)C,,
5284340,C1=C(OC(=C1)[N+](=O)[O-])/C=C/C2=NOC(=N2)N,,
5284342,C(C(=O)O)C(CC(=O)[O-])(C(=O)[O-])O.[NH4+].[NH4+],,
5284360,CN(C)C(=O)COC(=O)CC1=CC=C(C=C1)OC(=O)C2=CC=C(C=C2)N=C(N)N.CS(=O)(=O)O,,
5284366,C[NH+](C)CCC(C1=CC=C(C=C1)Cl)C2=CC=CC=N2.C(=C\C(=O)[O-])\C(=O)O,,
5284369,C1=CC=C(C=C1)/C=C/COC(=O)C2=CC=CC=C2N,,
5284373,CC[C@H]1C(=O)N(CC(=O)N([C@H](C(=O)N[C@H](C(=O)N([C@H](C(=O)N[C@H](C(=O)N[C@@H](C(=O)N([C@H](C(=O)N([C@H](C(=O)N([C@H](C(=O)N([C@H](C(=O)N1)[C@@H]([C@H](C)C/C=C/C)O)C)C(C)C)C)CC(C)C)C)CC(C)C)C)C)C)CC(C)C)C)C(C)C)CC(C)C)C)C,,
5284375,COC1=CC=C(C=C1)C(=O)/C(=C/C(=O)O)/Br,,
5284376,CC(C)N(C(C)C)C(=O)SC/C(=C/Cl)/Cl,,
5284386,COC1=C(C2=C(C(=C1)O)C(=O)C3=C(C=C4C(=C3O2)C5C=COC5O4)OC)OC,,
5284389,CCCCCCC(C)C1=C(C(=CC(=C1)[N+](=O)[O-])[N+](=O)[O-])OC(=O)/C=C/C,,
5284396,C(C(=O)[O-])C(CC(=O)[O-])(C(=O)[O-])O.O.O.O.O.[Fe+3],,
5284398,C1=CC(=CC=C1C(=O)O)NNC(=O)CC[C@@H](C(=O)O)N,,
5284402,CC1(C2=C(C=CC(=C2)C3=NNC(=O)CC3)NC1=O)C,,
5284403,CCN(CC)CCCNC(=O)CN1C(=C(C=N1)C2=CC=CC=C2)C3=CC=CC=C3.C(=C/C(=O)O)\C(=O)O,,
5284406,CC(=O)[O-].CC(=O)[O-].[OH-].[OH-].[OH-].[OH-].[Pb+2].[Pb+2].[Pb+2],,
5284408,CC(C)C[C@@H](C(=O)N[C@@H](CC(C)C)C(=O)NC(CCCN=C(N)N)C=O)NC(=O)C,,
5284409,CC(C)(C)NC[C@@H](COC1=CC=CC2=C1CCCC2=O)O.Cl,,
5284419,C[C@H]1[C@@H]([C@H]([C@H]([C@@H](O1)OC[C@@H]2[C@H]([C@@H]([C@H]([C@@H](O2)OC3=CC(=C4C(=O)C[C@H](OC4=C3)C5=CC(=C(C=C5)OC)OC)O)O)O)O)O)O)O,,
5284421,CCCCC/C=C\C/C=C\CCCCCCCC(=O)OC,,
5284433,CC1=C[C@@H]2[C@]([C@@H](C1=O)O)([C@]3([C@@H]([C@H]([C@H]([C@@]34CO4)O2)O)O)C)CO,,
5284439,C1CCC(CC1)C(CC2CCCCN2)C3CCCCC3.C(=C\C(=O)O)\C(=O)O,,
5284442,C1=CC=C(C=C1)/C(=C\CCCCC(=O)O)/C2=CN=CC=C2,,
5284444,COC1=C(C=CC(=C1)/C=C/C(=O)OCCC2=CC=CC=C2)O,,
5284447,C[C@@H]1C/C=C/C=C/C=C/C=C/[C@@H](C[C@H]2[C@@H]([C@H](C[C@](O2)(C[C@H](C[C@@H]3[C@H](O3)/C=C/C(=O)O1)O)O)O)C(=O)O)O[C@H]4[C@H]([C@H]([C@@H]([C@H](O4)C)O)N)O,,
5284451,CN(C)CCN(CC1=CC=C(C=C1)OC)C2=CC=CC=N2.C(=C\C(=O)O)\C(=O)O,,
5284452,C1=CC(=C(C=C1C2=C(C(=O)C3=C(C=C(C=C3O2)O)O)O)O)O.O.O,,
5284456,CN1[C@H]2CC(C[C@H]1[C@H]3[C@H]2O3)OC(=O)[C@H](CO)C4=CC=CC=C4,,
5284457,COC1=C2C(=C3C4C=COC4OC3=C1)OC5=CC=CC(=C5C2=O)O,,
5284461,CC1=C[C@@H]2[C@](C[C@@H]1OC(=O)CC(C)C)([C@]3([C@@H]([C@H]([C@H]([C@@]34CO4)O2)O)OC(=O)C)C)COC(=O)C,,
5284473,CC1=C2C(=C(N=C1N)C)C3=CC=CC=C3N2.CC(=O)O,,
5284488,C(=C(/C(=O)O)\Cl)\C(=O)O,,
5284489,C(/C(=C(\C(=O)O)/Cl)/C(=O)O)(Cl)Cl,,
5284506,CN(C)C1=CC=C(C=C1)/C=C/C=O,,
5284512,C[C@@H]1[C@H]([C@H](C[C@@H](O1)O[C@@H]2[C@H](O[C@H](C[C@@H]2O)O[C@@H]3[C@H](O[C@H](C[C@@H]3O)O[C@H]4CC[C@]5([C@@H](C4)CC[C@@H]6[C@@H]5CC[C@]7([C@@]6(CC[C@@H]7C8=CC(=O)OC8)O)C)C)C)C)OC(=O)C)O,,
5284513,CC1=CC(=C(C(=C1/C=C/C(=C/C=C/C(=C/C(=O)O)/C)/C)C)C)OC,,
5284514,CC1=CC=C(C=C1)/C(=C\CN2CCCC2)/C3=CC=CC(=N3)/C=C/C(=O)O,,
5284516,CCC(=O)O[C@@]1(CCN(C[C@H]1C)C)C2=CC=CC=C2,,
5284517,C[C@@H]([C@@H]1CC[C@H]([C@H](O1)O[C@@H]2[C@H]([C@@H]([C@@H]([C@H]([C@H]2O)N(C)C(=O)CN)OC)O)N)N)N,,
5284519,CC1([C@@H](N2[C@H](S1)[C@@H](C2=O)NC(=O)[C@H](C3=CC=CC=C3)NC(=O)N4CCNC4=O)C(=O)O)C,,
5284527,CN1C(=NN=N1)SCC2=C(N3[C@@H]([C@@H](C3=O)NC(=O)[C@@H](C4=CC=CC=C4)OC=O)SC2)C(=O)O,,
5284528,C/C=C\C1=C(N2[C@@H]([C@@H](C2=O)NC(=O)[C@@H](C3=CC=C(C=C3)O)N)SC1)C(=O)O,,
5284529,COC1=C(N2[C@@H]([C@@H](C2=O)NC(=O)[C@@H](C3=CCC=CC3)N)SC1)C(=O)O,,
5284533,CC(=O)[C@]1(CC[C@@H]2[C@@]1(CC[C@H]3[C@H]2C=C(C4=CC(=O)CC[C@]34C)Cl)C)O,,
5284535,C[C@]12C[C@@H]([C@H]3[C@H]([C@@H]1CC[C@@]2(C(=O)CO)O)C=C(C4=CC(=O)C=C[C@]34C)Cl)O,,
5284537,CC(=O)[C@]1(CC[C@@H]2[C@@]1(CC[C@H]3[C@H]2C=C(C4=CC(=O)[C@@H]5C[C@@H]5[C@]34C)Cl)C)O,,
5284538,CC(=O)[C@@]12[C@@H](C[C@@H]3[C@@]1(CC[C@H]4[C@H]3CCC5=CC(=O)CC[C@]45C)C)O[C@@](O2)(C)C6=CC=CC=C6,,
5284540,CCCCC(=O)OCC(=O)[C@]1([C@@H](C[C@@H]2[C@@]1(C[C@@H]([C@]3([C@H]2CCC4=CC(=O)C=C[C@@]43C)F)O)C)C)O,,
5284544,CC(=O)NCC(=O)O.CC(=O)NCC(=O)O.C1=CC(=CC=C1C(=N)N)NN=NC2=CC=C(C=C2)C(=N)N,,
5284551,C[N@+]1(CCC2=CC(=C(C(=C2[C@H]1CC3=CC(=C(C(=C3)OC)OC)OC)OC)OC)OC)CCCOC(=O)CCC(=O)OCCC[N@+]4(CCC5=CC(=C(C(=C5[C@@H]4CC6=CC(=C(C(=C6)OC)OC)OC)OC)OC)OC)C.[Cl-].[Cl-],,
5284554,CCCCCCCCCCCCCCCCCC(=O)O.CC[C@@H]1[C@@]([C@@H]([C@H](C(=O)[C@@H](C[C@@]([C@@H]([C@H]([C@@H]([C@H](C(=O)O1)C)O[C@H]2C[C@@]([C@H]([C@@H](O2)C)O)(C)OC)C)O[C@H]3[C@@H]([C@H](C[C@H](O3)C)N(C)C)OC(=O)C)(C)O)C)C)O)(C)O,,
5284555,C[C@]12CC[C@H]3[C@H]([C@@H]1CCC2=O)CCC4=C3C=CC(=C4)OS(=O)(=O)O.C1CNCCN1,,
5284557,C[C@]12CCC(=O)C=C1CC[C@@H]3[C@@H]2CC[C@]4([C@H]3CC[C@]4(C#C)O)C,,
5284566,CN1[C@@H]2CCC[C@H]1CC(C2)NC(=O)C3=NN(C4=CC=CC=C43)C,,
5284569,CN1CC[C@]23[C@@H]4[C@H]1CC5=C2C(=C(C=C5)OC)O[C@H]3C(=O)CC4,,
5284570,CN1CC[C@]23[C@@H]4[C@H]1CC5=C2C(=C(C=C5)O)O[C@H]3C(=O)CC4,,
5284574,C1=C(C(=O)C(=CN1CC(=O)O)I)I.C(CO)NCCO,,
5284579,C[C@@H]1C/C=C/C=C/[C@@H]([C@@H](C[C@@H]([C@@H](C([C@@H](CC(=O)O1)OC(=O)C)OC)O[C@H]2[C@@H]([C@H]([C@@H]([C@H](O2)C)O[C@H]3C[C@@]([C@@H]([C@@H](O3)C)OC(=O)CC(C)C)(C)O)N(C)C)O)CC=O)C)O,,
5284580,C[C@@H]1[C@H]([C@H](C[C@@H](O1)O[C@@H]2[C@H](O[C@H](C[C@@H]2O)OC3CC[C@]4([C@@H](C3)CC[C@@H]5[C@@H]4CC[C@]6([C@@]5(CC[C@@H]6C7=CC(=O)OC7)O)C)C)C)O)O[C@H]8C[C@@H]([C@@H]([C@H](O8)C)O[C@H]9[C@@H]([C@H]([C@@H]([C@H](O9)CO)O)O)O)OC(=O)C,,
5284583,CC[C@@H](C(=O)N)N1CCCC1=O,,
5284584,C1CC(=C(N2[C@H]1[C@@H](C2=O)NC(=O)[C@@H](C3=CC=CC=C3)N)C(=O)O)Cl.O,,
5284585,C1CC(=C(N2[C@H]1[C@@H](C2=O)NC(=O)[C@@H](C3=CC=CC=C3)N)C(=O)O)Cl,,
5284587,C[C@H]1C[C@H]2[C@@H]3CCC4=CC(=O)C=C[C@@]4([C@H]3C(=O)C[C@@]2([C@]1(C(=O)CO)O)C)C,,
5284592,CCCCCCC(C)(C)C1=CC(=C2[C@@H]3CC(=O)CC[C@H]3C(OC2=C1)(C)C)O,,
5284596,C=CCN1CC[C@]23[C@@H]4C(=O)CC[C@]2([C@H]1CC5=C3C(=C(C=C5)O)O4)O,,
5284597,C[C@]12CC[C@H]3[C@H]([C@@H]1CC[C@]2(C)O)CCC4=CC(=O)CC[C@H]34,,
5284598,C[C@@H]1C[C@@H]([C@H]([C@@H](O1)O[C@H]2[C@H](C[C@]3(CO3)C(=O)[C@@H]([C@H]([C@H]([C@H](OC(=O)[C@@H]([C@H]([C@@H]2C)O[C@H]4C[C@@H]([C@H]([C@@H](O4)C)O)OC)C)C)C)O)C)C)O)N(C)C,,
5284600,CCCCCCCCCCC[C@@H](C[C@H]1[C@@H](C(=O)O1)CCCCCC)OC(=O)C(CC(C)C)NC=O,,
5284603,CN1CC[C@]23[C@@H]4C(=O)CC[C@]2([C@H]1CC5=C3C(=C(C=C5)OC)O4)O,,
5284604,CN1CC[C@]23[C@@H]4C(=O)CC[C@]2([C@H]1CC5=C3C(=C(C=C5)O)O4)O,,
5284607,CC1=C(C(=O)C2=CC=CC=C2C1=O)C/C=C(\C)/CCC[C@H](C)CCC[C@H](C)CCCC(C)C,,
5284610,C[C@@H]1[C@H]([C@@H](C[C@@H](O1)O[C@@H]2C[C@@H](O[C@@H]([C@@H]2O)C)OC3=CC4=CC5=C(C(=O)[C@H](C(C5)[C@@H](C(=O)[C@H]([C@@H](C)O)O)OC)O[C@H]6C[C@H]([C@@H]([C@H](O6)C)O)O[C@H]7C[C@H]([C@@H]([C@H](O7)C)O)O[C@H]8C[C@]([C@@H]([C@H](O8)C)O)(C)O)C(=C4C(=C3C)O)O)O)O,,
5284612,CCCCC(=O)O[C@@]1(CC[C@@H]2[C@@]1(C[C@@H]([C@H]3[C@H]2CCC4=CC(=O)C=C[C@]34C)O)C)C(=O)COC(=O)C,,
5284613,C[C@H]1[C@@H]([C@H]([C@H]([C@@H](O1)O[C@H]2CC[C@@]3([C@H]4CC[C@@]5([C@H](CC[C@@]5([C@@H]4CCC3=C2)O)C6=COC(=O)C=C6)C)C)O)O)O,,
5284616,C[C@@H]1CC[C@H]2C[C@@H](/C(=C/C=C/C=C/[C@H](C[C@H](C(=O)[C@@H]([C@@H](/C(=C/[C@H](C(=O)C[C@H](OC(=O)[C@@H]3CCCCN3C(=O)C(=O)[C@@]1(O2)O)[C@H](C)C[C@@H]4CC[C@H]([C@@H](C4)OC)O)C)/C)O)OC)C)C)/C)OC,,
5284619,C[C@@H]1C/C=C/C=C/[C@@H]([C@@H](C[C@@H]([C@@H]([C@H]([C@@H](CC(=O)O1)O)OC)O[C@H]2[C@@H]([C@H]([C@@H]([C@H](O2)C)O[C@H]3C[C@@]([C@H]([C@@H](O3)C)O)(C)O)N(C)C)O)CC=O)C)O[C@@H]4CC[C@@H]([C@H](O4)C)N(C)C,,
5284630,C[C@@H]1C[C@@H]([C@H]([C@@H](O1)O[C@H]2[C@H](C[C@]3(CO3)C(=O)[C@@H]([C@H]([C@H]([C@H](OC(=O)[C@@H]([C@H]([C@@H]2C)O[C@H]4C[C@@H]([C@H]([C@@H](O4)C)OC(=O)C)OC)C)C)C)OC(=O)C)C)C)OC(=O)C)N(C)C,,
5284631,C1CC[N+]2(C1)[C@@H]3CC[C@H]2CC(C3)OC(=O)C(C4=CC=CC=C4)(C5=CC=CC=C5)O.[Cl-],,
5284632,C1CC[N+]2(C1)[C@@H]3CC[C@H]2CC(C3)OC(=O)C(C4=CC=CC=C4)(C5=CC=CC=C5)O,,
5284633,CCCCC(=O)N(CC1=CC=C(C=C1)C2=CC=CC=C2C3=NNN=N3)[C@H](C(C)C)C(=O)O,,
5284636,CC/C=C(\C)/C1(C(=O)NC(=O)NC1=O)CC,,
5284639,C1=CC(=CC=C1C2=COC3=CC(=CC(=C3C2=O)O)OC4C(C(C(C(O4)CO)O)O)O)O,,
5284645,C[C@H]1CCC[C@@H](CCC/C=C/C2=C(C(=CC(=C2)O)O)C(=O)O1)O,,
5284648,C1=CC(=C(C=C1C2=COC3=C(C2=O)C=CC(=C3)O)O)O,,
5284649,C1=CC(=CC=C1C2=COC3=CC(=C(C=C3C2=O)O)O)O,,
5284656,CCOC(=O)/C=C\C1=CC=CC=C1,,
5284927,CC\1=NN(C(=O)/C1=C/C2=CC=C(C=C2)N(C)C)C3=CC(=CC=C3)F,,
5285333,COC1=C(C=CC(=C1)C=C2C(=O)NC(=O)NC2=O)O,,
5285474,C1CN(CCN1C/C=C/C2=CC=CC=C2)C3CC(=O)N(C3=O)C4=CC=C(C=C4)Br,,
5285855,COC1=C(C=CC(=C1)C=C2C(=O)NC(=S)NC2=O)O,,
5286094,C1=CC(=CC=C1/C=C/C(=O)C2=CC=C(C=C2)F)F,,
5287281,C/C=C(\C)/C(=O)OC1C(C(OC2=C1C3=C(C=C2)C=CC(=O)O3)(C)C)OC(=O)C,,
5287342,CCC1=CC2=C(C=C1O)OC(=O)C=C2C,,
5287408,CCCNC(=O)[C@H](CC(=O)N[C@@H]([C@@H](C)CC)C(=O)N1CCC[C@H]1C(=O)O)O,,
5287409,C1CNCC=C1C2=CC3=C(CNC(=O)N3C4=C(C=CC=C4Cl)Cl)N=C2SC5=C(C=C(C=C5)F)F,,
5287411,C1=CC2=C(C=C1Cl)C(=CN2)/C(=C/C(=O)C3=NNN=N3)/O,,
5287415,CCCCOC1=CC=C(C=C1)S(=O)(=O)N2C[C@H](C[C@@H]2C(=O)NO)NS(=O)(=O)C,,
5287417,C[C@H]1CC2=C([C@@H](O1)OC)C(=O)C3=C(O2)C=C(C(=C3C(=O)O)O)O,,
5287429,CC(=O)[C@H](CC(=O)O)NC(=O)C1=CC=C(C=C1)CNS(=O)(=O)C2=CC(=C(C=C2)O)C(=O)O,,
5287432,C1=C[C@H]([C@@H](C(=C1)C(=O)CCC(=O)O)C(=O)O)O,,
5287438,C[C@@H](/C=C/C(=O)C=O)NC(=O)[C@@H](CC1=CC=CC=C1)NC(=O)OCC2=CC=CC=C2,,
5287439,C1=CC=C2C(=C1)N=CN2C3=CC(=C(C=C3)NC(=O)C4=CC(=NN4C5=CC=CC(=C5)C(=N)N)C(F)(F)F)F,,
5287441,CN1[C@@H](CS[C@@H]1[C@H]2CSC(=N2)C3=CC=CC=C3O)C(=O)O,,
5287443,CC(=O)N[C@@H](CC1=CC(=C(C=C1)C(=O)O)C=O)C(=O)N[C@H]2CCCCN(C2=O)CC3=CC=C(C=C3)C4=CC=CC=C4,,
5287444,C(C(=O)[O-])(NC(=O)N)NC(=O)N,,
5287459,C1=CC=C(C=C1)C2=CC=C(C=C2)C3=CC(=CC(=C3)C(=O)O)C(=O)N,,
5287461,C1CCC(CC1)COP(=O)(O)OC2=CC=CC=C2C=O,,
5287463,C1=CC=C(C(=C1)C=O)OP(=O)(O)O,,
5287464,C1=CC(=C(C=C1O)O)C2=NOC3=C2C=CC(=C3)O,,
5287465,CC1=CC(=C(C(=C1)C=O)OP(=O)(O)O)C=O,,
5287468,CC(C)C[C@@H](C(=O)N[C@H]1CCCN(CC1=O)S(=O)(=O)C2=CC=CC=N2)NC(=O)C3=CC4=CC=CC=C4O3,,
5287469,CC(=O)C1=CC=C(C=C1)NC(=O)C2=C(NN=C2)C3=CC(=C(C=C3O)O)Cl,,
5287470,C1=CC(=CC=C1CNC(=O)C2=C(NN=C2)C3=CC(=C(C=C3O)O)Cl)S(=O)(=O)N,,
5287477,C(=C/C=O)\C=O,,
5287488,COC1=CC=CC(=C1OP(=O)(O)O)C=O,,
5287492,C1CCN[C@H](C1)C(CNC2=NC=CC3=C2N=C(O3)CC4=CC=CC=C4N5C=NC=N5)(F)F,,
5287495,C1=CC(=C(C=C1C2=C(C=C(C=C2)Cl)Cl)C(=O)O)O,,
5287498,CCCC[C@@H](C(=O)C(=O)NN1CCOC1=O)NC(=O)O[C@H](CC2=NN=C(O2)C3=CC=C(C=C3)C(F)(F)F)C(C)(C)C,,
5287504,CCCCCCCCCCCCCCCCCC(=O)OC[C@H](COP(=O)([O-])OCC[NH3+])OC(=O)CCCCCCCCCCCCC,,
5287506,COC1=C(C=CC(=C1)[C@H](C(=O)N[C@@H](C2=CC=CC=C2)C(=O)O)NC3=CC=C(C=C3)C(=N)N)OCC4=CC=CC=C4,,
5287508,CC1=CC2=C(C=C1)C(=O)[C@@]3(C2=O)[C@@H]([C@@H]([C@@H](O3)C4=CC(=C(C=C4)Cl)Cl)C(=O)NC5=CC=C(C=C5)C6=CSN=N6)C(=O)O,,
5287515,CC(=O)N[C@@H](CC1=CC(=C(C=C1)OCC(=O)O)P(=O)(O)O)C(=O)N[C@H]2CCCCN(C2=O)CC3=CC=C(C=C3)C4=CC=CC=C4,,
5287526,CCCCCNC(=O)[C@H](CC1=CC(=C(C=C1)N(C2=CC=CC=C2C(=O)O)C(=O)C(=O)O)/C=C/C(=O)N)NS(=O)(=O)C,,
5287529,C1COCCN1CCNC2=NN=C(O2)C3=C(C(=C(C=C3)F)F)NC4=C(C=C(C=C4)I)F,,
5287532,C[C@H](C1=CC=CC=C1)NC(=O)C2=CC(=CC(=C2)N(C)S(=O)(=O)C)C(=O)N[C@@H](CC3=CC=CC=C3)[C@@H](CNC4CC4)O,,
5287539,CC(C)(C)N1C(=O)C(=C(N1)C2=C(C=C(C=C2)Cl)Cl)C(=O)C3=C(C=C(C=C3)S(=O)(=O)C)Cl,,
5287540,C[C@@H]1CC(=O)NN=C1C2=CC=C(C=C2)NC3=C(C(=O)CCC3)CC4=CC(=CC=C4)I,,
5287541,C1CCC2=C(CC1)C(=O)OC3=C2C=CC(=C3)OS(=O)(=O)N,,
5287544,CC(=O)N[C@@H](CC1=CC(=C(C=C1)OP(=O)(O)O)C=O)C(=O)N[C@H]2CCCCN(C2=O)CC3=CC=C(C=C3)C4=CC=CC=C4,,
5287548,CC[C@H](C)[C@@H](CO[C@@H](CC1=CC=CC=C1)C(=O)N[C@@H](CCS(=O)(=O)C)C(=O)O)NC[C@H](CS)N,,
5287549,CC(C)C[C@@H](C(=O)N[C@H]1CCCN(CC1=O)C(=O)CC2=CC(=CC=C2)C3=CC=CC=N3)NC(=O)C4=CC5=C(O4)C=CC(=C5)OCCN6CCOCC6,,
5287551,C1=CC2=C(C=CC(=C2)O)C=C1C3=NOC4=C3C=CC(=C4)O,,
5287554,CC1=C(C(=O)C2=CC=CC=C2C1=O)C/C=C(\C)/CC/C=C(\C)/CC/C=C(\C)/CC/C=C(\C)/CC/C=C(\C)/CC/C=C(\C)/CCC=C(C)C,,
5287555,CC(=O)N/C(=C\C1=CC(=C(C=C1)CC(=O)O)C=O)/C(=O)N[C@H]2CCCCN(C2=O)CC3=CC=C(C=C3)C4=CC=CC=C4,,
5287569,CCOC(=O)/C=C/[C@H](C[C@@H]1CCNC1=O)NC(=O)[C@H](CC(C)C)NC(=O)[C@H](C(C)C)NC(=O)[C@H](C(C)C)NC(=O)C2=COC=C2,,
5287587,C(C[C@@H](C(=O)O)N)CO,,
5287594,COC1=C(C=CC(=C1)CN2[C@@H]([C@@H](CN(N(C2=O)CC3=CC(=C(C=C3)O)OC)C(=O)CCC4=CC=C(C=C4)O)O)CC5=CC=CC=C5)O,,
5287596,CC(=O)N1C[C@@H](C[C@H]1C(=O)N[C@@H](CCCN=C(N)N)C(=O)C2=NC3=CC=CC=C3S2)O,,
5287600,C[C@@H]([C@H](C(=O)O)N)C(=O)O,,
5287609,[C@@H]1([C@H]([C@H](O[C@@H]([C@@H]1O)O[C@@H]2[C@@H]([C@H]([C@H](O[C@@H]2C(=O)O)O[C@@H]3[C@@H]([C@H]([C@H](O[C@@H]3C(=O)O)O)O)O)O)O)C(=O)O)O)O,,
5287620,C[C@H]1CCC/C=C/[C@@H]2C[C@@H](C[C@H]2[C@@H](/C=C/C(=O)O1)O)O,,
5287635,COC1=C2C3=C(C(=O)CC3)C(=O)OC2=C4[C@@H]5[C@H](CO[C@@H]5OC4=C1)O,,
5287671,CO/C=C\[C@@H](C(=O)O)N,,
5287705,C/C(=C\C(=O)O)/C=C/C=C(\C)/C1=CC(=CC(=C1)C(C)(C)C)C(C)(C)C,,
5287707,C[C@H]1C(=O)N[C@@H](CC2=CC(=C(C=C2)O)C3=C(C=CC(=C3)[C@@H](C(=O)N1)N(C)C(=O)CNC(=O)[C@@H](C)NC(=O)[C@@H](CO)N(C)C(=O)C)O)C(=O)O,,
5287708,C(C=O)[C@@H](C(=O)[O-])[NH3+],,
5287720,CN1C2=CC=CC=C2C=C1CN(C)C(=O)/C=C/C3=CN=C(C=C3)N,,
5287736,C1C[C@H]([C@@H](CNC1)NC(=O)C2=CC=C(C=C2)O)OC(=O)C3=CC(=C(C(=C3)O)C(=O)C4=C(C=CC=C4O)C(=O)O)O,,
5287747,C1CC(C(CNC1)NC(=O)C2=CC=C(C=C2)O)OC(=O)C3=CC=C(C=C3)C(=O)C4=CC=CC=C4O,,
5287757,C[N+](C)(CCCNC=O)CC(=O)[O-],,
5287779,CC(C)(C)OC(=O)[C@H](CCC(=O)N)N,,
5287785,C[C@](CBr)(C(=O)NC1=CC(=C(C=C1)[N+](=O)[O-])C(F)(F)F)O,,
5287788,C1CN2CC[C@](C(=O)N2[C@@H]1C(=O)N[C@@H](CCCN=C(N)N)[C@@H](C(=O)NCCC3=CC=CC=C3)O)(CC4=CC=CC=C4)N,,
5287792,CC1=CC2=C(C=C1)N=C3[C@](C2=O)(CCN3C4=CC=CC=C4)O,,
5287795,B([C@H](CC1=CC(=CC=C1)C(=O)O)NC(=O)C)(O)O,,
5287799,CC(C)C[C@@H](C(=O)N[C@@H](COCC1=CC=CC=C1)C#N)NC(=O)N2CCOCC2,,
5287813,CC[C@H]1C(=O)N(CC(=O)N([C@H](C(=O)N[C@H](C(=O)N([C@H](C(=O)N[C@H](C(=O)N[C@@H](C(=O)N([C@H](C(=O)N([C@H](C(=O)N([C@H](C(=O)N([C@H](C(=O)N1)[C@@H]([C@H](C)C/C=C/C)O)C)C(C)C)C)CC(C)C)C)CC(C)C)C)C)C)CC(C)C)C)C(C)C)CC(C)(C)O)C)C,,
5287817,C/C=C/C[C@@H](C)[C@H]([C@H]1C(=O)N[C@H](C(=O)N(CC(=O)N([C@H](C(=O)N[C@H](C(=O)N([C@H](C(=O)N[C@H](C(=O)N[C@@H](C(=O)N([C@H](C(=O)N([C@H](C(=O)N([C@H](C(=O)N1C)C(C)C)C)CC(C)C)C)CC(C)C)C)C)C)CC(C)C)C)C(C)C)CC(C)C)C)C)[C@@H](C)O)O,,
5287819,C/C=C/C[C@@H](C)[C@H]([C@H]1C(=O)N[C@H](C(=O)N(CC(=O)N([C@H](C(=O)N[C@H](C(=O)N([C@H](C(=O)N[C@H](C(=O)N[C@@H](C(=O)N([C@H](C(=O)N([C@H](C(=O)N([C@H](C(=O)N1C)C(C)C)C)CC(C)C)C)CC(C)C)C)C)C)CC(C)C)C)C(C)C)CC(C)C)C)C)C(C)C)O,,
5287820,CC[C@]1(CCCCN(C1=O)C)C2=CC(=CC=C2)OC3=C(C=CC(=C3)[C@@](C)(C4=CN=CN4C)N)C#N,,
5287836,C1CN(CCC1C(=O)C2=CC=CC=C2)C(=O)[C@@H](C3=CC=CC=C3)NC(=O)C4=CC=CC(=C4)C(=N)N,,
5287846,CC(C)(C=C)C1=CC2=CC3=C(C=C2OC1=O)O[C@@H](C3)C(C)(C)O,,
5287850,C1=CC=C(C=C1)C[C@H](CS)C(=O)O,,
5287855,C1=CC2=C(C=C1/C=C\3/C(=O)NC(=O)S3)OC(O2)(F)F,,
5287864,CC(C)C[C@@H](C(=O)N[C@@H](CCC1=CC=CC=C1)/C=C/S(=O)(=O)C2=CC=CC=C2)NC(=O)N3CCOCC3,,
5287870,C1COCCN1C(=O)N[C@@H](CC2=CC=CC=C2)C(=O)N[C@@H](CSCC3=CC=CC=C3)C=O,,
5287879,C[C@@H]1C[C@@H]([C@@H]([C@H]([C@@H](CC(=O)O[C@@H](C[C@H]2[C@@H](O2)/C=C/C1=O)C)OC(=O)C)OC)O[C@H]3[C@@H]([C@H]([C@@H]([C@H](O3)C)O[C@H]4C[C@@]([C@H]([C@@H](O4)C)OC(=O)CC(C)C)(C)O)N(C)C)O)CC=O,,
5287882,CC(C)(COP(=O)(O)OP(=O)(O)OC[C@@H]1[C@H]([C@H]([C@@H](O1)N2C=NC3=C(N=CN=C32)N)O)OP(=O)(O)O)[C@H](C(=O)NCCC(=O)NCCSO)O,,
5287890,C1CCC(C1)N(C=O)C2CCC2,,
5287902,CC1=C(N[C@H](SC1)[C@@H](C=O)NC(=O)CC2=CC=CS2)C(=O)O,,
5287928,C1CC(CCC1CNC(=O)[C@@H]2C=CCN3N2C(=O)N(C3=O)CCS(=O)(=O)C4=CC=CC=C4)N,,
5287936,CC(=O)N(C)C1=CC=CC(=C1)C2=NN=C3N2N=C(C=C3)C4=CC=CC=C4,,
5287939,CCCCC/C=C\C/C=C\CCCCCCCC(=O)O[C@H]1CC[C@@]2([C@H]3CC[C@]4([C@H]([C@@H]3CC=C2C1)CC[C@@H]4[C@H](C)CCCC(C)C)C)C,,
5287959,CCOC1=C(C=C(C=C1)/C=C/C(=O)OC)CC(=O)N[C@@H](C(C)C)C(=O)N[C@@H](CC(=O)O)C(=O)CSCC2=C(C=CC=C2Cl)F,,
5287969,CN1CC[C@@H]([C@@H](C1)O)C2=C(C=C(C3=C2OC(=CC3=O)C4=CC=CC=C4Cl)O)O,,
5287971,CCCCCCCCCCCCCCCC(=O)OC[C@H](COP(=O)([O-])OCC[N+](C)(C)C)OC(=O)CCCCCCC/C=C\C/C=C\CCCCC,,
5287977,CC(C)[C@@H](C(=O)N1CC[C@@H]([C@H]1C2(CCC2)C=O)NC(=O)C3CC3)NC(=O)NC4CCCC4,,
5287991,C1C[C@H]2C(=O)N[C@H](C(=O)C(=O)N[C@@H](C(=O)N[C@H](/C=C/C(=O)NC[C@@H](C(=O)N2C1)NC=O)CC3=CC=C(C=C3)O)CC4=CC=CC=C4)CCCN=C(N)N,,
5288001,B(C1=CC=C(C=C1)/C=C/C(=O)O)(O)O,,
5288007,CC[C@@H]\1[C@H](C(=O)N/C1=C\C2=C(C(=C(N2)/C=C\3/C(=C(/C(=C\C4=NC(=O)C(=C4C)CC)/N3)C)CCC(=O)O)CCC(=O)O)C)C,,
5288017,C1CCC(CC1)C2=C3C(=NN2)C4=C(C3=O)C(=CC=C4)NC(=O)CN5CCC(CC5)CN,,
5288018,CC1=C(SC(=N1)C)C2=C3C(=NN2)C4=C(C3=O)C(=CC=C4)NC(=O)NN5CCN(CC5)C,,
5288021,C1[C@@H](ON=C1C(=O)O)C[C@@H](C(=O)O)N,,
5288063,C1C=CN(C(=O)N1)[C@H]2[C@@H]([C@@H]([C@H](O2)CO)O)O,,
5288064,B([C@H](CCCCN)NC(=O)[C@@H]1CCCN1C(=O)[C@@H](CC2=CC=CC=C2)NC(=O)C)(O)O,,
5288075,CCCCC/C=C\C/C=C\CCCCCCCC(=O)OC[C@H](COP(=O)([O-])OCC[N+](C)(C)C)OC(=O)CCCCCCC/C=C\C/C=C\CCCCC,,
5288102,C[C@@H](CC1=CC=CC=C1)C(=O)O,,
5288107,C1C[C@@H]2C(=O)N[C@H](C(=O)N2C1)CCCN=C(N)N,,
5288108,C1CN(CCC1C2=CC=CC=C2)C3=CC=C(C=C3)S(=O)(=O)N[C@H](CC4=CNC5=CC=CC=C54)C(=O)O,,
5288144,CCCCC[C@H](/C=C/C1=C(C(=O)CC1)C/C=C\CCCC(=O)O)O,,
5288146,CC(C)C[C@@H](C(=O)NCCCCN=C(N)N)NC(=O)[C@H](CC(=O)O)O,,
5288172,C[C@]12CC[C@H]3[C@H]([C@@H]1CCC2=O)CC[C@@H]4[C@@H]3CCC(=O)C4,,
5288173,CCNC(=O)/C=C(\C)/C=C/C=C(\C)/C=C/C1=C(CCCC1(C)C)C,,
5288193,C1=CC(=CC=C1C2=CC(=CC(=C2)F)F)C(=O)O,,
5288209,CC1=C(C(CCC1)(C)C)/C=C/C(=C/C=C/C(=C/C(=O)NC2=CC=C(C=C2)O)/C)/C,,
5288215,C[C@](COC1=CC=C(C=C1)F)(C(=O)NC2=CC(=C(C=C2)[N+](=O)[O-])C(F)(F)F)O,,
5288222,C[C@H]([C@@H]([C@@H](C#CC1=C(C=CC2=C1/C(=C/C3=C(C=CN3)OC)/C(=O)N2)F)O)N)O,,
5288227,C(=C\C(=O)[O-])\C(=O)[O-],,
5288250,COC(=O)[C@H](CC1=CC=C(C=C1)C#CC2=CC=CC=C2)NC(=O)C[C@H]3CCCN(C3)C(=N)N,,
5288251,CC(C)C[C@H](C(=O)NCC(=O)N1CCC(CC1)C2=CC(=NN2C)C3=C(C(=C(C=C3)OCC4=CC=C(O4)C(=O)O)Cl)Cl)N=C(N)N,,
5288259,CCCC[C@@H](C(=O)C(=O)NC1=CC=NN1)NC(=O)OCC2(CCC2)CC3=CC=C(C=C3)F,,
5288261,CN1C=NC=C1C[C@@H](C(=O)N2CCC(=C(C2)C3=CC=CC4=CC=CC=C43)C#N)NCC5=CC=C(C=C5)C#N,,
5288266,CCCCCCCCCCC[C@H](CC(=O)O)O,,
5288267,C1=CC(=CC=C1C[C@@H](C(=O)O)N)C(F)(F)P(=O)(O)O,,
5288329,C1=CC2=C(C=CC3=C2C(=C1)C(OC3=O)(C4=CC(=C(C=C4)O)Br)C5=CC(=C(C=C5)O)Br)Cl,,
5288344,CC(=O)N[C@@H]1[C@H]([C@H]([C@H](O[C@@H]1OCC2=CC=CC=C2)CO)O)O[C@H]3[C@@H]([C@H]([C@H]([C@H](O3)CO)O)O)O,,
5288382,C[C@H]1C[C@@H]([C@@H]([C@H](/C=C(/[C@@H]([C@H](/C=C\C=C(\C(=O)NC2=CC(=O)C(=C(C1)C2=O)OC)/C)OC)OC(=O)N)\C)C)O)OC,,
5288393,[C@H]([C@@H]([C@@H](C(=O)[O-])O)O)([C@H](C(=O)[O-])O)O,,
5288394,COC1=C2C3=C(C=C1)C=[N+](CC[C@]34C=C[C@@H](C[C@@H]4O2)O)CCCCCCCCN5C(=O)C6=CC=CC=C6C5=O,,
5288424,CC(=O)N[C@@H]1[C@H](C[C@@](O[C@H]1[C@@H]([C@@H](CO)O)O)(C(=O)O)O[C@H]2[C@H]([C@H](O[C@H]([C@@H]2O)O[C@@H]3[C@H](O[C@H]([C@@H]([C@H]3O)O)O)CO)CO)O)O,,
5288461,CC1=C2C(=CNC2=NC(=N1)N)CCC3=CC=C(C=C3)C(=O)N[C@@H](CCC(=O)O)C(=O)O,,
5288494,CC/C(=C(\C1=CC=CC=C1)/C2=CC=C(C=C2)/C=C/C(=O)O)/C3=CC=CC=C3,,
5288499,C1=C(O[C@H]([C@@H]([C@H]1O)OS(=O)(=O)[O-])O[C@@H]2[C@H](O[C@@H]([C@@H]([C@H]2O)NS(=O)(=O)[O-])O)COS(=O)(=O)[O-])C(=O)[O-],,
5288525,COC(=O)C[C@H]1CC(=NO1)C2=CC=C(C=C2)O,,
5288538,CC1=NC=C(C(=C1O)CN=C(/C=C/CP(=O)(O)O)C(=O)O)COP(=O)(O)O,,
5288573,CC1=C(C(=O)OC2=C1C=CC(=C2)O)CCO,,
5288591,CC(C)C(=O)[C@]12C(=O)C(=C([C@](C1=O)(C[C@H]([C@@]2(C)CCC=C(C)C)CC=C(C)C)CC=C(C)C)O)CC=C(C)C,,
5288593,CC(C)C[C@H](C1=CC=CC(=C1)C2=CC=CC=C2)C(=O)NC[C@H](CNS(=O)(=O)C3=CC=CC=N3)O,,
5288596,CCCCCC1=CC=C(C=C1)C(=O)NC2=CC=C(C=C2)S(=O)(=O)N(CCN3CCOCC3)[C@H](C(C)C)C(=O)NO,,
5288598,C1CC=C(C2=C(C1)ONC2=O)C[C@@H](C(=O)O)N,,
5288600,COC1=CC(=C(C(=C1)OC)/C=C/2\C3=CC=CC=C3NC2=O)OC,,
5288602,CC(C)[C@@H](C(=O)NC1=C(C(=CC=C1)Cl)C=O)NC(=O)OC(C)(C)C,,
5288607,CN1C=C(C2=CC=CC=C21)CN(C)C(=O)/C=C/C3=CC4=C(NC(=O)CC4)N=C3,,
5288614,CC1=C[C@H](N2C(=O)N(C(=O)N2C1)CC(C3=CC=CC=C3)C4=CC=CC=C4)C(=O)NCC5CCC(CC5)C(=N)N,,
5288615,CC#CCOC1=CC=C(C=C1)S(=O)(=O)N2CCSC([C@@H]2C(=O)NO)(C)C,,
5288631,CCOC1=C(C=CC(=C1)OC)C2=N[C@H]([C@H](N2C(=O)N3CCN(CC3)CCO)C4=CC=C(C=C4)Br)C5=CC=C(C=C5)Br,,
5288632,CC(C)C[C@@H](C(=O)NNC(=O)NNC(=O)C1=CC(=CC=C1)OCC2=CC=CC=C2)NC(=O)OCC3=CC=CC=C3,,
5288633,CC(C)C[C@@H](C1=NC(=CS1)C(=O)NNC(=O)[C@H](CC(C)C)NC(=O)OCC2=CC=CC=C2)NC(=O)OCC3=CC=CC=C3,,
5288634,CC(C)C[C@@H](C(=O)NNC(=O)NNC(=O)[C@H](CC(C)C)NC(=O)OCC1=CC=CC=C1)NC(=O)OCC2=CC=CC=C2,,
5288643,C1=CC(=CC=C1C[C@H](C(=O)NO)N)I,,
5288661,C=CCO[C@@]1(C[C@H]([C@H]([C@H](O1)[C@@H](CO)O)O)O[C@@]2(C[C@H]([C@H]([C@H](O2)[C@@H](CO[C@@]3(C[C@H]([C@H]([C@H](O3)[C@@H](CO)O)O)O)C(=O)O)O)O)O)C(=O)O)C(=O)O,,
5288674,C[C@H]1C[C@@H]([C@@H]([C@H](/C=C(/[C@@H]([C@H](/C=C\C=C(\C(=O)NC2=CC(=O)C(=C(C1)C2=O)NCCN(C)C)/C)OC)OC(=O)N)\C)C)O)OC,,
5288679,COC1=CC=C(C=C1)NC2=C(C(=O)N(C2=O)CC3=CC=CC=C3)C4=CC=CC=C4,,
5288690,CC(C)C[C@@H](C(=O)NS(=O)(=O)OC[C@@H]1[C@H]([C@H]([C@@H](O1)N2C=NC3=C(N=CN=C32)N)O)O)N,,
5288703,CN1[C@H](CCC[C@H]1CC(=O)C2=CC=CC=C2)C[C@H](C3=CC=CC=C3)O,,
5288720,C1=CC=C2C(=C1)C3=C(C4=CC=CC=C4C3=O)N(C2=O)CCCC(=O)O,,
5288725,C[C@@H](C(=O)O)NC,,
5288782,CC1=C(C(=O)C2=C(C1=O)N3C[C@@H]([C@@H](C3=C2COC(=O)N)O)N)N,,
5288795,C[C@@H](CCCC(C)(C)OC)C/C=C/C(=C/C(=O)O)/C,,
5288798,C[C@@](CCO)(CC(=O)[O-])O,,
5288799,C[C@@H]1CN(C[C@@H](O1)C)CCCCCCCCNC=O,,
5288811,CCN1C[C@@]2(CC[C@@H]([C@@]34[C@@H]2[C@@H]([C@@]([C@H]31)([C@]5(C[C@@H]([C@H]6C[C@@H]4[C@@H]5[C@H]6OC)OC)O)O)OC)OC)COC(=O)C7=CC=CC=C7N8C(=O)C[C@@H](C8=O)C,,
5288814,CC1([C@H](N(CCCS1)S(=O)(=O)C2=CC=C(C=C2)OC)C(=O)NO)C,,
5288818,C[C@@]1(C[C@H](C2=C(C3=C(C=C2C1)C(=O)C4=C5C(=CC(=C4C3=O)O)[C@@]6([C@@H]([C@H]([C@@H]([C@H](O5)O6)O)N(C)C)O)C)O)OC)O,,
5288846,CSC[C@@H](C(=O)N[C@@H](CC1CCCCC1)[C@H](CN2C=CC=CC2=O)O)NC(=O)[C@H](CC3=CC=CC=C3)OC(=O)N4CCC(CC4)N,,
5288847,CSC[C@@H](C(=O)N[C@@H](CC1CCCCC1)[C@H](COC2=CC=NC=C2)O)NC(=O)[C@H](CC3=CC=CC=C3)OC(=O)N4CCC(CC4)N,,
5288850,CN1C2=C(C=C(C=C2)S(=O)(=O)N3CCC[C@H]3COC4=CC=CC=C4)C(=O)C1=O,,
5288877,C1=C(C=NC=C1Br)C(=O)N[C@@H](CC(=O)O)C=O,,
5288878,C1=CC(=CC=C1C2=CC(=CN=C2)C(=O)N[C@@H](CC(=O)O)C=O)C(=O)O,,
5288905,CC(=O)N[C@@H]1[C@H]([C@@H]([C@H](O[C@@H]1O)CO)O)O[C@H]2[C@@H]([C@H]([C@H]([C@H](O2)CO)O)O)O,,
5288979,C1=CC(=C[N+](=C1)[C@H]2[C@@H]([C@@H]([C@H](O2)COP(=O)([O-])OP(=O)([O-])OC[C@@H]3[C@H]([C@H]([C@@H](O3)[N+]4=CNC5=C(N=CN=C54)N)O)O)O)O)C(=O)N,,
5288980,CC(=N)C(=O)O,,
5288987,B(CNC(=O)C1=C(C=CC2=CC=CC=C21)OCC)(O)O,,
5288998,C1=CC=C(C=C1)C[C@H](C(=O)O)NC(=O)C(=O)O,,
5289019,C[C@H]1[C@@H]([C@@]([C@H]([C@@H](O1)O[C@H]2C[C@]([C@@H](C3=CC4=C(C(=C23)O)C(=O)C5=C(C=C6C(=C5C4=O)O[C@H]7[C@H]([C@@H]([C@H]([C@@]6(O7)C)O)N(C)C)O)O)C(=O)OC)(C)O)OC)(C)OC)OC,,
5289053,C1CC(=O)C(=C(C2=C(C=C(C=C2)C(F)(F)F)[N+](=O)[O-])O)C(=O)C1,,
5289057,CCC[C@@H](C(=O)NS(=O)(=O)OC[C@@H]1[C@H]([C@H]([C@@H](O1)N2C=NC3=C(N=CN=C32)N)O)O)N,,
5289077,COC(=O)[C@H](CC1=CC=CC=C1)O,,
5289080,C1=CC=C2C(=C1)N=CC(=N2)NC3=CC=C(C=C3)C(=O)NCC4=NC=C(C=C4)C(=O)N[C@@H](CC(=O)O)C=O,,
5289082,C1C[C@H](C[C@H]2[C@@H]1C[C@H](N2C(=O)[C@@H](CC3=CC=CC=C3)NC(=O)[C@@H](CC4=CC=CC=C4)O)C(=O)NCCC5=CCN(C5)C(=N)N)O,,
5289085,CO/C=C(\C1=CC=CC=C1/C=C/C2=CC=CC=C2)/C(=O)OC,,
5289090,CC1=C(C(CCC1=O)(C)C)/C=C/C(=C/C=C/C(=C/CO)/C)/C,,
5289091,C1=CC=C(C=C1)CC[C@@H](C(=O)CO)NC(=O)[C@H](CC2=CC=CC=C2)NC(=O)OCC3=CN=CC=C3,,
5289104,C1=CC(=[NH+]C(=C1)C(=O)N)[C@H]2[C@@H]([C@@H]([C@H](O2)COP(=O)([O-])OP(=O)(O)OC[C@@H]3[C@H]([C@H]([C@@H](O3)N4C=NC5=C(N=CN=C54)N)O)O)O)O,,
5289105,CC(C)(CO)[C@H](C(=O)[O-])O,,
5289109,CC1=CC(=CC=C1)CNC(=O)C2=CC(=NC=N2)C(=O)NCC3=CC=CC(=C3)C,,
5289110,CC1=C(C=CC(=C1)CNC(=O)C2=CC(=NC=N2)C(=O)NCC3=CC(=C(C=C3)F)C)F,,
5289111,C1=CC(=CN=C1)CNC(=O)C2=CC(=NC=N2)C(=O)NCC3=CN=CC=C3,,
5289118,C1CC(=O)N[C@@H]1C(=O)[O-],,
5289120,CCCCCCCCCCCCCCCC(=O)OC[C@H](COP(=O)([O-])OCC[N+](C)(C)C)OC(=O)CCCCCCCCC,,
5289124,CC1=C(C(=CC=C1)O)C(=O)OC[C@]2([C@H]([C@@H]([C@]([C@@]2(C)O)([C@H](C)O)NC(=O)N(C)C)N)NC3=CC=CC(=C3)C(=O)C)O,,
5289133,CCCCCCCCCCCCCCCCCC(=O)OC[C@H](COP(=O)(O)OCCN)OC(=O)CCC/C=C\C/C=C\C/C=C\C/C=C\CCCCC,,
5289143,CCCCCCCCCCCCCCCC(=O)OC[C@@H](COP(=O)([O-])OC[C@H](CO)O)O,,
5289145,CCCCCCCCCCCCCCCC(=O)OC[C@H](COP(=O)(O)OC[C@H](CO)O)OC(=O)CCCCCCCCC/C=C\CCCCCC,,
5289152,C1=CC=C(C=C1)COC(=O)N[C@H](CC(=O)O)C(=O)O,,
5289155,C/C(=C\C=C\C=C\C=C(/C)\C=C/1\C=C(C(=O)O1)/C=C/[C@]23[C@](O2)(C[C@H](CC3(C)C)O)C)/C=C=C4[C@](C[C@H](CC4(C)C)OC(=O)C)(C)O,,
5289162,C1=CN=C(N=C1)OC2=CC(=C(C=C2)NC(=O)C3=C(C=C(C=C3)Cl)Cl)C(=O)O,,
5289179,C1=CC=C(C=C1)C(=O)C2=C(N=C3N2C=C(C=C3)C(=O)C4=C(C=CC=C4F)F)N,,
5289194,C1=CC=C(C=C1)C[C@H](CP(=O)([C@H](CC2=CC=CC=C2)N)O)C(=O)N[C@@H](CC3=CC=CC=C3)C(=O)O,,
5289214,CCCS(=O)(=O)N[C@H]([C@H](C)O)C(=O)N[C@@H](CCSC)C(=O)NCC1=CC=C(C=C1)C(=N)N,,
5289215,C1=CC=C(C=C1)COP(=O)(O)OC2=CC=CC=C2C=O,,
5289240,C1=CC=C2C(=C1)N=CC(=N2)NC3=CC=C(C=C3)C(=O)NCC4=CC=C(S4)CC(=O)N[C@@H](CC(=O)O)C=O,,
5289247,C1=CC2=NC=CN=C2C=C1/C=C\3/C(=O)NC(=O)S3,,
5289250,C/C(=C\C(=O)O)/C=C/C=C(\C)/C1=CC2=C(C=C1)C(CCC2(C)C)(C)C,,
5289253,CC1(CCN(CC1)C2=CC(=C(C=C2)O)C(=O)C3=CC=C(C=C3)C(=O)N[C@@H]4CCCNC[C@H]4NC(=O)C5=CC=NC=C5)C,,
5289255,CN(C)C1=CC(=C(C=C1)O)C(=O)C2=CC=C(C=C2)C(=O)N[C@@H]3CCCNC[C@H]3NC(=O)C4=CC=NC=C4,,
5289256,C1CCN(CC1)C2=CC(=C(C=C2)O)C(=O)C3=CC=C(C=C3)C(=O)N[C@@H]4CCCNC[C@H]4NC(=O)C5=CC=NC=C5,,
5289257,CC1(CCCN(C1)C2=CC(=C(C=C2)O)C(=O)C3=CC=C(C=C3)C(=O)N[C@@H]4CCCNC[C@H]4NC(=O)C5=CC=NC=C5)C,,
5289261,CCO[C@H]\1C[C@@H]2CC[C@H]([C@@](O2)(C(=O)C(=O)N3CCCC[C@H]3C(=O)O[C@@H](CC(=O)[C@@H](/C=C(/[C@H]([C@H](C(=O)[C@@H](C[C@@H](/C=C/C=C/C=C1\C)C)C)OC)O)\C)C)[C@H](C)C[C@@H]4CC[C@H]([C@@H](C4)OC)O)O)C,,
5289271,C[C@@](C(=O)O)(O[C@@H]1CC(=C[C@H]([C@H]1O)OP(=O)(O)O)C(=O)O)P(=O)(O)O,,
5289297,C1CCC(CC1)NC(=O)[C@H]([C@H](CCCCN)NC(=O)[C@@H]2CCN3N2C(=O)[C@@](CC3)(CC4=CC=CC=C4)N)O,,
5289306,C(C[C@@H](C(=O)O)N(CO)O)CN1C(=O)[C@@]2([C@@H]([C@@H]([C@H](O2)COP(=O)(O)O)O)O)NC1=O,,
5289314,CC(C)C[C@H](CC(=O)O)C(=O)N[C@H]1CC2=CN(CCCCCCNC1=O)C3=CC=CC=C23,,
5289320,C1CCC(C1)C(=O)N[C@@H](CCCN=C(N)N)C(=O)C2=NC3=CC=CC=C3S2,,
5289324,CC(=O)[C@H]1CC[C@@H]2[C@@]1(CC[C@H]3[C@H]2CC[C@@H]4[C@@]3(CC[C@@H](C4)OC(=O)CCC(=O)O)C)C,,
5289330,C1=CC=C(C=C1)C(=O)C2=CC(=CC=C2)OCCN(C=O)O,,
5289331,CC1=NC(=CC=C1)CCCN(C=O)O,,
5289341,C[C@](C(=O)O)(O[C@@H]1CC(=C[C@H]([C@H]1O)OP(=O)(O)O)C(=O)O)P(=O)(O)O,,
5289343,CSCC[C@@H](C(=O)N)NC(=O)[C@@H]1CCCN1C(=O)[C@H](CC2=CC=C(C=C2)O)NC(=O)CS,,
5289345,CC(C)C[C@@H](C(=O)NCC(=O)CNC(=O)[C@H](CC(C)C)NC(=O)OCC1=CC=CC=C1)NC(=O)OCC2=CC=CC=C2,,
5289347,CC(C)[C@@H](C(=O)C(C(F)(F)F)(F)F)NC(=O)[C@@H]1CCCN1C(=O)[C@H](C(C)C)NC(=O)C2=CC=C(C=C2)C(=O)N3CCOCC3,,
5289348,CC(=O)[C@H](COCC1=CC=CC=C1)N,,
5289353,C[C@H]1[C@H]([C@H]([C@@H]([C@@H](O1)O[C@@H]2[C@H]([C@@H](O[C@@H]([C@H]2O[C@H]3[C@@H]([C@H]([C@H]([C@H](O3)CO)O)OS(=O)(=O)O)O)CO)O)NC(=O)C)O)O)O,,
5289366,CC(=O)N[C@@H]1[C@H](C[C@@](O[C@H]1[C@@H]([C@@H](CO)O)O)(C(=O)O)O[C@H]2[C@H]([C@H](O[C@H]([C@@H]2O)O)CO)O)O,,
5289369,CC(=O)N[C@@H]1[C@H](C[C@@](O[C@H]1[C@@H]([C@@H](CO)O)O)(C(=O)O)OC[C@@H]2[C@@H]([C@@H]([C@H]([C@@H](O2)O)O)O)O)O,,
5289377,B([C@H](C1=CC(=CC=C1)C(=O)O)NC(=O)CC2=CC=CS2)(O)O,,
5289378,B([C@H](C1=CC=CC=C1)NC(=O)CC2=CC=CS2)(O)O,,
5289389,COC1=CC=C(C=C1)S(=O)(=O)N2CCN(C[C@@H]2C(=O)NO)C(=O)OCC3=CC=CC=C3,,
5289394,C[C@@H]1C/C=C/C=C/[C@@H]([C@@H](C[C@@H]([C@@H]([C@H]([C@@H](CC(=O)O1)O)OC)O[C@H]2[C@@H]([C@H]([C@@H]([C@H](O2)C)O[C@H]3C[C@@]([C@H]([C@@H](O3)C)O)(C)O)N(C)C)O)CC=O)C)O[C@H]4CC[C@@H]([C@H](O4)C)N(C)C,,
5289403,C1=NC(=C2C(=N1)N(C=N2)[C@H]3[C@@H]([C@@H]([C@H](O3)COP(=O)(O)OC(=O)[C@H](CO)N)O)O)N,,
5289411,C1CCC(CC1)COC2=NC(=NC(=C2N=O)N)NC3=CC=C(C=C3)C(=O)N,,
5289418,CC1=CNC(=C1CCC(=O)O)/C=C\2/C3=CC=CC=C3NC2=O,,
5289419,COC1=CC\2=C(C=C1)NC(=O)/C2=C\C3=CN=CN3,,
5289424,C1=CC=C(C=C1)C[C@@H](C(=O)CO)NC(=O)[C@H](CC2=CC=CC=C2)NC(=O)OCC3=CC=CC=C3,,
5289469,CCCCC[C@@H](C(=O)N[C@@H](CC1=CC=CC=C1)C(=O)N[C@@H](C)C(=O)O)S,,
5289470,C1=CC=C(C=C1)C[C@@H](C(=O)N[C@@H](CC2=CC=C(C=C2)O)C(=O)O)NC(=O)[C@H](CC3=CC=CC=C3)S,,
5289484,COC1=CC(=CC(=C1)C(=O)N[C@@H]2[C@@H]([C@H](O[C@H]2N3C=NC4=C(N=CN=C43)N[C@@H]5CCCC6=CC=CC=C56)CO)O)OC,,
5289501,C/C(=C\C1=CC=C(C=C1)C(=O)O)/C2=CC3=C(C=C2)C(CCC3(C)C)(C)C,,
5289514,CC(C)C1=NN=C2N1C=C(C=C2)C3=C(N=CO3)C4=CC=C(C=C4)F,,
5289518,CC(C)(C)C1=C(C(=O)NS1)C[C@@H](C(=O)O)N,,
5289531,CC(C)C1=CC(=C(C(=C1)C(C)C)S(=O)(=O)N[C@@H](CC2=CC(=CC=C2)C(=N)N)C(=O)N3CCN(CC3)C(=O)CCN)C(C)C,,
5289534,C1=CN(C(=O)NC1=O)[C@H]2[C@@H]([C@@H]([C@H](O2)CO)OP(=O)(O)O)F,,
5289540,CC1=C(C(=O)C(=C(C1=O)OC)OC)C/C=C(\C)/CC/C=C(\C)/CC/C=C(\C)/CC/C=C(\C)/CC/C=C(\C)/CC/C=C(\C)/CCC=C(C)C,,
5289545,CC(C)[C@H](C(=O)O)O,,
5289555,CCCC(=NCCC[C@@H](C(=O)O)N)N,,
5289556,CC(C)[C@@H](C(=O)NS(=O)(=O)OC[C@@H]1[C@H]([C@H]([C@@H](O1)N2C=NC3=C(N=CN=C32)N)O)O)N,,
5289566,C[C@H]1COC(=N1)C2=CC=C(C=C2)OCCCCCC3=CC(=NO3)C,,
5289590,C([C@H]([C@@H](C(=O)CO)O)O)O,,
5289613,CCOC(=O)C1=CC2=C(C=C(C=C2)O)OC1=O,,
5289619,C1=CN=CC=C1C(=O)C2=C(C=[N+](C=C2)[C@H]3[C@@H]([C@@H]([C@H](O3)COP(=O)(O)OP(=O)(O)OC[C@@H]4[C@H]([C@H]([C@@H](O4)N5C=NC6=C(N=CN=C65)N)O)O)O)O)C(=O)N,,
5289774,C1=CC(=CC(=C1)N2C(=O)/C(=C/C3=CC=C(O3)C4=C(C=C(C=C4)Cl)Cl)/SC2=S)C(F)(F)F,,
5289916,C1=CC=C2C(=C1)NC(=N2)/C(=C/C3=CC=C(O3)C4=CC(=C(C=C4)Cl)C(=O)O)/C#N,,
5290170,C=CCC1=C(C=CC2=C1OC(=O)C=C2)O,,
5291322,C1=CC=C(C(=C1)C2=CC=C(O2)/C=C(\C#N)/C3=NC4=CC=CC=C4N3)C(=O)O,,
5291337,CC(=O)OC1=CC=CC=C1/C=C/C2=NC3=CC=CC=C3C(=O)O2,,
5291488,C1=CC(=C(C=C1C2=CC(=O)C3=C(C=C(C=C3O2)OC4C(C(C(C(O4)CO)O)O)O)O)O)O,,
5291685,C1=CC=C2C(=C1)C(=O)OC(=N2)/C=C/C3=CC=C(S3)[N+](=O)[O-],,
5291723,CC1=C2C(=CC(=N1)C(=O)OC)C3=CC=CC=C3N2,,
5291959,C1=CC=C(C=C1)/C=C/C(=O)C2=CC=C(C=C2)[N+](=O)[O-],,
5292081,CC1=CC=C(O1)/C=C(/C(=O)NCCN2CCOCC2)\NC(=O)C3=CC=CC=C3,,
5292405,C1=CC(=C(C=C1C2=CC=C(O2)/C=C\3/C(=O)N(C(=N)S3)C4=NC=CS4)C(=O)O)O,,
5292673,C1=CC(=CC=C1C=C2C(=O)NC(=O)NC2=O)O,,
5293152,C1=CC(=CC=C1/C=C/C(=O)C2=CC=C(C=C2)Br)Cl,,
5293559,CC1(C(OC(=O)C(C1=O)(C)C)/C=C/C2=CC(=CC=C2)[N+](=O)[O-])C,,
5293655,CC1C(C(C(C(O1)OCC2C(C(C(C(O2)OC3=C(OC4=CC(=CC(=C4C3=O)O)O)C5=CC(=C(C=C5)O)O)O)O)O)O)O)O,,
5293677,C1=CC=C(C=C1)CCN2C(=NC3=CC=CC=C3C2=O)/C=C/C4=CN=CC=C4,,
5294276,CC1=CC(=NC(=N1)Cl)OC2=NN=C(C=C2)OCC(=O)N,,
5295112,CC1=CC2=C(C=C1)NC3=C2CCN4C3(C(OC4=O)(C)C)C,,
5295122,CN1C=C(C(=O)C2=CC=CC=C21)C(=O)NCCO,,
5295486,CC1(CC(CC(N1)(C)C)NC(=O)C2=[N+](ON=C2N)[O-])C,,
5295598,C1COC2=CC=CC=C2N1C(=O)C3=CC(=CC=C3)C(F)(F)F,,
5295624,CC(C)CC1=CC=C(O1)C(=O)NCCOC2=CC=CC=C2,,
5295635,CC1=CC2=C(C=C1S(=O)(=O)N(C)C3=CC=CC=C3)NC(=O)CO2,,
5295704,COC(=O)C1=NN(C=C1)CC2=CC=CC=C2Cl,,
5295760,CC(=O)C1=CC(=CC=C1)NC2=NC3=CC=CC=C3N4C2=NN=C4,,
5295978,CC1=C(SC2=C1C(=O)N(C(=N2)SCCO)C3=CC=CC=C3)C,,
5296155,C1OC2=C(O1)C=C(C=C2)NC(=O)CN3C=C(C(=N3)C(=O)N)[N+](=O)[O-],,
5296270,CCN1C=C(C(=N1)C(=O)NC2=CC3=C(C=C2)OCCO3)Cl,,
5296322,C1C2CC3CC1CC(C2)(C3)C(=O)NCCC4=CC=CS4,,
5297270,CN1C=C(C(=O)C2=CC=CC=C21)C(=O)NC3=CC=CC=N3,,
5297318,CC1=C(SC=N1)C(=O)NC2=CC=CC(=C2)C(F)(F)F,,
5297388,C1=CC(=NN=C1)C(=O)NC2=CC=C(C=C2)F,,
5297390,COC1=CC=C(C=C1)NC(=O)C2=NN=CC=C2,,
5297391,COC1=CC=CC(=C1)NC(=O)C2=NN=CC=C2,,
5297648,COC1=CC=CC(=C1)C2(C3=CC=CC=C3NC2=O)O,,
5297649,CC1=CC2=C(C=C1)NC(=O)C2(C3=CC=CC=C3OC)O,,
5297651,COC1=CC=CC=C1C2(C3=CC=CC=C3NC2=O)O,,
5297654,C1=CC(=CC=C1C2(C3=C(C=CC(=C3)Br)NC2=O)O)F,,
5297668,COC1=CC=C(C=C1)C2(C3=CC=CC=C3NC2=O)O,,
5297749,CC1=CC2=C(C=C1)NC(=O)C2(C3=CC=C(C=C3)OC)O,,
5298288,CC1=NN(C=C1)C2=CC=C(C=C2)NC(=O)C3=CC=CS3,,
5298698,CC(C)(C)C1=CC=C(C=C1)NC2=NN=C(C3=CC=CC=C32)C4=CC=C(C=C4)C(=O)N,,
5298758,C1=CC(=CC=C1C(=O)CN2C(=NC(=N2)Cl)Cl)F,,
5299222,C1=CC(=CC(=C1)NC(=O)C2=CN=CS2)C(F)(F)F,,
5299228,C1=CC(=CC=C1NC(=O)C2=CN=CS2)Cl,,
5300482,CSC1=NSC(=N1)SCC(=O)NC2=C(C=C(C=C2)F)F,,
5300647,C1=CC=C(C=C1)CCNC(=O)C2=NC3=CC=CC=C3N=C2,,
5300967,CC1=CC2=C(C=C1S(=O)(=O)N(C)C3=CC=CC=C3)N(C(=O)N2C)C,,
5301685,COC1=C(C=C(C=C1)S(=O)(=O)NCCC2=CC=CO2)OC,,
5301701,COC1=C(C=CC(=C1)C(F)(F)F)C(=O)NCCC2=CC=CO2,,
5302342,COC1=C(C=C2CNC(CC2=C1)C(=O)NCC3=CC=CC=C3)OC,,
5302715,COC1=CC=C(C=C1)C(=O)/C=C/C2=CC=C(C=C2)Cl,,
5302918,CC(=O)N1C(OC(=N1)C2=CC(=CC=C2)[N+](=O)[O-])(C)C3=CC=CS3,,
5303039,C1CCN(C1)C(=O)C2=CC3=CC=CC=C3C=C2O,,
5303059,C1=CC=C2C(=C1)C=CC(=C2O)C(=O)NC3=CN=CC=C3,,
5303481,CC1=CC(=NN1CCCC(=O)OC)NC(=O)C2=CC=CO2,,
5303784,CC1=NOC(=C1[N+](=O)[O-])/C=C/C2=CN=CC=C2,,
5304331,C1=CC=C2C(=C1)C(=CN2)C(=O)C(=O)NC3=CC(=CC=C3)F,,
5304336,C1COC2=C(O1)C=CC(=C2)NC(=O)C(=O)C3=CNC4=CC=CC=C43,,
5304380,COC1=CC(=CC(=C1OC)OC)C(=O)NC2=CC=CC(=C2)C3=CN4C=CC=NC4=N3,,
5305418,CC1=C(C(=CC=C1)C)NC(=O)C(=O)C2=CN(C3=CC=CC=C32)C,,
5305422,CC1=CC=C(C=C1)C2=CSC(=O)N2,,
5305969,CCC1=C(NN(C1=O)C2=NNN=N2)C,,
5306150,C1COCCN1C2=C(C=C(C=C2)NC(=O)OCC3=CC=CC=C3)F,,
5306234,CC1=C2C(=CC(=O)N1CC3=CC=CC=C3)NN(C2=O)C4=CC=C(C=C4)F,,
5306648,C1=CC2=C(C(=C(N2C=C1)C(=O)C3=CC=C(C=C3)F)N)C(=O)N,,
5306837,CC1=CSC(=N1)NC(=O)CN2C(=O)COC3=C2C=C(C=C3)Cl,,
5307115,CCOC1=CC=C(C=C1)C2=NOC(=N2)CCC(=O)O,,
5307118,CC1=C(N=C(O1)C2=CC(=CC=C2)OC)CS(=O)CC(=O)NCC3=CC4=C(C=C3)OCO4,,
5307170,CN1C2=C(C=C(C=C2)S(=O)(=O)N3CCCC(C3)C(=O)NCC4=CC=CS4)OC1=O,,
5307258,CN1C(=NN=C1SCC(=O)NC2=CC=CC=C2OC)CN3C4=CC=CC=C4SC3=O,,
5307343,C1C(C(NC1=O)C(=O)O)C2=CC=CC=C2,,
5307604,CC1=CC(=C(C=C1)NC(=O)CSC2=NN=C(N2C3=CC=C(C=C3)F)CC4=CC=CN4C)C,,
5307605,CN1C=CC=C1CC2=NN=C(N2CCC3=CC=CC=C3)SCC(=O)NC4=CC=C(C=C4)F,,
5307635,CCN1C=C(C(=O)C2=C1C=CC(=C2)S(=O)(=O)N(C)C)C(=O)NCCC3=CCCCC3,,
5307663,CCN1CCCC1CNC(=O)C2=CC3=C(N2C)C4=CC=CC=C4N(C3=O)C,,
5307705,CCOC(=O)N1CCC(CC1)NC(=O)C2=CC=CC3=C2C(=O)N(C3)C4=CC=C(C=C4)OC,,
5307760,CN1C2=C(C=C(C=C2)S(=O)(=O)N(C)CC(=O)N3CCC4=CC=CC=C4C3)C(=O)N(C1=O)C,,
5307812,CC1CC2=C(C(=C(N2)C(=O)OC3CCCCCC3)C)C(=O)C1C(=O)OC,,
5307944,C1=CC=C(C(=C1)CN2C(C3=CC=CC=C3C2=O)NC4=CN=CC=C4)Cl,,
5307992,C1CC(CN(C1)S(=O)(=O)C2=CN=CN2)C(=O)NCC3COC4=CC=CC=C4O3,,
5308023,C1CCN(CC1)C2=NC3=C(S2)C=C(C=C3)C(=O)N4CCN(CC4)CC5=CC6=C(C=C5)OCO6,,
5308032,C1C2=CC=CC=C2C(=O)N1[C@H](C3=CC=CC=C3)C(=O)O,,
5308089,CCOC(=O)CN1CC2=C(C1=O)C(=CC=C2)C(=O)O,,
5308312,CC1=C(C=NC2=CC(=NN12)C3=CC=C(C=C3)Cl)C(=O)O,,
5308979,C1CN(CCN1C2=CC=CC=N2)C(=O)CN3C(=O)C4=CC=CC=C4C(=N3)CC5=CN=CC=C5,,
5309212,CN1CN2C(=O)CC(C(=C2SC1)C#N)C3=CC(=C(C=C3OC)OC)OC,,
5309260,CC1=CC2=C(C=C1)OC(=O)C3=C2N(N=C3)CC(=O)NC4=CC=CC=C4N5CCN(CC5)C,,
5309421,CN1C=CC=C1CC2=NN=C(N2C3=CC=C(C=C3)OC)SCC(=O)NC4=CC=CC=C4F,,
5309545,CN1C2=C(C=C(S2)C(=O)NCCN3CCOCC3)C(=N1)C4=CC=C(C=C4)Cl,,
5309555,CCOC(=O)N1CCN(CC1)C(=O)C2=CC=C(O2)CS(=O)(=O)C3=C(C=CC=C3Cl)Cl,,
5309580,C1C2=CC=CC=C2C(=O)N1[C@@H](CC3=CC=CC=C3)C(=O)O,,
5309738,CN1C2=C(C=C(C=C2)S(=O)(=O)CCC(=O)N(C)CC3=CC=CC=C3)N(C(=O)C1=O)C,,
5309782,C1CN(CC2=CC=CC=C21)C(=O)C3=NN=C(O3)CC4=CC=C(C=C4)Cl,,
5309788,CC1=CC(=C(C=C1)C)CN2C(=C(N=N2)C(=O)NC3=CC(=CC(=C3)C)C)N,,
5309875,COC1=CC=C(C=C1)N2CC3=C(C2=O)C(=CC=C3)C(=O)O,,
5309879,C1CCC(CC1)N2CC3=C(C2=O)C(=CC=C3)C(=O)N,,
5309881,COC1=CC=CC(=C1)NC(=O)C2=C(N(N=N2)CCC3=CC=CC=C3)N,,
5309908,CCN1CCCC1CNC(=O)C2=CC3=C(S2)N(N=C3C4=CC=C(C=C4)Cl)C,,
5309966,CC1=C(C(=NN1C)C)S(=O)(=O)N(CC(=O)NC2=NC=CS2)C3=CC=C(C=C3)OC,,
5310346,C/C=C/CN1C2=C(N=C1SCCCC3=CC=CC=C3)N(C(=O)NC2=O)C,,
5310473,CC1=CC(=O)OC2=C1C=CC(=C2N)O,,
5310564,C1CC(OC1)CNC(=O)CSC2=NN3C(=NN=C3C4=CC=CC=N4)C=C2,,
5310638,CC1=C(C(=O)C2=C(O1)C=C(C=C2)O)OC3=CC=CC=C3,,
5310655,C1=CC=NC(=C1)N/C=C\C(=O)C2=CC=C(C=C2)Cl,,
5310669,C1=CC(=CC=C1C2=COC3=C(C2=O)C=CC(=C3)O)F,,
5310801,C1OC2=C(O1)C=C(C=C2)C(=O)/C=C\NC3=CC(=CC=C3)F,,
5310861,CN(C)CCN1C(/C(=C(/C2=CC=C(C=C2)S(=O)(=O)N3CCOCC3)\O)/C(=O)C1=O)C4=CC=CC=C4,,
5310936,C[C@H](C1=CC(=CC=C1)C(=O)O)N(C)C[C@@H](CP(=O)(CC2=CC=C(C=C2)OC)O)O,,
5310939,CCOC(=O)[C@H](CCC(=O)N[C@@H](CSCC1=CC=CC=C1)C(=O)N[C@H](C2=CC=CC=C2)C(=O)OCC)N,,
5310951,CC(C)C[C@@H](C(=O)O)NC(=O)[C@@H]1CCCN1C(=O)[C@H](CO)NC(=O)[C@H](CC2=CC=CC=C2)NC(=O)CNC(=O)[C@@H]3CCCN3C(=O)[C@@H]4CCCN4C(=O)[C@H](CCCN=C(N)N)NC(=O)[C@H](CCCCN)N,,
5310956,C1[C@@H]([C@H]1C(=O)O)[C@@H](C(=O)O)N,,
5310958,C1[C@H]([C@H]1C(=O)O)[C@@H](C(=O)O)N,,
5310960,CCCN1C=C2C(=N1)N=C(N3C2=NC(=N3)C4=CC=CO4)NC(=O)NC5=CC=C(C=C5)OC,,
5310971,C1CN2CCC1[C@@]3(C2)CNC(=O)O3,,
5310979,[C@@H]1([C@@H](C1[C@@H](C(=O)O)N)C(=O)O)C(=O)O,,
5310984,C1[C@@H](NC[C@]1(C(=O)O)N)C(=O)O,,
5310987,C(/C=C/C(=O)O)N,,
5310988,C1CC1CN2CC[C@]34[C@@H]5C(=O)/C(=C/C6=CC=CC=C6)/C[C@]3([C@H]2CC7=C4C(=C(C=C7)O)O5)O,,
5310990,CCCCN(CCCC)C(=O)CN1C[C@H]([C@@H]([C@H]1C2=CC=C(C=C2)OC)C(=O)O)C3=CC4=C(C=C3)OCO4,,
5310991,CCCOC1=CC=C(C=C1)[C@H]2[C@@H]([C@H](CN2CC(=O)NC3=C(C=CC=C3CC)CC)C4=CC5=C(C=C4)OCO5)C(=O)O,,
5310992,CNC(=O)[C@@H]1[C@H]([C@H]([C@@H](O1)N2C=NC3=C(N=CN=C32)NCC4=CC=C(C=C4)N)O)O,,
5310993,CC1=CN=C(C=[N+]1[O-])C(=O)O,,
5310998,CCCCCC(C1=CC=C(C=C1)C2CCC(=O)C2CCCCCCC(=O)O)O,,
5310999,C1COCCN1[C@@H]2[C@H]([C@H](CC2=O)OCC3=CC=C(C=C3)C4=CC=CC=C4)CC/C=C\CCC(=O)O,,
5311000,C[C@@H]1C[C@H]2[C@@H]3[C@@H](CC4=CC(=O)C=C[C@@]4([C@H]3[C@H](C[C@@]2([C@]1(C(=O)CO)O)C)O)C)Cl,,
5311003,CC(C)C[C@@H](C(=O)N[C@@H](CCCN=C(N)N)C(=O)N[C@@H](CCCCN)C(=O)N[C@@H](CC1=CC=C(C=C1)O)C(=O)N2CCC[C@H]2C(=O)N[C@@H](CCCCN)C(=O)O)NC(=O)[C@H](CC3=CC=CC=C3)NC(=O)CNC(=O)CNC(=O)[C@H](CC4=CC=C(C=C4)O)N,,
5311004,CC(=O)NCC1CCCC2=C1C3=C(N2C)C=CC(=C3)OC,,
5311005,CC1=C(C2=C(C=C1)C(=O)N3C=C(CC3C(N2)O)/C=C/C(=O)N)O,,
5311006,CCCCC/C=C\C/C=C\C/C=C\C/C=C\CCCC(=O)NCCCl,,
5311007,CCCCC/C=C\C/C=C\C/C=C\C/C=C\CCCC(=O)NC1CC1,,
5311010,CC[C@H](C)[C@H]1C(=O)N[C@H](C(=O)N[C@H](C(=O)N[C@@H](CSSCCC(=O)N[C@@H](C(=O)N1)CC2=CC=C(C=C2)OCC)C(=O)N3CCC[C@H]3C(=O)N[C@@H](CCCN)C(=O)NCC(=O)N)CC(=O)N)[C@@H](C)O,,
5311015,CCCCC/C=C\C/C=C\C=C\C=C\[C@H]([C@H](CCCC(=O)O)O)SC1=CC=C(C=C1)C(=O)O,,
5311016,CCCC[C@@H](C(=O)N[C@@H](CC(=O)O)C(=O)N[C@@H](CC1=CC=CC=C1)C(=O)N[C@H](CCCC)NC(=O)[C@H](CC2=CC=C(C=C2)OS(=O)(=O)O)NC(=O)OC(C)(C)C)N(C)C(=O)[C@H](CC3=CNC4=CC=CC=C43)NC(=O)CC(=O)N,,
5311018,COC(=O)/C=C/C(=O)N[C@@H]1CC[C@]2([C@H]3CC4=C5[C@]2([C@H]1OC5=C(C=C4)O)CCN3CC6CC6)O,,
5311022,C1=CC=C(C=C1)C(C2=CC=CC=C2)C(=O)N[C@H](CCCN=C(N)N)C(=O)NCC3=CC=C(C=C3)CNC(=O)N,,
5311023,C1=CC=C(C=C1)C(C2=CC=CC=C2)C(=O)N[C@H](CCCN=C(N)N)C(=O)NCC3=CC=C(C=C3)O,,
5311026,C[C@H]([C@H]1C(=O)N[C@H](C(=O)N[C@@H](CSSC[C@@H](C(=O)N[C@H](C(=O)N[C@H](C(=O)N[C@@H](C(=O)N[C@H](C(=O)N1)CCCCN)CC2=CNC3=CC=CC=C32)CC4=CC=CC=C4)CC5=CC=CC=C5)N)C(=O)N)CC6=CC=CC=C6)O,,
5311027,CCNC(=O)CCC/C=C\C[C@H]1[C@H](C[C@H]([C@@H]1/C=C/[C@H](CCC2=CC=CC=C2)O)O)O,,
5311029,CC(C)N1C2=CC=CC=C2N(C1=O)C(=O)NC3C[C@H]4CC[C@@H](C3)N4C,,
5311032,CCCC[C@H](C(=O)O)NC(=O)[C@@H](CC1=CN(C2=CC=CC=C21)C(=O)OC)NC(=O)[C@H](CC(C)(C)C)NC(=O)N3[C@@H](CCC[C@@H]3C)C,,
5311035,CCCC1(CCC1)[C@@H](C/C=C/[C@H]2[C@@H](CC(=O)[C@@H]2CCCCCCC(=O)OC)O)O,,
5311037,CCN1C2=C(C(=O)N(C1=O)CC)N(C(=N2)/C=C/C3=CC(=C(C=C3)OC)OC)C,,
5311040,C1C2(CC1(C2)C(=O)O)[C@@H](C(=O)O)N,,
5311041,CC(=O)NCCNC1=NC(=NC2=C1C=C(N2)C(=O)N3CCN(CC3)CCCC4=CC=CC=C4)C5=CC=CC=C5,,
5311043,C[C@H](C1=CC(=CC=C1)C(=O)O)NC[C@@H](CP(=O)(CCCCCNC(=O)CCC2=CC(=C(C=C2)O)I)O)O,,
5311044,CCC#CC[C@H](C)[C@@H](C#C[C@H]1[C@@H](C[C@H]2[C@@H]1C/C(=C/COCC(=O)O)/C2)O)O,,
5311047,CO[C@@H]1CN(CC[C@@H]1NC(=O)C2=CC(=C(C=C2OC)N)Cl)CCCOC3=CC=C(C=C3)F,,
5311051,C[C@H]1C[C@H]2[C@@H]3CCC4=CC(=O)C=C[C@@]4([C@]3([C@H](C[C@@]2([C@]1(C(=O)CCl)O)C)O)F)C,,
5311052,C[C@@H]1C[C@H]2[C@@H]3C[C@@H](C4=CC(=O)C=C[C@@]4([C@]3([C@H](C[C@@]2([C@H]1C(=O)CO)C)O)Cl)C)F,,
5311053,C1[C@@H]([C@@H]([C@H]([C@@H]1O)/C=C/[C@H](COC2=CC(=CC=C2)Cl)O)C/C=C\CCCC(=O)O)O,,
5311054,CCC(C)CCCC(=O)N[C@@H](CCN)C(=O)N[C@@H]([C@@H](C)O)C(=O)N[C@@H](CCN)C(=O)N[C@H]1CCNC(=O)[C@@H](NC(=O)[C@@H](NC(=O)[C@@H](NC(=O)[C@@H](NC(=O)[C@H](NC(=O)[C@@H](NC1=O)CCN)CC(C)C)CC(C)C)CCN)CCN)[C@@H](C)O,,
5311058,C[C@H]([C@H]1C(=O)N[C@@H](C(SSC[C@@H](C(=O)N[C@H](C(=O)N[C@@H](C(=O)N[C@H](C(=O)N1)CCCN)CC2=CNC3=CC=CC=C32)CC4=CC=C(C=C4)O)NC(=O)[C@@H](CC5=CC=CC=C5)N)(C)C)C(=O)N[C@@H]([C@@H](C)O)C(=O)N)O,,
5311065,C1C[C@H](N(C1)C(=O)[C@@H]2CSSCCC(=O)N[C@H](C(=O)N[C@H](C(=O)N[C@H](C(=O)N[C@H](C(=O)N2)CC(=O)N)CCC(=O)N)CC3=CC=CC=C3)CC4=CC=C(C=C4)O)C(=O)N[C@H](CCCN=C(N)N)C(=O)NCC(=O)N,,
5311066,C[C@]12C[C@@H]([C@H]3[C@H]([C@@H]1C[C@@H]4[C@]2(OC(O4)(C)C)C(=O)CO)CCC5=CC(=O)C=C[C@]35C)O,,
5311067,C[C@@H]1C[C@H]2[C@@H]3CCC4=CC(=O)C=C[C@@]4([C@]3([C@H](C[C@@]2([C@H]1C(=O)CO)C)O)F)C,,
5311079,CC[C@](CCC(=O)O)(C(=O)O)N,,
5311080,C1C[C@H](N(C1)C(=O)[C@H](CC2=CC=C(C=C2)O)N)C(=O)N[C@@H](CC3=CNC4=CC=CC=C43)C(=O)N[C@@H](CC5=CC=CC=C5)C(=O)N,,
5311081,C1C[C@H](N(C1)C(=O)[C@H](CC2=CC=C(C=C2)O)N)C(=O)N[C@@H](CC3=CC=CC=C3)C(=O)N[C@@H](CC4=CC=CC=C4)C(=O)N,,
5311093,CCCCCCCC/C=C\CCCCCCCC(=O)NCC1=CC(=C(C=C1)O)OC,,
5311096,C1CC(CCC1CCN2CCC3=C(C2)C=CC(=C3)C#N)NC(=O)C4=CC=NC5=CC=CC=C45,,
5311097,CN(C)[C@@H]1CCC2=C(C1)C3=C(N2)C=CC(=C3)NC(=O)C4=CC=C(C=C4)F,,
5311100,C1[C@@H]([C@@H]([C@H]([C@@H]1O)/C=C/[C@H](COC2=CC=CC(=C2)C(F)(F)F)O)C/C=C\CCCC(=O)O)O,,
5311101,C[C@@H]1C[C@H]2[C@@H]3C[C@@H](C4=CC(=O)C=C[C@@]4([C@]3([C@H](C[C@@]2([C@]1(C(=O)SCF)O)C)O)F)C)F,,
5311102,C[C@H]1C[C@@H]([C@@H]([C@H](/C=C(/[C@@H]([C@H](/C=C\C=C(\C(=O)NC2=CC(=O)C=C([C@@H]1OC)C2=O)/C)OC)OC(=O)N)\C)C)OC)OC,,
5311103,C[C@@]12[C@H]([C@H](C[C@@H](O1)N3C4=CC=CC=C4C5=C6C(=C7C8=CC=CC=C8N2C7=C53)CNC6=O)NC)OC,,
5311104,CC1=C(C=CC(=C1)NC2=NC=C3C=C(C(=O)N(C3=N2)C)C4=C(C=CC=C4Cl)Cl)F,,
5311108,CC1=NC2=C(C=CC=C2OCC3=C(C=CC(=C3Cl)N(C)C(=O)CNC(=O)/C=C/C4=CN=C(C=C4)NC(=O)C)Cl)C=C1,,
5311110,C([C@H]([C@H]([C@H](C=O)O)O)O)O,,
5311111,C1C[C@H](N(C1)C(=O)[C@@H]2CCCN2C(=O)[C@H](CCCN=C(N)N)NC(=O)[C@H](CCCCN)N)C(=O)NCC(=O)N[C@@H](CC3=CC=CC=C3)C(=O)N[C@@H](CO)C(=O)N4CCC[C@H]4C(=O)N[C@@H](CC5=CC=CC=C5)C(=O)N[C@@H](CCCN=C(N)N)C(=O)O,,
5311114,CC1=CC(=C2C=CC=C(C2=N1)OCC3=C(C=CC(=C3Cl)N(C)C(=O)CNC(=O)/C=C/C4=CC=C(C=C4)C(=O)NC)Cl)OCC5=CC=CC=N5,,
5311116,C1CC1COCCOC2=CC(=C(C=C2)OCC(CNCCNC(=O)NC3=CC=C(C=C3)O)O)C#N,,
5311120,C1=CC=C(C=C1)C(COCC(=O)N[C@@H](CCCN=C(N)N)C(=O)O)C2=CC=CC=C2,,
5311121,CC(C)C1=CC=C(C=C1)N(CC2=CC=C(C=C2)N(C)C)C(=O)C3CCCC4=C3C=C(C=C4)OC.Cl,,
5311122,CC(C)C1=CC=C(C=C1)N(CC2=CC=C(C=C2)N(C)C)C(=O)C3CCCC4=C3C=C(C=C4)OC,,
5311123,CC(C)(CC[C@H](C[C@@H]([C@H](CC1=CC(=CC=C1)F)NC(=O)C2=NC3=CC=CC=C3N=C2)O)C(=O)N)O,,
5311124,C[C@@H]1CN(CCN1C(=O)COC2=C(C=C(C=C2)Cl)NC(=O)N)CC3=CC=C(C=C3)F.Cl,,
5311128,CC(C)C[C@@H](C(=O)N[C@@H](CCCN=C(N)N)C(=O)N1CCC[C@H]1C(=O)NNC(=O)N)NC(=O)[C@@H](COC(C)(C)C)NC(=O)[C@H](CC2=CC=C(C=C2)O)NC(=O)[C@H](CO)NC(=O)[C@H](CC3=CNC4=CC=CC=C43)NC(=O)[C@H](CC5=CN=CN5)NC(=O)[C@@H]6CCC(=O)N6,,
5311129,C[C@@H](C(=O)N[C@H](CC1=CNC2=CC=CC=C21)C(=O)N[C@@H](CC3=CC=CC=C3)C(=O)N(C)C)NC(=O)CNC(=O)C4CCCCC4,,
5311130,CC1=C(C=CC(=C1)C(=O)NC2=CC(=C(C=C2)OC)N3CCN(CC3)C)C4=CC=NC=C4,,
5311134,CC(=O)NCCN1CCC2=C1C3=C(C=C2)OCC3,,
5311136,CC1=C(N=CN1)CCC(=O)C2=CN(C3=CC=CC=C32)C,,
5311139,C[C@@H](C(=O)N[C@@H](CC(=O)O)C=O)NC(=O)[C@H](C(C)C)NC(=O)[C@H](CC1=CC=C(C=C1)O)NC(=O)C,,
5311147,C1C2CC3CC1CC(C2)(C3)CN4C5=CC=CC=C5N(C(=O)[C@@H](C4=O)NC(=O)NC6=CC=CC=C6)C7=CC=CC=C7,,
5311148,CC(C)N(C1=CC=C(C=C1)OC)C(=O)CN2C3=CC=CC=C3N(C(=O)C(C2=O)CC4=C5C=CC=CC5=NN4)C6=CC=CC=C6,,
5311161,C[C@@H](C(=O)CF)NC(=O)[C@H](CC1=CC=CC=C1)NC(=O)OCC2=CC=CC=C2,,
5311167,C[C@H]1C[C@H]2[C@@H]3C[C@@H](C4=CC(=O)C=C[C@@]4([C@]3([C@H](C[C@@]2([C@]1(C(=O)CCl)O)C)O)F)C)F,,
5311175,C1C[C@@H]2[C@@H]([C@H]([C@H]1O2)C/C=C\CCCC(=O)O)/C=C/[C@H](COC3=CC=C(C=C3)I)O,,
5311176,C1C[C@H](N(C1)C(=O)[C@@H](CC2=CC=CC=C2)N)C(=O)N[C@@H](CCCN=C(N)N)C(=O)CCl,,
5311180,CS(=O)(=O)O.CS(=O)(=O)O.C1=CC(=CC=C1C(=O)OC2=CC3=C(C=C2)C=C(C=C3)C(=N)N)N=C(N)N,,
5311181,CC#CCC(C)[C@@H](/C=C/[C@H]1[C@@H](C[C@H]2[C@@H]1C/C(=C/CCCC(=O)O)/C2)O)O,,
5311188,CC(C)(C)OC(=O)N[C@@H](CC1=CNC2=CC=CC=C21)C(=O)N[C@@H]3CCCN4[C@H]3CC(=O)N(C4=O)CC5=CC=CC=C5,,
5311192,CC1=CC(=CC(=C1)C(=O)N(C)[C@H](CC2=CC=C(C=C2)C3=CC=CC=C3)C(=O)N[C@@H](CC4=CNC5=CC=CC=C54)C(=O)O)C,,
5311194,CCN1C2=CC=CC=C2N(C1=O)[C@@H]3CCN(C[C@H]3CO)CC4CCCCCCC4,,
5311196,CCCC[C@@H](C(=O)NCC(=O)N[C@@H](CC1=CNC2=CC=CC=C21)C(=O)N[C@@H](CCCC)C(=O)N[C@@H](CC(=O)O)C(=O)OCCC3=CC=CC=C3)NC(=O)[C@H](CC4=CC=C(C=C4)OS(=O)(=O)O)NC(=O)OC(C)(C)C,,
5311198,CCCC(=O)NCCC1=C2C3=CC=CC=C3CCCN2C4=C1C=C(C=C4)OC,,
5311201,CC1=CC(=CC=C1)NC(=O)N[C@H]2C(=O)N(C3=CC=CC=C3C(=N2)C4=CC=CC=C4)C,,
5311202,CC1=C(C=CC=[N+]1[O-])CN2CCC(CC2)OC3=CC(=C(C=C3)C(=O)N4CCC(CC4)N5C6=CC=CC=C6COC5=O)OC,,
5311203,CCOC(=O)C1=C2[C@@H]3CCCN3C(=O)C4=C(N2C=N1)C=CC(=C4)OC,,
5311208,CC1CCCCC1[C@@H](/C=C/[C@H]2[C@@H](C[C@H]([C@@H]2C/C=C\COCC(=O)O)Cl)O)O,,
5311211,CCCCC/C=C/C=C/1\[C@H](C=CC1=O)C/C=C\CCCC(=O)O,,
5311213,CC1([C@H]2C[C@H]([C@H]([C@@H]1C2)NC(=O)C3=CSC4=C3C=C(C=C4)O)C/C=C\CCCC(=O)O)C,,
5311217,CCOC(=O)C1=C(NC(=C(C1C2=CC=CC=C2/C=C/C(=O)OC(C)(C)C)C(=O)OCC)C)C,,
5311218,C1=CC=C(C=C1)CO[C@@H]([C@@H](C(=O)O)N)C(=O)O,,
5311221,CC(C)OC(=O)CCC/C=C\C[C@H]1[C@H](C[C@H]([C@@H]1CC[C@H](CCC2=CC=CC=C2)O)O)O,,
5311223,C1CC(=O)[C@@H]([C@H]1/C=C/[C@H](COC2=CC=CC=C2)O)CCCCCCC(=O)O,,
5311225,COC(=O)CCC=C=CC[C@@H]1[C@H]([C@@H](CC1=O)O)/C=C/[C@H](COC2=CC=CC=C2)O,,
5311226,CCCCC[C@@H](/C=C/[C@H]1[C@@H](C[C@H]2[C@@H]1C(/C(=C/CCCC(=O)O)/O2)(F)F)O)O,,
5311227,CCCC[C@H](C)C[C@@H](/C=C/[C@H]1[C@@H](CC(=O)[C@@H]1CC(=O)C2CCC(CC2)C(=O)O)O)O,,
5311228,C=CCC1(CCC1)[C@H](C/C=C/[C@H]2[C@@H](C[C@H]([C@@H]2C/C=C\CCCC(=O)O)Cl)O)O,,
5311229,CCCCC[C@@H](/C=C/[C@H]1[C@@H](CC(=O)[C@@H]1C/C=C\CCCC(=O)O)OC)OC,,
5311230,COCC1=CC=CC=C1CC[C@@H](/C=C/[C@H]2[C@@H](CC(=O)[C@@H]2SCCCSCC(=O)O)O)O,,
5311232,CC(C1=CC=CC2=CC=CC=C21)C(=O)NC3=CC=CC=C3CC4=CC=CC=C4C(=O)O,,
5311234,C1[C@@H]([C@@H]([C@H]([C@@H]1O)/C=C/[C@H](COC2=CC=CC=C2)O)C/C=C\CCCC(=O)O)O,,
5311235,C1[C@@H]([C@@H]([C@H]([C@@H]1O)/C=C/[C@@H](CCC2=CC=CC=C2)O)C/C=C\CCCC(=O)O)O,,
5311236,CCCCCCCC(=O)CC[C@H]1[C@@H](C[C@@H]([C@@H]1C/C=C\CCCC(=O)O)O)O,,
5311238,C1[C@@H]([C@@H]([C@H]([C@H]1F)/C=C/[C@@H](C2CC3=CC=CC=C3C2)O)C/C=C\CCCC(=O)O)O,,
5311239,CCCCC[C@@H](CC[C@H]1[C@@H](C[C@@H]([C@@H]1CCCCCCC(=O)O)O)O)O,,
5311240,C1[C@@H]([C@@H]([C@H]([C@@H]1O)CC[C@H](COC2=CC(=CC=C2)Cl)O)CCCCCCC(=O)O)O,,
5311241,C1COC(O1)(COC2=CC=CC=C2)/C=C/[C@H]3[C@@H](C[C@@H]([C@@H]3C/C=C\CCCC(=O)O)O)O,,
5311242,CCCCC[C@@H](/C=C/[C@H]1[C@@H](C[C@H]2[C@@H]1C/C(=C\CCCC(=O)O)/C2)O)O,,
5311243,C1CCC(CC1)[C@@H](/C=C/[C@H]2[C@@H](C[C@H]3[C@@H]2C/C(=C/C4=CC(=CC=C4)C(=O)O)/O3)O)O,,
5311244,CCCCC[C@@H](/C=C/[C@H]1[C@@H](C[C@H]2[C@@H]1CC(=C2)CCCCC(=O)O)O)O,,
5311254,CN1[C@@H]2CC[C@H]1CC(C2)NC(=O)C3=NN(C4=CC=CC=C43)C,,
5311257,COC1=CC=C(C=C1)C2=C(C3=C(O2)C=C(C=C3)OC)C(=O)C4=CC=C(C=C4)C#N,,
5311258,CN1CCC(CC1)C2=CNC3=C2C=C(C=C3)NC(=O)C4=CC=C(C=C4)F,,
5311261,CC1=C(C=CC(=C1)C(=O)O)[C@@H](C(=O)O)N,,
5311263,CCCCCCCC/C=C\CCCCCCCC(=O)OC[C@H](COP(=O)(O)O)O,,
5311264,CC(=O)OC[C@H](COP(=O)([O-])OCC[N+](C)(C)C)O,,
5311268,CC1=CC(=O)OC2=C1C=CC(=C2)NC(=O)[C@H](CCCCN)NC(=O)[C@H](CC3CCCCC3)NC(=O)OCC4C5=CC=CC=C5C6=CC=CC=C46,,
5311272,C[C@@H](C(=O)N[C@@H](C1=CC=CC=C1)C(=O)OC(C)(C)C)NC(=O)CC2=CC(=CC(=C2)F)F,,
5311274,CC(C)C[C@H]1C(=O)N[C@H](C(=O)N[C@@H]2CC(=O)NC[C@H](C(=O)N1)NC(=O)[C@@H](NC(=O)[C@H](NC2=O)CC3=CNC4=CC=CC=C43)CC5=CC=CC=C5)CCSC,,
5311281,C[C@@H]1CCC[C@H](/C=C/C(=O)O[C@]23[C@@H](/C=C/C1)[C@@H](C(=C)[C@H]([C@H]2[C@@H](NC3=O)CC4=CC=CC=C4)C)O)O,,
5311283,CN(CCC(C1=CC=C(C=C1)F)OC2=CC=C(C=C2)C3=CC=CC=C3)CC(=O)O,,
5311285,CN(CC[C@H](C1=CC=CC=C1)OC2=CC=C(C=C2)C(F)(F)F)CC(=O)O,,
5311287,CN(C)C1(CCCC1)CNC(=O)C2=CC(=C(C(=C2)OC)OCC3=CC=CC=C3)OC,,
5311291,CN1[C@@H](CCC1=O)C(=O)N[C@@H](CC2=CN=CN2)C(=O)N3CCC[C@H]3C(=O)N,,
5311299,COC1=CC(=C(C=C1C(=O)OCCN2CCCCC2)Cl)N,,
5311309,CC(C)C1CCC(CC1)C(=O)N[C@H](CC2=CC=CC=C2)C(=O)O,,
5311311,C[C@H]([C@@H](C(=O)N[C@@H](CC(=O)O)C(=O)N[C@@H](CO)C(=O)N[C@@H](CC1=CC=CC=C1)C(=O)N[C@@H](C(C)C)C(=O)NCC(=O)N[C@@H](CC(C)C)C(=O)N[C@@H](CCSC)C(=O)N)NC(=O)[C@H](CCCCN)NC(=O)[C@H](CC2=CN=CN2)N)O,,
5311312,CC(C)C[C@@H](C(=O)N[C@@H](CCSC)C(=O)N)NC(=O)CNC(=O)[C@H](C(C)C)NC(=O)[C@H](CC1=CC=CC=C1)NC(=O)[C@H](CC2=CC=CC=C2)NC(=O)[C@H](CC(=O)O)NC(=O)[C@H](CC3=CN=CN3)NC(=O)[C@H](CCSC)NC(=O)[C@H](CC(=O)O)N,,
5311318,CC[C@H](C)[C@@H](C(=O)N[C@@H](CC(C)C)C(=O)O)NC(=O)[C@H](CC1=CC=C(C=C1)O)NC(=O)[C@@H]2CCCN2C(=O)[C@H](CCCN=C(N)N)NC(=O)[C@H](CCCN=C(N)N)N,,
5311319,CC(C)C[C@@H](C(=O)O)NC(=O)[C@H](C(C)(C)C)NC(=O)[C@H](CC1=CC=CC2=C1NC=C2)NC(=O)[C@@H]3CCCN3C(=O)[C@H](CCCCN)NC(=O)[C@H](CCCN=C(N)N)NC,,
5311330,C1=CC2=C(C=C1C(F)(F)F)NC(=O)N2C3=C(C=CC(=C3)Cl)O,,
5311331,C[C@@H]1[C@H]([C@@H]([C@@H]([C@@H](O1)OC\2CC3C(C(CC(O3)(CC(C(CCC(CC(CC(CC(=O)OC(C(C(C(/C=C/C=C/CC/C=C/C=C/C=C/C=C2)C)O)C)C)O)O)O)O)O)O)O)C(=O)O)O)N)O,,
5311334,CC1([C@@H]2C[C@H]1[C@@H]([C@H](C2)NC(=O)[C@@H](C3CCCC3)O)C/C=C\CCCC(=O)O)C,,
5311337,C[C@@H](C(=O)OCC1=CC=CC=C1)NC(=O)[C@H](CC2=CC3=C(C=C2)OCO3)CSC(=O)C,,
5311338,CC(=O)N[C@@H](CCCN=C(N)N)C(=O)N[C@@H](CC1CCCCC1)C(=O)N[C@@H]2CCC3N(C2=O)[C@H](CS3)C(=O)N[C@H](CCCN=C(N)N)C(=O)N[C@H](CC4=CC=C(C=C4)Cl)C(=O)N,,
5311339,CCC1=CC=C(C=C1)OCC2=CC=CC=C2C(=O)NC3=CC4=C(C=C(N=C4C=C3)C)N.Cl,,
5311340,CCC1=CC=C(C=C1)OCC2=CC=CC=C2C(=O)NC3=CC4=C(C=C(N=C4C=C3)C)N,,
5311344,C1=CC=C(C=C1)[C@@H]2[C@@H]([C@H]2C(=O)O)[C@@H](C(=O)O)N,,
5311345,CC1=C(C=CC(=C1)CN2C=NC3=C2C[C@H](N(C3)C(=O)C(C4=CC=CC=C4)C5=CC=CC=C5)C(=O)O)N(C)C,,
5311347,C[C@@](CC1=CNC2=CC=CC=C21)(C(=O)N[C@H](CC3=CC=CC=C3)CC(=O)O)NC(=O)OC4C5CC6CC(C5)CC4C6,,
5311350,C[C@@](CC1=CC=CC=C1)(C(=O)NCCCCCCCNC(=O)N)NC(=O)[C@H](CC2=CC=CC=C2)NC(=O)OC(C)(C)C,,
5311352,CC(C)C1=C(C(=CC=C1)C(C)C)NC(=O)N[C@@](C)(CC2=CNC3=CC=CC=C32)C(=O)NCC4(CCCCC4)C5=CC=CC=N5,,
5311358,CCCCCCCC/C=C\CCCCCCCC(=O)OC[C@H](COP(=O)(O)O[C@@H]1[C@@H]([C@@H]([C@H]([C@@H]([C@H]1O)OP(=O)(O)O)OP(=O)(O)O)O)O)OC(=O)CCCCCCC/C=C\CCCCCCCC,,
5311364,C[C@]12CCC(=O)C=C1CC[C@@H]3[C@@H]2C(=O)C[C@]4([C@H]3CC[C@@H]4C(=O)CO)C,,
5311365,C[C@H]1[C@@H](C[C@@]2(C([C@H]([C@H](O2)[C@H](C[C@@H]([C@H](C)[C@@H]([C@H](C)/C=C(\C)/C(=C/C=C/C(=C\C#N)/C)/C)O)O)OC)OP(=O)(O)O)(C)C)O[C@H]1C/C=C/C3=COC(=N3)[C@@H](C)CCNC(=O)[C@H]([C@H]([C@H](COC)N(C)C)O)O)O,,
5311371,C1=CC(=C(C=C1CN(CCCNC(=O)NCCCC2=CN=CN2)C3=NC=C(C=C3)Br)Cl)Cl,,
5311372,C[C@@H](C1=CNC2=CC=CC=C21)[C@H](C(=O)NC[C@@H]3CCC[C@H](C3)CN)NC(=O)N4CCC(CC4)N5C6=CC=CC=C6NC5=O,,
5311373,CCCC[C@H](C(=O)N[C@@H](CCCCN)C(=O)OC)NC(=O)N[C@@H](CC1=CC=CC=C1)C(=O)NC2=CC=C(C=C2)[N+](=O)[O-],,
5311374,COC(=O)[C@H](CCCN=C(N)N)NC(=O)CCCC1=C(NC2=C1C=C(C=C2F)F)C3=CC=CC=C3,,
5311375,C[C@@H](COC(=O)[C@H](CCCCN)NC(=O)CC1=C(NC2=C1C=CC3=CC=CC=C32)C4=CC5=CC=CC=C5C=C4)N,,
5311377,CN1C[C@@H](C[C@H]2[C@H]1CC3=C(C2)C(=CC=C3)OC)C(=O)N4CCN(CC4)C5=CC=C(C=C5)[N+](=O)[O-],,
5311382,CCN(CC)CCOC1=CC=C(C=C1)NC2=NC=C3C=C(C(=O)N(C3=N2)C)C4=C(C=CC=C4Cl)Cl,,
5311384,C1C[C@@H]2[C@@H]([C@H]([C@H]1O2)C/C=C\CCCC(=O)O)/C=C/[C@@H](COC3=CC=C(C=C3)F)O,,
5311387,CCCCC[C@@H](/C=C/[C@H]1CC2CC(C2)[C@@H]1C/C=C\CCCC(=O)O)O,,
5311398,CCC(=O)O[C@H]1[C@H](C[C@@H]2[C@@]1(CC[C@H]3[C@H]2CC[C@@H]4[C@@]3(C[C@@H]([C@H](C4)OC(=O)C)N5CCCCC5)C)C)[N+]6(CCCCC6)CC=C.[Br-],,
5311399,CCC(=O)O[C@H]1[C@H](C[C@@H]2[C@@]1(CC[C@H]3[C@H]2CC[C@@H]4[C@@]3(C[C@@H]([C@H](C4)OC(=O)C)N5CCCCC5)C)C)[N+]6(CCCCC6)CC=C,,
5311400,CCCC[C@@H](C(=O)N[C@@H](CC(=O)O)C(=O)N[C@@H](CC1=CC=CC=C1)C(=O)N)N(C)C(=O)[C@H](CC2=CNC3=CC=CC=C32)NC(=O)CC(=O)O,,
5311412,CCC(=O)[C@]1([C@@H](C[C@@H]2[C@@]1(C[C@@H]([C@H]3[C@H]2CCC4=CC(=O)C=C[C@]34C)O)C)C)C,,
5311416,COC1=C(C=C(C=C1)CCCN2CCC(CC2)CCC(=O)C3=CC(=C(C4=C3OCCO4)N)Cl)OC,,
5311418,CCOC(=O)C1=C2CN(C(=O)C3=C(N2C=N1)C=CC(=C3)C#C)C,,
5311422,CN1C=CC2=C1C=CC(=C2)NC(=O)NC3=CN=CC=C3.Cl,,
5311423,CCCCN1CCC(CC1)COC(=O)C2=CC(=C(C3=C2OCCO3)N)I,,
5311424,CC[C@@H](C1=CC=CC=C1)NC(=O)C2=C(C(=NC3=CC=CC=C32)C4=CC=CC=C4)O,,
5311425,CCCCN1C(=C(C=N1)/C=C(\CC2=CC3=C(C=C2OC)OCO3)/C(=O)O)C4=C(C=C(C=C4)OC)OCC5=CC=CC=C5C(=O)O,,
5311426,CCN1CCC2(CC1)COC3=C2C=C4C(=C3)CCN4C(=O)C5=CC=C(C=C5)C6=C(C=C(C=C6)C7=NN=C(O7)C)C,,
5311427,C[C@@](C/C=C/[C@H]1[C@@H](CC(=O)[C@@H]1CC/C=C\CCC(=O)OC)O)(/C=C/C2=CCCC2)O,,
5311429,CC1(CO[C@H](CN1)CC(=O)O)C,,
5311430,C[C@H]1C(=O)N[C@H](C(=O)N[C@@H](C(=O)N[C@H](C(=O)N[C@H](C(=O)N[C@H](C(=O)N1C)CC2=CC=CC=C2)C(C)C)CCCCN)CC3=CNC4=CC=CC=C43)CC5=CC=C(C=C5)O,,
5311437,CC1=C([C@H](C(=C(N1)C)C(=O)OC)C2=CC=C(C=C2)[N+](=O)[O-])C(=O)NCCCN3CCC(CC3)(C4=CC=CC=C4)C5=CC=CC=C5,,
5311447,CCOC(=O)[C@H](CCC1=CC=CC=C1)N[C@@H](C)C(=O)N2CC3(C[C@H]2C(=O)O)SCCS3,,
5311451,CC(C)C1=C(C=CC(=C1)C(=O)N(C)CCCN(C)C)N2C(=CC(=N2)C(=O)NC3(C4CC5CC(C4)CC3C5)C(=O)O)C6=C(C=CC=C6OC)OC,,
5311453,CCCCC[C@H](/C=C/[C@H]1C[C@H]2C[C@@H]([C@@H]1C/C=C\CCCC(=O)O)S2)O,,
5311455,C1=CC(=C(C=C1[C@@H](C(=O)O)N)O)C(=O)O,,
5311457,C[C@]([C@H]1C[C@@H]1C(=O)O)(C(=O)O)N,,
5311459,C1=CC(=CC=C1[C@@H](C(=O)O)N)C(=O)O,,
5311463,CC(COP(=O)(O)OC1=CC=CC=C1)(C(=O)O)N,,
5311469,CC(C)C[C@H]1C(=O)N[C@@H](C(=O)N[C@@H](C(=O)N[C@H](C(=O)N[C@H](C(=O)N[C@@H](C(=O)N1)C2=CC=CS2)CC(=O)O)CC(=O)N3CCC(CC3)C4=CC=CC=C4)CC(=O)O)CC5=CNC6=CC=CC=C65,,
5311479,CCCN1C(=O)C2=C(NC1=O)N=C(N2)C3=CC=C(C=C3)S(=O)(=O)O,,
5311481,C1[C@H](N(CC2=CC=CC=C21)C(=O)[C@H](CC3=CC=C(C=C3)O)N)CN[C@@H](CC4=CC=CC=C4)C(=O)N[C@@H](CC5=CC=CC=C5)C(=O)O,,
5311486,C1CN(CCC1C(=O)O)C2=NC3=C(C=C(C=C3)Cl)C(=N2)NCC4=CC5=C(C=C4)OCO5,,
5311493,CCCCC[C@@H](/C=C/[C@H]1[C@H]2C[C@@H]([C@@H]1C/C=C\CCCC(=O)O)CO2)O,,
5311494,C1=CN(C(=O)NC1=O)[C@H]2[C@@H]([C@@H]([C@H](O2)COP(=O)(O)OP(=O)(O)OP(=S)(O)O)O)O,,
5311497,CCC1=C[C@H]2C[C@@](C3=C(CN(C2)C1)C4=CC=CC=C4N3)(C5=C(C=C6C(=C5)[C@]78CCN9[C@H]7[C@@](C=CC9)([C@H]([C@@]([C@@H]8N6C)(C(=O)OC)O)OC(=O)C)CC)OC)C(=O)OC,,
5311498,CC1=CC2=C(C=C1C)N(C=N2)[C@@H]3[C@@H]([C@@H]([C@H](O3)CO)OP(=O)([O-])O[C@H](C)CNC(=O)CC[C@@]4([C@H]([C@@H]5[C@]6([C@@]([C@@H](/C(=C(/C7=N/C(=C\C8=N/C(=C(\C4=N5)/C)/[C@H](C8(C)C)CCC(=O)N)/[C@H]([C@]7(C)CC(=O)N)CCC(=O)N)\C)/[N-]6)CCC(=O)N)(C)CC(=O)N)C)CC(=O)N)C)O.[C-]#N.[Co+3],,
5311500,CC1=NN(C=C1)C2=CC(=C(C=C2)C(=O)N3CC4=CC=CN4CC5=CC=CC=C53)Cl,,
5311501,CC1=C(C2=C3N1[C@@H](COC3=CC=C2)CN4CCOCC4)C(=O)C5=CC=CC6=CC=CC=C65,,
5311505,C[C@@]12C[C@@H](C3=C4CCC(=O)C=C4CC[C@H]3[C@@H]1CC[C@@]2(CCCO)O)C5=CC=C(C=C5)N(C)C,,
5311510,C1=CC(=CC(=C1)C(=O)N)C2=CC(=NC=N2)NC3=CC=C(C=C3)OC(F)(F)F,,
5311778,C1C(=O)N(C2=C(O1)C=CC(=C2)Cl)CC(=O)NC3=CC=CC=N3,,
5311897,C1C(=O)NC2=C(N1)C=CC(=C2)C(F)(F)F,,
5312108,C1=CC=C(C=C1)[C@H](C(=O)O)NC(=O)[C@H](CS(=O)(=O)CCOP(=O)(N(CCCl)CCCl)N(CCCl)CCCl)NC(=O)CC[C@@H](C(=O)O)N.Cl,,
5312109,C1=CC=C(C=C1)[C@H](C(=O)O)NC(=O)[C@H](CS(=O)(=O)CCOP(=O)(N(CCCl)CCCl)N(CCCl)CCCl)NC(=O)CC[C@@H](C(=O)O)N,,
5312115,C[C@H](CC1=CC2=C(C=C1)OC(O2)(C(=O)[O-])C(=O)[O-])NC[C@@H](C3=CC(=CC=C3)Cl)O.[Na+].[Na+],,
5312119,CN(C)CCN(C)CCNC(=O)[C@@H]1CCCN1S(=O)(=O)C2=CC(=C(C=C2)NNC(=S)NC(C3=CC=CC=C3)C4=CC=CC=C4)[N+](=O)[O-],,
5312120,CCCCCCCOC1=CC2=C(C=C1/C(=C/C3=CC=C(C=C3)C(=O)O)/C)C(CCS2(=O)=O)(C)C,,
5312125,C[C@H](CC1=CC2=C(C(=C1)C(=O)N)N(CC2)CCCO)NCCOC3=CC=CC=C3OCC(F)(F)F,,
5312126,CN([C@@H](CC1=CC=C(C=C1)OS(=O)(=O)C2=CC=CC3=C2C=CN=C3)C(=O)N4CCN(CC4)C5=CC=CC=C5)S(=O)(=O)C6=CC=CC7=C6C=CN=C7,,
5312129,CCCCC1=NN(C(=O)N1CC2=CC=C(C=C2)C3=CC=CC=C3S(=O)(=O)NC(=O)C4=CC=C(S4)C)C5=CC=CC=C5C(F)(F)F,,
5312130,CCOC1=C2CN(C(=O)C2=C(C3=CC=CC=C31)OCC)C4=CC=C(C=C4)CC(=O)NS(=O)(=O)C5=CC=CC=C5,,
5312137,CN(C)S(=O)(=O)C1=CC\2=C(C=C1)NC(=O)/C2=C\C3=CC4=C(N3)CCCC4,,
5312138,C1C[C@H]2C[C@@H]1[C@@H]([C@H]2NS(=O)(=O)C3=CC=CC=C3)C/C=C\CCCC(=O)O,,
5312142,CC1=CC=C(C=C1)NC2=C(C=C(C=C2)[N+](=O)[O-])S(=O)(=O)NC(=O)NC(C)(C)C,,
5312150,CN(C)CC1CCC(CC1)CN=C(C2=CC=C(C=C2)C[C@H](C(=O)N3CCCC3)NC(=O)[C@@H](CC4=CC=CC=C4)NS(=O)(=O)C5=CC6=CC=CC=C6C=C5)N,,
5312153,CS(=O)(=O)NC(=O)CCC/C=C\C[C@@H]1[C@H]([C@@H](CC1=O)O)/C=C/[C@H](COC2=CC=CC=C2)O,,
5312287,C1CN(CCC1C(=O)C2=CC=C(C=C2)[18F])CCN3C(=O)C4=CC=CC=C4NC3=S,,
5312289,CC(C)CCCCCCCC(=O)O,,
5312331,CCCCCCCCCCC/C=C\C(C)(C)/C=C\CCCC(=O)O,,
5312350,CCCCCC/C=C\CC(=O)O,,
5312351,CCCCC/C=C\CCC(=O)O,,
5312376,CCCCCCCCC/C=C\C(=O)O,,
5312378,CCCCCC/C=C\CCCC(=O)O,,
5312381,CC/C=C\CCCCCCCC(=O)O,,
5312382,CCCCCCC/C=C/C=C/C(=O)O,,
5312399,CCCCCCCCC/C=C\CCC(=O)O,,
5312400,CCCCCCCC/C=C\CCCC(=O)O,,
5312402,CCCC/C=C/CCCCCCCC(=O)O,,
5312409,CCCCC/C=C\C/C=C\CCCC(=O)O,,
5312412,CCCCC/C=C/CCCCCCCCC(=O)O,,
5312413,CCCC/C=C/CCCCCCCCCC(=O)O,,
5312416,CC/C=C\CCCCCCCCCCCC(=O)O,,
5312419,CCCCCCCCC/C=C\CCCCC(=O)O,,
5312435,CCCCCC/C=C\CCCCCCCCC(=O)O,,
5312440,CCCCCCC/C=C/CCCCCCCC(=O)O,,
5312441,CCCC/C=C\CCCCCCCCCCCC(=O)O,,
5312474,CCCCCCCCC/C=C\C/C=C\CCCC(=O)O,,
5312483,CCCCCCCC/C=C\C/C=C\CCCCC(=O)O,,
5312488,CCCCC/C=C/CC/C=C/CCCCCCC(=O)O,,
5312495,CCCCC/C=C\C/C=C\CC/C=C\CCCC(=O)O,,
5312508,CC/C=C\C/C=C\C/C=C\C/C=C\CCCCC(=O)O,,
5312513,CCCCCCCC/C=C\CCCCCCCCC(=O)O,,
5312518,CCCCCC/C=C\CCCCCCCCCCCC(=O)O,,
5312528,CCCCCCCC/C=C\C/C=C\CCCCCCC(=O)O,,
5312529,CC/C=C\C/C=C\C/C=C\CCCCCCCCCC(=O)O,,
5312531,CCCCCCCC/C=C\C/C=C\C/C=C\CCCC(=O)O,,
5312536,CCCCC/C=C\C/C=C\CC/C=C\CCCCCC(=O)O,,
5312542,CCCCC/C=C/C/C=C/C/C=C/C/C=C/CCCC(=O)O,,
5312543,CC/C=C\C/C=C\C/C=C\CCCC/C=C\CCCC(=O)O,,
5312549,CCCCCCCCCC/C=C/CCCCCCCCCC(=O)O,,
5312554,CCCCC/C=C\C/C=C\CCCCCCCCCCCC(=O)O,,
5312557,CC/C=C\C/C=C\C/C=C\CCCCCCCCCCCC(=O)O,,
5312583,CC(=CCC/C(=C\C(=O)O)/C)C,,
5312586,CCCCCC/C=C/C(=O)O,,
5312594,C=C/C=C/CC(=O)O,,
5312603,C#CCCCCCCCC(=O)O,,
5312662,CCCCCCCCC#CC#CCCCCCC(=O)O,,
5312684,CCCC/C=C/C#CC#CCCCCCCCC(=O)O,,
5312688,CCCCCC/C=C/C#CCCCCCCCC(=O)O,,
5312691,CCCCCCCCCCCCCCCC#CC(=O)O,,
5312694,CCCCCCCCCCCCC#CCCCC(=O)O,,
5312700,C#CCCCCCC(=O)O,,
5312736,CCCCC(CCCCC(=O)O)O,,
5312738,C(CCC/C=C/C(=O)O)CCCO,,
5312740,C(CCC/C=C\C(=O)O)CCCO,,
5312741,C(CCCC(=O)O)CC/C=C/CO,,
5312765,CCCCCC(/C=C/C=C/C/C=C/CCCC(=O)O)O,,
5312773,C(CCCCO)CCC/C=C\CCCCCCCC(=O)O,,
5312780,C(CCCCCCCCCCCC(=O)O)CCCCCCCCCCCO,,
5312785,C(CCCCCCCCCCCCC(=O)O)CCCCCCCCCCCCO,,
5312797,CCCCCCCC[C@@H](C(=O)O)O,,
5312798,CCCCCCC[C@H](CC(=O)O)O,,
5312799,CCCCCCC[C@@H](CC(=O)O)O,,
5312804,CCCCCCCCC[C@H](CC(=O)O)O,,
5312805,CCCCCCCCC[C@@H](CC(=O)O)O,,
5312807,CCCCCC/C=C\C[C@H](CC(=O)O)O,,
5312830,CCCCC/C=C\C=C\[C@H](CCCCCCCC(=O)O)O,,
5312838,CCCCCCCCCCCCCCC[C@H](CC(=O)O)O,,
5312860,CCCCCC[C@H](C(=O)O)O,,
5312861,CCCCC[C@H](CC(=O)O)O,,
5312869,CCCCCCCCCCC[C@@H](CC(=O)O)O,,
5312872,CCCCCCCCCC[C@H](CC(=O)O)O,,
5312889,C(CCCCC(=O)O)CCC/C=C/C=O,,
5312905,CCCCCCCC(=O)CCCCCCCCCC(=O)O,,
5312941,CC(=O)CCCCCCC(=O)O,,
5312952,C/C=C(/C(=O)O)\Br,,
5312965,CCCCC[C@@H](C(=O)O)N,,
5312968,C[C@@H](CCC(=O)O)N,,
5312972,CCCCC/C=C/CC(/C=C/C=C/C=C/C(CCCC(=O)O)O)O,,
5312978,CCCCC/C=C\C/C=C\CC(/C=C\C=C\CCCC(=O)O)O,,
5313082,CCCCCCCCCCCCCC(=O)OC[C@H](COP(=O)(O)OCC[N+](C)(C)C)OC(=O)CCCCCCCCCCCCC,,
5313462,CCCCCCCC/C=C/CCCCCCCC(=O)OCC(COP(=O)(O)OCC[N+](C)(C)C)OC(=O)CCCCCCC/C=C/CCCCCCCC,,
5313988,CCCCCCCC/C=C\CCCCCCCC(=O)OC[C@H](COP(=O)(O)OCC[N+](C)(C)C)O,,
5314033,C1=CC=C(C=C1)COC2=CC=CC3=C2C(=O)C=CC3=O,,
5314037,COC(=O)CC1=CC2=CC=CC=C2C=C1,,
5314177,C1C[C@@H](N(C1)C(=O)OCC2=CC=CC=C2)CO,,
5314314,COC(=O)/C=C/C1=CC=C(C=C1)Cl,,
5314561,COC1=CC(=CC(=C1)O)C=O,,
5315098,C1COC2=C(O1)C=CC(=C2)NC3=NN=C(O3)C4=CC=CC=C4N,,
5315108,COC1=CC=C(C=C1)NC(=O)C(=O)C2=CNC3=CC=CC=C32,,
5315126,CC(=CCC1=C(C(=CC(=C1)C2=C(C(=O)C3=C(C=C(C=C3O2)O)O)O)O)O)C,,
5315127,CC(=CCC1=C(C(=CC(=C1)C2=C(C(=O)C3=C(C=C(C=C3O2)O)O)OC)O)O)C,,
5315202,COC1=CC(=CC2=C1C(=O)C=C(O2)C3=CC=C(C=C3)O)O,,
5315204,COC1=C(C=C2C(=C1)[C@@H]3C[C@H](C[C@@H]4N3CCCC4)OC(=O)/C=C\C5=CC2=C(C=C5)O)OC,,
5315206,C1=CC(=CC=C1C2=CC(=O)C3=C(C(=C(C(=C3O2)O[C@H]4[C@@H]([C@H]([C@@H]([C@H](O4)CO)O)O)O)O)O[C@H]5[C@@H]([C@H]([C@@H]([C@H](O5)CO)O)O)O)O)O,,
5315244,COC(=O)C1=CC=CC=C1O[C@H]2[C@@H]([C@H]([C@@H]([C@H](O2)CO[C@H]3[C@@H]([C@H]([C@@H](CO3)O)O)O)O)O)O,,
5315245,CC1=CC(=C(C2=C1C(=O)OC3=C(O2)C(=C(C(=C3C)O)C(=O)O)C)C=O)O,,
5315263,COC1=C(C=C(C=C1)C2=C(C(=O)C3=C(C(=C(C=C3O2)OC)OC)O)OC)O,,
5315272,C1=CC(=CC=C1C2C(C(=O)C3=C(C=C(C=C3O2)O)O)C4=C(C=C(C5=C4OC(=CC5=O)C6=CC=C(C=C6)O)O)O)O,,
5315393,CC(=C)C(CC1=CC(=CC2=C1OC(C=C2)(C)C)C3=CC(=O)C4=C(C=C(C=C4O3)O)O)O,,
5315394,CC(=CCC1=C(C(=CC(=C1)C2=CC(=O)C3=C(C=C(C=C3O2)O)O)CC(C(=C)C)O)O)C,,
5315395,CC1(C=CC2=C(O1)C=CC(=C2)C3=CC(=O)C4=C(C=C(C=C4O3)O)O)C,,
5315396,CC(=CCC1=C(C=CC(=C1)C2=CC(=O)C3=C(C=C(C=C3O2)O)O)O)C,,
5315426,CC(=CCCC1(C=CC2=C(O1)C3=CC=CC=C3N(C2=O)C)C)C,,
5315433,CC1=COC2=C1C(=O)C(C(C2)(C)C=C)C(=C)C,,
5315455,CC\1=C(/C(=C\C2=C(C(=C(N2)/C=C/3\C(=C(C(=O)N3)C)C=C)C)CCC(=O)O)/N/C1=C/C4=NC(=O)C(=C4C)C=C)CCC(=O)O,,
5315459,COC1=C(C=C(C=C1)C2=CC(=O)C3=C(C=C(C=C3O2)O)O)C4=C(C=C(C5=C4OC(=CC5=O)C6=CC=C(C=C6)O)O)O,,
5315463,C1[C@@H]2[C@H]([C@H](S1)CCCCC(=O)O)NC(=O)N2,,
5315472,C1=CC(=CC=C1/C=C/C(=O)CC(=O)/C=C/C2=CC=C(C=C2)O)O,,
5315483,CC1(C2CCC1(C(C2)OC(=O)/C=C/C3=CC(=C(C=C3)O)OC)C)C,,
5315509,CC1=C(C(=O)C[C@]2([C@H]1C[C@@H]3[C@]45[C@@H]2[C@H]([C@@H]([C@]([C@@H]4[C@H](C(=O)O3)OC(=O)/C=C(\C)/C(C)(C)O)(OC5)C(=O)OC)O)O)C)O,,
5315523,CCCCCCCCCCCCCC1CC(=O)NCCCNCCCCNCCCN1,,
5315615,C1=CC(=C(C=C1CC(C(=O)O)OC(=O)/C=C/C2=CC(=C(C=C2)O)O)O)O,,
5315718,CC1CCC2C(C(=O)OC2C3C1C(=O)C=C3C)C,,
5315742,CC(=O)O[C@H]1CC2=C(C=C(C=C2OC(=O)C)OC(=O)C)O[C@@H]1C3=CC(=C(C=C3)OC(=O)C)OC(=O)C,,
5315744,CCC1=CC2C[C@]3([C@@H]1N(C2)CCC4=C3NC5=CC=CC=C45)C(=O)OC,,
5315768,CC(C)(C1CC2=C(O1)C=C3C(=C2O)C=CC(=O)O3)O,,
5315773,COC1=C(C=C(C=C1)C2=C(C(=O)C3=C(O2)C=C(C(=C3O)OC)O)OC)O,,
5315820,C1=CC(=C(C=C1/C=C/C(=O)OC(C(=O)O)C(OC(=O)/C=C/C2=CC(=C(C=C2)O)O)C(=O)O)O)O,,
5315831,CC(=O)OC[C@@H]1[C@H]([C@@H]([C@H]([C@@H](O1)OC2=CC(=C3C(=C2)OC=C(C3=O)C4=CC=C(C=C4)O)O)O)O)O,,
5315832,C1C(C(C(CC1(C(=O)O)O)OC(=O)/C=C/C2=CC(=C(C=C2)O)O)O)O,,
5315874,COC1=C(C=C(C=C1)/C=C/C(=O)OCC(=O)CC2=CC(=C(C=C2)O)O)O,,
5315911,C1=CC=C(C=C1)/C=C/C(=O)NCCC2=CC=C(C=C2)O,,
5315912,CC(=O)OC/C=C\C1=CC=CC=C1,,
5315941,C1CCC/C=C\CCCCCCCC(=O)CCC1,,
5315946,CN1C(C(C(C1=O)O)C2=CC=CC=C2)C(C3=CC=CC=C3)O,,
5315951,COC(=O)C1=CC2=C(C(=C1)O)NC3=CC=CC=C32,,
5316002,C/C=C(/C)\C(=O)OC1C(C(OC2=C1C3=C(C=C2)C=CC(=O)O3)(C)C)OC(=O)C,,
5316012,CC(=CCC/C(=C/COC1=C(C2=C(C=C1)C=CC(=O)O2)OC)/C)C,,
5316069,CN1CCC2=CC(=C(C=C2[C@H]1[C@H]3C4=C(C5=C(C=C4)OCO5)C(=O)O3)OC)OC,,
5316097,CC1(C=CC2=C(O1)C=CC(=C2)C3=COC4=C(C3=O)C=CC(=C4)O)C,,
5316113,C1=CC=C(C(=C1)/C=C\C(=O)O)O[C@H]2[C@@H]([C@H]([C@@H]([C@H](O2)CO)O)O)O,,
5316208,CC1=C2C(=O)C3=C(CC2(C(CC1)O)C)OC=C3C,,
5316250,CC(=CCC1=C2C(=C(C3=C1OC4=C(C3=O)C(OC5=CC(=C(C=C54)O)O)C=C(C)C)O)C=CC(O2)(C)C)C,,
5316260,CC(=CCC1=C(C2=C(C=C1O)OC3=C(C2=O)C(OC4=C3C=CC(=C4)O)C=C(C)C)O)C,,
5316261,CC(=CC1C2=C(C3=C(O1)C=C(C=C3)O)OC4=CC5=C(C=CC(O5)(C)C)C(=C4C2=O)O)C,,
5316290,C1=CC(=CC=C1C2=COC3=C(C2=O)C=CC(=C3)O[C@H]4[C@@H]([C@H]([C@H]([C@H](O4)CO)O)O)O)O,,
5316301,C1=CC(=C(C2=C1C=CC(=O)O2)O[C@H]3[C@@H]([C@H]([C@@H]([C@H](O3)CO)O)O)O)O,,
5316302,COC1=C(C=CC2=C1OC(=O)C=C2)O,,
5316316,C1=C(OC(C(C1O)O)C(=O)O)C(=O)O,,
5316369,CC1=C2C(=O)C(=O)[C@@]3([C@@H](C[C@@H]4[C@]([C@H]3[C@@H]([C@@](C2(C)C)(C[C@@H]1O)O)OC(=O)C5=CC=CC=C5)(CO4)OC(=O)C)O)C,,
5316427,CCCCCCCC(=O)NCC1=CC(=C(C=C1)O)OC,,
5316430,CC(C)C1=CC2=C(C=C1)[C@]3(CCC[C@@](C3CC2)(C)C(=O)O)C,,
5316463,COC1=CC(=CC(=C1OC)OC)C2=C3C(=C(C4=CC5=C(C=C42)OCO5)O)COC3=O,,
5316496,C1=C(C=C(C(=C1O)O)O)C2=[O+]C3=CC(=CC(=C3C=C2O[C@H]4[C@@H]([C@H]([C@@H]([C@H](O4)CO[C@H]5[C@@H]([C@H]([C@@H]([C@H](O5)CO)O)O)O)O)O)O)O)O,,
5316520,CC(C)(C=C)C1=C2C(=C(C3=C1OC=C3)O)C=CC(=O)O2,,
5316525,CC(=CCC1=C(C=C2C(=C1)C=CC(=O)O2)O)C,,
5316534,CC(=CCC/C(=C/CCC1=COC=C1)/C)C,,
5316590,C[C@H]1[C@@H]([C@H]([C@H]([C@@H](O1)OC2=C(OC3=CC(=CC(=C3C2=O)O)O)C4=CC(=C(C(=C4)O)O)O)OC(=O)C5=CC(=C(C(=C5)O)O)O)O)O,,
5316639,CC1=C(C(=O)C=CO1)O[C@H]2[C@@H]([C@H]([C@@H]([C@H](O2)CO)O)O)O,,
5316647,C1C(C(C(CC1(C(=O)O)OC(=O)/C=C/C2=CC(=C(C=C2)O)O)O)OC(=O)/C=C/C3=CC(=C(C=C3)O)O)O,,
5316673,C[C@H]1[C@@H]([C@H]([C@H]([C@@H](O1)OC2=C(OC3=CC(=CC(=C3C2=O)O)O)C4=CC=C(C=C4)O)O)O)O,,
5316704,CCC/C=C\1/C2=C(C(C(CC2)O)O)C(=O)O1,,
5316733,COC1=C(C2=C(C=C1O)OC(CC2=O)C3=CC=CC=C3)O,,
5316743,CC1COC2=C1C(=O)C(=O)C3=C2C=CC4=C(C=CC=C43)C,,
5316752,C1=CC=C2C(=C1)N(C(=O)C(O2)O[C@H]3[C@@H]([C@H]([C@@H]([C@H](O3)CO)O)O)O)O,,
5316763,COC1=C(C=C(C(=C1)C2=COC3=C(C2=O)C=CC(=C3)O)O)OC,,
5316793,COC1=CC(=C(C(=C1)O)C(=O)/C=C/C2=CC=CC=C2)O,,
5316797,CC1=C(C2=C(C(=C1O)OC)OCC(C2=O)CC3=C(C=C(C=C3)OC)O)O,,
5316798,COC1=C(C2=C(C=C1O)OC3=CC=CC=C3C2=O)O,,
5316801,CC(=CCC1=C(C=CC(=C1O)C(=O)/C=C/C2=CC3=C(C(=C2)O)OC(C=C3)(C)C)O)C,,
5316802,CC(=CCC1=C(C=CC(=C1)/C=C/C(=O)C2=C(C(=C(C=C2)O)CC=C(C)C)O)O)C,,
5316832,COC1=C(C=C(C=C1)C2=C(C(=O)C3=C(C(=C(C=C3O2)OC)OC)O)O)OC,,
5316843,COC1=C(C=C(C2=C1OC(=CC2=O)C3=CC(=C(C=C3)O)O)O)O,,
5316862,COC1=C(C(=CC2=C1C=CC(=O)O2)O)OC,,
5316871,CC(C)C(=O)CC1=C(C=C(C2=C1OC(=O)C=C2)OC)OC,,
5316872,COC1=C(C=C2C(=C1)C(=O)C=C(O2)CCC3=CC=CC=C3)OC,,
5316881,CC1(C=CC2=C(O1)C=CC(=C2)C(=O)OC)C,,
5316891,CC1=CC(=CC2=C1C(=O)C=C(O2)C)O,,
5316899,C[S+](C)CCC(=O)O.[Cl-],,
5316900,COC1=C(C=CC(=C1)C2=C(C(=O)C3=C(C=C(C=C3O2)O)O)OC)O,,
5316902,CC1CCC(=O)C2=C1C=CC(=C2)C,,
5316908,CCCCCCCC/C=C/CCCCCCCC(=O)OCC(O)COC(=O)CCCCCCC/C=C/CCCCCCCC,,
5316932,C1=CC=C(C=C1)CC/C=C/C(=O)CCC2=CC=CC=C2,,
5316959,C1C2C(C3=CC4=C(C=C3O1)OCO4)C(=O)C5=C(O2)C=C6C(=C5)C=CO6,,
5316972,CC1=C(C2=CC(=O)C3=C([C@]2(CC1)C)C(=C4C(=C3O)C(=CO4)C)O)C,,
5317013,C/C=C(/C)\C(=O)O[C@H]1[C@H](OC2=C1C3=C(C=C2)C=CC(=O)O3)C(C)(C)OC(=O)C,,
5317025,C[C@H]1[C@@H]([C@H]([C@H]([C@@H](O1)OC[C@@H]2[C@H]([C@@H]([C@H]([C@@H](O2)OC3=CC(=C4C(=C3)OC(=CC4=O)C5=CC=C(C=C5)OC)O)O)O)O)O)O)O,,
5317045,CCCCC/C=C/C(=O)C,,
5317058,CC(=O)O[C@@H]1CC2=C(C=C(C=C2OC(=O)C)OC(=O)C)O[C@@H]1C3=CC(=C(C=C3)OC(=O)C)OC(=O)C,,
5317189,C1OC2=C(O1)C=C3C(=C2)C4=C(O3)C5=C(C=C6C(=C5)C=CO6)OC4=O,,
5317238,CCOC(=O)/C=C/C1=CC(=C(C=C1)O)O,,
5317247,CCOC(=O)/C=C(\C)/CCC=C(C)C,,
5317251,CCOC(=O)CCCCCCCCCCCCCCC(C)C,,
5317271,CC(=O)CC(=O)C1=C(C=C(C=C1OC)OC)OC,,
5317284,COC1=C(C2=C(C=C1O)OC(=CC2=O)C3=CC(=C(C=C3)O)O)O,,
5317287,COC1=C(C=C(C=C1)C2=C(C(=O)C3=C(C(=C(C=C3O2)OC)OC)O)O)O,,
5317291,COC1=C(C(=C2C(=C1)OC(=C(C2=O)O)C3=CC(=C(C=C3)O)O)O)OC,,
5317306,COC1=C(C=CC(=C1)C(CO)C(=O)C2=CC(=C(C=C2)O)OC)O,,
5317377,CC1=C(C(=C(C(=C1C=O)O)O)O)C/C=C(\C)/CC/C=C(\C)/CCC=C(C)C,,
5317379,CC1=C(C(=CC(=C1C=O)O)O)C/C=C(\C)/CC/C=C(\C)/CCC=C(C)C,,
5317388,CCC(C)C(C(=O)NC1C(OC2=CC=C(C=C2)/C=C\NC(=O)C(NC1=O)CC(C)C)C(C)C)N(C)C,,
5317419,CC1=CC(=C(C2=C1C(=O)OC3=C(O2)C(=C(C(=C3COC(=O)/C=C/C(=O)O)O)C(=O)O)C)C=O)O,,
5317425,C/C/1=C/C(=O)C2=C(C/C(=C/CC1)/C)OC=C2C,,
5317426,CC1CCCC2C1(CC3=C(C2)OC=C3C)C,,
5317435,C1=CC(=C(C=C1[C@@H]2[C@H](C(=O)C3=C(O2)C=C(C=C3)O)O)O)O,,
5317463,C1=C(C=C(C(=C1O)O)O)C(=O)OC[C@@H]2[C@H]([C@@H]([C@H]([C@@H](O2)O)O)O)O,,
5317465,C1=C(C=C(C(=C1O)O)O)C(=O)OCC(CO)O,,
5317471,C1=CC(=C(C=C1C2=CC(=O)C3=C(O2)C=C(C=C3O[C@H]4[C@@H]([C@H]([C@@H]([C@H](O4)CO)O)O)O)O)O)O,,
5317478,CC(=CCC1=C(C2=C(C=C1O)OC=C(C2=O)C3=CC=C(C=C3)OC)O)C,,
5317479,CC(=CCC1=C(C2=C(C=C1O)OC=C(C2=O)C3=CC(=C(C=C3)OC)O)O)C,,
5317480,CC(=CCC1=C2C(=C(C=C1O)O)C(=O)C(=CO2)C3=CC=C(C=C3)O)C,,
5317481,C/C(=C\CC1=C2C(=C(C=C1O)O)C(=O)C(=CO2)C3=CC(=C(C=C3)OC)O)/CO,,
5317483,CC(=CCC1=C(C2=C(C=C1O)OC(=C(C2=O)O)C3=CC(=C(C=C3)O)OC)O)C,,
5317485,CC1(C=CC2=C(C=C3C(=C2O1)C=CC(=O)O3)OC)C,,
5317524,CC(CC(=O)CC(C)C(=O)O)C1CC(=O)C2(C1(C(=O)C(=O)C3=C2C(=O)CC4C3(CCC(=O)C4(C)C)C)C)C,,
5317564,CC(=CCC/C(=C/COC1=C2C(=CC3=C1OC=C3)C=CC(=O)O2)/C)C,,
5317587,CCCCCC(CC(CCC1=CC(=C(C=C1)O)OC)OC(=O)C)OC(=O)C,,
5317592,COC1=CC(=CC(=C1O)OC)CC/C=C/C(=O)CCC2=CC(=C(C=C2)O)OC,,
5317593,COC1=C(C=CC(=C1)CCC(=O)/C=C/CCC2=CC=C(C=C2)O)O,,
5317596,CCCC(CC(=O)CCC1=CC(=C(C=C1)O)OC)O,,
5317598,C1=CC=C(C=C1)CCC(=O)/C=C/C=C/C2=CC=CC=C2,,
5317599,CCCCCCCCCCCC(CC(=O)CCC1=CC(=C(C=C1)O)OC)O,,
5317600,CCCCCC/C=C/CCCCCCCC1=C(C(=CC=C1)O)C(=O)O,,
5317644,C1=CC2=C(C(=C1)O[C@H]3[C@@H]([C@H]([C@@H]([C@H](O3)CO)O)O)O)C(=O)C4=C(C2=O)C=C(C=C4O)CO,,
5317652,CC1(C=CC2=C(O1)C=CC(=C2O)C3=COC4=C(C3=O)C=CC(=C4)O)C,,
5317700,CC1=CC(=CC2=C1C(=O)C=C(O2)CC(=O)C)O,,
5317736,CC(C)C(C(=O)O)NC(=O)CCC(C(=O)O)N,,
5317750,COC1=C(C=C2C(=C1)C(=O)C(=CO2)C3=CC=C(C=C3)O)O,,
5317755,COC1=CC2=C(C=C1)C3=C(N2)C=C(C(=C3)C=O)OC,,
5317756,CC(=CCC1=C(C2=C(C=C1O)OC(=O)C(=C2)C3=C(C=C(C=C3)O)O)OC)C,,
5317761,CC1(C2CCC3(C(C2(CCC1O)C)C(=O)C=C4C3(CCC5(C4CC(CC5)(C)CO)C)C)C)C,,
5317764,CC(=CCC1=C(C(=CC(=C1)C2=COC3=CC(=CC(=C3C2=O)O)O)O)O)C,,
5317765,CC1(C(CC2=C(O1)C=CC(=C2)C3=C(C(=O)C4=C(C=C(C=C4O3)O)O)O)O)C,,
5317777,C1OC2=C(O1)C(=C(C=C2)C3=COC4=C(C3=O)C=CC(=C4)O)O,,
5317826,C1C=CC(=O)OC1/C=C/C2=CC=CC=C2,,
5317836,CC(CO)(C1CC2=C(O1)C=C(C3=C2N(C4=CC=CC=C4C3=O)C)O)O,,
5317837,CC(COC)(C1CC2=C(O1)C=C(C3=C2N(C4=CC=CC=C4C3=O)C)O)O,,
5317952,CC(C)C(=O)C(C1=C(C=CC2=C1OC(=O)C=C2)OC)OC(=O)C,,
5317991,C1=CC(=CC=C1/C=C/C(=O)OC[C@@H]2[C@H]([C@@H]([C@H]([C@@H](O2)OC3=C(OC4=CC(=CC(=C4C3=O)O)O)C5=CC(=C(C=C5)O)O)O)O)O)O,,
5318003,C=C(CCN)C(=O)O,,
5318015,CC(=CCC1=C(C(=CC2=C1NC3=CC=CC=C32)C=O)O)C,,
5318023,CCC/C=C/CCCC/C=C/C(=O)NCC(C)C,,
5318039,COC1=C(C=CC(=C1)CCC(CC(=O)CCC2=CC(=C(C=C2)O)OC)O)O,,
5318041,COC1=C(C(=C(C2=C1C(=O)C=C(O2)C3=CC(=C(C=C3)O)O)OC)OC)OC,,
5318059,COC1=C(C=C2C(=C1O)C(=O)C=C(O2)C3=CC=C(C=C3)O)O[C@H]4[C@@H]([C@H]([C@@H]([C@H](O4)C(=O)O)O)O)O,,
5318083,COC1=C(C=C2C(=C1O)C(=O)C=C(O2)C3=CC=C(C=C3)O)O[C@H]4[C@@H]([C@H]([C@@H]([C@H](O4)CO)O)O)O,,
5318134,C1=NC(=C2C(=N1)N(C=N2)CCC(C(=O)O)O)N,,
5318169,C1=CC=C(C(=C1)/C=C/C=O)O,,
5318179,C1=CC(=C2C=CC(=O)OC2=C1)O,,
5318214,COC1=CC(=C2C(=C1)OC(=CC2=O)C3=CC(=C(C=C3)O)O)O,,
5318228,COC1=C(C=CC(=C1)CCC(CC(=O)CCC2=CC=CC=C2)O)O,,
5318230,CC1=CC(=CC2=C1C(=O)C=C(O2)CC(C)O)O,,
5318245,CC(=CCC1=C(C2=C(C=CC=C2O)C(=O)C1=O)O)C,,
5318267,COC1=C(C=C(C=C1)C2=COC3=C(C2=O)C=CC(=C3)O[C@H]4[C@@H]([C@H]([C@@H]([C@H](O4)CO)O)O)O)O,,
5318274,CCCC(CC(CCC1=CC(=C(C=C1)O)OC)OC(=O)C)OC(=O)C,,
5318278,COC1=C(C=CC(=C1)CC/C=C/C(=O)CCC2=CC=CC=C2)O,,
5318286,C=C1C(COC1=O)O,,
5318294,C1C(CNC1C(=O)O)CO,,
5318311,COC1=C2C(=CC3=C1OC4COC5=CC6=C(C=C5C4(C3=O)O)OCO6)C=CO2,,
5318315,C1=CC=C(C=C1)CCC2=CC(=O)C3=C(O2)C=CC(=C3)O,,
5318321,C1=CC(=CC(=C1)O)CC(=O)C(=O)O,,
5318349,CC1=COC2=C1C(=O)C(=O)C3=C2C=CC4=C3C(CCC4(C)C)O,,
5318355,COC1=CC=C(C=C1)C2=C(C(=O)C3=C(C(=C(C=C3O2)OC)OC)O)OC,,
5318356,COC1=CC=C(C=C1)C2=CC(=O)C3=C(O2)C(=C(C(=C3OC)OC)O)OC,,
5318367,CCC(/C=C/CCCCCCCC(=O)O)O,,
5318368,COC1=CC=C(C=C1)C2=CC(=O)C3=C(O2)C(=C(C=C3OC)OC)O,,
5318372,COC1=CC=CC2=C1OC3=CC(=C(C(=C3C2=O)O)OC)OC,,
5318386,CN1[C@@H]2CCC1CC(C2)OC(=O)[C@H](CO)C3=CC=CC=C3,,
5318393,CCCCCCCC/C=C\CCCCCC(=O)O,,
5318457,C1[C@@H]([C@H]([C@@H]([C@H](O1)COC(=O)C2=CC(=C(C(=C2)O)O)O)O)O)OC(=O)C3=CC(=C(C(=C3)O)O)O,,
5318477,CCCCCCCCCCCCCCCCC1=C(C(=O)C=C(C1=O)OC)O,,
5318483,CCCCCC/C=C\CCCCCCCCCC1=CC(=O)C=C(C1=O)OC,,
5318496,CC(=O)O[C@@H]1[C@H]([C@@H]([C@H](O[C@H]1OC2=CC(=C3C(=C2)OC(=CC3=O)C4=CC=C(C=C4)OC)O)CO)O)O,,
5318509,COC1=C(C=C(C=C1)C[C@H]2COC(=O)[C@H]2CC3=CC(=C(C=C3)O)OC)OC,,
5318516,CCCCC/C=C/C=C/C(=O)NCC(C)C,,
5318517,C[C@@]12CC[C@H]([C@@]([C@H]1CCC(=C)[C@H]2C/C=C/3\[C@@H](COC3=O)O)(C)CO)O,,
5318518,C/C=C/C=C/C=C/CC/C=C/C=C/C(=O)NCC(C)C,,
5318528,C1[C@H](OC2=C(C1=O)C(=C(C(=C2)O)CC3=CC=CC=C3O)O)C4=CC=CC=C4,,
5318532,C([C@@H]([C@H](C(=O)O)O)C(=O)O)C(=O)O,,
5318544,COC1=C(C=C2C(=C1)C=C(C(=O)O2)OC3=CC4=C(C=C3)C=CC(=O)O4)OC,,
5318556,CC(C)/C=C/C(=O)C1=COC=C1,,
5318562,CC1=CC(=O)C2=C(C=C(C(=C2O1)C)O)O,,
5318565,COC1=C(C(=C2C(=C1)C=CC(=O)O2)OC)O,,
5318568,COC1=CC(=CC(=C1O)OC)CCC(=O)/C=C/CCC2=CC(=C(C=C2)O)OC,,
5318569,COC1=CC=C(C=C1)C2=CC(=O)C3=C(O2)C(=C(C=C3O)O)C4=C(C=CC(=C4)C5=CC(=O)C6=C(C=C(C=C6O5)O)O)OC,,
5318572,CC(=CCCC1=CC2=C(C=C1)C(=O)C=CC2=O)C,,
5318585,CC(=CCC1=C(C=CC(=C1)C2=C(C(=O)C3=C(C=C(C=C3O2)O)O)O)O)C,,
5318587,CC1=COC2=C1[C@H]3[C@H](C(=C)C(=O)O3)[C@@](C2)(C)C=C,,
5318591,C1=CC(=CC=C1/C=C/C(=O)C2=C(C=C(C=C2)O)O)O[C@H]3[C@@H]([C@H]([C@@H]([C@H](O3)CO)O)O)O,,
5318606,C1=C(C=C(C(=C1O)O)O)C2=C(C(=O)C3=C(C=C(C=C3O2)O)O)O[C@H]4[C@@H]([C@H]([C@@H]([C@H](O4)CO)O)O)O,,
5318624,CC(=CCC1=C2C(=C(C=C1O)O)C(=O)C(=C(O2)C3=CC=C(C=C3)O)O)C,,
5318627,C/C=C(/C)\C(=O)O[C@@H]1CCC2=CC(=O)C(=C(C)C)C[C@@]2([C@H]1C)C,,
5318635,CC(C)C(=C)CC/C(=C/CCC(=O)C)/C,,
5318644,COC1=C(C=CC(=C1)C2=C(C(=O)C3=C(C=C(C=C3O2)O)O)O[C@H]4[C@@H]([C@H]([C@H]([C@H](O4)CO)O)O)O)O,,
5318645,COC1=C(C=CC(=C1)C2=C(C(=O)C3=C(C=C(C=C3O2)O)O)O[C@H]4[C@@H]([C@H]([C@@H]([C@H](O4)CO)O)O)O)O,,
5318659,C1=CC(=CC=C1/C=C/C(=O)C2=C(C=C(C=C2O[C@H]3[C@@H]([C@H]([C@@H]([C@H](O3)CO)O)O)O)O)O)O,,
5318673,CC(C)[C@@H]1CC[C@@](C(=C(C)C)C1=O)(C)C=C,,
5318679,COC1=CC(=CC2=C1C3=C(C4=C(O3)C=C(C=C4)O)C(=O)O2)O,,
5318685,CC(C)CC(=O)O[C@@H](CC=C(C)C)C1=CC(=O)C2=C(C=CC(=C2C1=O)O)O,,
5318691,COC1=CC(=C2C(=C1)OC(=C(C2=O)O)C3=CC=CC=C3)O,,
5318717,C1=CC(=CC=C1C2=C(C(=O)C3=C(C=C(C=C3O2)O)O)O[C@H]4[C@@H]([C@H]([C@@H](O4)CO)O)O)O,,
5318737,COC1=C2C(=C(C3=CC4=C(C=C31)OCO4)C5=CC6=C(C=C5)OCO6)COC2=O,,
5318759,C1=CC(=CC=C1C2=C(C(=O)C3=C(C=C(C=C3O2)O)O)O[C@H]4[C@@H]([C@H]([C@@H]([C@H](O4)C(=O)O)O)O)O)O,,
5318761,C[C@H]1[C@@H]([C@H]([C@H]([C@@H](O1)O[C@@H]2[C@H]([C@@H]([C@H](O[C@H]2OC3=C(OC4=CC(=CC(=C4C3=O)O)O)C5=CC=C(C=C5)O)CO)O)O)O)O)O,,
5318763,C[C@@H]1[C@H]([C@@H]([C@@H]([C@H](O1)OC2=C(OC3=CC(=CC(=C3C2=O)O)O)C4=CC=C(C=C4)O)O)O)O,,
5318767,C[C@H]1[C@@H]([C@H]([C@H]([C@@H](O1)OC[C@@H]2[C@H]([C@@H]([C@H]([C@@H](O2)OC3=C(OC4=CC(=CC(=C4C3=O)O)O)C5=CC=C(C=C5)O)O)O)O)O)O)O,,
5318785,C/C=C(\C)/C(=O)O[C@@H]1C2=CC(=C(C(=C2C3=C(C4=C(C=C3C[C@@H]([C@@]1(C)O)C)OCO4)OC)OC)OC)OC,,
5318834,COC1=C(C(=C(C=C1)C2=COC3=C(C2=O)C=CC(=C3)O)O)O,,
5318865,C1=CC(=C(C=C1CCC(=O)NCCCNCCCCNCCCNC(=O)CCC2=CC(=C(C=C2)O)O)O)O,,
5318869,COC1=CC(=C2C(=C1)OC(=C(C2=O)OC)C3=CC=C(C=C3)O)O,,
5318980,CC(=CCC1=C2C(=C(C=C1O)O)C(=O)C(=C(O2)C3=CC=C(C=C3)OC)O)C,,
5318989,CC1(C=CC2=C(O1)C=CC(=C2OC)/C=C/C(=O)C3=CC=C(C=C3)O)C,,
5318990,CC(=CCC1=C(C=CC(=C1OC)/C=C/C(=O)C2=CC(=C(C=C2)O)O)O)C,,
5318991,CC(C)(C1CC2=C(O1)C=CC(=C2OC)/C=C/C(=O)C3=CC=C(C=C3)O)O,,
5318993,CC(=CCC1=CC2=C(C=C1O)OC(C2=O)(C3=CC(=C(C=C3/C=C\4/C(=O)C5=C(O4)C(=C(C=C5)O)CC=C(C)C)O)O)C(=O)C6=CC(=C(C=C6)O)CC=C(C)C)C,,
5318997,C[C@H]1[C@@H]([C@H]([C@H]([C@@H](O1)OC2=C(OC3=C(C2=O)C(=CC(=C3CC=C(C)C)O[C@H]4[C@@H]([C@H]([C@@H]([C@H](O4)CO)O)O)O)O)C5=CC=C(C=C5)OC)O)O)O,,
5318998,CC(C)(C=C)C1=C(C=C(C(=C1)/C=C/C(=O)C2=CC=C(C=C2)O)OC)O,,
5318999,COC1=C(C=CC(=C1O)O)/C=C/C(=O)C2=CC=C(C=C2)O,,
5319000,CC(=CCC1=CC2=C(C=C1O)OC(=CC2=O)C3=CC=C(C=C3)O)C,,
5319001,CC(C)(C1CC2=C(O1)C=C3C(=C2OC)C=C(C(=O)O3)C4=C(C=C(C=C4)O)O)O,,
5319013,CC(=CCC1=C(C=C(C(=C1OC)C2=COC3=C(C2=O)C=CC(=C3)O)O)OC)C,,
5319022,CCC/C=C\1/C2=C(C=CCC2)C(=O)O1,,
5319081,COC1=CC(=C(C=C1)CCC(=O)C2=CC=C(C=C2)O)OC,,
5319084,CC(CCC(=O)O)C1CC(=O)C2(C1(CC(=O)C3=C2C(CC4C3(CCC(C4(C)C)O)C)O)C)C,,
5319116,C1=CC(=C(C=C1C2=CC(=O)C3=C(C=C(C=C3O2)O)O)O)O[C@H]4[C@@H]([C@H]([C@@H]([C@H](O4)CO)O)O)O,,
5319146,CCCCCCCCCC[C@@H]([C@H]1CC[C@@H](O1)[C@H]2CC[C@@H](O2)[C@@H](CCCCCCCCCCC(CC3=C[C@@H](OC3=O)C)O)O)O,,
5319155,CCCCCCCCCCCC[C@H]([C@@H](CC[C@@H]([C@@H]1CC[C@H](O1)C[C@@H](CCCCC[C@H](CC2=C[C@@H](OC2=O)C)O)O)O)O)O,,
5319161,COC(=O)C1(CC(C(C(C1)OC(=O)/C=C/C2=CC(=C(C=C2)O)O)O)OC(=O)/C=C/C3=CC(=C(C=C3)O)O)O,,
5319163,CCCCCCCCCCCC[C@@H]([C@H](CC[C@@H]([C@@H]1CC[C@H](O1)C[C@@H](CCCCC[C@H](CC2=C[C@@H](OC2=O)C)O)O)O)O)O,,
5319205,C[C@@H]1C[C@@]23[C@]14[C@@H]5C[C@H]([C@H]2CCCN3C[C@@H]6[C@H]4O6)OC5=O,,
5319235,CC1(C=CC2=C(O1)C=CC(=C2)C(=O)O)C,,
5319251,COC1=CC(=CC(=C1O)OC)C2=C(C=C3C(=CC(=CC3=[O+]2)O)O[C@H]4[C@@H]([C@H]([C@@H]([C@H](O4)CO)O)O)O)O[C@H]5[C@@H]([C@H]([C@@H]([C@H](O5)CO)O)O)O.[Cl-],,
5319254,CCCC(=O)C1=C2C(=C3C(=C1O)C(=CC(=O)O3)C4=CC=CC=C4)CC(O2)C(C)(C)O,,
5319255,CC(C)CC(=O)C1=C2C(=C3C(=C1O)C(=CC(=O)O3)C4=CC=CC=C4)C=CC(O2)(C)C,,
5319258,C1=C2C(=CC(=C1O)O)OC3=C(C2=O)C(=C(C(=C3)O)O[C@H]4[C@@H]([C@H]([C@@H]([C@H](O4)CO)O)O)O)O,,
5319292,C[C@H]1[C@@H]([C@H]([C@H]([C@@H](O1)O[C@@H]2[C@H]([C@@H](O[C@@H]([C@H]2OC(=O)/C=C/C3=CC(=C(C=C3)O)OC)CO)OCCC4=CC(=C(C=C4)OC)O)O)O)O)O,,
5319311,CC(C)C(C(=O)N1CCC2C1C(=O)NC(C(=O)N/C=C\C3=CC=C(O2)C=C3)CC4=CC=CC=C4)NC(=O)C(C)N(C)C,,
5319322,C1OC2=C(O1)C=C3C(=C2)C4=C(O3)C5=C(C=C(C=C5)O)OC4=O,,
5319375,CC1(C2CCC3(C(C2(CCC1O)C)CC=C4C3(CCC5(C4CC(CC5)(C)CO)C(=O)O)C)C)C,,
5319380,CC(C)C(=O)C1=C2C(=C3C(=C1O)C(=CC(=O)O3)C4=CC=CC=C4)C=CC(O2)(C)C,,
5319406,CC(=CCC/C(=C/COC1=C(C=C2C=CC(=O)OC2=C1)OC)/C)C,,
5319411,COC1=CC(=CC(=C1OC)C2=C(C=C(C3=C2OC(=CC3=O)C4=CC=C(C=C4)O)O)O)C5=CC(=O)C6=C(C=C(C=C6O5)O)O,,
5319422,COC1=C(C=CC(=C1)C2=COC3=C(C2=O)C=CC(=C3)O)O,,
5319430,COC(CCC1=CC=CC=C1)CC(=O)CCC2=CC=CC=C2,,
5319433,CC(C)(CC1=C(C=CC2=C1OC(=O)C=C2)OC)C=O,,
5319467,COCC1=C(C=C2C(=C1OC)C(=O)C3=CC=CC=C3C2=O)O,,
5319471,CC1=C(C(=C(C(=C1OC)C=O)O)C(=O)/C=C(/C2=CC=CC=C2)\O)O,,
5319472,COC1=CC(=CC2=C1OCO2)/C=C/C=O,,
5319474,COC1=C2C(=C3C(=C1)C=CC(=O)O3)OCO2,,
5319482,COC1=CC2=C(C=C1)OC(=CC2=O)CCC3=CC=CC=C3,,
5319484,C1=CC(=CC=C1C2=CC(=O)C3=C(C=C(C=C3O2)O[C@H]4[C@@H]([C@H]([C@@H]([C@H](O4)C(=O)O)O)O)O)O)O,,
5319485,COC1=C(C=CC(=C1)C2=COC3=C(C2=O)C=CC(=C3[C@H]4[C@@H]([C@H]([C@@H]([C@H](O4)CO)O)O)O)O)O,,
5319493,COC1=C(C=CC(=C1)O)C(=O)/C=C/C2=CC(=C(C=C2)O)O,,
5319500,CC1=CC(=O)C2=C(C=C(C=C2O1)O)CC(=O)C,,
5319502,CC1=CC(=O)OC2=CC(=C(C=C12)O)O,,
5319509,COC1=CC(=C2C(=C1)OC(C(C2=O)O)C3=CC=C(C=C3)O)O,,
5319526,CC(=C/C=C/1\C2=CC=CC=C2NC1=O)C,,
5319562,COC(=O)/C=C/C1=CC=C(C=C1)O,,
5319565,COC1=CC2=C(C=C1)C3=C(O2)C4=C(C=C(C=C4)O)OC3=O,,
5319603,CCCCCCCC/C=C/CCCCCCCCCC(=O)OC,,
5319619,COC1=CC(=C(C=C1)C(=O)/C=C/C2=CC3=C(C=C2)OCO3)OC,,
5319662,CCCCCC(CC(CCC1=CC(=C(C=C1)OC)OC)OC(=O)C)OC(=O)C,,
5319666,CC(=CCC1=C(C=C2C(=C1OC)C3=C(C4=C(O3)C=C(C=C4)O)C(=O)O2)OC)C,,
5319688,COC1=C(C=CC(=C1)O)C(=O)/C=C/C2=CC=C(C=C2)O,,
5319691,CC(C)C(CCC(=O)C)/C=C/C(=C)C,,
5319693,CC/C=C\CC1C(CCC1=O)CC(=O)OC,,
5319706,CC/C=C\C/C=C\C/C=C\CCCCCCCC(=O)OC,,
5319715,CC(=CCC1=C(C=C2C(=C1O)C(=O)C3=C(C(=C(C=C3O2)OC)OC)/C=C/C(C)(C)O)OC)C,,
5319726,COC1=C(C=C(C=C1O)C(=O)OC)O,,
5319744,COC1=C(C=CC(=C1)C2=COC3=CC(=CC(=C3C2=O)O)O)O,,
5319754,CC/C=C(\C)/C=O,,
5319771,COC1=CC=C(C=C1)C2=COC3=C(C2=O)C=CC(=C3OC)O,,
5319779,CCCCC/C=C\CCCCCCC1=CC(=O)C2=CC=CC=C2N1C,,
5319801,CC1=C(C=C2C(=C1O)C(=O)C3=C(C2=O)C=C(C=C3)O)O,,
5319813,COC1=C(C(=C(C=C1)C2COC3=C(C2=O)C=CC(=C3)O)OC)OC,,
5319830,CC1C2C(C/C(=C/CC(/C(=C/C2OC1=O)/C)OC(=O)C)/C)OC(=O)C,,
5319874,C1=CC(=CC=C1/C=C/C(=O)OCC(CO)O)O,,
5319879,CCCCCCCC/C=C\CCCCCCCC(=O)OC(CO)CO,,
5319880,CCCCCCC(C/C=C\CCCCCCCC(=O)OCC(CO)O)O,,
5319886,C1=CC(=C(C=C1C2=C(C(=O)C3=C(C=C(C=C3O2)O)O)O[C@H]4[C@@H]([C@H]([C@@H]([C@H](O4)CO[C@H]5[C@@H]([C@H]([C@@H]([C@H](O5)CO[C@H]6[C@@H]([C@H]([C@@H]([C@H](O6)CO)O)O)O)O)O)O)O)O)O)O)O,,
5319887,COC1=CC(=CC(=C1)O)C2=CC3=CC(=C(C=C3O2)OC)O,,
5319888,CC1(C=CC2=C(C=C(C=C2O1)O)C3=CC4=C(O3)C=C(C=C4)O)C,,
5319889,COC1=C(C=C2C(=C1)C=C(O2)C3=CC(=CC(=C3)O)O)OC,,
5319890,CC1=CCC2=C(C=CC3=C2OC(=C3)C4=CC(=CC(=C4)O)O)OC1,,
5319891,CC1=CCC2=C3C(=C(C=C2OC1)OC)C=C(O3)C4=CC(=CC(=C4)O)O,,
5319895,C1=CC(=CC=C1C2C(C(=O)C3=C(C=C(C=C3O2)O)O)C4=C(C=C(C5=C4OC(=CC5=O)C6=CC(=C(C=C6)O)O)O)O)O,,
5319901,CC(=C)C1CC2=C(O1)C=C3C(=C2O)C(=O)C(=CO3)C4=C(C=C(C=C4)O)O,,
5319913,COC1=CC(=CC2=C1NC3=CC=CC=C32)C(=O)OC,,
5319924,CC(=CCC1=C(C2=C(C=C1O)OC(=C(C2=O)CC=C(C)C)C3=C(C=C(C=C3)O)O)O)C,,
5319925,CC(=CCC1=C(OC2=CC3=C(C=CC(O3)(C)C)C(=C2C1=O)O)C4=C(C=C(C=C4)O)O)C,,
5319938,C[C@H]1[C@@H]([C@H]([C@H]([C@@H](O1)OC2=C(OC3=CC(=CC(=C3C2=O)O)O)C4=CC=C(C=C4)O)O)O)O[C@H]5[C@@H]([C@H]([C@@H]([C@H](O5)CO)O)O)O,,
5319943,C[C@H]1[C@@H]([C@H]([C@H]([C@@H](O1)OC2=C(OC3=CC(=CC(=C3C2=O)O)O)C4=CC(=C(C=C4)O)O)O)O)O[C@H]5[C@@H]([C@H]([C@@H]([C@H](O5)CO)O)O)O,,
5319944,C/C=C(/C)\C(=O)O[C@H]1[C@H]2[C@@H](C(=O)[C@H]([C@H]3[C@]1(C(=O)C=C3)C)C)OC(=O)C2=C,,
5319962,CC1(C=CC2=C(O1)C(=CC3=C2NC4=CC=CC=C43)C=O)C,,
5319992,CC(C)CC(=O)OCC1=CCC2CC1C2(C)C,,
5320053,CC(=CCC1=C(C=CC(=C1)C2=COC3=C(C2=O)C=CC(=C3)O)O)C,,
5320060,C1=CC(=CC=C1[C@@H]2[C@@H](C(=O)C3=C(C=C(C=C3O2)O)O)[C@H]4[C@H](OC5=CC(=CC(=C5C4=O)O)O)C6=CC=C(C=C6)O)O,,
5320083,CC(=CCC1=C(C2=C(C=C1O)OC(=O)C3=C2OC4=C3C=CC(=C4)O)OC)C,,
5320092,C1=CC(=CC=C1/C=C/C(=O)C2=C(C=C(C=C2)O[C@H]3[C@@H]([C@H]([C@@H]([C@H](O3)CO)O)O)O)O)O,,
5320118,CC(=CCC1=C(C=CC(=C1O)O)C2=C(C(=O)C3=CC(=C(C=C3O2)O)O)O)C,,
5320129,CC(=CCC1=CC(=CC(=C1O)CC=C(C)C)C(=O)O)C,,
5320146,CC1(CCC2(CCC3(C(=CCC4C3(CCC5C4(CC(C(C5(C)CO)O)O)C)C)C2C1)C)C(=O)O)C,,
5320161,COC1=C(C(=O)N2C3=CC=CC=C3C4=C2C1=NC=C4)O,,
5320192,CC(=O)C1=CC2=C(C=C(C=C2OC1=O)O)CO,,
5320199,CC1(C=CC2=C(O1)C=C(C3=C2N(C4=CC=CC=C4C3=O)C)O)C,,
5320203,C1=CC=C(C=C1)C2=CC(=O)OC3=CC(=C(C=C23)O)O,,
5320206,CC1(C=CC2=C(O1)C3=C(C(=C2O)C(C)(C)C=C)OC(=O)C=C3)C,,
5320227,CC(=CC(C/C(=C/COC1=C2C=CC(=O)OC2=CC3=C1C=CO3)/C)O)C,,
5320237,CCCCCCCCCCCCCCCCCCOC(=O)/C=C/C1=CC(=C(C=C1)O)O,,
5320238,CCCCCCCCCCCCCCCCCCCCOC(=O)/C=C/C1=CC(=C(C=C1)O)O,,
5320256,CCCCCCCCCCCCCCCCCCOC(=O)/C=C/C1=CC(=C(C=C1)O)OC,,
5320287,COC1=C(C=C(C=C1)C2=C(C(=O)C3=C(C=C(C=C3O2)OC)O)O)O,,
5320313,C1=CC=C(C=C1)C2=CC(=O)C3=C(C(=C(C=C3O2)O[C@H]4[C@@H]([C@H]([C@@H]([C@H](O4)CO)O)O)O)O)O,,
5320315,COC1=C(C2=C(C=C1O)OC(=CC2=O)C3=CC=CC=C3)O,,
5320318,CC(=CCC1=C(C=CC2=C1OC(=O)C=C2)O)C,,
5320336,CCCCCCCC1C(O1)CC#CC#CC(=O)C=C,,
5320347,CNCCC1=CC2=C(C(=C1CC(=O)C3=C(C(=C(C=C3)OC)OC)C(=O)O)OC)OCO2,,
5320351,COC1=C(C=C(C=C1)C2=C(C(=O)C3=C(C(=C(C=C3O2)OC)OC)O)OC)OC,,
5320418,CC1=CC(=C(C2=C1C(=O)OC3=C(O2)C4=C(C(=C3CO)O)C(=O)OC4O)C=O)O,,
5320424,CC1CCC2C(=O)C3=C(CCC13C2(C)C)C,,
5320434,COC1=C(C2=C(C=C1O)OC(=C(C2=O)O[C@H]3[C@@H]([C@H]([C@H]([C@H](O3)CO)O)O)O)C4=CC(=C(C=C4)O)O)O,,
5320435,COC1=C(C=C2C(=C1O)C(=O)C(=C(O2)C3=CC(=C(C=C3)O)O)O)O[C@H]4[C@@H]([C@H]([C@@H]([C@H](O4)CO)O)O)O,,
5320438,COC1=CC=C(C=C1)C2=CC(=O)C3=C(O2)C=C(C(=C3O)OC)O,,
5320456,COC1=C(C=CC(=C1)/C=C/C(=O)OC[C@@H]2[C@H]([C@@H]([C@H]([C@@H](O2)O[C@@H]3[C@H]([C@@H]([C@H](O[C@H]3OC4=C([O+]=C5C=C(C=C(C5=C4)O[C@H]6[C@@H]([C@H]([C@@H]([C@H](O6)CO)O)O)O)O)C7=CC=C(C=C7)O)CO)O)O)O)O)O)O,,
5320462,COC1=C(C(=C2C(=C1)OC(=C(C2=O)OC)C3=CC=C(C=C3)O)O)OC,,
5320464,COC1=C(C(=O)C(=CC1=O)C2CC3=C(C=C(C=C3)O)OC2)OC,,
5320471,C1=CC(=C(C(=C1)O)C2=C(C(=O)C3=C(C=C(C=C3O2)O)O)O)O,,
5320475,COC1=C(OC2=C(C1=O)C(=C(C(=C2)O)O)O)C3=CC(=C(C=C3)O)O,,
5320496,COC1=C(C=C(C=C1)C2=CC(=O)C3=C(C=C(C=C3O2)OC)O)O,,
5320509,C/C=C(\C)/C(=O)O[C@H]1[C@H](C(OC2=C1C3=C(C=C2)C=CC(=O)O3)(C)C)OC(=O)C,,
5320515,CC(=C)C1C(O1)C2=C(C=CC3=C2OC(=O)C=C3)OC,,
5320521,CC(=O)CCC1=CC=C(C=C1)O[C@H]2[C@@H]([C@H]([C@@H]([C@H](O2)CO)O)O)O,,
5320530,C1=CC=C(C=C1)CCCOC(=O)/C=C/C2=CC=CC=C2,,
5320558,CN1C=CC2=C3C1=C(C(=O)C(=O)N3C4=CC=CC=C24)OC,,
5320604,CC(=CCCC(C1CCC2(C1(CCC3=C2CCC4C3(CCC(=O)C4(C)C)C)C)C)C(=O)O)C,,
5320607,COC1=C2C=COC2=CC3=C1C(=O)C=C(O3)C4=CC=CC=C4,,
5320618,C1CCN(CC1)C(=O)/C=C/CCC2=CC3=C(C=C2)OCO3,,
5320621,CC(C)CNC(=O)/C=C/C=C/C1=CC2=C(C=C1)OCO2,,
5320623,C1=CC(=CC=C1C2=CC(=O)C3=C(C(=C(C=C3O2)O[C@H]4[C@@H]([C@H]([C@@H]([C@H](O4)CO)O)O)O)O)O)O,,
5320628,CC1C(C(C(C(O1)OC2=C(OC3=CC(=CC(=C3C2=O)O)O)C4=CC=C(C=C4)O)OC(=O)/C=C/C5=CC=C(C=C5)O)OC(=O)/C=C/C6=CC=C(C=C6)O)O,,
5320644,COC1=CC=C(C=C1)C2=CC(=O)C3=C(O2)C(=C(C=C3O)O)C4=C(C=CC(=C4)C5=CC(=O)C6=C(C=C(C=C6O5)O)O)O,,
5320646,COC1=CC=C(C=C1)C2=CC(=O)C3=C(O2)C(=C(C=C3O)O)C4=C(C=CC(=C4)C5=CC(=O)C6=C(C=C(C=C6O5)OC)O)O,,
5320675,COC1=C(C=CC2=C1C=CO2)C(=O)/C=C(/C3=CC=CC=C3)\O,,
5320686,C1=CC(=CC=C1/C=C/C(=O)OC[C@@H]2[C@H]([C@@H]([C@H]([C@@H](O2)OC3=C(OC4=CC(=CC(=C4C3=O)O)O)C5=CC=C(C=C5)O)O)O)O)O,,
5320692,C/C=C(/C)\C(=O)O[C@@H]1[C@@H](C2=C(C=CC3=C2OC(=O)C=C3)OC1(C)C)OC(=O)CC(C)C,,
5320693,COC1=CC=C(C=C1)C2=CC(=O)C3=C(O2)C=C(C=C3)O,,
5320710,CC1=CC(=O)C(=C(C)C)CC2C1CCC2(C)O,,
5320768,CC1=C2CCC(=O)O[C@]2([C@H]3[C@@H](CC1)C(=C)C(=O)O3)C,,
5320779,CC1=CC2=C(C(=C1CCO)C)C(=O)C(C2)(C)CO,,
5320780,CC1CC2=C(C1=O)C(=C(C(=C2)C)CCO)C,,
5320782,CC1C(C2=C(C1=O)C(=C(C(=C2)C)CCO)C)O,,
5320783,CC1=CC2=C(C(=C1CCO)C)C(=O)C(C2O)(C)C,,
5320784,CC1CC2=C(C1=O)C(=C(C(=C2)C)CC(=O)O)C,,
5320786,CC1C(C2=C(C1=O)C(=C(C(=C2)C)CCCl)C)O,,
5320787,CC1=CC2=C(C(=C1CCCl)C)C(=O)C(C2)(C)CO,,
5320788,CC1=CC2=C(C(=C1CCO)C)C(=O)C(C2O)(C)CO,,
5320800,C1[C@@H]2[C@H]([C@@H]([C@H]([C@@H](O2)OC(=O)C3=CC(=C(C(=C3)O)O)O)OC(=O)C4=CC(=C(C(=C4)O)O)O)OC(=O)C5=CC(=C(C(=C5C6=C(C(=C(C=C6C(=O)O1)O)O)O)O)O)O)OC(=O)C7=CC(=C(C(=C7)O)O)O,,
5320808,COC1=CC=C(C=C1)[C@]23[C@@H](C4=C([C@]2(C5=C(O3)C=C(C=C5OC)OC)O)N=C6CCCN6C4=O)C7=CC=CC=C7,,
5320826,C1=CC(=C(C=C1C2=C(C(=O)C3=C(C(=C(C=C3O2)O[C@H]4[C@@H]([C@H]([C@@H]([C@H](O4)CO)O)O)O)O)O)O)O)O,,
5320834,C1=CC(=C(C=C1C2=C(C(=O)C3=C(C=C(C=C3O2)O)O)O[C@H]4[C@@H]([C@H]([C@@H]([C@H](O4)CO[C@H]5[C@@H]([C@H]([C@@H]([C@H](O5)CO)O)O)O)O)O)O)O)O,,
5320835,C1=CC(=C(C=C1C2=C(C(=O)C3=C(C=C(C=C3O2)O)O)O[C@H]4[C@@H]([C@H]([C@@H]([C@H](O4)CO)O)O)O)O)O[C@H]5[C@@H]([C@H]([C@@H]([C@H](O5)CO)O)O)O,,
5320844,C1=CC(=C(C=C1C2=C(C(=O)C3=C(C=C(C=C3O2)O)O)O)O)O[C@H]4[C@@H]([C@H]([C@@H]([C@H](O4)CO)O)O)O,,
5320861,C1[C@H]([C@@H]([C@H]([C@@H](O1)OC2=C(OC3=CC(=CC(=C3C2=O)O)O)C4=CC(=C(C=C4)O)O)O)O)O,,
5320945,COC1=CC(=C2C(=C1)OC(=C(C2=O)O)C3=CC(=C(C=C3)O)OC)O,,
5320946,COC1=CC(=C2C(=C1)OC(=C(C2=O)O)C3=CC=C(C=C3)O)O,,
5320961,C1=CC2=C(C(=C1)O[C@H]3[C@@H]([C@H]([C@@H]([C@H](O3)CO)O)O)O)C(=O)C4=C(C2=O)C=C(C=C4O)C(=O)O,,
5321010,CC1(CC[C@@H]([C@]23[C@@H]1[C@@H]([C@]([C@]45[C@H]2CC[C@H]([C@H]4O)C(=C)C5=O)(OC3)O)O)O)C,,
5321018,CC1=C2C[C@H]3C(=C)CCC[C@@]3(C=C2OC1=O)C,,
5321047,C/C=C/C#CC#C/C=C/C1=CC=CO1,,
5321164,C1=CC(=C(C=C1/C=C\2/C(=O)C3=C(C=C(C=C3O2)O[C@H]4[C@@H]([C@H]([C@@H]([C@H](O4)CO)O)O)O)O)O)O,,
5321205,COC1=C(C=C(C2=C1OC(=CC2=O)C3=CC=CC=C3O)O)O,,
5321206,CC(=C)C1CCC2(C1CCC3(C2CCC4C3(CCC(C4(C)CCC(=O)O)C(=C)C)C)C)C,,
5321222,C=C(CCO[C@H]1[C@@H]([C@H]([C@@H]([C@H](O1)CO)O)O)O)C(=O)O,,
5321265,CC(=C)/C=C/C1=C(C2=C(C3=C1OC(=O)C=C3)OC(C=C2)(C)C)OC,,
5321278,C1=CC(=C(C=C1C2=C(C(=O)C3=C(C=C(C=C3O2)O)O)O[C@H]4[C@@H]([C@H]([C@H](O4)CO)O)O)O)O,,
5321283,C[C@@]12CC[C@H]3[C@]([C@@]14[C@H](O4)C(=O)O[C@H]2C5=CC(=O)OC5O)(C(=O)C[C@@H]6[C@@]37COC(=O)C[C@@H]7OC6(C)C)C,,
5321288,CC(C)CC(=O)OC(CC=C(C)C)C1=COC(=C1)C2=C(C=CC(=C2)O)O,,
5321289,CC(C)C(=O)OC(CC=C(C)C)C1=COC(=C1)C2=C(C=CC(=C2)O)O,,
5321290,CC(=CCC(C1=COC(=C1)C2=C(C=CC(=C2)O)O)OC(=O)C=C(C)C)C,,
5321312,CN(C=O)C1=C(C=CC2=CC(=C(C=C21)OC)OC)C3=C(C(=C(C=C3)OC)OC)O,,
5321314,CC1(C=CC2=C(O1)C3=C(C(=CC=C3)OC)N(C2=O)C)CC4C5=C(C=CC(=C5OC)OC)C6=C(N4C)C7=CC8=C(C=C7C=C6)OCO8,,
5321318,COC1=CC(=CC(=C1O)OC)/C=C/C(=O)OC,,
5321398,C1=CC(=CC=C1C2=COC3=CC(=CC(=C3C2=O)O)O)O[C@H]4[C@@H]([C@H]([C@@H]([C@H](O4)CO)O)O)O,,
5321435,COC1=C(C=CC(=C1)C2=C(C(=O)C3=C(O2)C=C(C(=C3O)OC)O)O)O,,
5321487,COC1=CC(=CC(=C1O)OC)/C(=C\C2=CC(=C(C=C2)O)OC)/C(=O)NCCC3=CC=C(C=C3)O,,
5321489,CCCCCCC(CCCC(C1CCC(O1)C(CCC(C2CCC(O2)CCCCCCCCCC3=CC(OC3=O)C)O)O)O)O,,
5321494,CC1=CC(=O)C2=C(C=C(C=C2O1)O[C@H]3[C@@H]([C@H]([C@@H]([C@H](O3)CO)O)O)O)O,,
5321501,COC1=C(C=C2C(=CC(=O)OC2=C1)C3=CC(=CC=C3)O)O,,
5321539,CC(=O)/C=C/C1=C(C=C2C(=C1)C=CC(=O)O2)OC,,
5321577,COC1=CC(=CC(=C1O)OC)C2=C(C(=O)C3=C(C=C(C=C3O2)O)O)O[C@H]4[C@@H]([C@H]([C@@H]([C@H](O4)CO)O)O)O,,
5321620,CC1=COC2=C1C(=O)C(=O)C3=C2C=CC4=C3CC[C@@H]([C@]4(C)O)O,,
5321765,CC(=CCC1=CC(=C(C=C1OC)O)C(=O)/C=C/C2=CC=C(C=C2)O)C,,
5321771,CC1=C2[C@H](C[C@@]3(CC[C@@H](C(=C)[C@H]3[C@@H]([C@@H](C2(C)C)[C@H](C1)OC(=O)C)OC(=O)C)OC(=O)C)C)OC(=O)C,,
5321800,CC1(C=CC2=CC(=C(C=C2O1)O)C(=O)/C=C/C3=CC=C(C=C3)O)C,,
5321816,CC1(C2CC3C1(C3C2)C)C(=O)O,,
5321825,COC1=C(C=CC(=C1)/C=C/C(=O)NCCCCNC(=O)/C=C/C2=CC(=C(C=C2)O)OC)O,,
5321844,CCCCCCCCC/C=C/C=C/C(=O)NCC(C)(C)O,,
5321853,C1OC2=C(O1)C=C(C=C2)CCCCC(=O)O,,
5321910,CN1CCC2=CC3=C(C=C2C(=O)CC4=C(C1)C(=C(C=C4)O)OC)OCO3,,
5321925,CC1CCC2(O1)C(=CC(=O)CC2(C)C)C,,
5321948,C1=CC2=C(C(=C1)O)C(=O)OC(=C2)C3=CC(=C(C=C3)O)O,,
5321950,C/C=C(\C)/C=O,,
5321954,COC1=CC=C(C=C1)C2=CC(=O)C3=C(C=C(C=C3O2)O[C@H]4[C@@H]([C@H]([C@@H]([C@H](O4)CO)O)O)O)O,,
5321960,CC(=CCC1=C(C=C2C(=C1OC)C=CC(=O)O2)OC)C,,
5321977,CC1=CC2=CC(=CC(=C2C(=C1C(=O)C)O)O)OC,,
5321980,CC1=CC2=CC3=CC(=CC(=C3C(=C2C(=O)O1)O)O)OC,,
5322012,COC1=CC(=CC2=C1OC(C2C(=O)NCCC3=CC=C(C=C3)O)C4=CC(=C(C=C4)O)OC)/C=C/C(=O)NCCC5=CC=C(C=C5)O,,
5322038,C1=C(C=C(C(=C1O)O)O)C(=O)O[C@H]2[C@@H]([C@H](O[C@H]([C@@H]2OC(=O)C3=CC(=C(C(=C3)O)O)O)OC(=O)C4=CC(=C(C(=C4)O)O)O)CO)O,,
5322052,C1=CC(=CC=C1C(=O)/C=C/C2=C(C=C(C=C2)O)O)O,,
5322064,C1=CC=C(C(=C1)C2=CC(=O)C3=C(C=C(C=C3O2)O)O)O,,
5322065,C1=CC(=C(C=C1C2=CC(=O)C3=C(O2)C=C(C=C3)O)O)O,,
5322076,COC1=C(C2=C(C=C1O)OC(=CC2=O)C3=CC=CC=C3O)O,,
5322078,COC1=C(C=C(C2=C1OC(=CC2=O)C3=CC=C(C=C3)O)O)O,,
5322091,COC1=C(C=C(C=C1)C2=C(C(=O)C3=C(C(=C(C=C3O2)OC)O)O)O)OC,,
5322095,CCCCC/C=C\C/C=C\CCCCCCCC(=O)OCC(OC(=O)CCCCCCC/C=C\C/C=C\CCCCC)COC(=O)CCCCCCC/C=C\C/C=C\CCCCC,,
5322151,CCCCCCCCCCCCCCCCCCCCCCCCCCCCCCCCCC1=CC(=O)C2=C(C=C(C=C2O1)OC)O,,
5322153,CCCCCCCCCCCCCCCCCCCCCC(=O)N[C@@H](CO)[C@@H]([C@@H](CCCCCCCCCCCCCC)O)O,,
5322173,C/C/1=C\C2C(C(C/C(=C/CC1)/C)OC(=O)C)C(=C)C(=O)O2,,
5322246,CCCC1=CC(=O)OC2=C1C=CC(=C2)O,,
5322253,C1=CC=C(C=C1)OC2=C(OC3=C(C2=O)C=CC(=C3)O)C(F)(F)F,,
5322280,CC1=C(C=CC2=C1OC(=O)C3=C2CCCC3)O,,
5322315,C1CCC2=C(C1)C3=C(C=C(C=C3)O)OC2=O,,
5322399,CC(=O)C1=CC2=C(C=C1)N[C@H]([C@@H]3[C@H]2C=CC3)C4=CC5=C(C=C4Br)OCO5,,
5322711,C1C/C(=C\C2=CN=CC=C2)/C(=O)/C(=C/C3=CN=CC=C3)/C1,,
5322719,CC1C/C(=C\C2=CC(=C(C(=C2)OC)OC)OC)/C(=O)/C(=C/C3=CC(=C(C(=C3)OC)OC)OC)/C1,,
5322764,CC(C)CN1C=C(C2=CC(=C(C=C2C1=O)OC)OC)C(=O)NCCN(C)C,,
5323537,COC1=C(C=CC(=C1)C2=C(C(=O)C3=C(C=C(C=C3O2)O[C@H]4[C@@H]([C@H]([C@@H]([C@H](O4)CO)O)O)O)O)O[C@H]5[C@@H]([C@H]([C@@H]([C@H](O5)CO)O)O)O)O,,
5323553,CC1(C=CC2=C(O1)C=CC(=C2)C3=COC4=C(C3=O)C(=C5C=C(OC5=C4)C(C)(C)O)O)C,,
5323604,C(=C\C=O)\C=O,,
5323650,C/C=C/C=C/C(=O)OC,,
5323652,C/C=C(\C)/C(=O)OC,,
5323714,C1COC(=O)N1/N=C/C2=CC=C(O2)[N+](=O)[O-],,
5323807,CC(=O)C(Cl)(Br)Br,,
5323845,CCN1CCCC1CNC(=O)C2=C(C(=CC=C2)OC)OC,,
5323852,CCN1CCCC1CNC(=O)C2=C(C=CC(=C2)Br)OC,,
5323974,CC1=NNC(=O)O1,,
5324259,CC(=CCC1(C(=O)C=C(/C(=C(\C=C\C2=CC=CC=C2)/O)/C1=O)OC)CC=C(C)C)C,,
5324349,C1=CC2=C(C=C1O)OC3=C2C(=O)C4=C(C=C(C=C4O3)O)O,,
5324358,CC(=CCC1=C(C=CC(=C1O)C2=CC3=C(C(=C(C=C3)O)CC=C(C)C)OC2=O)O)C,,
5324390,CC/C(=N/NC(=O)N)/C,,
5324473,C1=CC(=CC=C1/C=C/C(=C/C(=O)/C=C/C2=CC=C(C=C2)O)/O)O,,
5324476,COC1=C(C=CC(=C1)/C=C/C(=C/C(=O)/C=C/C2=CC=C(C=C2)O)/O)O,,
5324478,CC(C)C[C@@H]1C(=O)N2[C@H](C[C@@]3([C@H]2NC4=CC=CC=C43)CC=C(C)C)C(=O)O1,,
5324556,C1=CC2=C(C(=C1)O)C(=O)OC=C2C(=O)CO,,
5324562,CC(C)(C(=O)CC1=C(C=C2C(=C1)C=CC(=O)O2)O)O,,
5324580,CC1=C(NN=C1)C(=O)O,,
5324582,CCOC(=O)C1=C(C=CN1)C,,
5324595,C1=CC=C2C(=C1)C3=C4C(=C5C(=C3N2)NC=N5)C(=O)NC4=O,,
5324625,CC(=CCOC1=C(C2=C(C=C1)C=CC(=O)O2)OC)C,,
5324648,CC1=CC(=O)OC2=C1C=CC(=C2C(=O)C)O,,
5324654,C1=CC(=O)OC2=CC(=CC(=C21)O)O,,
5324673,CC1=CC(=C(C=C1)C)C(=O)/C=C/C(=O)O,,
5324677,COC1=CC(=CC(=C1)/C=C/C(=O)O)OC,,
5324722,CCOC(=O)/C(=C(\C#N)/C(=O)OCC)/C#N,,
5324733,C[C@H](CO)C(=O)OC,,
5324772,COC1=C(N=CC=C1)C=O,,
5324797,CC1=CSC(=N1)C(=O)C,,
5324988,CC1=CC(=O)N(C2=C1C=CC=C2OC)C,,
5325137,C1=COC(=C1)/C=C/C#N,,
5325504,C(=C/C(=O)Cl)\C(=O)Cl,,
5325612,CC(=O)C1=CC2=CC=CC=C2N=C1,,
5325760,CC1=C(C(=NO1)C)C2=CC=CC=C2,,
5325817,CC1=C(C2=C(C=C1)C=C(C(=O)C2=O)C(C)C)CCCC(C)(C)O,,
5325908,C1[C@@H](OC1=O)C(Cl)(Cl)Cl,,
5325911,CC[C@H]1CCC(=O)O1,,
5325915,C1[C@H]([C@H](C(=O)O1)O)O,,
5325923,C[C@@]1(CCOC(=O)C1)O,,
5325924,C[C@@H]1C(=O)O[C@@H](C(=O)O1)C,,
5325945,COC1=CC=CC2=C1CC3=C(C2=O)C=CC=C3OC,,
5326018,COC(=O)/C/1=C/C2=C(NC3=CC=CC=C23)/C(=C\C4=C1NC5=CC=CC=C45)/C(=O)OC,,
5326145,COC1=C(C=C2C(=C1)C(=O)C3=C(O2)C=CC(=C3OC)O)O,,
5326317,CC(C)C(=O)C1=C(C=C(C=C1O)O)O,,
5326566,CC1=CC2=C(C=C1C)N=C3C(=N2)C(=O)NC(=O)N3,,
5326608,C1C[C@H](N2[C@@H]1CN(CC2=O)S(=O)(=O)CC3=CC=CC=C3)C(=O)NCC4CCN(CC4)/C(=N/O)/N,,
5326625,C1CN2C3=CC=CC4=C3C=C(C=C4)OC5=C(C=CC(=C5)CN6C=NC=C6CCN[C@@H]1C2=O)C#N,,
5326637,C1=CC(=C2C(=C1)OC3=C(C=CC(=C3C2=O)O)[N+](=O)[O-])O,,
5326713,CN(C)C1=CC=C(C=C1)C2=CC=C(C=C2)CN(C3=CC=CC(=C3)/C=C/C(=O)OC)C(=O)C4CCCCC4,,
5326751,C1=CC(=CC=C1N(C(=O)SC[C@@H](C(=O)NCC(=O)O)NC(=O)CC[C@@H](C(=O)O)N)O)I,,
5326770,CCSCC[C@H]([C@@H](C(=O)N[C@@H](C)C1=CC=CC2=CC=CC=C21)O)N,,
5326793,CCCCCCCCCCCCCCCCCC(=O)O[C@H](COC(=O)CCCCCCCCCCCCCCC)COP(=O)(O)OCCN,,
5326813,CC1=C(C=CC(=C1C2=CC=C(C=C2)OC)S(=O)(=O)C)C(=O)C3=CNN(C3=O)C(C)(C)C,,
5326857,CN(C)C1=NC=NC2=C1N=CN2[C@H]3[C@@H]([C@@H]([C@H](O3)COP(=O)(O)O[C@@H]4[C@H](O[C@H]([C@@H]4O)N5C=CC(=NC5=O)N)COP(=O)(O)O[C@@H]6[C@H](O[C@H]([C@@H]6O)N7C=CC(=NC7=O)N)CO)NC(=O)[C@H](CC8=CC=C(C=C8)OC)N)O,,
5326866,CC(C)(C)C1=CC(=NN1)NC(=O)NC2=CC(=C(C=C2)Cl)COC3=CN=CC=C3,,
5326868,C1COCCN1C2=CC(=CC(=C2)C(=O)NC3=CC4=C(C=C3)NC=C4CCC5=CC=NC=C5)F,,
5326869,C1COCCN1C2=CC(=CC(=C2)C(=O)NC3=CC4=C(C=C3)C=CN4CCC5=CC=NC=C5)F,,
5326870,C1COCCN1C2=CC(=CC(=C2)C(=O)NC3=CC4=C(C=C3)NC=C4)F,,
5326876,CC[C@@H](C)[C@H](C(=O)N[C@@H](CCC(=N)N)C(=O)NCC1=CC=C(C=C1)C(=N)N)NS(=O)(=O)CC2=CC(=CC=C2)C(=O)O,,
5326878,CCS(=O)(=O)N[C@H](CC1=CC=C(C=C1)C2=CC=CC=C2)C(=O)N[C@@H](CCC(=O)N)C(=O)NCC3=CC=C(C=C3)C(=N)N,,
5326879,C1CN(CCN1C(=O)C2=NC=C(C=N2)C3=CC=NC=C3)S(=O)(=O)C4=CC5=C(N4)C=CC(=C5)Cl,,
5326883,CCS(=O)(=O)N[C@H](CC1=CNC2=CC=CC=C21)C(=O)N[C@@H](CCC(=O)N)C(=O)NCC3=CC=C(C=C3)C(=N)N,,
5326888,CCCOC1=CC2=C(C=C1)NC=C2C[C@H](C(=O)N[C@@H](CCC(=O)N)C(=O)NCC3=CC=C(C=C3)C(=N)N)NS(=O)(=O)CC,,
5326914,CC(C)C[C@H]1C(=O)N(CCC(=O)N1CC2=CC3=CC=CC=C3N=C2)[C@@H](CC4=CC5=CC=CC=C5C=C4)C(=O)NC,,
5326920,C1C[C@H]2[C@H]3[C@@H]([C@@H](N2C1)C4=CC=C(C=C4)C(=N)N)C(=O)N([C@@H]3C5CC5)CC6=CC7=C(C=C6)OCO7,,
5326921,CC[C@@H]1[C@H]2[C@@H]3CCCN3[C@H]([C@H]2C(=O)N1CC4=CC5=C(C=C4)OCO5)C6=CC=C(C=C6)C(=N)N,,
5326956,COC1=CC=C(C=C1)C2=C(C3=C(N=CN=C3O2)N)C4=CC=C(C=C4)NC(=O)NC5=C(C=CC(=C5)C(F)(F)F)F,,
5326958,C[C@@H](C1=CC=CC=C1)NC2=NC=CC(=N2)C3=C(C(=O)N(N3C)C4CCNCC4)C5=CC=C(C=C5)F,,
5326966,C1CCC2=NC3=CC=CC=C3C(=C2C1)NCCCCCCCCCCN[C@@H]4CCCC5=C4C=CC(=O)N5,,
5326979,CN(CCOC1=CC=C(C=C1)C2=CC=C(C=C2)C#N)C(=O)NO,,
5327006,C([C@@H](C(=O)O)O)OP(=O)(O)O,,
5327011,CC(=O)OC[C@H](COP(=O)(O)OCCN)OC(=O)C,,
5327016,C1=CC=C(C=C1)CCCN(C=O)O,,
5327038,CCCCCCCCCCCCCCCC(=O)O[C@@H](CO[C@H]1[C@H]([C@H]([C@H]([C@@H](O1)CO)O)O)O)COC(=O)CCCCCCCCCCCC,,
5327044,CC1=CC2=C(C=C1C)OC=C(C2=O)CN(C)CCN(C)CC3=CN(C4=CC=CC=C43)C5=CC=CC(=C5)C(F)(F)F,,
5327045,C1=CC2=C(N=C1)SC(=C2OCC(=O)O)C(=O)O,,
5327048,C1CN(CCC1NC2=CC3=C(C=C2)C4=C(S3)C(=C(S4)C(=O)O)OCC(=O)O)S(=O)(=O)CC5=CC=CC=C5,,
5327059,CCC1=C(NC(=O)C(=C1OC2=CC=CC(=C2)CCC#N)I)C,,
5327063,CN(C1=CC(=CC(=C1)C(=O)N[C@@H](CC2=CC=CC=C2)[C@@H](CNC3CC3)O)C(=O)C4=CC=CC=C4)S(=O)(=O)C,,
5327064,CC(C)(C)C1=NN(C(=C1)NC(=O)NC2=C(C(=CC=C2)Cl)Cl)C3=CC=CC=C3,,
5327065,CC1=C(C=C(C=C1)NC(=O)C2=CC(=NC=C2)N3CCOCC3)NC4=NC=NC5=CC(=C(C=C54)OCCN6CCCC6)OC,,
5327066,C1CNCCC1OC2=CC=CC(=C2)C(=O)C3=C(N(N=C3)C4=CC=C(C=C4)F)N,,
5327067,C1=CC(=CC(=C1)OC[C@H](CO)O)C(=O)C2=C(N(N=C2)C3=CC=C(C=C3)F)N,,
5327076,CC1=CC(=CC(=C1)OC2=C(C(=O)NC(=C2CSCC3=CC=CO3)C)I)C,,
5327077,CC(=O)O[C@@H]1[C@@H]([C@H]([C@]2(CS[C@]([C@@H]1O2)(C(=O)N)O)C(=O)O)OP(=O)(O)O)N,,
5327090,CC(C)[C@@H](C(=O)NN(CC1=CC=CC=C1)C[C@@](CC2=CC=CC=C2)(C(=O)N[C@@H]3[C@@H](CC4=CC=CC=C34)O)O)NC(=O)OC,,
5327096,CC(C)C1=CN=C(S1)NC(=O)CC2=CN=CC=C2,,
5327152,CC(C)(C)OC(=O)N1CC2=C(C[C@H]1C(=O)NC)C=CC(=C2)NS(=O)(=O)O,,
5327153,CNC(=O)[C@@H]1CC2=C(CN1C(=O)OCC3=CC=CC=C3)C=C(C=C2)NS(=O)(=O)O,,
5327155,CC(C)(C)OC(=O)N1CC2=C(C[C@@H]1C(=O)NC)C=CC(=C2)NS(=O)(=O)O,,
5327156,CNC(=O)[C@@H]1CC2=C(CN1C(=O)CCC3=CC(=CC=C3)NS(=O)(=O)O)C=C(C=C2)NS(=O)(=O)O,,
5327158,CNC(=O)[C@@H]1CC2=C(CN1C(=O)CCC3=CC(=CC=C3)C(=O)O)C=C(C=C2)NS(=O)(=O)O,,
5327159,C1=CC(=C(C(=C1)F)C2=CC=C(C=C2)C(=O)O)F,,
5327160,C1=CC(=C(C(=C1)Cl)C2=NC3=C(O2)C=C(C=C3)C(=O)O)Cl,,
5327196,C1=CC=C(C=C1)C[C@@H]2[C@@H]([C@H]([C@H](N(C(=O)N2CCC[C@H](C3=CC=C(C=C3)F)O)CCC[C@@H](C4=CC=C(C=C4)F)O)CC5=CC=CC=C5)O)O,,
5327198,C1=CC=C(C=C1)C[C@@H]2[C@@H]([C@H]([C@H](N(C(=O)N2CCCCCNC(=O)C3=CC(=CC(=C3)F)F)CCCCCNC(=O)C4=CC(=CC(=C4)F)F)CC5=CC=CC=C5)O)O,,
5327202,C1=CC=C(C=C1)C[C@@H]2[C@@H]([C@H]([C@H](N(C(=O)N2CCCCCNC(=O)C3=CC(=CC=C3)C(F)(F)F)CCCCCNC(=O)C4=CC(=CC=C4)C(F)(F)F)CC5=CC=CC=C5)O)O,,
5327234,C1CC1CN2[C@@H]([C@@H]([C@H]([C@H](N(C2=O)CCCCCCO)CC3=CC=CC=C3)O)O)CC4=CC=CC=C4,,
5327235,C1CC1CN2[C@@H]([C@@H]([C@H]([C@H](N(C2=O)C/C=C/C3=CNN=C3)CC4=CC=CC=C4)O)O)CC5=CC=CC=C5,,
5327236,C1=CC=C(C=C1)C[C@H]2N(C(=O)N([C@@H]([C@@H]([C@H]2O)O)CC3=CC=CC=C3)C/C=C/C4=CNN=C4)C/C=C/C5=CNN=C5,,
5327243,CC(C)(C)CCN1[C@@H]([C@@H]([C@H]([C@H](N(C1=O)CCC(C)(C)C)CC2=CC=CC=C2)O)O)CC3=CC=CC=C3,,
5327265,C1=CC=C(C=C1)C[C@@H]2[C@@H]([C@H]([C@H](N(C(=O)N2CCCCCNC(=O)C3=CC=CC=C3F)CCCCCNC(=O)C4=CC=CC=C4F)CC5=CC=CC=C5)O)O,,
5327293,C1=CC=C(C=C1)C[C@H]2N(C(=O)N([C@@H]([C@@H]([C@H]2O)O)CC3=CC=CC=C3)CC4=CC(=CC=C4)/C(=N/O)/N)CC5=CC(=CC=C5)/C(=N/O)/N,,
5327294,C1=CC=C(C=C1)C[C@@H]2[C@@H]([C@H]([C@H](N(C(=O)N2CC3=CC(=CC=C3)/C=N/O)CC4=CC(=CC=C4)/C=N\O)CC5=CC=CC=C5)O)O,,
5327295,C/C(=N\O)/C1=CC=CC(=C1)CN2[C@@H]([C@@H]([C@H]([C@H](N(C2=O)CC3=CC(=CC=C3)/C(=N\O)/C)CC4=CC=CC=C4)O)O)CC5=CC=CC=C5,,
5327300,CC(C)[C@@H](C(=O)N[C@@H](CC1=CC=CC=C1)C[C@H]([C@H](CC2=CC=CC=C2)NC(=O)[C@H](C(C)C)NC(=O)N(C)CC3=CC=CC=N3)O)NC(=O)N(C)CC4=CC=CC=N4,,
5327301,CN(CC1=CC(=C(C=C1)O)C(=O)O)CC2=CC=C(S2)C(=O)N[C@@H](CC(=O)O)C(=O)CSCC3=CC=CC=C3Cl,,
5327302,C1=CC(=CC=C1CNS(=O)(=O)C2=CC(=C(C=C2)O)C(=O)O)C(=O)N[C@@H](CC(=O)O)C=O,,
5327304,C1=CC(=C(C=C1S(=O)(=O)NCC2=NC=C(C=C2)C(=O)N[C@@H](CC(=O)O)C=O)C(=O)O)O,,
5327305,C1=CC=C(C(=C1)CSCC(=O)[C@H](CC(=O)O)NC(=O)C2=CN=C(C=C2)CNS(=O)(=O)C3=CC(=C(C=C3)O)C(=O)O)Cl,,
5327307,C1=CC=C(C(=C1)CSCC(=O)[C@H](CC(=O)O)NC(=O)C2=CN=C(S2)CNS(=O)(=O)C3=CC(=C(C=C3)O)C(=O)O)Cl,,
5327308,C1=CC(=C(C=C1S(=O)(=O)NCC2=CC=C(S2)C(=O)N[C@@H](CC(=O)O)C=O)C(=O)O)O,,
5327309,C1=CC=C(C(=C1)CSCC(=O)[C@H](CC(=O)O)NC(=O)C2=CC=C(S2)CNS(=O)(=O)C3=CC(=C(C=C3)O)C(=O)O)Cl,,
5327310,CC1=C(SC(=C1)CNS(=O)(=O)C2=CC(=C(C=C2)O)C(=O)O)C(=O)N[C@@H](CC(=O)O)C(=O)CSCC3=CC=CC=C3Cl,,
5327311,C1=CC(=C(C=C1S(=O)(=O)NCC2=CN=C(C=N2)C(=O)N[C@@H](CC(=O)O)C=O)C(=O)O)O,,
5327312,C1=CC=C(C(=C1)CSCC(=O)[C@H](CC(=O)O)NC(=O)C2=NC=C(N=C2)CNS(=O)(=O)C3=CC(=C(C=C3)O)C(=O)O)Cl,,
5327313,C1=CC(=C(C=C1S(=O)(=O)NCC2=NC=C(S2)C(=O)N[C@@H](CC(=O)O)C=O)C(=O)O)O,,
5327314,C1=CC(=C(C=C1S(=O)(=O)NCC2=CC(=NO2)C(=O)N[C@@H](CC(=O)O)C=O)C(=O)O)O,,
5327315,C1=CC=C(C(=C1)CSCC(=O)[C@H](CC(=O)O)NC(=O)C2=NOC(=C2)CNS(=O)(=O)C3=CC(=C(C=C3)O)C(=O)O)Cl,,
5327316,C1=CC(=C(C=C1S(=O)(=O)NCC2=CC(=CS2)C(=O)N[C@@H](CC(=O)O)C=O)C(=O)O)O,,
5327317,C1=CC(=C(C(=C1)Cl)C2=CN=C(O2)C(=O)[C@H](CC(=O)O)NC(=O)C3=CC=C(S3)CNS(=O)(=O)C4=CC(=C(C=C4)O)C(=O)O)Cl,,
5327318,COC1=CC=CC2=C1OC(=N2)C(=O)[C@H](CC(=O)O)NC(=O)C3=CC=C(S3)CNS(=O)(=O)C4=CC(=C(C=C4)O)C(=O)O,,
5327319,C1=CC=C(C=C1)S(=O)(=O)NCC2=CC=C(S2)C(=O)N[C@@H](CC(=O)O)C(=O)CSCC3=CC=CC=C3Cl,,
5327320,C1=CC=C(C(=C1)CSCC(=O)[C@H](CC(=O)O)NC(=O)C2=CC=C(S2)CNS(=O)(=O)C3=CC=C(C=C3)O)Cl,,
5327321,C1=CC=C(C(=C1)CSCC(=O)[C@H](CC(=O)O)NC(=O)C2=CC=C(S2)CNS(=O)(=O)C3=CC=CC(=C3)C(=O)O)Cl,,
5327323,CN(CC1=CC=C(S1)C(=O)N[C@@H](CC(=O)O)C(=O)CSCC2=CC=CC=C2Cl)S(=O)(=O)C3=CC(=C(C=C3)O)C(=O)O,,
5327324,C1=CC=C(C(=C1)CSCC(=O)[C@H](CC(=O)O)NC(=O)C2=CC=C(S2)S(=O)(=O)NCC3=CC(=C(C=C3)O)C(=O)O)Cl,,
5327325,C1=CC=C(C(=C1)CSCC(=O)[C@H](CC(=O)O)NC(=O)C2=CC=C(S2)CNCC3=CC(=C(C=C3)O)C(=O)O)Cl,,
5327326,CC(=O)N(CC1=CC(=C(C=C1)O)C(=O)O)CC2=CC=C(S2)C(=O)N[C@@H](CC(=O)O)C(=O)CSCC3=CC=CC=C3Cl,,
5327327,C1=CC=C(C(=C1)CSCC(=O)[C@H](CC(=O)O)NC(=O)C2=CSC(=C2)CNS(=O)(=O)C3=CC(=C(C=C3)O)C(=O)O)Cl,,
5327328,C1=CC(=C(C=C1S(=O)(=O)NCC2=CSC(=C2)C(=O)N[C@@H](CC(=O)O)C=O)C(=O)O)O,,
5327329,C1=CC=C(C(=C1)CSCC(=O)[C@H](CC(=O)O)NC(=O)C2=CC(=CS2)CNS(=O)(=O)C3=CC(=C(C=C3)O)C(=O)O)Cl,,
5327330,CC1=C(SC(=C1)CNS(=O)(=O)C2=CC(=C(C=C2)O)C(=O)O)C(=O)N[C@@H](CC(=O)O)C=O,,
5327332,C1=CC=C(C(=C1)CSCC(=O)[C@H](CC(=O)O)NC(=O)C2=CC=C(O2)CNS(=O)(=O)C3=CC(=C(C=C3)O)C(=O)O)Cl,,
5327333,C1=CC(=CN=C1)CSCC(=O)[C@H](CC(=O)O)NC(=O)C2=CC=C(S2)CNS(=O)(=O)C3=CC(=C(C=C3)O)C(=O)O,,
5327334,C1=CC(=C(C=C1S(=O)(=O)NCC2=CC=C(S2)C(=O)N[C@@H](CC(=O)O)C(=O)CSCC3=CC=NC=C3)C(=O)O)O,,
5327335,C1=CC=C(C=C1)CCCC(=O)[C@H](CC(=O)O)NC(=O)C2=CC=C(S2)CNS(=O)(=O)C3=CC(=C(C=C3)O)C(=O)O,,
5327336,C1=CC(=C(C=C1S(=O)(=O)NCCCCCC(=O)N[C@@H](CC(=O)O)C=O)C(=O)O)O,,
5327337,C1=CC=C(C=C1)S(=O)(=O)NCC2=NC=C(C=C2)C(=O)N[C@@H](CC(=O)O)C=O,,
5327338,C1=CC(=CC=C1O)S(=O)(=O)NCC2=NC=C(C=C2)C(=O)N[C@@H](CC(=O)O)C=O,,
5327339,C1=CC(=CC(=C1)S(=O)(=O)NCC2=NC=C(C=C2)C(=O)N[C@@H](CC(=O)O)C=O)C(=O)O,,
5327340,CS(=O)(=O)C1=CC(=CC=C1)S(=O)(=O)NCC2=NC=C(C=C2)C(=O)N[C@@H](CC(=O)O)C=O,,
5327341,CS(=O)(=O)NC1=CC(=CC=C1)S(=O)(=O)NCC2=NC=C(C=C2)C(=O)N[C@@H](CC(=O)O)C=O,,
5327342,CS(=O)(=O)NC1=CC=C(C=C1)S(=O)(=O)NCC2=NC=C(C=C2)C(=O)N[C@@H](CC(=O)O)C=O,,
5327343,CS(=O)(=O)NC(=O)C1=CC(=CC=C1)S(=O)(=O)NCC2=NC=C(C=C2)C(=O)N[C@@H](CC(=O)O)C=O,,
5327344,CC(=O)NS(=O)(=O)C1=CC=CC(=C1)S(=O)(=O)NCC2=NC=C(C=C2)C(=O)N[C@@H](CC(=O)O)C=O,,
5327345,C1=CC(=CC(=C1)S(=O)(=O)NCC2=NC=C(C=C2)C(=O)N[C@@H](CC(=O)O)C=O)C3=NNN=N3,,
5327347,CSCC(=O)[C@H](CC(=O)O)NC(=O)C1=CN=C(C=C1)CNS(=O)(=O)C2=CC(=C(C=C2)O)C(=O)O,,
5327348,C1=CC(=C(C(=C1)Cl)C2=CN=C(O2)C(=O)[C@H](CC(=O)O)NC(=O)C3=CN=C(C=C3)CNS(=O)(=O)C4=CC(=C(C=C4)O)C(=O)O)Cl,,
5327349,COC1=CC=CC2=C1OC(=N2)C(=O)[C@H](CC(=O)O)NC(=O)C3=CN=C(C=C3)CNS(=O)(=O)C4=CC(=C(C=C4)O)C(=O)O,,
5327351,CCCN1CCN([C@@H](C1)C(=O)NC(C)(C)C)C[C@H]([C@H](CC2=CC=CC=C2)NC(=O)O[C@@H]3CCS(=O)(=O)[C@@H]3C(C)C)O,,
5327352,CC(C)[C@@H]1[C@@H](CCS1(=O)=O)OC(=O)N[C@@H](CC2=CC=CC=C2)[C@@H](CN3CCN(C[C@H]3C(=O)NC(C)(C)C)C(C)C)O,,
5327360,C[C@H]1[C@H](CCS1(=O)=O)OC(=O)N[C@@H](CSC2=CC=CC=C2)[C@@H](CN3C[C@H]4CCS[C@H]4CC3C(=O)NC(C)(C)C)O,,
5327361,C[C@@H]1[C@@H](CCS1(=O)=O)OC(=O)N[C@@H](CSC2=CC=CC=C2)[C@@H](CN3C[C@H]4CCS[C@H]4CC3C(=O)NC(C)(C)C)O,,
5327365,CC(C)[C@@H]1[C@@H](CCS1)OC(=O)N[C@@H](CC2=CC=CC=C2)[C@@H](CN3C[C@H]4CCS[C@H]4CC3C(=O)NC(C)(C)C)O,,
5327368,CC(C)[C@H]1[C@H](CCS1(=O)=O)OC(=O)N[C@@H](CSC2=CC=CC=C2)[C@@H](CN3C[C@H]4CCS[C@H]4CC3C(=O)NC(C)(C)C)O,,
5327369,CC(C)[C@@H]1[C@@H](CCS1(=O)=O)OC(=O)N[C@@H](CSC2=CC=CC=C2)[C@@H](CN3C[C@H]4CCS[C@H]4CC3C(=O)NC(C)(C)C)O,,
5327395,CC(C)[C@@H](C(=O)NC)NC(=O)[C@@H]([C@@H]([C@H]([C@H](C(=O)N[C@@H](C(C)C)C(=O)NC)OCC1=C(C=CC(=C1)F)F)O)O)OCC2=C(C=CC(=C2)F)F,,
5327437,CCNC(=O)[C@H]([C@@H]1N[C@H](C(S1)(C)C)C(=O)NCCNC(=O)[C@H]2C(S[C@@H](N2)CNC(=O)CC3=CC=CC=C3)(C)C)NC(=O)CC4=CC=CC=C4,,
5327440,CCNC(=O)[C@@H](NC(=O)/C=C\C1=CC=CC=C1)[C@H]2SC([C@@H](N2)C(=O)NCCNC(=O)[C@@H]3N[C@H](SC3(C)C)[C@H](NC(=O)/C=C\C4=CC=CC=C4)C(=O)NCC)(C)C,,
5327441,CC(COC1=CC=C(C=C1)C[C@@H]([C@@H](CNC[C@H]([C@H](CC2=CC=CC=C2)NC(=O)OC(C)(C)C)O)O)NC(=O)OC(C)(C)C)O,,
5327443,CC1=C(C(=CC=C1)C)OCC(=O)N[C@@H](CC2=CC=CC=C2)[C@@H](C(=O)N3CSC[C@H]3C(=O)NC(C)(C)C)O,,
5327450,CC(C)(C)NC(=O)[C@@H]1C[C@@H](CCN1C[C@H]([C@H](CC2=CC=CC=C2)NC(=O)OCC3=CC=CC=C3)O)OCC4=CC=NC=C4,,
5327456,CC1=CC=CC=C1COC(=O)N[C@@H](CC2=CC=CC=C2)[C@@H](CN3CC[C@H](C[C@H]3C(=O)NC(C)(C)C)OCC4=CC=NC=C4)O,,
5327458,CC1=CC=CC=C1OCC(=O)N[C@@H](CC2=CC=CC=C2)[C@@H](CN3CC[C@H](C[C@H]3C(=O)NC(C)(C)C)OCC4=CC=NC=C4)O,,
5327459,CC1=C(C(=CC=C1)C)COC(=O)N[C@@H](CC2=CC=CC=C2)[C@@H](CN3CC[C@H](C[C@H]3C(=O)NC(C)(C)C)OCC4=CC=NC=C4)O,,
5327461,CC1=C(C(=CC=C1)C)OC(C)C(=O)N[C@@H](CC2=CC=CC=C2)[C@@H](CN3CC[C@H](C[C@H]3C(=O)NC(C)(C)C)OCC4=CC=NC=C4)O,,
5327463,CC(C)C[C@@H](C(=O)N[C@@H](CC1=CC=CC=C1)C(=O)N)NC(=O)[C@H](C/C=C/C2=CC=CC=C2)C[C@@H]([C@H](CC3=CC=CC=C3)NC(=O)OC(C)(C)C)O,,
5327470,CC[C@H](C)[C@@H](C(=O)NCC1=NC2=CC=CC=C2N1)NC(=O)[C@H](C/C=C/C3=CC=CC=C3)C[C@@H]([C@H](CC4=CC=CC=C4)NC(=O)OC(C)(C)C)O,,
5327474,CC(C)[C@@H](C(=O)NC)NC(=O)[C@@H]([C@@H]([C@H]([C@H](C(=O)N[C@@H](C(C)C)C(=O)NC)OCC1=CC=C(C=C1)C2=CC(=CC=C2)[N+](=O)[O-])O)O)OCC3=CC=C(C=C3)C4=CC(=CC=C4)[N+](=O)[O-],,
5327475,CC([C@H](NC(=O)[C@H](OCC1=CC=C(C=C1)/C=C/C(=O)OC)[C@H](O)[C@@H](O)[C@@H](OCC2=CC=C(C=C2)/C=C/C(=O)OC)C(=O)N[C@H](C(=O)NC)C(C)C)C(=O)NC)C,,
5327526,CC(C)[C@@H](C(=O)NCC1=CC=CC=C1)NC(=O)[C@@H]([C@@H]([C@H](CC2=CC=CC=C2)NC(=O)[C@H](C(C)C)NC(=O)OCC3=CC=CC=C3)O)NCCC4=CNC5=CC=CC=C54,,
5327529,CC(C)[C@@H](C(=O)N[C@@H](CC1=CC=CC=C1)[C@H]([C@H](C(=O)N[C@@H](C(C)C)C(=O)NCC2=CC=CC=C2)NCC3=CC=CC=C3)O)NC(=O)C4=NC5=CC=CC=C5C=C4,,
5327530,CC(C)[C@@H](C(=O)NCC1=CC=CC=C1)NC(=O)[C@@H]([C@@H]([C@H](CC2=CC=CC=C2)NC(=O)[C@H](C(C)C)NC(=O)N(C)CC3=NC4=CC=CC=C4N3)O)NCC5=CC=CC=C5,,
5327531,CC(C)[C@@H](C(=O)NCCC1=CNC2=CC=CC=C21)NC(=O)[C@@H]([C@@H]([C@H](CC3=CC=CC=C3)NC(=O)[C@H](C(C)C)NC(=O)OCC4=CC=CC=C4)O)NCC5=CC=CC=C5,,
5327532,CC(C)[C@@H](C(=O)NCC1=CC=CC=C1)NC(=O)[C@@H]([C@@H]([C@H](CC2=CC=CC=C2)NC(=O)[C@H](C(C)C)NC(=O)OC(C)(C)C)O)NCC3=CC=CC=C3,,
5327540,CC(C)(C)OC(=O)N[C@@H](CC1=CC=CC=C1)[C@H](C[C@@H](C/C=C/C2=CC=CC=C2)C(=O)N[C@@H]3[C@@H](CC4=CC=CC=C34)O)O,,
5327542,CC(C)(C)OC(=O)N[C@@H](CC1=CC=CC=C1)[C@H](C[C@@H](C/C=C/C2=CC=C(C=C2)CCN3CCOCC3)C(=O)N[C@@H]4[C@@H](CC5=CC=CC=C45)O)O,,
5327543,CCC1=C(NC(=O)C(=C1)/C=C/N2C(=O)C3=CC=CC=C3C2=O)C,,
5327544,C1=CC=C(C=C1)CC[C@@H]2[C@H]([C@H](N(C(=O)N2CC3=CC(=CC=C3)/C(=N/O)/N)CC4=CC(=CC=C4)/C(=N/O)/N)CC5=CC=CC=C5)O,,
5327545,C1=CC=C(C=C1)CC[C@H]2[C@@H]([C@@H](N(C(=O)N2CC3=CC(=CC=C3)/C(=N/O)/N)CC4=CC(=CC=C4)/C(=N/O)/N)CC5=CC=CC=C5)O,,
5327546,C1=CC(=CC(=C1)/C(=N/O)/N)CN2[C@@H]([C@H]([C@H](N(C2=O)CC3=CC(=CC=C3)/C(=N/O)/N)CC4=CC=C(C=C4)F)O)CCC5=CC=C(C=C5)F,,
5327547,C1=CC(=CC(=C1)/C(=N/O)/N)CN2[C@@H]([C@H]([C@H](N(C2=O)CC3=CC(=CC=C3)/C(=N/O)/N)CC4=CC(=C(C=C4)F)F)O)CCC5=CC(=C(C=C5)F)F,,
5327548,C1=CC=C(C=C1)CC[C@@H]2[C@H]([C@H](N(C(=O)N2CC3=CC(=C(C=C3)F)/C(=N/O)/N)CC4=CC(=C(C=C4)F)/C(=N/O)/N)CC5=CC=CC=C5)O,,
5327549,CC1=CN=C(C=C1)NC(=O)C2=CC=CC(=C2)CN3[C@@H]([C@H]([C@H](N(C3=O)CC4=CC(=CC=C4)C(=O)NC5=NC=C(C=C5)C)CC6=CC=CC=C6)O)CCC7=CC=CC=C7,,
5327550,C1=CC=C(C=C1)CC[C@@H]2[C@H]([C@H](N(C(=O)N2CC3=CC(=CC=C3)C(=O)NC4=NC=CS4)CC5=CC(=CC=C5)C(=O)NC6=NC=CS6)CC7=CC=CC=C7)O,,
5327551,C1=CC=C(C=C1)C[C@@H]2[C@@H]([C@H](N(C(=O)N2CC3=CC(=CC=C3)O)CC4=CC(=CC=C4)O)[C@H](CC5=CC=CC=C5)F)O,,
5327552,C1=CC=C(C=C1)C[C@@H]2[C@@H]([C@H](NC(=O)N2CC3=CC=CC=C3)[C@H](CC4=CC=CC=C4)O)O,,
5327553,C1=CC=C(C=C1)C[C@@H]2[C@@H]([C@H](N(C(=O)N2CC3=CC=CC=C3)CC4=CC=CC=C4)/C=C/C5=CC=CC=C5)O,,
5327554,C1=CC=C(C=C1)C[C@@H]2[C@@H]([C@H](N(C(=O)N2CC3=CC4=CC=CC=C4C=C3)CC5=CC6=CC=CC=C6C=C5)[C@H](CC7=CC=CC=C7)N=[N+]=[N-])O,,
5327555,C1=CC=C(C=C1)C[C@@H]2[C@@H]([C@H](N(C(=O)N2CC3=CC4=CC=CC=C4C=C3)CC5=CC6=CC=CC=C6C=C5)[C@H](CC7=CC=CC=C7)F)O,,
5327556,C1=CC=C(C=C1)C[C@@H]2[C@@H]([C@H](N(C(=O)N2CC3=CC4=CC=CC=C4C=C3)CC5=CC6=CC=CC=C6C=C5)[C@H](CC7=CC=CC=C7)Br)O,,
5327557,CNC1=CC=CC(=C1)CN2[C@@H]([C@@H]([C@H](N(C2=O)CC3=CC(=CC=C3)NC)[C@H](CC4=CC=CC=C4)Br)O)CC5=CC=CC=C5,,
5327558,C1=CC=C(C=C1)C[C@@H]2[C@@H]([C@H](N(C(=O)N2CC3=CC(=CC=C3)CO)CC4=CC(=CC=C4)CO)[C@H](CC5=CC=CC=C5)Br)O,,
5327559,C1=CC=C(C=C1)CC[C@@H]2[C@H]([C@H](N(C(=O)N2)CC3=CC(=CC=C3)/C(=N/O)/N)CC4=CC=CC=C4)O,,
5327560,C1=CC=C(C=C1)CC[C@@H]2[C@H]([C@H](N(C(=O)N2)CC3=CC(=C(C=C3)F)/C(=N/O)/N)CC4=CC=CC=C4)O,,
5327561,C1CC1CN2[C@@H]([C@@H]([C@H](N(C2=O)CC3CC3)[C@H](CC4=CC=CC=C4)O)O)CC5=CC=CC=C5,,
5327562,C1=CC=C(C=C1)C[C@@H]2[C@@H]([C@H](N(C(=O)N2CC3=CC=CC=C3)CC4=CC=CC=C4)[C@H](CC5=CC=CC=C5)Br)O,,
5327563,C1CC1CN2[C@@H]([C@H]([C@H](N(C2=O)CC3=CC(=CC=C3)/C(=N/O)/N)CC4=CC=CC=C4)O)CCC5=CC=CC=C5,,
5327564,C1=CC=C(C=C1)CC[C@@H]2[C@H]([C@H](N(C(=O)N2CC3=CC(=CC=C3)/C(=N/O)/N)CC4=CC(=CC=C4)N)CC5=CC=CC=C5)O,,
5327565,C1=CC=C(C=C1)C[C@@H]2[C@@H]([C@H]3C(N3C(=O)N2CC4=CC(=CC=C4)/C(=N/O)/N)CC5=CC=CC=C5)O,,
5327567,CC(C)(C)OC(=O)N[C@@H](CC1=CC=CC=C1)[C@H]([C@H](C(=O)N[C@@H]2[C@@H](CC3=CC=CC=C23)O)NCC4=CC=C(C=C4)OC)O,,
5327568,CC(C)(C)OC(=O)N[C@@H](CC1=CC=CC=C1)[C@H]([C@H](C(=O)NC(C2=CC=CC=C2)C(=O)NCC3=NC4=CC=CC=C4N3)NCC5=CC=C(C=C5)OC)O,,
5327569,CCOC1=CC=C(C=C1)CN[C@H]([C@@H]([C@H](CC2=CC=CC=C2)NC(=O)OC(C)(C)C)O)C(=O)N[C@@H]3[C@@H](CC4=CC=CC=C34)O,,
5327570,CC(C)(C)OC(=O)N[C@@H](CC1=CC=CC=C1)[C@H]([C@H](C(=O)N[C@@H]2[C@@H](CC3=CC=CC=C23)O)NCC4=CC=C(C=C4)OCCO)O,,
5327571,CC(C)(C)OC(=O)N[C@@H](CC1=CC=CC=C1)[C@H]([C@H](C(=O)N[C@@H]2[C@@H](CC3=CC=CC=C23)O)NCC4=CC=C(C=C4)OCCN5CCOCC5)O,,
5327572,CC(=O)NCC1=CC=C(C=C1)CN[C@H]([C@@H]([C@H](CC2=CC=CC=C2)NC(=O)OC(C)(C)C)O)C(=O)N[C@@H]3[C@@H](CC4=CC=CC=C34)O,,
5327573,CC(C)(C)OC(=O)N[C@@H](CC1=CC=CC=C1)[C@H]([C@H](C(=O)N[C@@H]2[C@@H](CC3=CC=CC=C23)O)NCC4=CC=C(C=C4)CNC(=O)NC5=CC=CC=C5)O,,
5327574,CC(C)(C)OC(=O)N[C@@H](CC1=CC=CC=C1)[C@H]([C@H](C(=O)N[C@@H]2[C@@H](CC3=CC=CC=C23)O)NCC4=CC=C(C=C4)CNC(=O)OCC5=CC=CC=C5)O,,
5327575,CC(C)(C)OC(=O)N[C@@H](CC1=CC=CC=C1)[C@H]([C@H](C(=O)N[C@@H]2[C@@H](CC3=CC=CC=C23)O)NCC4=CC=C(C=C4)CNC(=O)CCC5=NC6=CC=CC=C6N5)O,,
5327577,CCC(C)C(C(=O)N[C@@H](CC1=CC=CC=C1)[C@H]([C@H](C(=O)N[C@@H]2[C@@H](CC3=CC=CC=C23)O)NCC4=CC=C(C=C4)OC)O)NC(=O)OCC5=CC=CC=C5,,
5327580,CC(C)(C)[C@@H](C(=O)N[C@@H](CC1=CC=CC=C1)[C@H]([C@H](C(=O)N[C@@H]2[C@@H](CC3=CC=CC=C23)O)NCC4=CC=C(C=C4)OC)O)NC(=O)OC(C)(C)C,,
5327581,CC(C)(C)[C@@H](C(=O)N[C@@H](CC1=CC=CC=C1)[C@H]([C@H](C(=O)N[C@@H]2[C@@H](CC3=CC=CC=C23)O)NCC4=CC=C(C=C4)OC)O)NC(=O)CCC5=NC6=CC=CC=C6N5,,
5327582,CC1=NN=C(S1)SCC(=O)N[C@H](C(=O)N[C@@H](CC2=CC=CC=C2)[C@H]([C@H](C(=O)N[C@@H]3[C@@H](CC4=CC=CC=C34)O)NCC5=CC=C(C=C5)OC)O)C(C)(C)C,,
5327583,CC(C)(C)[C@@H](C(=O)N[C@@H](CC1=CC=CC=C1)[C@H]([C@H](C(=O)N[C@@H]2[C@@H](CC3=CC=CC=C23)O)NCC4=CC=C(C=C4)OC)O)NC(=O)CSC5=NN=CN5C,,
5327584,CC(C)(C)[C@@H](C(=O)N[C@@H](CC1=CC=CC=C1)[C@H]([C@H](C(=O)N[C@@H]2[C@@H](CC3=CC=CC=C23)O)NCC4=CC=C(C=C4)OC)O)NC(=O)NC5=C(C(=CC=C5)OC)OC,,
5327586,CC(C)(C)[C@@H](C(=O)N[C@@H](CC1=CC=CC=C1)[C@H]([C@H](C(=O)N[C@@H]2[C@@H](CC3=CC=CC=C23)O)NCC4=CC=C(C=C4)OC)O)NC(=O)CCC5=CC=CC=C5O,,
5327587,CC(C)(C)[C@@H](C(=O)N[C@@H](CC1=CC=CC=C1)[C@H]([C@H](C(=O)N[C@@H]2[C@@H](CC3=CC=CC=C23)O)NCC4=CC=C(C=C4)OC)O)NC(=O)/C=C/C5=C(C=C(C=C5)OC)O,,
5327588,CC(C)(C)[C@@H](C(=O)N[C@@H](CC1=CC=CC=C1)[C@H]([C@H](C(=O)N[C@@H]2[C@@H](CC3=CC=CC=C23)O)NCC4=CC=C(C=C4)OC)O)NC(=O)/C=C/C5=CC(=C(C=C5)OC)O,,
5327590,CCOC1=CC=C(C=C1)CN[C@H]([C@@H]([C@H](CC2=CC=CC=C2)NC(=O)[C@H](C(C)(C)C)NC(=O)OCC3=CC=CC=C3)O)C(=O)N[C@@H]4[C@@H](CC5=CC=CC=C45)O,,
5327591,CC(C)(C)[C@@H](C(=O)N[C@@H](CC1=CC=CC=C1)[C@H]([C@H](C(=O)N[C@@H]2[C@@H](CC3=CC=CC=C23)O)NCC4=CC=C(C=C4)OCCO)O)NC(=O)OCC5=CC=CC=C5,,
5327592,CC(C)(C)[C@@H](C(=O)N[C@@H](CC1=CC=CC=C1)[C@H]([C@H](C(=O)N[C@@H]2[C@@H](CC3=CC=CC=C23)O)NCC4=CC=C(C=C4)OCCN5CCOCC5)O)NC(=O)OCC6=CC=CC=C6,,
5327593,CC(=O)NCC1=CC=C(C=C1)CN[C@H]([C@@H]([C@H](CC2=CC=CC=C2)NC(=O)[C@H](C(C)(C)C)NC(=O)OCC3=CC=CC=C3)O)C(=O)N[C@@H]4[C@@H](CC5=CC=CC=C45)O,,
5327594,CC(C)(C)[C@@H](C(=O)N[C@@H](CC1=CC=CC=C1)[C@H]([C@H](C(=O)N[C@@H]2[C@@H](CC3=CC=CC=C23)O)NCC4=CC=C(C=C4)CNC(=O)NC5=CC=CC=C5)O)NC(=O)OCC6=CC=CC=C6,,
5327595,CC(C)(C)[C@@H](C(=O)N[C@@H](CC1=CC=CC=C1)[C@H]([C@H](C(=O)N[C@@H]2[C@@H](CC3=CC=CC=C23)O)NCC4=CC=C(C=C4)CNC(=O)OCC5=CC=CC=C5)O)NC(=O)OCC6=CC=CC=C6,,
5327596,CC(C)(C)[C@@H](C(=O)N[C@@H](CC1=CC=CC=C1)[C@H]([C@H](C(=O)N[C@@H]2[C@@H](CC3=CC=CC=C23)O)NCC4=CC=C(C=C4)CNC(=O)CCC5=NC6=CC=CC=C6N5)O)NC(=O)OCC7=CC=CC=C7,,
5327601,C1CC2=C(C1)C(=CC=C2)C34C5=CC=CC=C5C(=O)N3CCS4,,
5327604,COC(=O)[C@H]1CSC2(N1C(=O)C3=CC=CC=C32)C4=CC=CC=C4,,
5327608,CCC1=C(N(C(=O)NC1=O)COCCOCC2=CC=CC=C2)SC3=CC=CC=C3,,
5327611,CN1C2=C(N=C(C=C2)C3=CNN=C3)N(C4=C(C1=O)C=CC=N4)C5CC5,,
5327616,C1CC1CN2[C@@H]([C@@H]([C@H](N(C2=O)CC3CC3)[C@H](CC4=CC=CC=C4)F)O)CC5=CC=CC=C5,,
5327621,CCC(C)(C)NC1=C(N=CC=C1)N(C)C2CCN(CC2)C(=O)C3=CC4=C(N3)C=CC(=C4)NS(=O)(=O)C,,
5327622,CCN1C2=C(C=CC=N2)C(=O)N(C3=C1N=C(C=C3)C4=CNC5=C4C=CC=N5)C,,
5327623,CCN1C2=C(C=CC=N2)N(C(=O)C3=C1N=CC(=C3)/C=C/C(=O)OC)C,,
5327624,CCN1C2=C(C=CC=N2)N(C(=O)C3=C1N=CC(=C3)/C=C\C4=CC=CC=C4)C,,
5327625,CCN1C2=C(C=CC=N2)N(C(=O)C3=C1N=CC(=C3)/C=C/C4=CC=NC=C4)C,,
5327650,C1C(=C(C(=O)N1)C2=CNC3=CC=CC=C32)C4=CNC5=CC=CC=C54,,
5327652,C1=CC=C2C(=C1)C(=CN2)C3=C(C(=O)OC3=O)C4=CNC5=CC=CC=C54,,
5327654,CN1C=C(C2=CC=CC=C21)C3=C(C(=O)NC3=O)C4=CNC5=CC=CC=C54,,
5327655,CN1C=C(C2=CC=CC=C21)C3=C(C(=O)NC3=O)C4=CN(C5=CC=CC=C54)C,,
5327656,CN1C=C(C2=CC=CC=C21)C3=C(C(=O)NC3=O)C4=CN(C5=CC=CC=C54)CC6=CC=CC=C6,,
5327657,CCCN1C=C(C2=CC=CC=C21)C3=C(C(=O)NC3=O)C4=CN(C5=CC=CC=C54)C,,
5327658,CN1C=C(C2=CC=CC=C21)C3=C(C(=O)NC3=O)C4=CN(C5=CC=CC=C54)C6=CC=CC=C6,,
5327660,CN1C=C(C2=CC=CC=C21)C3=C(C(=O)NC3=O)N4C=CC5=CC=CC=C54,,
5327661,CN1C=C(C2=CC=CC=C21)C3=C(C(=O)NC3=O)C4=CC=CC5=CC=CC=C54,,
5327662,CN1C=C(C2=CC=CC=C21)C3=C(C(=O)NC3=O)C4=CC5=CC=CC=C5C=C4,,
5327663,CN1C=C(C2=CC=CC=C21)C3=C(C(=O)NC3=O)C4=CSC5=CC=CC=C54,,
5327664,CN1C=C(C2=CC=CC=C21)C3=C(C(=O)NC3=O)C4=COC5=CC=CC=C54,,
5327665,CN1C=C(C2=CC=CC=C21)C3=C(C(=O)NC3=O)C4=CC=CC=C4,,
5327666,CN1C=C(C2=CC=CC=C21)C3=C(C(=O)NC3=O)C4=CNC=C4,,
5327668,CN1C=C(C2=CC=CC=C21)C3=C(C(=O)NC3=O)C4=CC=CS4,,
5327669,CN1C=C(C2=CC=CC=C21)C3=C(C(=O)NC3=O)C4=CN(C5=C4C=CC=N5)C,,
5327670,CN1C=C(C2=C1C=CC(=C2)Cl)C3=C(C(=O)NC3=O)C4=CN(C5=CC=CC=C54)C,,
5327671,CC1=CC2=C(C=C1)N(C=C2C3=C(C(=O)NC3=O)C4=CN(C5=CC=CC=C54)C)C,,
5327672,CN1C=C(C2=C1C=CC(=C2)N)C3=C(C(=O)NC3=O)C4=CN(C5=CC=CC=C54)C,,
5327673,CN1C=C(C2=C1C=CC(=C2)O)C3=C(C(=O)NC3=O)C4=CN(C5=CC=CC=C54)C,,
5327674,CN1C=C(C2=C1C=CC(=C2)OC)C3=C(C(=O)NC3=O)C4=CN(C5=CC=CC=C54)C,,
5327675,CN1C=C(C2=C1C=CC(=C2)OCC3=CC=CC=C3)C4=C(C(=O)NC4=O)C5=CN(C6=CC=CC=C65)C,,
5327676,CN1C=C(C2=C1C=CC(=C2)SC)C3=C(C(=O)NC3=O)C4=CN(C5=CC=CC=C54)C,,
5327677,CN1C=C(C2=C1C=CC(=C2)S(=O)C)C3=C(C(=O)NC3=O)C4=CN(C5=CC=CC=C54)C,,
5327678,CN1C=C(C2=C1C=CC(=C2)[N+](=O)[O-])C3=C(C(=O)NC3=O)C4=CN(C5=CC=CC=C54)C,,
5327679,CN1C=C(C2=C1C=CC(=C2)C(=O)OC)C3=C(C(=O)NC3=O)C4=CN(C5=CC=CC=C54)C,,
5327682,CC(=O)NC1=CC2=C(C=C1)N(C=C2C3=C(C(=O)NC3=O)C4=CN(C5=CC=CC=C54)C)C,,
5327683,CN1C=C(C2=CC=CC=C21)C3=C(C(=O)NC3=O)C4=CN(C5=C4C=CC(=C5)Cl)C,,
5327684,CN1C=C(C2=CC=CC=C21)C3=C(C(=O)NC3=O)C4=CN(C5=C4C=CC(=C5)N)C,,
5327685,CN1C=C(C2=CC=CC=C21)C3=C(C(=O)NC3=O)C4=CN(C5=C4C=CC(=C5)OC)C,,
5327686,CN1C=C(C2=CC=CC=C21)C3=C(C(=O)NC3=O)C4=CN(C5=C4C=CC(=C5)[N+](=O)[O-])C,,
5327687,CN1C=C(C2=CC=CC=C21)C3=C(C(=O)NC3=O)C4=CN(C5=C4C=CC(=C5)C(=O)O)C,,
5327688,CN1C=C(C2=CC=CC=C21)C3=C(C(=O)NC3=O)C4=CN(C5=C4C=CC(=C5)C(=O)N)C,,
5327689,CC(=O)NC1=CC2=C(C=C1)C(=CN2C)C3=C(C(=O)NC3=O)C4=CN(C5=CC=CC=C54)C,,
5327690,CC1=C2C(=CC=C1)C(=CN2C)C3=C(C(=O)NC3=O)C4=CN(C5=CC=CC=C54)C,,
5327691,CN1C=C(C2=CC=CC=C21)C3=C(C(=O)NC3=O)C4=CN(C5=C4C=CC=C5N)C,,
5327692,CN1C=C(C2=CC=CC=C21)C3=C(C(=O)NC3=O)C4=CN(C5=C4C=CC=C5OC)C,,
5327693,CN1C=C(C2=CC=CC=C21)C3=C(C(=O)NC3=O)C4=CN(C5=C4C=CC=C5[N+](=O)[O-])C,,
5327694,CC(=O)NC1=CC=CC2=C1N(C=C2C3=C(C(=O)NC3=O)C4=CN(C5=CC=CC=C54)C)C,,
5327695,CC1=C2C(=CC=C1)N(C=C2C3=C(C(=O)NC3=O)C4=CN(C5=CC=CC=C54)C)C,,
5327696,CN1C=C(C2=C1C=CC=C2OC)C3=C(C(=O)NC3=O)C4=CN(C5=CC=CC=C54)C,,
5327697,CN1C=C(C2=C1C=CC=C2[N+](=O)[O-])C3=C(C(=O)NC3=O)C4=CN(C5=CC=CC=C54)C,,
5327698,CC1=C(C2=CC=CC=C2N1C)C3=C(C(=O)NC3=O)C4=CN(C5=CC=CC=C54)C,,
5327699,CN1C=C(C2=CC=CC=C21)C3=C(C(=O)NC3=O)C4=C(N(C5=CC=CC=C54)C)SC,,
5327700,CN1C=C(C2=CC=CC=C21)C3=C(C(=O)NC3=O)C4=C(N(C5=CC=CC=C54)C)S(=O)C,,
5327705,CN1C=C(C2=CC=CC=C21)C3=C(C(=O)NC3=O)C4=CC=C(C=C4)N,,
5327706,CC1=CC(=CC=C1)C2=C(C(=O)NC2=O)C3=CN(C4=CC=CC=C43)C,,
5327707,CN1C=C(C2=CC=CC=C21)C3=C(C(=O)NC3=O)C4=CC(=CC=C4)Cl,,
5327708,CN1C=C(C2=CC=CC=C21)C3=C(C(=O)NC3=O)C4=CC(=CC=C4)Br,,
5327709,CN1C=C(C2=CC=CC=C21)C3=C(C(=O)NC3=O)C4=CC(=CC=C4)OC,,
5327711,CN1C=C(C2=CC=CC=C21)C3=C(C(=O)NC3=O)C4=CC(=CC=C4)N,,
5327712,CN1C=C(C2=CC=CC=C21)C3=C(C(=O)NC3=O)C4=CC(=CC=C4)[N+](=O)[O-],,
5327713,CN1C=C(C2=CC=CC=C21)C3=C(C(=O)NC3=O)C4=CC(=CC=C4)C(F)(F)F,,
5327714,CC1=CC=CC=C1C2=C(C(=O)NC2=O)C3=CN(C4=CC=CC=C43)C,,
5327715,CN1C=C(C2=CC=CC=C21)C3=C(C(=O)NC3=O)C4=CC=CC=C4Cl,,
5327716,CN1C=C(C2=CC=CC=C21)C3=C(C(=O)NC3=O)C4=CC=CC=C4[N+](=O)[O-],,
5327717,CN1C=C(C2=CC=CC=C21)C3=C(C(=O)NC3=O)C4=CC=CC=C4C(F)(F)F,,
5327718,CC1=C(C(=CC=C1)C2=C(C(=O)NC2=O)C3=CN(C4=CC=CC=C43)C)C,,
5327719,CC1=CC(=C(C=C1)C)C2=C(C(=O)NC2=O)C3=CN(C4=CC=CC=C43)C,,
5327720,CN1C=C(C2=CC=CC=C21)C3=C(C(=O)NC3=O)C4=C(C=CC=C4Cl)Cl,,
5327721,CN1C=C(C2=CC=CC=C21)C3=C(C(=O)NC3=O)C4=CC(=CC(=C4)Cl)Cl,,
5327722,CN1C=C(C2=CC=CC=C21)C3=C(C(=O)NC3=O)C4=C(C=CC(=C4Cl)Cl)Cl,,
5327723,C1=CC=C2C(=C1)C3=C4C(=C5C6=CC=CC=C6NC5=C3N2)C(=O)NC4=O,,
5327725,C1=CC=C2C(=C1)C(=CN2)C3=C(C(=O)NC3=O)C4=CNC5=C4C=CC(=C5)O,,
5327726,CN1C=C(C2=CC=CC=C21)C3=C(C(=O)NC3=O)C4=CN(C5=CC=CC=C54)CCCN(C)C,,
5327728,CN(C)CCCN1C2=CC=CC=C2C3=C4C(=C5C6=CC=CC=C6NC5=C31)C(=O)NC4=O,,
5327734,C1COCCN1CCCN2C=C(C3=CC=CC=C32)C4=C(C(=O)NC4=O)C5=CNC6=CC=CC=C65,,
5327735,CN1C=C(C2=CC=CC=C21)C3=C(C(=O)NC3=O)C4=C5CCCN5C6=CC=CC=C64,,
5327736,CN1C=C(C2=CC=CC=C21)C3=C(C(=O)NC3=O)C4=C5CCCCN5C6=CC=CC=C64,,
5327737,CN1C=C(C2=CC=CC=C21)C3=C(C(=O)NC3=O)C4=C5CCCCCN5C6=CC=CC=C64,,
5327738,CN1C=C(C2=CC=CC=C21)C3=C(C(=O)NC3=O)C4=C5CC(CN5C6=CC=CC=C64)CN,,
5327739,CN1C=C(C2=CC=CC=C21)C3=C(C(=O)NC3=O)C4=C5CC(CCN5C6=CC=CC=C64)CCN,,
5327740,CN1C=C(C2=CC=CC=C21)C3=C(C(=O)NC3=O)C4=C5CCC(CN5C6=CC=CC=C64)CN,,
5327741,CN1C=C(C2=CC=CC=C21)C3=C(C(=O)NC3=O)C4=C5CCC(CN5C6=CC=CC=C64)CCN,,
5327742,CN1C=C(C2=CC=CC=C21)C3=C(C(=O)NC3=O)C4=C5CCC(CCN5C6=CC=CC=C64)CN,,
5327743,CN1C=C(C2=CC=CC=C21)C3=C(C(=O)NC3=O)C4=C5CCCC(CN5C6=CC=CC=C64)CN,,
5327744,CN1C=C(C2=CC=CC=C21)C3=C(C(=O)NC3=O)C4=C5CC(CCCN5C6=CC=CC=C64)CN,,
5327745,CN1C=C(C2=CC=CC=C21)C3=C(C(=O)NC3=O)C4=C5CC(CCN5C6=CC=CC=C64)N,,
5327746,CN1C=C(C2=CC=CC=C21)C3=C(C(=O)NC3=O)C4=C5CCC(CN5C6=CC=CC=C64)N,,
5327747,CN1C=C(C2=CC=CC=C21)C3=C(C(=O)NC3=O)C4=C5CCC(CCN5C6=CC=CC=C64)N,,
5327748,CN1C=C(C2=CC=CC=C21)C3=C(C(=O)NC3=O)C4=C5CNCCN5C6=CC=CC=C64,,
5327749,CNCC1CCN2C(=C(C3=CC=CC=C32)C4=C(C(=O)NC4=O)C5=CN(C6=CC=CC=C65)C)C1,,
5327750,CN1C=C(C2=CC=CC=C21)C3=C(C(=O)NC3=O)C4=C5CC(CCN5C6=CC=CC=C64)C[N+](C)(C)C,,
5327751,CN1C=C(C2=CC=CC=C21)C3=C(C(=O)NC3=O)C4=C5C[C@H](CCN5C6=CC=CC=C64)CN,,
5327752,CN1C=C(C2=CC=CC=C21)C3=C(C(=O)NC3=O)C4=C5C[C@@H](CCN5C6=CC=CC=C64)CN,,
5327753,CCOC1=C(C(=C(C=C1)F)C2CC2NC(=O)NC3=NC=C(C=C3)C#N)Cl,,
5327754,CCC(=O)C1=C(C(=C(C=C1)F)[C@H]2C[C@H]2NC(=O)NC3=NC=C(C=C3)Cl)O,,
5327755,CCC(=O)C1=C(C(=C(C=C1)F)[C@@H]2C[C@@H]2NC(=O)NC3=NC=C(C=C3)Cl)O,,
5327758,CC1=CC(=CC(=C1OC)C(=O)OC)/C(=C\CCCC(=O)OC)/C2=CC(=C(C=C2)OC)OC,,
5327770,C1CC1/C=C/[C@]2(C3=C(C=CC(=C3)Cl)NC(=O)N2)C(F)(F)F,,
5327771,C1C(=O)NC2=C(C=C(C=C2)Cl)C(O1)(C#CC3=CC=CC=C3)C(F)(F)F,,
5327772,CCC#CC1(C2=C(C=CC(=C2)Cl)NC(=O)CO1)C(F)(F)F,,
5327773,CC(C)C#CC1(C2=C(C=CC(=C2)Cl)NC(=O)CO1)C(F)(F)F,,
5327774,C1C(=O)NC2=C(C=C(C=C2)Cl)C(O1)(C#CC3=COC=C3)C(F)(F)F,,
5327775,C1CC1C#CC2(C3=C(C=CC(=C3)Cl)NC(=O)CO2)C(F)(F)F,,
5327776,C1CC1/C=C/C2(C3=C(C=CC(=C3)Cl)NC(=O)CO2)C(F)(F)F,,
5327777,C[C@H]1C(=O)NC2=C(C=C(C=C2)Cl)[C@@](O1)(/C=C/C3CC3)C(F)(F)F,,
5327778,CC[C@H]1C(=O)NC2=C(C=C(C=C2)Cl)[C@@](O1)(/C=C/C3CC3)C(F)(F)F,,
5327779,C[C@H]1C(=O)NC2=C(C=C(C=C2)F)[C@@](O1)(/C=C/C3CC3)C(F)(F)F,,
5327780,CC[C@H]1C(=O)NC2=C(C=C(C=C2)F)[C@@](O1)(/C=C/C3CC3)C(F)(F)F,,
5327781,C[C@H]1C(=O)NC2=C(C(=C(C=C2)F)F)[C@@](O1)(C#CC3CC3)C(F)(F)F,,
5327782,C[C@H]1C(=O)NC2=C(C(=C(C=C2)F)F)[C@@](O1)(/C=C/C3CC3)C(F)(F)F,,
5327783,CCC#CC1(C2=C(C=CC=C2F)NC(=O)O1)C(F)(F)F,,
5327784,CC(C)C#CC1(C2=C(C=CC=C2F)NC(=O)O1)C(F)(F)F,,
5327785,CCC#CC1(C2=C(C=CC(=C2)[N+](=O)[O-])NC(=O)O1)C(F)(F)F,,
5327786,CC(C)C#CC1(C2=C(C=CC(=C2)[N+](=O)[O-])NC(=O)O1)C(F)(F)F,,
5327787,CCC#CC1(C2=C(C=CC(=C2)N)NC(=O)O1)C(F)(F)F,,
5327788,CC(C)C#CC1(C2=C(C=CC(=C2)N)NC(=O)O1)C(F)(F)F,,
5327789,CC(C)C#CC1(C2=C(C=CC(=C2)NC)NC(=O)O1)C(F)(F)F,,
5327790,CC(C)C#CC1(C2=C(C=CC(=C2)NC(=O)C)NC(=O)O1)C(F)(F)F,,
5327791,C1CC1CN2C3=CC=CC=C3NC(=O)C2(C#CC4CC4)C(F)(F)F,,
5327792,C=CCN1C2=CC=CC=C2NC(=O)C1(C#CC3CC3)C(F)(F)F,,
5327793,C1CC1C#CC2(C(=O)NC3=CC=CC=C3N2CC4=CC=CC=C4)C(F)(F)F,,
5327794,C#CCN1C2=CC=CC=C2NC(=O)C1(C#CC3CC3)C(F)(F)F,,
5327795,C1CC1CCN2C3=CC=CC=C3NC(=O)C2(C#CC4CC4)C(F)(F)F,,
5327796,C=CCN1C2=C(C=CC(=C2)F)NC(=O)C1(C#CC3CC3)C(F)(F)F,,
5327797,C1CC1CN2C3=C(C=CC(=C3)F)NC(=O)C2(C#CC4CC4)C(F)(F)F,,
5327798,C1CC1CN2C3=C(C=CC(=C3)Cl)NC(=O)C2(C#CC4CC4)C(F)(F)F,,
5327799,CC(C)CN1C2=C(C=CC(=C2)Cl)NC(=O)C1(C#CC3CC3)C(F)(F)F,,
5327800,C=CCN1C2=C(C=CC(=C2)Cl)NC(=O)C1(C#CC3CC3)C(F)(F)F,,
5327801,COC1=CC2=C(C=C1)NC(=O)C(N2CC3CC3)(C#CC4CC4)C(F)(F)F,,
5327802,COC1=CC2=C(C=C1)NC(=O)C(N2CC=C)(C#CC3CC3)C(F)(F)F,,
5327803,CCOC(=O)N1C2=CC=CC=C2NC(=O)C1(C#CC3CC3)C(F)(F)F,,
5327804,CC(C)OC(=O)N1C2=CC=CC=C2NC(=O)C1(C#CC3CC3)C(F)(F)F,,
5327805,CC(=C)OC(=O)N1C2=CC=CC=C2NC(=O)C1(C#CC3CC3)C(F)(F)F,,
5327806,CC(C)COC(=O)N1C2=CC=CC=C2NC(=O)C1(C#CC3CC3)C(F)(F)F,,
5327807,CCCCOC(=O)N1C2=CC=CC=C2NC(=O)C1(C#CC3CC3)C(F)(F)F,,
5327808,C=CCOC(=O)N1C2=CC=CC=C2NC(=O)C1(C#CC3CC3)C(F)(F)F,,
5327809,COC(=O)N1C2=CC=CC=C2NC(=O)C1(C#CC3CC3)C(F)(F)F,,
5327810,CCOC(=O)N1C2=C(C=CC(=C2)Cl)NC(=O)C1(C#CC3CC3)C(F)(F)F,,
5327811,CC(C)OC(=O)N1C2=C(C=CC(=C2)Cl)NC(=O)C1(C#CC3CC3)C(F)(F)F,,
5327812,CC(=C)OC(=O)N1C2=C(C=CC(=C2)Cl)NC(=O)C1(C#CC3CC3)C(F)(F)F,,
5327813,CCOC(=O)N1C2=C(C=CC(=C2)F)NC(=O)C1(C#CC3CC3)C(F)(F)F,,
5327814,CC(C)OC(=O)N1C2=C(C=CC(=C2)F)NC(=O)C1(C#CC3CC3)C(F)(F)F,,
5327815,CC(=C)OC(=O)N1C2=C(C=CC(=C2)F)NC(=O)C1(C#CC3CC3)C(F)(F)F,,
5327816,C1CC1C#CC2(C(=O)NC3=CC=CC=C3N2C(=O)C4CC4)C(F)(F)F,,
5327817,CC(C)C(=O)N1C2=CC=CC=C2NC(=O)C1(C#CC3CC3)C(F)(F)F,,
5327818,C1CC1C#CC2(C(=O)NC3=CC=CC=C3N2C(=O)C4=CC=CC=C4)C(F)(F)F,,
5327819,C1CC1C#C[C@@]2(CC(=O)NC3=C2C=C(C=C3)Cl)C(F)(F)F,,
5327845,CC(C)(C)OC(=O)NC1=CC=C(C=C1)C2=C3C(=NN2)N=CN=C3NC4=CC(=CC=C4)Cl,,
5327849,CN1C2=C(C=C(C=C2)OC)C3=C4C(=C5C6=C(C=CC(=C6)OC)N(C5=C31)CCC#N)CNC4=O,,
5327850,CN1C2=C(C=C(C=C2)O)C3=C4C(=C5C6=C(C=CC(=C6)O)N(C5=C31)CCC#N)CNC4=O,,
5327851,CN(C)CCCN1C2=CC=CC=C2C3=C4CNC(=O)C4=C5C6=CC=CC=C6NC5=C31,,
5327852,CN(C)CCCN1C2=C(C=C(C=C2)OC)C3=C4CNC(=O)C4=C5C6=C(C=CC(=C6)OC)NC5=C31,,
5327853,CN(C)CCCN1C2=C(C=C(C=C2)O)C3=C4CNC(=O)C4=C5C6=C(C=CC(=C6)O)NC5=C31,,
5327854,CN1C2=CC=CC=C2C3=C4C(=C5C6=CC=CC=C6N(C5=C31)CCCN(C)C)CNC4=O,,
5327855,CN1C2=CC=CC=C2C3=C4C(=C5C6=CC=CC=C6N(C5=C31)CCCN)CNC4=O,,
5327856,CN1C2=CC=CC=C2C3=C4C(=C5C6=CC=CC=C6N(C5=C31)CC(CN(C)C)O)CNC4=O,,
5327857,CN1C2=C(C=C(C=C2)OC)C3=C4C(=C5C6=CC=CC=C6N(C5=C31)CC(CN(C)C)O)CNC4=O,,
5327858,CN1C2=CC=CC=C2C3=C4C(=C5C6=CC=CC=C6N(C5=C31)CCC#N)C(=O)NC4=O,,
5327859,CN1C2=C(C=C(C=C2)OC)C3=C4C(=C5C6=CC=CC=C6N(C5=C31)CCC#N)C(=O)NC4=O,,
5327860,CN1C2=C(C=C(C=C2)OC)C3=C4C(=C5C6=C(C=CC(=C6)OC)N(C5=C31)CCC#N)C(=O)NC4=O,,
5327861,CN1C2=C(C=C(C=C2)OC)C3=C4C(=C5C6=CC=CC=C6N(C5=C31)CCCC#N)C(=O)NC4=O,,
5327862,CN1C2=CC=CC=C2C3=C4C(=C5C6=CC=CC=C6N(C5=C31)CC(CN(C)C)O)C(=O)NC4=O,,
5327863,CN1C2=C(C=C(C=C2)OC)C3=C4C(=C5C6=CC=CC=C6N(C5=C31)CC(CN(C)C)O)C(=O)NC4=O,,
5327864,CN1C2=NC(=NC=C2C=C(C1=O)C3=C(C=CC=C3Cl)Cl)N,,
5327865,CC(=O)NC1=NC=C2C=C(C(=O)N(C2=N1)C)C3=C(C=CC=C3Cl)Cl,,
5327866,CC1=NC=C2C=C(C(=O)N(C2=N1)C)C3=C(C=CC=C3Cl)Cl,,
5327868,CNC1=NC=C2C=C(C(=O)N(C2=N1)C)C3=C(C=CC=C3Cl)Cl,,
5327869,CCNC1=NC=C2C=C(C(=O)N(C2=N1)C)C3=C(C=CC=C3Cl)Cl,,
5327870,CC(C)NC1=NC=C2C=C(C(=O)N(C2=N1)C)C3=C(C=CC=C3Cl)Cl,,
5327871,CCCCNC1=NC=C2C=C(C(=O)N(C2=N1)C)C3=C(C=CC=C3Cl)Cl,,
5327872,CN1C2=NC(=NC=C2C=C(C1=O)C3=C(C=CC=C3Cl)Cl)NC4CCCCC4,,
5327873,CN1C2=NC(=NC=C2C=C(C1=O)C3=C(C=CC=C3Cl)Cl)NCCO,,
5327876,CCN(CC)CCCNC1=NC=C2C=C(C(=O)N(C2=N1)C)C3=C(C=CC=C3Cl)Cl,,
5327877,CN1C2=NC(=NC=C2C=C(C1=O)C3=C(C=CC=C3Cl)Cl)NCCCN4CCOCC4,,
5327878,CN1CCN(CC1)CCCNC2=NC=C3C=C(C(=O)N(C3=N2)C)C4=C(C=CC=C4Cl)Cl,,
5327879,CN1CCN(CC1)CCCCNC2=NC=C3C=C(C(=O)N(C3=N2)C)C4=C(C=CC=C4Cl)Cl,,
5327880,CN1CCN(CC1)CCCCCNC2=NC=C3C=C(C(=O)N(C3=N2)C)C4=C(C=CC=C4Cl)Cl,,
5327881,CN1C2=NC(=NC=C2C=C(C1=O)C3=C(C=CC=C3Cl)Cl)NCC4=CC=CC=N4,,
5327882,CN1C2=NC(=NC=C2C=C(C1=O)C3=C(C=CC=C3Cl)Cl)NCC4=CN=CC=C4,,
5327883,CN1C2=NC(=NC=C2C=C(C1=O)C3=C(C=CC=C3Cl)Cl)NCCC4=CC=CC=N4,,
5327884,CN1C2=NC(=NC=C2C=C(C1=O)C3=C(C=CC=C3Cl)Cl)NCCCCCC(=O)O,,
5327885,CN1C2=NC(=NC=C2C=C(C1=O)C3=C(C=CC=C3Cl)Cl)NC4=CC=CC=C4,,
5327886,CCN1C2=NC(=NC=C2C=C(C1=O)C3=C(C=CC=C3Cl)Cl)NC4=CC=CC=C4,,
5327887,CN1C2=NC(=NC=C2C=C(C1=O)C3=C(C=CC=C3Cl)Cl)NC4=CN=CC=C4,,
5327888,CN1C2=NC(=NC=C2C=C(C1=O)C3=C(C=CC=C3Cl)Cl)NC4=CN=C(C=C4)OC,,
5327889,CN1C2=NC(=NC=C2C=C(C1=O)C3=C(C=CC=C3Cl)Cl)NC4=CC=NC=C4,,
5327890,CCN1C2=NC(=NC=C2C=C(C1=O)C3=C(C=CC=C3Cl)Cl)NC4=CC=NC=C4,,
5327891,CN1C2=NC(=NC=C2C=C(C1=O)C3=C(C=CC=C3Cl)Cl)NC4=CC=C(C=C4)Cl,,
5327892,CN1C2=NC(=NC=C2C=C(C1=O)C3=C(C=CC=C3Cl)Cl)NC4=CC(=CC=C4)Br,,
5327893,CC1=CC=C(C=C1)NC2=NC=C3C=C(C(=O)N(C3=N2)C)C4=C(C=CC=C4Cl)Cl,,
5327894,CN1C2=NC(=NC=C2C=C(C1=O)C3=C(C=CC=C3Cl)Cl)NC4=CC=CC=C4OC,,
5327895,CN1C2=NC(=NC=C2C=C(C1=O)C3=C(C=CC=C3Cl)Cl)NC4=CC(=CC=C4)OC,,
5327896,CN1C2=NC(=NC=C2C=C(C1=O)C3=C(C=CC=C3Cl)Cl)NC4=CC=C(C=C4)OC,,
5327897,CN1C2=NC(=NC=C2C=C(C1=O)C3=C(C=CC=C3Cl)Cl)NC4=CC(=CC=C4)O,,
5327898,CN1C2=NC(=NC=C2C=C(C1=O)C3=C(C=CC=C3Cl)Cl)NC4=CC=C(C=C4)O,,
5327899,CC1=C(C=CC(=C1)NC2=NC=C3C=C(C(=O)N(C3=N2)C)C4=C(C=CC=C4Cl)Cl)OC,,
5327900,CN1C2=NC(=NC=C2C=C(C1=O)C3=C(C=CC=C3Cl)Cl)NC4=CC(=CC(=C4)OC)OC,,
5327901,CCOC(=O)C1=CC(=CC=C1)NC2=NC=C3C=C(C(=O)N(C3=N2)C)C4=C(C=CC=C4Cl)Cl,,
5327902,CCOC(=O)C1=CC=C(C=C1)NC2=NC=C3C=C(C(=O)N(C3=N2)C)C4=C(C=CC=C4Cl)Cl,,
5327903,CCOC(=O)CCCC1=CC=C(C=C1)NC2=NC=C3C=C(C(=O)N(C3=N2)C)C4=C(C=CC=C4Cl)Cl,,
5327904,CN1C2=NC(=NC=C2C=C(C1=O)C3=C(C=CC=C3Cl)Cl)NC4=CC=C(C=C4)OCCN,,
5327905,CCNCCOC1=CC=C(C=C1)NC2=NC=C3C=C(C(=O)N(C3=N2)C)C4=C(C=CC=C4Cl)Cl,,
5327906,CN1C2=NC(=NC=C2C=C(C1=O)C3=C(C=CC=C3Cl)Cl)NC4=CC=C(C=C4)OCCN(C)C,,
5327907,CN1C2=NC(=NC=C2C=C(C1=O)C3=C(C=CC=C3Cl)Cl)NC4=CC=C(C=C4)OCCCN(C)C,,
5327908,CCN(CC)CCOC1=CC=CC(=C1)NC2=NC=C3C=C(C(=O)N(C3=N2)C)C4=C(C=CC=C4Cl)Cl,,
5327909,CCN1C2=NC(=NC=C2C=C(C1=O)C3=C(C=CC=C3Cl)Cl)NC4=CC=C(C=C4)OCCN(CC)CC,,
5327911,CC[N+](C)(CC)CCOC1=CC=C(C=C1)NC2=NC=C3C=C(C(=O)N(C3=N2)C)C4=C(C=CC=C4Cl)Cl,,
5327912,CC[N+](CC)(CCOC1=CC=C(C=C1)NC2=NC=C3C=C(C(=O)N(C3=N2)C)C4=C(C=CC=C4Cl)Cl)[O-],,
5327913,CN1C2=NC(=NC=C2C=C(C1=O)C3=C(C=CC=C3Cl)Cl)NC4=CC=C(C=C4)OCCN5CCCCC5,,
5327914,CN1CCN(CC1)C2=CC=C(C=C2)NC3=NC=C4C=C(C(=O)N(C4=N3)C)C5=C(C=CC=C5Cl)Cl,,
5327915,CN1CCN(CC1)CC2=CC=C(C=C2)NC3=NC=C4C=C(C(=O)N(C4=N3)C)C5=C(C=CC=C5Cl)Cl,,
5327916,CN1C2=NC(=NC=C2C=C(C1=O)C3=C(C=CC=C3Cl)Cl)NC4=CC=CC(=C4)C(=O)O,,
5327917,CN1C2=NC(=NC=C2C=C(C1=O)C3=C(C=CC=C3Cl)Cl)NC4=CC=C(C=C4)CC(=O)O,,
5327918,CN1C2=NC(=NC=C2C=C(C1=O)C3=C(C=CC=C3Cl)Cl)NC4=CC=C(C=C4)CCCC(=O)O,,
5327919,C1CC[C@H]([C@@H](CC1)OC(=O)C2=CC(=C(C(=C2)O)C(=O)C3=C(C=CC=C3O)C(=O)O)O)NC(=O)C4=CC=C(C=C4)O,,
5327920,C1CNC[C@H]([C@@H]1OC(=O)C2=CC(=C(C(=C2)O)C(=O)C3=C(C=CC=C3O)C(=O)O)O)NC(=O)C4=CC=C(C=C4)O,,
5327921,C1[C@H]([C@@H](CN1)OC(=O)C2=CC(=C(C(=C2)O)C(=O)C3=C(C=CC=C3O)C(=O)O)O)NC(=O)C4=CC=C(C=C4)O,,
5327922,C1C[C@H]([C@@H](C1)OC(=O)C2=CC(=C(C(=C2)O)C(=O)C3=C(C=CC=C3O)C(=O)O)O)NC(=O)C4=CC=C(C=C4)O,,
5327928,CN1C=C(C2=CC=CC=C21)C3=C(C(=O)NC3=O)C4=CN(C5=CC=CC=C54)CCO,,
5327929,CN1C=C(C2=CC=CC=C21)C3=C(C(=O)NC3=O)C4=CN(C5=CC=CC=C54)CCCO,,
5327930,CN1C=C(C2=CC=CC=C21)C3=C(C(=O)NC3=O)C4=CN(C5=CC=CC=C54)CCCCO,,
5327931,CN1C=C(C2=CC=CC=C21)C3=C(C(=O)NC3=O)C4=CN(C5=CC=CC=C54)CCCCCO,,
5327932,CN1C=C(C2=CC=CC=C21)C3=C(C(=O)NC3=O)C4=CN(C5=CC=CC=C54)CCN,,
5327933,CN1C=C(C2=CC=CC=C21)C3=C(C(=O)NC3=O)C4=CN(C5=CC=CC=C54)CCCCN,,
5327934,CN1C=C(C2=CC=CC=C21)C3=C(C(=O)NC3=O)C4=CN(C5=CC=CC=C54)CCCCCN,,
5327935,CNCCCN1C=C(C2=CC=CC=C21)C3=C(C(=O)NC3=O)C4=CN(C5=CC=CC=C54)C,,
5327936,CN1C=C(C2=CC=CC=C21)C3=C(C(=O)NC3=O)C4=CN(C5=CC=CC=C54)CCC[N+](C)(C)C,,
5327937,CN1C=C(C2=CC=CC=C21)C3=C(C(=O)NC3=O)C4=CN(C5=CC=CC=C54)CCSC(=N)N,,
5327938,CN1C=C(C2=CC=CC=C21)C3=C(C(=O)NC3=O)C4=CN(C5=CC=CC=C54)CCCCSC(=N)N,,
5327939,CN1C=C(C2=CC=CC=C21)C3=C(C(=O)NC3=O)C4=CN(C5=CC=CC=C54)CCCCCSC(=N)N,,
5327940,CN1C=C(C2=CC=CC=C21)C3=C(C(=O)NC3=O)C4=CN(C5=CC=CC=C54)CCCN=C(N)N[N+](=O)[O-],,
5327941,CN1C=C(C2=CC=CC=C21)C3=C(C(=O)NC3=O)C4=CN(C5=CC=CC=C54)CCCN=C(N)N,,
5327942,CN1C=C(C2=CC=CC=C21)C3=C(C(=O)NC3=O)C4=CN(C5=CC=CC=C54)CCCCC(=N)N,,
5327943,C1=CC(=C(C(=C1)O)C(=O)C2=C(C=C(C=C2O)C(=O)OCCNC(=O)C3=CC=C(C=C3)O)O)C(=O)O,,
5327944,C1CC(C(C1)OC(=O)C2=CC(=C(C(=C2)O)C(=O)C3=C(C=CC=C3O)C(=O)O)O)NC(=O)C4=CC=C(C=C4)O,,
5327945,CC1=CC=C(C=C1)S(=O)(=O)N2CCC[C@H]([C@@H](C2)NC(=O)C3=CC=C(C=C3)O)OC(=O)C4=CC(=C(C(=C4)O)C(=O)C5=C(C=CC=C5O)C(=O)O)O,,
5327946,C1=CC=C(C=C1)S(=O)(=O)NC(CC2=CC=C(C=C2)O)COC(=O)C3=CC(=C(C(=C3)O)C(=O)C4=C(C=CC=C4O)C(=O)O)O,,
5327947,C1=CC=C(C=C1)S(=O)(=O)N[C@@H](CC2=CC=C(C=C2)O)COC(=O)C3=CC(=C(C(=C3)O)C(=O)C4=C(C=CC=C4O)C(=O)O)O,,
5327948,C1=CC=C(C=C1)S(=O)(=O)N[C@H](CC2=CC=C(C=C2)O)COC(=O)C3=CC(=C(C(=C3)O)C(=O)C4=C(C=CC=C4O)C(=O)O)O,,
5327949,CS(=O)(=O)NC(CC1=CC=C(C=C1)O)COC(=O)C2=CC(=C(C(=C2)O)C(=O)C3=C(C=CC=C3O)C(=O)O)O,,
5327951,CN(C)C(CC1=CC=C(C=C1)O)COC(=O)C2=CC(=C(C(=C2)O)C(=O)C3=C(C=CC=C3O)C(=O)O)O,,
5327952,C1=CC(=C(C(=C1)O)C(=O)C2=C(C=C(C=C2O)C(=O)OCCCC3=CC=C(C=C3)O)O)C(=O)O,,
5327953,CC(CCC1=CC=C(C=C1)O)OC(=O)C2=CC(=C(C(=C2)O)C(=O)C3=C(C=CC=C3O)C(=O)O)O,,
5327954,C1=CC(=C(C(=C1)O)C(=O)C2=C(C=C(C=C2O)C(=O)OCC(CC3=CC=C(C=C3)O)NC(=O)C4=CC=C(C=C4)O)O)C(=O)O,,
5327956,C1=CC=C(C=C1)S(=O)(=O)NC(COC2=CC=C(C=C2)O)COC(=O)C3=CC(=C(C(=C3)O)C(=O)C4=C(C=CC=C4O)C(=O)O)O,,
5327957,C1=CC(=C(C(=C1)O)C(=O)C2=C(C=C(C=C2O)C(=O)OCCCCC3=CC=C(C=C3)O)O)C(=O)O,,
5327963,COC(=O)C1=C(C(=CC=C1)O)C(=O)C2=C(C=C(C=C2O)C(=O)OCCCC3=CC=C(C=C3)O)O,,
5327966,C1C[C@H]([C@@H](CNC1)NC(=O)C2=CC=C(C=C2)O)OC(=O)C3=CC(=C(C(=C3)O)C(=O)C4=CC=CC=C4C(=O)O)O,,
5327971,C1C[C@H]([C@@H](CNC1)NC(=O)C2=CC=C(C=C2)O)OC(=O)C3=CC(=C(C(=C3)O)C(=O)C4=C(C=CC=C4O)O)O,,
5327979,C1C[C@H]([C@@H](C1)OCC2=CC(=C(C(=C2)O)C(=O)C3=C(C=CC=C3O)C(=O)O)O)NC(=O)C4=CC=C(C=C4)O,,
5327984,C1C[C@H]([C@@H](CNC1)NC(=O)C2=CC=C(C=C2)O)OC(=O)C3=CC(=C(C(=C3)O)CC4=C(C=CC=C4O)C(=O)O)O,,
5327994,C1C[C@H]([C@@H](C1)OC(=O)C2=CC(=C(C(=C2)O)C(=O)C3=C(C=CC=C3O)NS(=O)(=O)C(F)(F)F)O)NC(=O)C4=CC=C(C=C4)O,,
5327995,CS(=O)(=O)NC1=C(C(=CC=C1)O)C(=O)C2=C(C=C(C=C2O)C(=O)O[C@@H]3CCC[C@H]3NC(=O)C4=CC=C(C=C4)O)O,,
5327997,CC(=O)NC1=C(C(=CC=C1)O)C(=O)C2=C(C=C(C=C2O)C(=O)O[C@@H]3CCC[C@H]3NC(=O)C4=CC=C(C=C4)O)O,,
5327998,C1C[C@H]([C@@H](C1)OC(=O)C2=CC(=C(C(=C2)O)C(=O)C3=C(C=CC=C3O)C4=NNN=N4)O)NC(=O)C5=CC=C(C=C5)O,,
5327999,CN1N=C(N=N1)C2=C(C(=CC=C2)O)C(=O)C3=C(C=C(C=C3O)C(=O)O[C@@H]4CCC[C@H]4NC(=O)C5=CC=C(C=C5)O)O,,
5328000,CN1C(=NN=N1)C2=C(C(=CC=C2)O)C(=O)C3=C(C=C(C=C3O)C(=O)O[C@@H]4CCC[C@H]4NC(=O)C5=CC=C(C=C5)O)O,,
5328002,COC(=O)C1=C(C(=CC=C1)O)C(=O)C2=C(C=C(C=C2O)C(=O)O[C@@H]3CNC[C@H]3NC(=O)C4=CC=C(C=C4)O)O,,
5328003,CCOC(=O)C1=C(C(=CC=C1)O)C(=O)C2=C(C=C(C=C2O)C(=O)O[C@@H]3CNC[C@H]3NC(=O)C4=CC=C(C=C4)O)O,,
5328004,CCCCOC(=O)C1=C(C(=CC=C1)O)C(=O)C2=C(C=C(C=C2O)C(=O)O[C@@H]3CNC[C@H]3NC(=O)C4=CC=C(C=C4)O)O,,
5328005,CC(C)COC(=O)C1=C(C(=CC=C1)O)C(=O)C2=C(C=C(C=C2O)C(=O)O[C@@H]3CNC[C@H]3NC(=O)C4=CC=C(C=C4)O)O,,
5328006,C1CCC(CC1)COC(=O)C2=C(C(=CC=C2)O)C(=O)C3=C(C=C(C=C3O)C(=O)O[C@@H]4CNC[C@H]4NC(=O)C5=CC=C(C=C5)O)O,,
5328007,CC(C)(C)C(=O)OCOC(=O)C1=C(C(=CC=C1)O)C(=O)C2=C(C=C(C=C2O)C(=O)O[C@@H]3CNC[C@H]3NC(=O)C4=CC=C(C=C4)O)O,,
5328008,CC(=O)OCOC(=O)C1=C(C(=CC=C1)O)C(=O)C2=C(C=C(C=C2O)C(=O)O[C@@H]3CNC[C@H]3NC(=O)C4=CC=C(C=C4)O)O,,
5328009,COC(=O)C1=C(C(=CC=C1)O)C(=O)C2=C(C=C(C=C2O)C(=O)OC3CCCC3NC(=O)C4=CC=C(C=C4)O)O,,
5328012,CCOC(=O)C1=C(C(=CC=C1)O)C(=O)C2=C(C=C(C=C2O)C(=O)O[C@@H]3CCC[C@H]3NC(=O)C4=CC=C(C=C4)O)O,,
5328013,CC(C)OC(=O)C1=C(C(=CC=C1)O)C(=O)C2=C(C=C(C=C2O)C(=O)O[C@@H]3CCC[C@H]3NC(=O)C4=CC=C(C=C4)O)O,,
5328076,CC(=O)NC1=CC=C(C=C1)NC2=NC=NC3=CC(=NC=C32)N,,
5328097,C1=CC=C(C=C1)CNC(=O)C(CC2=C(NC3=CC=CC=C32)SSC4=C(C5=CC=CC=C5N4)CC(C(=O)NCC6=CC=CC=C6)N)N,,
5328099,CN1C2=CC=CC=C2C(=C1[Se][Se]C3=C(C4=CC=CC=C4N3C)C(=O)O)C(=O)O,,
5328100,CNC(=O)C1=C(N(C2=CC=CC=C21)C)[Se][Se]C3=C(C4=CC=CC=C4N3C)C(=O)NC,,
5328101,CCN(CC)CCNC(=O)C1=C(N(C2=CC=CC=C21)C)[Se][Se]C3=C(C4=CC=CC=C4N3C)C(=O)NCCN(CC)CC,,
5328102,CNC(=O)C1=C(NC2=CC=CC=C21)[Se][Se]C3=C(C4=CC=CC=C4N3)C(=O)NC,,
5328103,CCN(CC)CCNC(=O)C1=C(NC2=CC=CC=C21)[Se][Se]C3=C(C4=CC=CC=C4N3)C(=O)NCCN(CC)CC,,
5328104,CCN(CC)CCN1C2=CC=CC=C2C(=C1[Se][Se]C3=C(C4=CC=CC=C4N3CCN(CC)CC)C(=O)NC)C(=O)NC,,
5328106,C1=CC=C(C=C1)CNC(=O)[C@@H](CC2=C(NC3=CC=CC=C32)[Se][Se]C4=C(C5=CC=CC=C5N4)C[C@H](C(=O)NCC6=CC=CC=C6)NC(=O)C(F)(F)F)NC(=O)C(F)(F)F,,
5328107,C1=CC=C(C=C1)CNC(=O)[C@@H](CC2=C(NC3=CC=CC=C32)[Se][Se]C4=C(C5=CC=CC=C5N4)C[C@H](C(=O)NCC6=CC=CC=C6)N)N,,
5328112,CC(C)(C)NC(=O)NC1=C(C=C2C=NC(=NC2=N1)N)C3=C(C=CC=C3Cl)Cl,,
5328115,CCN(CC)CCCNC1=NC2=NC(=C(C=C2C=N1)C3=C(C=CC=C3Cl)Cl)NC(=O)NC(C)(C)C,,
5328117,CC1=C(C(=CC=C1)C)C2=C(N=C3C(=C2)C=NC(=N3)N)NC(=O)NC(C)(C)C,,
5328119,CCN(CC)CCCNC1=NC2=NC(=C(C=C2C=N1)C3=C(C=CC=C3C)C)NC(=O)NC(C)(C)C,,
5328121,CC(C)(C)NC(=O)NC1=C(C=C2C=NC(=NC2=N1)N)C3=C(C=CC=C3Br)Br,,
5328123,CCN(CC)CCCNC1=NC2=NC(=C(C=C2C=N1)C3=C(C=CC=C3Br)Br)NC(=O)NC(C)(C)C,,
5328125,CC1=CC(=C(C(=C1C)C2=C(N=C3C(=C2)C=NC(=N3)N)NC(=O)NC(C)(C)C)C)C,,
5328127,CC(C)(C)NC(=O)NC1=C(C=C2C=NC(=NC2=N1)N)C3=CC(=CC(=C3)OC)OC,,
5328129,CCNC(=O)NC1=C(C=C2C=NC(=NC2=N1)NCCN(CC)CC)C3=C(C=CC=C3Cl)Cl,,
5328130,CCN(CC)CCNC1=NC2=NC(=C(C=C2C=N1)C3=C(C=CC=C3Cl)Cl)NC(=O)NC(C)(C)C,,
5328131,CCNC(=O)NC1=C(C=C2C=NC(=NC2=N1)NCCCN(CC)CC)C3=C(C=CC=C3Cl)Cl,,
5328132,CCN(CC)CCCNC1=NC2=NC(=C(C=C2C=N1)C3=C(C=CC=C3Cl)Cl)NC(=O)NC(C)C,,
5328134,CCNC(=O)NC1=C(C=C2C=NC(=NC2=N1)NCCCCN(CC)CC)C3=C(C=CC=C3Cl)Cl,,
5328135,CCN(CC)CCCCNC1=NC2=NC(=C(C=C2C=N1)C3=C(C=CC=C3Cl)Cl)NC(=O)NC(C)(C)C,,
5328136,CCN(CC)CCCCNC1=NC2=NC(=C(C=C2C=N1)C3=C(C=CC=C3Cl)Cl)NC(=O)NC4CCCCC4,,
5328137,CCN(CC)CCCCNC1=NC2=NC(=C(C=C2C=N1)C3=C(C=CC=C3Cl)Cl)NC(=O)NC4=CC=CC=C4,,
5328139,CC(C)(C)NC(=O)NC1=C(C=C2C=NC(=NC2=N1)NCCCN(C)C)C3=C(C=CC=C3Cl)Cl,,
5328141,CC(C)(C)NC(=O)NC1=C(C=C2C=NC(=NC2=N1)N(C)CCCN(C)C)C3=C(C=CC=C3Cl)Cl,,
5328143,CC(C)(C)NC(=O)NC1=C(C=C2C=NC(=NC2=N1)NCC(C)(C)CN(C)C)C3=C(C=CC=C3Cl)Cl,,
5328145,CC(C)(C)NC(=O)NC1=C(C=C2C=NC(=NC2=N1)NCCCN3CCOCC3)C4=C(C=CC=C4Cl)Cl,,
5328147,CC1CCCCN1CCCNC2=NC3=NC(=C(C=C3C=N2)C4=C(C=CC=C4Cl)Cl)NC(=O)NC(C)(C)C,,
5328149,CC(C)(C)NC(=O)NC1=C(C=C2C=NC(=NC2=N1)NCCCN3CCN(CC3)C)C4=C(C=CC=C4Cl)Cl,,
5328151,CC(C)(C)NC(=O)NC1=C(C=C2C=NC(=NC2=N1)NCCCCN3CCN(CC3)C)C4=C(C=CC=C4Cl)Cl,,
5328152,CN1CCN(CC1)CCCNC2=NC3=NC(=C(C=C3C=N2)C4=C(C=CC=C4Cl)Cl)NC(=O)N,,
5328153,CCNC(=O)NC1=C(C=C2C=NC(=NC2=N1)NCCCN3CCN(CC3)C)C4=C(C=CC=C4Cl)Cl,,
5328154,CN1CCN(CC1)CCCNC2=NC3=NC(=C(C=C3C=N2)C4=C(C=CC=C4Cl)Cl)NC(=O)NCC=C,,
5328155,CC(C)NC(=O)NC1=C(C=C2C=NC(=NC2=N1)NCCCN3CCN(CC3)C)C4=C(C=CC=C4Cl)Cl,,
5328156,CCCCCCCCNC(=O)NC1=C(C=C2C=NC(=NC2=N1)NCCCN3CCN(CC3)C)C4=C(C=CC=C4Cl)Cl,,
5328157,CN1CCN(CC1)CCCNC2=NC3=NC(=C(C=C3C=N2)C4=C(C=CC=C4Cl)Cl)NC(=O)NCC5=CC=CC=C5,,
5328158,CN1CCN(CC1)CCCNC2=NC3=NC(=C(C=C3C=N2)C4=C(C=CC=C4Cl)Cl)NC(=O)NC5CCCCC5,,
5328159,CN1CCN(CC1)CCCNC2=NC3=NC(=C(C=C3C=N2)C4=C(C=CC=C4Cl)Cl)NC(=O)NC56CC7CC(C5)CC(C7)C6,,
5328160,CC(C)(C)OC(=O)NCCNC(=O)NC1=C(C=C2C=NC(=NC2=N1)NCCCN3CCN(CC3)C)C4=C(C=CC=C4Cl)Cl,,
5328161,CN1CCN(CC1)CCCNC2=NC3=NC(=C(C=C3C=N2)C4=C(C=CC=C4Cl)Cl)NC(=O)NCCN(C)C,,
5328162,CCN(CC)C(=O)NC1=C(C=C2C=NC(=NC2=N1)NCCCN3CCN(CC3)C)C4=C(C=CC=C4Cl)Cl,,
5328163,CN1CCN(CC1)CCCNC2=NC3=NC(=C(C=C3C=N2)C4=C(C=CC=C4Cl)Cl)NC(=O)NC5=CC=CC=C5,,
5328164,CN1CCN(CC1)CCCNC2=NC3=NC(=C(C=C3C=N2)C4=C(C=CC=C4Cl)Cl)NC(=O)NC5=CC=C(C=C5)Cl,,
5328165,CN1CCN(CC1)CCCNC2=NC3=NC(=C(C=C3C=N2)C4=C(C=CC=C4Cl)Cl)NC(=O)NC5=CC=C(C=C5)Br,,
5328166,CN1CCN(CC1)CCCNC2=NC3=NC(=C(C=C3C=N2)C4=C(C=CC=C4Cl)Cl)NC(=O)NC5=CC=C(C=C5)C(F)(F)F,,
5328167,CN1CCN(CC1)CCCNC2=NC3=NC(=C(C=C3C=N2)C4=C(C=CC=C4Cl)Cl)NC(=O)NC5=CC(=C(C=C5)Cl)Cl,,
5328168,CC1=CC=C(C=C1)NC(=O)NC2=C(C=C3C=NC(=NC3=N2)NCCCN4CCN(CC4)C)C5=C(C=CC=C5Cl)Cl,,
5328169,CN1CCN(CC1)CCCNC2=NC3=NC(=C(C=C3C=N2)C4=C(C=CC=C4Cl)Cl)NC(=O)NC5=CC=CC=C5OC,,
5328170,CN1CCN(CC1)CCCNC2=NC3=NC(=C(C=C3C=N2)C4=C(C=CC=C4Cl)Cl)NC(=O)NC5=CC(=CC=C5)OC,,
5328171,CN1CCN(CC1)CCCNC2=NC3=NC(=C(C=C3C=N2)C4=C(C=CC=C4Cl)Cl)NC(=O)NC5=CC=C(C=C5)OC,,
5328172,CN1CCN(CC1)CCCNC2=NC3=NC(=C(C=C3C=N2)C4=C(C=CC=C4Cl)Cl)NC(=O)NC5=CC=CC6=CC=CC=C65,,
5328205,COC(=O)NC1=CC2=C(C=C1)N=CN=C2NC3=CC(=CC=C3)Br,,
5328207,CC(=O)NC1=CC2=C(C=C1)C(=NC=N2)NC3=CC(=CC=C3)Br,,
5328217,CC(=O)NC1=C(C=C2C(=C1)N=CN=C2NC3=CC(=CC=C3)Br)[N+](=O)[O-],,
5328248,CC(=O)NC1=NC=C2C(=C1)N=CN=C2NCC3=CC=CC=C3,,
5328250,CC(=O)NC1=NC=C2C(=C1)N=CN=C2NC3=CC(=CC=C3)Br,,
5328284,C1=CC(=CC(=C1)Br)NC2=NC=NC3=C2C=C4C=NN(C4=C3)CC(=O)O,,
5328291,C1=CC(=CC(=C1)Br)NC2=NC=NC3=C2C=C4C=CN(C4=C3)CC(=O)O,,
5328296,CN(CC1=CNC2=CC3=C(C=C21)C(=NC=N3)NC4=CC(=CC=C4)Br)CC(=O)OC,,
5328297,CN(CC1=CNC2=CC3=C(C=C21)C(=NC=N3)NC4=CC(=CC=C4)Br)CC(=O)O,,
5328321,C1=CC(=CC(=C1)Br)NC2=NC=NC3=CC(=NC=C32)NCC(=O)O,,
5328322,C1=CC(=CC(=C1)Br)NC2=NC=NC3=CC(=NC=C32)NCCC(=O)O,,
5328323,C1=CC(=CC(=C1)Br)NC2=NC=NC3=CC(=NC=C32)NCCCC(=O)O,,
5328324,CN(CC(=O)O)C1=NC=C2C(=C1)N=CN=C2NC3=CC(=CC=C3)Br,,
5328370,C1=CC(=CC(=C1)Br)NC2=NC=NC3=CN=C(C=C32)NCC(=O)O,,
5328371,CN(CC(=O)O)C1=NC=C2C(=C1)C(=NC=N2)NC3=CC(=CC=C3)Br,,
5328372,C1=CC(=CC(=C1)Br)NC2=NC=NC3=CN=C(C=C32)NCCC(=O)O,,
5328425,C1=CC=C2C(=C1)C3=C(O2)C(=NC=N3)NC4=CC(=CC=C4)Br,,
5328446,C1=CC=C2C(=C1)N=CN2C3=CC=CC(=C3)C=O,,
5328451,COC(=O)C1=CC=C(C=C1)N2C=NC3=CC=CC=C32,,
5328468,C1=CC=C(C=C1)N2C=NC3=C2C=CC(=C3)C(=O)O,,
5328469,COC(=O)C1=CC2=C(C=C1)N(C=N2)C3=CC=CC=C3,,
5328470,C1=CC=C(C=C1)N2C=NC3=C2C=CC(=C3)C(=O)N,,
5328471,CC(=O)C1=CC2=C(C=C1)N(C=N2)C3=CC=CC=C3,,
5328472,C1=CC=C(C=C1)N2C=NC3=C2C=CC(=C3)C=O,,
5328531,C1=CC=C(C=C1)N2C=NC3=C2C=C(C(=C3)O)C(=O)O,,
5328532,COC1=CC2=C(C=C1C(=O)OC)N(C=N2)C3=CC=CC=C3,,
5328534,COC1=CC2=C(C=C1C=O)N(C=N2)C3=CC=CC=C3,,
5328539,C1=CC=C2C(=C1)C(C(=S)N2)CCC(=O)O,,
5328540,CN1C2=CC=CC=C2C(C1=S)CCC(=O)O,,
5328543,C1=CC=C2C(=C1)C(C(=S)N2)CCCC(=O)O,,
5328552,C1=CC(=C(C=C1O)/C=C/NC=O)O,,
5328557,COC(=O)CC1=C(NC2=CC=CC=C21)SSSC3=C(C4=CC=CC=C4N3)CC(=O)OC,,
5328574,CNC(=O)CCC1=C(NC2=CC=CC=C21)SSC3=C(C4=CC=CC=C4N3)CCC(=O)NC,,
5328577,C1=CC=C(C=C1)NC(=O)CCC2=C(NC3=CC=CC=C32)SSC4=C(C5=CC=CC=C5N4)CCC(=O)NC6=CC=CC=C6,,
5328578,C1=CC=C(C=C1)CNC(=O)CCC2=C(NC3=CC=CC=C32)SSC4=C(C5=CC=CC=C5N4)CCC(=O)NCC6=CC=CC=C6,,
5328584,CC(=O)NC(CC1=C(NC2=CC=CC=C21)SSC3=C(C4=CC=CC=C4N3)CC(C(=O)NCC5=CC=CC=C5)NC(=O)C)C(=O)NCC6=CC=CC=C6,,
5328585,C1=CC=C(C=C1)CNC(=O)C(CC2=C(NC3=CC=CC=C32)SSC4=C(C5=CC=CC=C5N4)CC(C(=O)NCC6=CC=CC=C6)NC(=O)C(F)(F)F)NC(=O)C(F)(F)F,,
5328589,C1=CC=C(C=C1)CNC(=O)CC2C3=CC=CC=C3NC2=S,,
5328590,C1=CC=C2C(=C1)C(C(=S)N2)CCC(=O)N,,
5328591,C1=CC=C(C=C1)CNC(=O)CCC2C3=CC=CC=C3NC2=S,,
5328592,CN1C2=CC=CC=C2C(=C1SSC3=C(C4=CC=CC=C4N3C)C(=O)NC5=CC=CC=C5)C(=O)NC6=CC=CC=C6,,
5328596,CC(=O)OC1=CC=CC2=C1C(=C(N2C)SSC3=C(C4=C(N3C)C=CC=C4OC(=O)C)C(=O)NC5=CC=CC=C5)C(=O)NC6=CC=CC=C6,,
5328597,CN1C2=C(C=C(C=C2)F)C(=C1SSC3=C(C4=C(N3C)C=CC(=C4)F)C(=O)NC5=CC=CC=C5)C(=O)NC6=CC=CC=C6,,
5328602,CC(=O)OC1=CC2=C(C=C1)N(C(=C2C(=O)NC3=CC=CC=C3)SSC4=C(C5=C(N4C)C=CC(=C5)OC(=O)C)C(=O)NC6=CC=CC=C6)C,,
5328603,CN1C2=C(C=C(C=C2)O)C(=C1SSC3=C(C4=C(N3C)C=CC(=C4)O)C(=O)NC5=CC=CC=C5)C(=O)NC6=CC=CC=C6,,
5328604,CN1C2=C(C=C(C=C2)C(F)(F)F)C(=C1SSC3=C(C4=C(N3C)C=CC(=C4)C(F)(F)F)C(=O)NC5=CC=CC=C5)C(=O)NC6=CC=CC=C6,,
5328605,CN1C2=C(C=C(C=C2)C#N)C(=C1SSC3=C(C4=C(N3C)C=CC(=C4)C#N)C(=O)NC5=CC=CC=C5)C(=O)NC6=CC=CC=C6,,
5328606,CN1C2=C(C=C(C=C2)[N+](=O)[O-])C(=C1SSC3=C(C4=C(N3C)C=CC(=C4)[N+](=O)[O-])C(=O)NC5=CC=CC=C5)C(=O)NC6=CC=CC=C6,,
5328610,CC(=O)OC1=CC2=C(C=C1)C(=C(N2C)SSC3=C(C4=C(N3C)C=C(C=C4)OC(=O)C)C(=O)NC5=CC=CC=C5)C(=O)NC6=CC=CC=C6,,
5328611,CN1C2=C(C=CC(=C2)O)C(=C1SSC3=C(C4=C(N3C)C=C(C=C4)O)C(=O)NC5=CC=CC=C5)C(=O)NC6=CC=CC=C6,,
5328615,CC(=O)OC1=CC=CC2=C1N(C(=C2C(=O)NC3=CC=CC=C3)SSC4=C(C5=C(N4C)C(=CC=C5)OC(=O)C)C(=O)NC6=CC=CC=C6)C,,
5328618,CN1C2=CC=CC=C2C(C1=S)C(=O)NC3=CC=CC=C3,,
5328625,CCN1C2=NC(=NC=C2C=C(C1=O)C3=C(C=CC=C3Cl)Cl)N,,
5328626,CCCN1C2=NC(=NC=C2C=C(C1=O)C3=C(C=CC=C3Cl)Cl)N,,
5328627,CCCCN1C2=NC(=NC=C2C=C(C1=O)C3=C(C=CC=C3Cl)Cl)N,,
5328628,CC(C)CN1C2=NC(=NC=C2C=C(C1=O)C3=C(C=CC=C3Cl)Cl)N,,
5328629,COC(=O)CN1C2=NC(=NC=C2C=C(C1=O)C3=C(C=CC=C3Cl)Cl)N,,
5328630,CC(C)(C)OC(=O)CN1C2=NC(=NC=C2C=C(C1=O)C3=C(C=CC=C3Cl)Cl)N,,
5328631,C1=CC(=C(C(=C1)Cl)C2=CC3=CN=C(N=C3N(C2=O)CC(=O)O)N)Cl,,
5328632,C1=CC=C(C=C1)CN2C3=NC(=NC=C3C=C(C2=O)C4=C(C=CC=C4Cl)Cl)N,,
5328633,C1=CC(=C(C(=C1)Cl)C2=CC3=CN=C(N=C3N(C2=O)CC4=CC=NC=C4)N)Cl,,
5328634,CN(C)CCCN1C2=NC(=NC=C2C=C(C1=O)C3=C(C=CC=C3Cl)Cl)N,,
5328636,C1=CC(=C(C(=C1)Cl)C2=CC3=CN=C(N=C3N(C2=O)CCCO)N)Cl,,
5328637,CN1C2=NC(=NC=C2C=C(C1=O)C3=CC=CC=C3)NC4=CC=CC=C4,,
5328638,CN1C2=NC(=NC=C2C=C(C1=O)C3=CSC=C3)NC4=CC=CC=C4,,
5328639,CN1C2=NC(=NC=C2C=C(C1=O)C3=CC=CC=C3)NC4=CC=NC=C4,,
5328640,CN1C2=NC(=NC=C2C=C(C1=O)C3=CSC=C3)NC4=CC=NC=C4,,
5328641,CCN(CC)CCOC1=CC=C(C=C1)NC2=NC=C3C=C(C(=O)N(C3=N2)C)C4=CC=CC=C4,,
5328642,CCN(CC)CCOC1=CC=C(C=C1)NC2=NC=C3C=C(C(=O)N(C3=N2)C)C4=CSC=C4,,
5328645,CN1C2=NC(=NC=C2C=C(C1=O)C3=CC=CS3)NC4=CC=CC=C4,,
5328647,CCN1C2=NC(=NC=C2C=C(C1=O)C3=CC=CC=C3)NC4=CC=CC=C4,,
5328648,CCN1C2=NC(=NC=C2C=C(C1=O)C3=CSC=C3)NC4=CC=CC=C4,,
5328649,CCN1C2=NC(=NC=C2C=C(C1=O)C3=CC=CC=C3)NC4=CC=NC=C4,,
5328650,CCN1C2=NC(=NC=C2C=C(C1=O)C3=CC=CC=C3)NC4=CC=C(C=C4)OCCN(CC)CC,,
5328651,C1=C2C3=CC(=C(C=C3NC(=O)C2=CC(=C1O)O)O)O,,
5328652,C1=CC(=C(C2=C1C3=CC(=C(C=C3NC2=O)O)O)O)O,,
5328653,CCN1C2=CC(=C(C=C2C3=CC(=C(C=C3C1=O)O)O)O)O,,
5328655,C1=CC=C(C=C1)CN2C3=CC(=C(C=C3C4=CC(=C(C=C4C2=O)O)O)O)O,,
5328657,C1=CC(=CC=C1CN2C3=CC(=C(C=C3C4=CC(=C(C=C4C2=O)O)O)O)O)[N+](=O)[O-],,
5328659,C1=CC(=C(C=C1CN2C3=CC(=C(C=C3C4=CC(=C(C=C4C2=O)O)O)O)O)Cl)Cl,,
5328661,C1=CC=C(C=C1)S(=O)(=O)C2=CC=C(C=C2)CN3C4=CC(=C(C=C4C5=CC(=C(C=C5C3=O)O)O)O)O,,
5328662,C1=CC=C(C=C1)S(=O)(=O)C2=CC=C(C=C2)CN3C4=CC(=C(C=C4C5=C(C3=O)C(=C(C=C5)O)O)O)O,,
5328668,C1=CC=C(C=C1)C(=O)N2C3=CC(=C(C=C3C4=CC(=C(C=C42)O)O)O)O,,
5328669,C1=CC=C(C=C1)C(=O)N2C3=CC(=C(C=C3C4=C2C(=C(C=C4)O)O)O)O,,
5328679,C1=CC(=CC=C1C(=O)N2C3=CC(=C(C=C3C4=C2C(=C(C=C4)O)O)O)O)Br,,
5328680,C1=CC=C(C=C1)C2=CC=C(C=C2)C(=O)N3C4=CC(=C(C=C4C5=C3C(=C(C=C5)O)O)O)O,,
5328681,C1=CC=C2C=C(C=CC2=C1)C(=O)N3C4=CC(=C(C=C4C5=C3C(=C(C=C5)O)O)O)O,,
5328682,C1=CC(=CC(=C1)[N+](=O)[O-])C(=O)N2C3=CC(=C(C=C3C4=C2C(=C(C=C4)O)O)O)O,,
5328683,C1=CC(=CC=C1C(=O)N2C3=CC(=C(C=C3C4=C2C(=C(C=C4)O)O)O)O)C(F)(F)F,,
5328684,C1=CC(=CC=C1C(=O)N2C3=CC(=C(C=C3C4=C(C=C(C(=C42)O)O)Br)O)O)C(F)(F)F,,
5328685,CC(C)(C)C1=CC=C(C=C1)C(=O)N2C3=CC(=C(C=C3C4=C2C(=C(C=C4)O)O)O)O,,
5328687,CS(=O)(=O)C1=CC=C(C=C1)C(=O)N2C3=CC(=C(C=C3C4=C2C(=C(C=C4)O)O)O)O,,
5328688,CS(=O)(=O)C1=CC=C(C=C1)C(=O)N2C3=CC(=C(C=C3C4=C(C=C(C(=C42)O)O)Br)O)O,,
5328689,C1=CC=C(C=C1)CCC(=O)N2C3=CC(=C(C=C3C4=C2C(=C(C=C4)O)O)O)O,,
5328697,CC1=C(C=CC=C1O)C(=O)N[C@@H](CC2=CC3=CC=CC=C3C=C2)[C@@H](C(=O)N4C[C@H](C[C@H]4C(=O)NC(C)(C)C)Cl)O,,
5328699,CC1=C(C=C(C=C1O)F)C(=O)N[C@@H](CC2=CC3=C(C=C2)SC=C3)[C@@H](C(=O)N4C[C@H](C[C@H]4C(=O)NC(C)(C)C)Cl)O,,
5328700,CN1C2=CC(=NC=C2C=C(C1=O)C3=C(C=CC=C3Cl)Cl)N,,
5328701,CNC1=NC=C2C=C(C(=O)N(C2=C1)C)C3=C(C=CC=C3Cl)Cl,,
5328702,CN1C2=CC(=NC=C2C=C(C1=O)C3=C(C=CC=C3Cl)Cl)N(C)C,,
5328704,CCN(CC)CCCNC1=NC=C2C=C(C(=O)N(C2=C1)C)C3=C(C=CC=C3Cl)Cl,,
5328705,CCN(CC)CCCCNC1=NC=C2C=C(C(=O)N(C2=C1)C)C3=C(C=CC=C3Cl)Cl,,
5328706,CCN(CC)CCCCCNC1=NC=C2C=C(C(=O)N(C2=C1)C)C3=C(C=CC=C3Cl)Cl,,
5328707,CN1CCN(CC1)CCCNC2=NC=C3C=C(C(=O)N(C3=C2)C)C4=C(C=CC=C4Cl)Cl,,
5328708,CN1CCN(CC1)CCCCNC2=NC=C3C=C(C(=O)N(C3=C2)C)C4=C(C=CC=C4Cl)Cl,,
5328709,CN1CCN(CC1)CCCCCNC2=NC=C3C=C(C(=O)N(C3=C2)C)C4=C(C=CC=C4Cl)Cl,,
5328710,CN1C2=CC(=NC=C2C=C(C1=O)C3=C(C=CC=C3Cl)Cl)NCCCN4CCOCC4,,
5328711,CN1C2=CC(=NC=C2C=C(C1=O)C3=C(C=CC=C3Cl)Cl)NCCCCN4CCOCC4,,
5328712,CN1C2=CC(=NC=C2C=C(C1=O)C3=C(C=CC=C3Cl)Cl)NCCCN4C=CN=C4,,
5328713,CN1C2=CC(=NC=C2C=C(C1=O)C3=C(C=CC=C3Cl)Cl)NC4=CC=CC=C4,,
5328714,CN1C2=CC(=NC=C2C=C(C1=O)C3=C(C=CC=C3Cl)Cl)NC4=CC=NC=C4,,
5328715,CN1C2=CC(=NC=C2C=C(C1=O)C3=C(C=CC=C3Cl)Cl)NC4=CC=C(C=C4)OC,,
5328716,CCN(CC)CCOC1=CC=C(C=C1)NC2=NC=C3C=C(C(=O)N(C3=C2)C)C4=C(C=CC=C4Cl)Cl,,
5328717,CCN(CC)CCCOC1=CC=C(C=C1)NC2=NC=C3C=C(C(=O)N(C3=C2)C)C4=C(C=CC=C4Cl)Cl,,
5328718,CN1CCN(CC1)CCOC2=CC=C(C=C2)NC3=NC=C4C=C(C(=O)N(C4=C3)C)C5=C(C=CC=C5Cl)Cl,,
5328719,CN1CCN(CC1)CCCOC2=CC=C(C=C2)NC3=NC=C4C=C(C(=O)N(C4=C3)C)C5=C(C=CC=C5Cl)Cl,,
5328720,CN1CCN(CC1)C2=CC=C(C=C2)NC3=NC=C4C=C(C(=O)N(C4=C3)C)C5=C(C=CC=C5Cl)Cl,,
5328721,CN1C2=CC(=NC=C2C=C(C1=O)C3=C(C=CC=C3Cl)Cl)NC4=CC=C(C=C4)N5CCOCC5,,
5328722,CCN(CC)C(=O)C1=CC=C(C=C1)NC2=NC=C3C=C(C(=O)N(C3=C2)C)C4=C(C=CC=C4Cl)Cl,,
5328723,CCN(CC)CCCCNC1=NC=C2C=C(C(=O)NC2=C1)C3=C(C=CC=C3Cl)Cl,,
5328724,CN1CCN(CC1)CCCNC2=NC=C3C=C(C(=O)NC3=C2)C4=C(C=CC=C4Cl)Cl,,
5328725,CCN(CC)CCCOC1=CC=C(C=C1)NC2=NC=C3C=C(C(=O)NC3=C2)C4=C(C=CC=C4Cl)Cl,,
5328733,CN1C2=NC(=NC=C2C=C(C1=O)C3=C(C=CC=C3Cl)Cl)NC4=CC=C(C=C4)N5CCOCC5,,
5328734,CCN(CC)C(=O)C1=CC=C(C=C1)NC2=NC=C3C=C(C(=O)N(C3=N2)C)C4=C(C=CC=C4Cl)Cl,,
5328735,CC(C)(C)NC(=O)[C@@H]1CC(CN1C(=O)[C@H]([C@H](CC2=CC=CC=C2)NC(=O)[C@H](CC(=O)N)NC(=O)OCC3=CC=CC=C3)O)O,,
5328738,CC(C)(C)NC(=O)[C@@H]1CC(CN1C(=O)[C@H]([C@H](CC2=CC=CC=C2)NC(=O)[C@H](CC(=O)N)NC(=O)OCC3=CC=CC=C3)O)F,,
5328740,CC(C)(C)NC(=O)[C@@H]1CC(CN1C(=O)[C@H]([C@H](CC2=CC=CC=C2)NC(=O)[C@H](CC(=O)N)NC(=O)OCC3=CC=CC=C3)O)N4CCOCC4,,
5328741,CC(C)(C)NC(=O)[C@@H]1C(CCN1C(=O)[C@H]([C@H](CC2=CC=CC=C2)NC(=O)[C@H](CC(=O)N)NC(=O)OCC3=CC=CC=C3)O)O,,
5328760,C1=CC(=C(C=C1/C=C(\C#N)/C(=O)C2=CC(=C(C=C2)O)O)O)O,,
5328761,C1=CC(=CC=C1C(=O)/C(=C/C2=CC(=C(C=C2)O)O)/C#N)F,,
5328762,CC1=CC=C(C=C1)C(=O)/C(=C/C2=CC(=C(C=C2)O)O)/C#N,,
5328763,C1=CC=C(C=C1)C(=O)/C(=C/C2=CC(=C(C=C2)O)O)/C#N,,
5328768,C1=CC(=C(C=C1/C=C(\C#N)/C(=O)N)O)O,,
5328769,C[C@@H](C1=CC=CC=C1)NC(=O)/C(=C/C2=CC(=C(C=C2)O)O)/C#N,,
5328770,C1=CC=C(C=C1)CCCNC(=O)/C(=C/C2=CC(=C(C=C2)O)O)/C#N,,
5328771,C1=CC=C(C=C1)NC(=O)/C(=C/C2=CC(=C(C=C2)O)O)/C#N,,
5328772,C[C@H](C1=CC=CC=C1)NC(=O)/C(=C/C2=CC(=C(C=C2)O)O)/C#N,,
5328773,C1=CC=C(C=C1)CCNC(=O)/C(=C/C2=CC(=C(C=C2)O)O)/C#N,,
5328775,C1=CC=C(C=C1)CCCCNC(=O)/C(=C/C2=CC(=C(C=C2)O)O)/C#N,,
5328779,C1=CC=C(C=C1)CNC(=O)/C(=C/C2=CC(=C(C=C2)O)O)/C#N,,
5328780,C1CN(CCN1C2=CC=CC=C2)C(=O)/C(=C/C3=CC(=C(C=C3)O)O)/C#N,,
5328789,C1=CC(=CC=C1/C=C(\C#N)/C(=O)O)[N+](=O)[O-],,
5328791,C1=CC(=CC=C1/C=C(\C#N)/C(=O)O)O,,
5328793,C1=CC(=C(C=C1/C=C(\C#N)/C(=O)O)O)O,,
5328796,C1=CC(=CC=C1/C=C(\C#N)/C(=O)N)O,,
5328802,CC(C)(C)C1=CC(=CC(=C1O)C(C)(C)C)/C=C(\C#N)/C(=O)N,,
5328847,CC(=O)C1=CC(=CC=C1)NC2=C(C=NC3=CC(=C(C=C32)OC)OC)C#N,,
5328855,COC1=C(C=C2C(=C1)C(=C(C=N2)C#N)NC3=CC=CC(=C3)C(=O)N)OC,,
5328872,CC(=O)NC1=CC=CC(=C1)NC2=C(C=NC3=CC(=C(C=C32)OC)OC)C#N,,
5328877,COC1=C(C=C2C(=C1)C(=C(C=N2)C=O)NC3=CC(=CC=C3)Br)OC,,
5328878,COC1=C(C=C2C(=C1)C(=C(C=N2)C(=O)O)NC3=CC(=CC=C3)Br)OC,,
5328879,COC1=C(C=C2C(=C1)C(=C(C=N2)C(=O)N)NC3=CC(=CC=C3)Br)OC,,
5328893,COC1=C(C=C2C(=C1)C(=C(C=N2)C=O)NC3=C(C=C(C=C3)Cl)Cl)OC,,
5328954,CN(C)CC#CC(=O)NC1=CC2=C(C=C1)N=CN=C2NC3=CC(=CC=C3)Br,,
5328955,CCN(CC)CC#CC(=O)NC1=CC2=C(C=C1)N=CN=C2NC3=CC(=CC=C3)Br,,
5328956,CCCN(CCC)CC#CC(=O)NC1=CC2=C(C=C1)N=CN=C2NC3=CC(=CC=C3)Br,,
5328957,CC(C)N(C)CC#CC(=O)NC1=CC2=C(C=C1)N=CN=C2NC3=CC(=CC=C3)Br,,
5328958,CC(C)N(CC#CC(=O)NC1=CC2=C(C=C1)N=CN=C2NC3=CC(=CC=C3)Br)C(C)C,,
5328959,CN(CC=C)CC#CC(=O)NC1=CC2=C(C=C1)N=CN=C2NC3=CC(=CC=C3)Br,,
5328960,C1CCN(CC1)CC#CC(=O)NC2=CC3=C(C=C2)N=CN=C3NC4=CC(=CC=C4)Br,,
5328961,C1COCCN1CC#CC(=O)NC2=CC3=C(C=C2)N=CN=C3NC4=CC(=CC=C4)Br,,
5328962,C1CSCCN1CC#CC(=O)NC2=CC3=C(C=C2)N=CN=C3NC4=CC(=CC=C4)Br,,
5328964,CCN1CCN(CC1)CC#CC(=O)NC2=CC3=C(C=C2)N=CN=C3NC4=CC(=CC=C4)Br,,
5328965,COCC#CC(=O)NC1=CC2=C(C=C1)N=CN=C2NC3=CC(=CC=C3)Br,,
5328966,COCCOCC#CC(=O)NC1=CC2=C(C=C1)N=CN=C2NC3=CC(=CC=C3)Br,,
5328967,COCOCC#CC(=O)NC1=CC2=C(C=C1)N=CN=C2NC3=CC(=CC=C3)Br,,
5328968,C1=CC(=CC(=C1)Br)NC2=NC=NC3=C2C=C(C=C3)NC(=O)C#CCO,,
5328969,CN(C)C/C=C/C(=O)NC1=CC2=C(C=C1)N=CN=C2NC3=CC(=CC=C3)Br,,
5328970,CCN(CC)C/C=C/C(=O)NC1=CC2=C(C=C1)N=CN=C2NC3=CC(=CC=C3)Br,,
5328971,CCCN(CCC)C/C=C/C(=O)NC1=CC2=C(C=C1)N=CN=C2NC3=CC(=CC=C3)Br,,
5328972,C1CCN(CC1)C/C=C/C(=O)NC2=CC3=C(C=C2)N=CN=C3NC4=CC(=CC=C4)Br,,
5328973,C1COCCN1C/C=C/C(=O)NC2=CC3=C(C=C2)N=CN=C3NC4=CC(=CC=C4)Br,,
5328974,C1CSCCN1C/C=C/C(=O)NC2=CC3=C(C=C2)N=CN=C3NC4=CC(=CC=C4)Br,,
5328975,COC[C@@H]1CCCN1C/C=C/C(=O)NC2=CC3=C(C=C2)N=CN=C3NC4=CC(=CC=C4)Br,,
5328976,COC[C@H]1CCCN1C/C=C/C(=O)NC2=CC3=C(C=C2)N=CN=C3NC4=CC(=CC=C4)Br,,
5328977,CN(CCOC)C/C=C/C(=O)NC1=CC2=C(C=C1)N=CN=C2NC3=CC(=CC=C3)Br,,
5328978,CN(CCO)C/C=C/C(=O)NC1=CC2=C(C=C1)N=CN=C2NC3=CC(=CC=C3)Br,,
5328979,C1CCN(CC1)C2CCN(CC2)C/C=C/C(=O)NC3=CC4=C(C=C3)N=CN=C4NC5=CC(=CC=C5)Br,,
5328980,C1=CC(=CC(=C1)Br)NC2=NC=NC3=C2C=C(C=C3)NC(=O)/C=C/CN4C=CC=N4,,
5328981,CC(=C)C(=O)NC1=CC2=C(C=C1)N=CN=C2NC3=CC(=CC=C3)Br,,
5328982,C/C=C/C(=O)NC1=CC2=C(C=C1)N=CN=C2NC3=CC(=CC=C3)Br,,
5328983,COC/C=C/C(=O)NC1=CC2=C(C=C1)N=CN=C2NC3=CC(=CC=C3)Br,,
5328984,CN1CCC=C(C1)C(=O)NC2=CC3=C(C=C2)N=CN=C3NC4=CC(=CC=C4)Br,,
5328985,C=C(CN1CCOCC1)C(=O)NC2=CC3=C(C=C2)N=CN=C3NC4=CC(=CC=C4)Br,,
5328986,CN(C)/C=C/C(=O)NC1=CC2=C(C=C1)N=CN=C2NC3=CC(=CC=C3)Br,,
5328987,C1COCCN1/C=C/C(=O)NC2=CC3=C(C=C2)N=CN=C3NC4=CC(=CC=C4)Br,,
5328988,C/C=C\C(=O)NC1=CC2=C(C=C1)N=CN=C2NC3=CC(=CC=C3)Br,,
5328989,COC[C@@H]1CCCN1C/C=C\C(=O)NC2=CC3=C(C=C2)N=CN=C3NC4=CC(=CC=C4)Br,,
5328994,CCNC(=O)NC1=C(C=C2C=NC(=CC2=N1)N)C3=C(C=CC=C3Cl)Cl,,
5328995,CC(C)(C)NC(=O)NC1=C(C=C2C=NC(=CC2=N1)N)C3=C(C=CC=C3Cl)Cl,,
5328997,CNC(=O)NC1=C(C=C2C=NC(=CC2=N1)N)C3=CC(=CC(=C3)OC)OC,,
5328998,CCNC(=O)NC1=C(C=C2C=NC(=CC2=N1)N)C3=CC(=CC(=C3)OC)OC,,
5328999,CC(C)(C)NC(=O)NC1=C(C=C2C=NC(=CC2=N1)N)C3=CC(=CC(=C3)OC)OC,,
5329000,COC1=CC(=CC(=C1)C2=C(N=C3C=C(N=CC3=C2)N)NC(=O)NC4=CC=CC=C4)OC,,
5329001,CC(=O)NC1=CC2=NC(=C(C=C2C=N1)C3=CC(=CC(=C3)OC)OC)NC(=O)NC(C)(C)C,,
5329002,COC1=CC(=CC(=C1)C2=C(N=C3C=C(N=CC3=C2)NC(=O)C(F)(F)F)N)OC,,
5329003,CC(C)(C)NC(=O)NC1=CC2=NC(=C(C=C2C=N1)C3=CC(=CC(=C3)OC)OC)NC(=O)NC(C)(C)C,,
5329004,CC(C)(C)NC(=O)NC1=C(C=C2C=NC(=CC2=N1)NCCCN3CCOCC3)C4=CC(=CC(=C4)OC)OC,,
5329031,CC1=CC(=C(C=C1O)NC2=NC=NC3=CC(=C(C=C32)OC)NC(=O)COC)F,,
5329064,CC(=O)NC([C@H]1CC(C[C@@H]1N=C(N)N)C(=O)O)C(=O)N(C)CC=C,,
5329066,CCC1CCCCN1C(=O)C([C@H]2CC(C[C@@H]2N=C(N)N)C(=O)O)NC(=O)C,,
5329067,CCCC1CCCCN1C(=O)C([C@H]2CC(C[C@@H]2N=C(N)N)C(=O)O)NC(=O)C,,
5329069,C=CC(=O)NC1=NC=C2C(=C1)C(=NC=N2)NC3=CC(=CC=C3)Br,,
5329070,CN(C1=NC=C2C(=C1)C(=NC=N2)NC3=CC(=CC=C3)Br)C(=O)C=C,,
5329071,CC(=C)C(=O)NC1=NC=C2C(=C1)C(=NC=N2)NC3=CC(=CC=C3)Br,,
5329072,C/C=C/C(=O)NC1=NC=C2C(=C1)C(=NC=N2)NC3=CC(=CC=C3)Br,,
5329073,C1=CC(=CC(=C1)Br)NC2=NC=NC3=CN=C(C=C32)NC(=O)/C=C\Cl,,
5329074,C1=CC(=CC(=C1)Br)NC2=NC=NC3=C2C=C(C=C3)NC(=O)/C=C/C(F)(F)F,,
5329075,C=C/C=C/C(=O)NC1=NC=C2C(=C1)C(=NC=N2)NC3=CC(=CC=C3)Br,,
5329077,C1=CC=C(C=C1)/C=C/C(=O)NC2=NC=C3C(=C2)C(=NC=N3)NC4=CC(=CC=C4)Br,,
5329078,CC(=O)/C=C/C(=O)NC1=CC2=C(C=C1)N=CN=C2NC3=CC(=CC=C3)Br,,
5329079,C1=CC(=CC(=C1)Br)NC2=NC=NC3=C2C=C(C=C3)NC(=O)/C=C/C(=O)O,,
5329080,CCOC(=O)/C=C/C(=O)NC1=CC2=C(C=C1)N=CN=C2NC3=CC(=CC=C3)Br,,
5329081,CCOC(=O)/C=C/C(=O)NC1=NC=C2C(=C1)C(=NC=N2)NC3=CC(=CC=C3)Br,,
5329082,CN(C)CCN(C1=NC=C2C(=C1)C(=NC=N2)NC3=CC(=CC=C3)Br)C(=O)C=C,,
5329083,C=CC(=O)N(CCCN1CCOCC1)C2=NC=C3C(=C2)C(=NC=N3)NC4=CC(=CC=C4)Br,,
5329084,C=CC(=O)N(CCCN1CCOCC1)C2=CC3=C(C=C2)N=CN=C3NC4=CC(=CC=C4)Br,,
5329085,CN(C)CCCOC(=O)/C=C/C(=O)NC1=CC2=C(C=C1)N=CN=C2NC3=CC(=CC=C3)Br,,
5329086,CN(C)CCCNC(=O)/C=C/C(=O)NC1=CC2=C(C=C1)N=CN=C2NC3=CC(=CC=C3)Br,,
5329087,CN(C)CCCNC(=O)/C=C/C(=O)NC1=NC=C2C(=C1)C(=NC=N2)NC3=CC(=CC=C3)Br,,
5329088,CCN(CC)CCCNC(=O)/C=C/C(=O)NC1=NC=C2C(=C1)C(=NC=N2)NC3=CC(=CC=C3)Br,,
5329089,C1COCCN1CCCNC(=O)/C=C/C(=O)NC2=NC=C3C(=C2)C(=NC=N3)NC4=CC(=CC=C4)Br,,
5329090,C1=CC(=CC(=C1)Br)NC2=NC=NC3=CN=C(C=C32)NC(=O)/C=C/C(=O)NCCCN4C=CN=C4,,
5329091,CN(C)CCCNC(=O)/C=C/C(=O)N(C)C1=NC=C2C(=C1)C(=NC=N2)NC3=CC(=CC=C3)Br,,
5329092,C1COCCN1CCCNC(=O)/C=C/C(=O)NC2=NC=C3C(=C2)C(=NC=N3)NC4=CC(=C(C=C4)F)Cl,,
5329098,CC1=CC(=C(N1)/C=C\2/C3=CC=CC=C3NC2=O)C,,
5329099,CC1=C(NC(=C1CCC(=O)O)C)/C=C\2/C3=CC=CC=C3NC2=O,,
5329100,CC1=C(NC(=C1CCCN2CCN(CC2)C)C)/C=C\3/C4=CC=CC=C4NC3=O,,
5329101,CCN(CC)CCNC(=O)C1=C(NC(=C1C)/C=C\2/C3=CC=CC=C3NC2=O)C,,
5329102,CCN(CC)CCNC(=O)C1=C(NC(=C1C)/C=C\2/C3=C(C=CC(=C3)F)NC2=O)C,,
5329103,CCN(CC)CCNC(=O)C1=C(NC(=C1C)/C=C\2/C3=C(C=CC(=C3)Cl)NC2=O)C,,
5329104,CCN(CC)CCNC(=O)C1=C(NC(=C1C)/C=C\2/C3=C(C=CC(=C3)Br)NC2=O)C,,
5329105,CC1=C(NC(=C1C(=O)NCCN(C)C)C)/C=C\2/C3=C(C=CC(=C3)F)NC2=O,,
5329106,CC1=C(NC(=C1C(=O)NCCN2CCCC2)C)/C=C\3/C4=C(C=CC(=C4)F)NC3=O,,
5329107,CC1=C(NC(=C1C(=O)NCC2CCN(CC2)C)C)/C=C\3/C4=C(C=CC(=C4)F)NC3=O,,
5329108,CC1=C(NC(=C1C(=O)NCCN2CCOCC2)C)/C=C\3/C4=C(C=CC(=C4)F)NC3=O,,
5329109,CC1=C(NC(=C1C(=O)NCC2=CC=NC=C2)C)/C=C\3/C4=C(C=CC(=C4)F)NC3=O,,
5329110,CC1=C(NC(=C1C(=O)NCCN2C=CN=N2)C)/C=C\3/C4=C(C=CC(=C4)F)NC3=O,,
5329111,CC(C)(C)NC(=O)NC1=C(C=C2C=NC(=NC2=N1)N)C3=CC=CC=C3,,
5329112,CC(C)(C)NC(=O)NC1=C(C=C2C=NC(=NC2=N1)N)C3=C(C(=CC=C3)Cl)Cl,,
5329113,CC(C)(C)NC(=O)NC1=C(C=C2C=NC(=NC2=N1)N)C3=C(C=CC(=C3Cl)Cl)Cl,,
5329114,CC(C)(C)NC(=O)NC1=C(C=C2C=NC(=NC2=N1)N)C3=C(C=CC=C3Br)Cl,,
5329115,CC(C)(C)NC(=O)NC1=C(C=C2C=NC(=NC2=N1)N)C3=C(C=CC=C3F)F,,
5329118,CC1=CC=CC=C1C2=C(N=C3C(=C2)C=NC(=N3)N)NC(=O)NC(C)(C)C,,
5329120,CC1=C(C(=CC=C1)C2=C(N=C3C(=C2)C=NC(=N3)N)NC(=O)NC(C)(C)C)C,,
5329121,CC1=CC(=CC(=C1)C2=C(N=C3C(=C2)C=NC(=N3)N)NC(=O)NC(C)(C)C)C,,
5329122,CC1=CC(=C(C(=C1)C)C2=C(N=C3C(=C2)C=NC(=N3)N)NC(=O)NC(C)(C)C)C,,
5329124,CCN(CC)CCOC1=C(C(=C(C=C1)C)C2=C(N=C3C(=C2)C=NC(=N3)N)NC(=O)NC(C)(C)C)C,,
5329127,CC(C)(C)NC(=O)NC1=C(C=C2C=NC(=NC2=N1)N)C3=CC=CC=C3OC,,
5329128,CC(C)(C)NC(=O)NC1=C(C=C2C=NC(=NC2=N1)N)C3=CC(=CC=C3)OC,,
5329131,CCOC1=CC=CC(=C1)C2=C(N=C3C(=C2)C=NC(=N3)N)NC(=O)NC(C)(C)C,,
5329134,CC1=C\2C(=CC=C1)NC(=O)/C2=C\C3=C(C(=CN3)C)CCC(=O)O,,
5329135,CC1=CNC(=C1CCC(=O)O)/C=C\2/C3=C(C=CC(=C3)Br)NC2=O,,
5329136,CC1=CNC(=C1CCC(=O)O)/C=C\2/C3=C(C=C(C=C3)C4=CC(=CC=C4)OC)NC2=O,,
5329137,CCOC1=CC=CC(=C1)C2=CC3=C(C=C2)/C(=C/C4=C(C(=CN4)C)CCC(=O)O)/C(=O)N3,,
5329138,CC1=C(NC=C1CCC(=O)O)/C=C\2/C3=CC=CC=C3NC2=O,,
5329139,CC1=C(NC=C1CCC(=O)O)/C=C\2/C3=C(C=CC(=C3)C(=O)O)NC2=O,,
5329140,CC1=C(NC=C1CCC(=O)O)/C=C\2/C3=C(C=CC(=C3)S(=O)(=O)N)NC2=O,,
5329141,CC1=C(NC=C1CCC(=O)O)/C=C\2/C3=C(C=C(C=C3)OC)NC2=O,,
5329142,CC1=C(NC=C1CCC(=O)O)/C=C\2/C3=C(C=C(C=C3)C4=CC=CC=C4)NC2=O,,
5329143,CC1=C(NC=C1CCC(=O)O)/C=C\2/C3=C(C=C(C=C3)C4=CC(=CC=C4)OC)NC2=O,,
5329144,CC1=C(NC=C1CCC(=O)O)/C=C\2/C3=C(C=C(C=C3)C4=CC=CC=C4OC)NC2=O,,
5329145,CC1=C(NC=C1CCC(=O)O)/C=C\2/C3=C(C=C(C=C3)C4=CC=C(C=C4)OC)NC2=O,,
5329146,CC1=C(NC(=C1CCC(=O)O)C)/C=C\2/C3=C(C=CC(=C3)Br)NC2=O,,
5329147,CC1=C(NC(=C1CCC(=O)O)C)/C=C\2/C3=C(C=CC(=C3)C(=O)O)NC2=O,,
5329148,CC1=C(NC(=C1CCC(=O)O)C)/C=C\2/C3=C(C=CC(=C3)S(=O)(=O)N)NC2=O,,
5329149,CC1=C(NC(=C1CCC(=O)O)C)/C=C\2/C3=C(C=C(C=C3)OC)NC2=O,,
5329150,CC1=C(NC(=C1CCC(=O)O)C)/C=C\2/C3=C(C=C(C=C3)C4=CC=CC=C4)NC2=O,,
5329151,CC1=C(NC(=C1CCC(=O)O)C)/C=C\2/C3=C(C=C(C=C3)C4=CC(=CC=C4)OC)NC2=O,,
5329152,CC1=C(NC(=C1CCC(=O)O)C)/C=C\2/C3=C(C=C(C=C3)C4=CC=CC=C4OC)NC2=O,,
5329153,CC1=C(NC(=C1CCC(=O)O)C)/C=C\2/C3=C(C=C(C=C3)C4=CC=C(C=C4)OC)NC2=O,,
5329154,C1CCC2=C(C1)C=C(N2)/C=C\3/C4=CC=CC=C4NC3=O,,
5329155,C1CCC2=C(C1)C=C(N2)/C=C\3/C4=C(C=CC(=C4)Br)NC3=O,,
5329156,C1CCC2=C(C1)C=C(N2)/C=C\3/C4=C(C=CC(=C4)S(=O)(=O)N)NC3=O,,
5329157,C1CCC2=C(C1)C=C(N2)/C=C\3/C4=C(C=CC(=C4)C(=O)O)NC3=O,,
5329158,COC1=CC2=C(C=C1)/C(=C/C3=CC4=C(N3)CCCC4)/C(=O)N2,,
5329161,COC1=CC=CC=C1C2=CC3=C(C=C2)/C(=C/C4=CC5=C(N4)CCCC5)/C(=O)N3,,
5329163,C1CCC2=C(C1)C(=C(N2)/C=C\3/C4=CC=CC=C4NC3=O)CCC(=O)O,,
5329164,C1CCC2=C(C1)C(=C(N2)/C=C\3/C4=C(C=CC(=C4)Br)NC3=O)CCC(=O)O,,
5329165,C1CCC2=C(C1)C(=C(N2)/C=C\3/C4=C(C=CC(=C4)S(=O)(=O)N)NC3=O)CCC(=O)O,,
5329166,C1CCC2=C(C1)C(=C(N2)/C=C\3/C4=C(C=CC(=C4)C(=O)O)NC3=O)CCC(=O)O,,
5329167,COC1=CC2=C(C=C1)/C(=C/C3=C(C4=C(N3)CCCC4)CCC(=O)O)/C(=O)N2,,
5329168,C1CCC2=C(C1)C(=C(N2)/C=C\3/C4=C(C=C(C=C4)C5=CC=CC=C5)NC3=O)CCC(=O)O,,
5329169,COC1=CC=CC(=C1)C2=CC3=C(C=C2)/C(=C/C4=C(C5=C(N4)CCCC5)CCC(=O)O)/C(=O)N3,,
5329170,COC1=CC=CC=C1C2=CC3=C(C=C2)/C(=C/C4=C(C5=C(N4)CCCC5)CCC(=O)O)/C(=O)N3,,
5329171,COC1=CC=C(C=C1)C2=CC3=C(C=C2)/C(=C/C4=C(C5=C(N4)CCCC5)CCC(=O)O)/C(=O)N3,,
5329174,CC1CCCN1C(=O)[C@H]2[C@@H]([C@H](C=C(O2)C(=O)O)N)NC(=O)C,,
5329178,CCCC[C@@H]([C@@H]1CC(C[C@H]1N=C(N)N)C(=O)O)NC(=O)C,,
5329228,C1=CC=C(C=C1)CC(=O)N[C@@H](CC2=CC=C(C=C2)OP(=O)(O)O)C(=O)N[C@@H](CO)C3=NC(=NO3)CC4=CC5=CC=CC=C5C=C4,,
5329230,CC1=C(NC(=C1CCC(=O)O)C)/C=C\2/C3=C(NC2=O)N=CN=C3NC4=CC(=C(C=C4)F)Cl,,
5329231,CCN(CC)CCNC(=O)C1=C(NC(=C1C)/C=C\2/C3=C(NC2=O)N=CN=C3NC4=CC(=C(C=C4)F)Cl)C,,
5329232,CC1=CC(=C(N1)/C=C\2/C3=C(NC2=O)N=CN=C3NC4=CC(=C(C=C4)F)Cl)C,,
5329233,CC1=C(NC(=C1)CCC(=O)O)/C=C\2/C3=C(NC2=O)N=CN=C3NC4=CC(=C(C=C4)F)Cl,,
5329234,CC1=C(NC(=C1)C(=O)O)/C=C\2/C3=C(NC2=O)N=CN=C3NC4=CC(=C(C=C4)F)Cl,,
5329235,C1COCCN1CCNC(=O)C2=CC=C(N2)/C=C\3/C4=C(NC3=O)N=CN=C4NC5=CC(=C(C=C5)F)Cl,,
5329236,CC1=C(NC(=C1)C(=O)NCCN2CCOCC2)/C=C\3/C4=C(NC3=O)N=CN=C4NC5=CC(=C(C=C5)F)Cl,,
5329237,CC1=CC(=C(N1)/C=C\2/C3=C(N=CN=C3N(C2=O)C)NC4=CC(=C(C=C4)F)Cl)C,,
5329238,CC1=C(NC(=C1)C(=O)NCCN2CCOCC2)/C=C\3/C4=C(N=CN=C4N(C3=O)C)NC5=CC(=C(C=C5)F)Cl,,
5329239,CC1=C(NC(=C1)C(=O)N2CCOCC2)/C=C\3/C4=C(NC3=O)N=CN=C4NC5=CC(=C(C=C5)F)Cl,,
5329240,CC1=C(NC(=C1)C(=O)N2CCN(CC2)C)/C=C\3/C4=C(NC3=O)N=CN=C4NC5=CC(=C(C=C5)F)Cl,,
5329241,CC1=C(NC(=C1)/C=C\2/C3=C(NC2=O)N=CN=C3NC4=CC(=C(C=C4)F)Cl)C(=O)N5CCN(CC5)C,,
5329242,CC1=C(NC=C1C(=O)N2CCN(CC2)C)/C=C\3/C4=C(NC3=O)N=CN=C4NC5=CC(=C(C=C5)F)Cl,,
5329243,CCN1CCN(CC1)C(=O)C2=CC(=C(N2)/C=C\3/C4=C(NC3=O)N=CN=C4NC5=CC(=C(C=C5)F)Cl)C,,
5329244,CCN(CC)CCNC(=O)C1=CC(=C(N1)/C=C\2/C3=C(NC2=O)N=CN=C3NC4=CC(=C(C=C4)F)Cl)C,,
5329245,CC1CN(CC(N1)C)C(=O)C2=CC(=C(N2)/C=C\3/C4=C(NC3=O)N=CN=C4NC5=CC(=C(C=C5)F)Cl)C,,
5329246,CCN(CC)CC(CNC(=O)C1=CC(=C(N1)/C=C\2/C3=C(NC2=O)N=CN=C3NC4=CC(=C(C=C4)F)Cl)C)O,,
5329248,CCN(CC)CCNC(=O)C1=CC(=C(N1)/C=C\2/C3=C(NC2=O)N=CN=C3NC4=C(C=C(C=C4)Cl)F)C,,
5329249,CC1=C(NC(=C1)C(=O)N2CCOCC2)/C=C\3/C4=C(NC3=O)N=CN=C4NC5=CC6=C(CCC6)C=C5,,
5329250,CC1=C(NC(=C1)C(=O)N2CCOCC2)/C=C\3/C4=C(NC3=O)N=CN=C4NC5=CC6=C(C=C5)N(C=C6)CC7=CC=CC=C7,,
5329251,CC1=C(NC(=C1)C(=O)N2CCOCC2)/C=C\3/C4=C(NC3=O)N=CN=C4NC5=CC6=C(C=C5)N(N=C6)CC7=CC=CC=C7,,
5329252,CC1=C(NC(=C1)C(=O)NCCN2CCOCC2)/C=C\3/C4=C(NC3=O)N=CN=C4NC5=CC6=C(C=C5)N(C=C6)CC7=CC=CC=C7,,
5329254,C1=C(C=C(C(=C1O)O)Br)/C=C(/C(=O)NCCCNC(=O)/C(=C/C2=CC(=C(C(=C2)Br)O)O)/C#N)\C#N,,
5329255,C1=CC(=C(C=C1/C=C(/C(=O)NCCCNC(=O)/C(=C/C2=CC(=C(C=C2)O)O)/C#N)\C#N)O)O,,
5329256,C1=CC(=C(C=C1/C=C(/C(=O)NCCNC(=O)/C(=C/C2=CC(=C(C=C2)O)O)/C#N)\C#N)O)O,,
5329257,C1=CC(=C(C=C1/C=C(/C(=O)NCCCCNC(=O)/C(=C/C2=CC(=C(C=C2)O)O)/C#N)\C#N)O)O,,
5329258,C1=C(C=C(C(=C1O)O)O)/C=C(/C(=O)NCCCCNC(=O)/C(=C/C2=CC(=C(C(=C2)O)O)O)/C#N)\C#N,,
5329259,C1=CC(=C(C=C1/C=C(/C(=O)NCCCCCNC(=O)/C(=C/C2=CC(=C(C=C2)O)O)/C#N)\C#N)O)O,,
5329260,C1=CC(=C(C=C1/C=C(/C(=O)NCCCCCCNC(=O)/C(=C/C2=CC(=C(C=C2)O)O)/C#N)\C#N)O)O,,
5329261,C1=CC(=C(C=C1/C=C(/C(=O)NCCCCCCCCCCNC(=O)/C(=C/C2=CC(=C(C=C2)O)O)/C#N)\C#N)O)O,,
5329262,C1=CC(=CC(=C1)CNC(=O)/C(=C/C2=CC(=C(C=C2)O)O)/C#N)CNC(=O)/C(=C/C3=CC(=C(C=C3)O)O)/C#N,,
5329263,C1CC(CC(C1)CNC(=O)/C(=C/C2=CC(=C(C=C2)O)O)/C#N)CNC(=O)/C(=C/C3=CC(=C(C=C3)O)O)/C#N,,
5329266,C1=CC(=C(C=C1/C=C(/C(=O)NCCCCCCCCNC(=O)/C(=C/C2=CC(=C(C=C2)O)O)/C#N)\C#N)O)O,,
5329267,C1CN(CCN1CCNC(=O)/C(=C/C2=CC(=C(C=C2)O)O)/C#N)C(=O)/C(=C/C3=CC(=C(C=C3)O)O)/C#N,,
5329268,C1N(CCN(C1)C(=O)/C(=C/C2=CC(=C(C=C2)O)O)/C#N)C(=O)/C(=C/C3=CC(=C(C=C3)O)O)/C#N,,
5329273,CC(C1=CC=CC=C1)NC(=O)/C(=C/C2=CC3=C(C=C2)NC=C3)/C#N,,
5329274,C1=CC2=C(C=CN2)C=C1/C=C(\C#N)/C(=O)C3=CC(=C(C=C3)O)O,,
5329275,C1=CC=C2C(=C1)C(=CN2)/C=C(\C#N)/C(=O)C3=CC(=C(C=C3)O)O,,
5329291,CC(C)C[C@@H]([C@H]1[C@@H](C[C@@H](N1)C(=O)O)C2=CN=CN2)NC(=O)C,,
5329292,CC(C)C[C@@H]([C@H]1[C@@H](C[C@@H](N1)C(=O)O)C2=CSC=N2)NC(=O)C,,
5329293,CC(C)C[C@@H]([C@H]1[C@@H](C[C@@H](N1)C(=O)O)C2=NC=CS2)NC(=O)C,,
5329294,CC(C)C[C@@H]([C@H]1[C@@H](C[C@@H](N1)C(=O)O)C2=NC=CN2)NC(=O)C,,
5329295,CC(C)C[C@@H]([C@H]1[C@@H](C[C@@H](N1)C(=O)O)C2=CC=NN2)NC(=O)C,,
5329296,CC(C)C[C@@H]([C@H]1[C@@H](C[C@@H](N1)C(=O)O)C2=NOC=C2)NC(=O)C,,
5329298,CC(C)C[C@@H]([C@H]1[C@@H](C[C@@H](N1)C(=O)O)C=C)NC(=O)C,,
5329299,C/C=C\[C@@H]1C[C@@H](N[C@H]1[C@H](CC(C)C)NC(=O)C)C(=O)O,,
5329300,CC(C)C[C@@H]([C@H]1[C@@H](C[C@@H](N1)C(=O)O)C=C(C)C)NC(=O)C,,
5329301,CC(C)C[C@@H]([C@H]1[C@@H](C[C@@H](N1)C(=O)O)C=C(F)F)NC(=O)C,,
5329302,CC(C)C[C@@H]([C@H]1[C@@H](C[C@@H](N1)C(=O)O)/C=C\Cl)NC(=O)C,,
5329304,CCCN(C)[C@@H]1C=C(C[C@@H]([C@H]1NC(=O)C)N)C(=O)O,,
5329305,CCCCN(C)[C@@H]1C=C(C[C@@H]([C@H]1NC(=O)C)N)C(=O)O,,
5329306,CCC(CC)N(C)[C@@H]1C=C(C[C@@H]([C@H]1NC(=O)C)N)C(=O)O,,
5329307,CC(=O)N[C@@H]1[C@H](CC(=C[C@H]1N(C)CCC2=CC=CC=C2)C(=O)O)N,,
5329308,CC(=O)N[C@@H]1[C@H](CC(=C[C@H]1N(C)C2CCCCC2)C(=O)O)N,,
5329309,CCCN(CC)[C@@H]1C=C(C[C@@H]([C@H]1NC(=O)C)N)C(=O)O,,
5329310,CCCCN(CC)[C@@H]1C=C(C[C@@H]([C@H]1NC(=O)C)N)C(=O)O,,
5329311,CCCN(CCC)[C@@H]1C=C(C[C@@H]([C@H]1NC(=O)C)N)C(=O)O,,
5329312,CCCN[C@@H]1C=C(C[C@@H]([C@H]1NC(=O)C)N)C(=O)O,,
5329313,CCC(CC)N[C@@H]1C=C(C[C@@H]([C@H]1NC(=O)C)N)C(=O)O,,
5329314,CCC(=O)N[C@@H]1C=C(C[C@@H]([C@H]1NC(=O)C)N)C(=O)O,,
5329317,CC[C@@H](CC(=O)O)O[C@@H]1C=C(C[C@@H]([C@H]1NC(=O)C)N)C(=O)O,,
5329318,CC[C@H](CC(=O)O)O[C@@H]1C=C(C[C@@H]([C@H]1NC(=O)C)N)C(=O)O,,
5329319,CC[C@H](CCO)O[C@@H]1C=C(C[C@@H]([C@H]1NC(=O)C)N)C(=O)O,,
5329320,CC[C@@H](CCO)O[C@@H]1C=C(C[C@@H]([C@H]1NC(=O)C)N)C(=O)O,,
5329322,CCCN(CCC)C(=O)[C@@H]1[C@H]([C@@H](C=C(O1)C(=O)O)N=C(N)N)NC(=O)C,,
5329326,CC(=O)N1CCN(CC1)CC2=CC(=NC=C2)NC3=NC=C(S3)C4=CC=CC=C4,,
5329328,CC(=O)N1CCN(CC1)CC2=CC(=NC=C2)NC3=NC=C(S3)C#N,,
5329331,C1CN(CCN1CC2=CC(=NC=C2)NC3=NC=C(S3)C#N)C(=O)N,,
5329332,CN(C)C(=O)N1CCN(CC1)CC2=CC(=NC=C2)NC3=NC=C(S3)C#N,,
5329333,CNC(=O)N1CCN(CC1)CC2=CC(=NC=C2)NC3=NC=C(S3)C#N,,
5329334,C1CN(CCN1CC2=CC(=NC=C2)NC3=NC=C(S3)C#N)C(=O)CO,,
5329336,CC1=C(C=CN=C1NC2=NC=C(S2)C#N)CN3CCN(CC3)C(=O)NC,,
5329347,CC(=O)N1CCN(CC1)CC2=CC=C(C=C2)C3=CC4=NC=C(N4C=C3)C5=CC=CC=C5,,
5329348,CNC(=O)N1CCN(CC1)CC2=CC=C(C=C2)C3=CC4=NC=C(N4C=C3)C5=CC=CC=C5,,
5329349,C1CN(CCN1CC2=CC=C(C=C2)C3=CC4=NC=C(N4C=C3)C5=CC=CC=C5)C(=O)N,,
5329351,C1CCN(CC1)CCCN2C=CC(=CC2=O)C3=CC4=NC=C(N4C=C3)C5=CC=CC=C5,,
5329352,C1=CC=C(C=C1)C2=CN=C3N2C=CC(=C3)C4=CC(=O)N(C=C4)CCCO,,
5329353,CN(CCCN1C=CC(=CC1=O)C2=CC3=NC=C(N3C=C2)C4=CC=CC=C4)CCOC,,
5329354,CN(C)CC1CCCN(C1)CCCN2C=CC(=CC2=O)C3=CC4=NC=C(N4C=C3)C5=CC=CC=C5,,
5329356,CC(=O)NC1=C(N=C(O1)C2=CN=CC(=C2)C3=CC=CC=C3)C4=CC=CC=C4,,
5329369,C1=CC=C2C=C(C(=O)C=CC2=C1)C3=NC4=CC=CC=C4N3,,
5329371,C1=CC=C2C(=C1)C=C(C(=O)N2)C3=CC4=CC=CC=C4N3,,
5329373,CC(=O)N1CCN(CC1)CCOC2=CC3=C(C=C2)NC(=C3)C4=CC5=CC=CC=C5NC4=O,,
5329374,C1CN(CCC1C(=O)O)CCCOC2=CC3=C(C=C2)NC(=C3)C4=CC5=CC=CC=C5NC4=O,,
5329375,C1CCN(CC1)CCOC2=CC3=C(C=C2)NC(=C3)C4=CC5=CC=CC=C5NC4=O,,
5329376,CN1CCN(CC1)C(=O)C2=CC3=C(C=C2)NC(=C3)C4=CC5=CC=CC=C5NC4=O,,
5329377,C1CN(CCN1)C(=O)C2=CC3=C(C=C2)NC(=C3)C4=CC5=CC=CC=C5NC4=O,,
5329378,C1CN(CC1N)C(=O)C2=CC3=C(C=C2)NC(=C3)C4=CC5=CC=CC=C5NC4=O,,
5329379,C1CNCC1NC(=O)C2=CC3=C(C=C2)NC(=C3)C4=CC5=CC=CC=C5NC4=O,,
5329380,CN1CCN(CC1)S(=O)(=O)C2=CC3=C(C=C2)NC(=C3)C4=CC5=CC=CC=C5NC4=O,,
5329381,C1CN(CCN1)S(=O)(=O)C2=CC3=C(C=C2)NC(=C3)C4=CC5=CC=CC=C5NC4=O,,
5329382,C1CN(CC1N)S(=O)(=O)C2=CC3=C(C=C2)NC(=C3)C4=CC5=CC=CC=C5NC4=O,,
5329383,C1CNCC1NS(=O)(=O)C2=CC3=C(C=C2)NC(=C3)C4=CC5=CC=CC=C5NC4=O,,
5329385,C1=CC=C(C=C1)C2=CN=C(S2)NC(=O)C3=CC=CC=C3,,
5329404,C1=CC=C(C=C1)C2=CN=C(O2)NC3=CC=CC=C3,,
5329407,C1CCN(CC1)CCCN2C=CC(=CC2=O)C3=CC4=C(C=C3)N(C=N4)C5=CC=CC=C5,,
5329408,C1CCN(CC1)CCCN2C=C(C=CC2=O)C3=CC4=C(C=C3)N(C=N4)C5=CC=CC=C5,,
5329409,C1CCN(CC1)CCN2C=CC(=CC2=O)C3=CC4=C(C=C3)N(C=N4)C5=CC=CC=C5,,
5329410,C1CCN(CC1)CCN2C=C(C=CC2=O)C3=CC4=C(C=C3)N(C=N4)C5=CC=CC=C5,,
5329411,C1CCN(CC1)CCCN2C=CC(=NC2=O)C3=CC4=C(C=C3)N(C=N4)C5=CC=CC=C5,,
5329429,CC1=CC(=CC(=C1)NC2=NC=CC(=N2)N3C=CN=C3C4=CC=CC=C4)CN5CCN(CC5)C(=O)C,,
5329469,C1CCN(CC1)CCCN2C=CC(=CC2=O)C3=CN4C(=C(C=N4)C5=CC=CC=C5)N=C3,,
5329470,CN1CCN(CC1)CCCN2C=CC(=CC2=O)C3=CN4C(=C(C=N4)C5=CC=CC=C5)N=C3,,
5329471,CN1CCN(CC1)CCCN2C=CC(=CC2=O)C3=CN4C(=C(C=N4)C5=CSC=C5)N=C3,,
5329482,CS(=O)(=O)CCN(CCCCOC1=CC2=C(C=C1)N=CN=C2NC3=CC=C(C=C3)OCC4=CC=CC=C4)C(=O)C(F)(F)F,,
5329488,C1=CC=C(C=C1)COC2=CC=C(C=C2)NC3=NC=NC4=C3C=C(C=C4)OCCCCNC(=O)C(F)(F)F,,
5329567,CNC(=O)C1=CC=C(C=C1)NC2=NC3=C(C(=N2)OCC4CCCCC4)NC=N3,,
5329568,CN(C)C(=O)C1=CC=C(C=C1)NC2=NC3=C(C(=N2)OCC4CCCCC4)NC=N3,,
5329569,CC(=O)C1=CC=C(C=C1)NC2=NC3=C(C(=N2)OCC4CCCCC4)NC=N3,,
5329570,C1CCC(CC1)COC2=NC(=NC3=C2NC=N3)NC4=CC=C(C=C4)C(=O)O,,
5329572,C1CCC(CC1)COC2=NC(=NC3=C2NC=N3)NC4=CC=C(C=C4)CC(=O)N,,
5329604,CC(=O)NC1=CC=CC2=C1C(=O)C3=C2NN=C3C4=CC=CC=C4,,
5329605,CC1=CC=C(C=C1)C2=NNC3=C2C(=O)C4=C3C=CC=C4NC(=O)C,,
5329606,CCC1=CC=C(C=C1)C2=NNC3=C2C(=O)C4=C3C=CC=C4NC(=O)C,,
5329607,CCCC1=CC=C(C=C1)C2=NNC3=C2C(=O)C4=C3C=CC=C4NC(=O)C,,
5329608,CCCCC1=CC=C(C=C1)C2=NNC3=C2C(=O)C4=C3C=CC=C4NC(=O)C,,
5329610,CC(=O)NC1=CC=CC2=C1C(=O)C3=C2NN=C3C4=CC=C(C=C4)OC,,
5329611,CCOC1=CC=C(C=C1)C2=NNC3=C2C(=O)C4=C3C=CC=C4NC(=O)C,,
5329613,CC(=O)NC1=CC=CC2=C1C(=O)C3=C2NN=C3C4=CC=C(C=C4)N(C)C,,
5329614,CC(=O)NC1=CC=CC2=C1C(=O)C3=C2NN=C3C4=CC=C(C=C4)N5CCCCC5,,
5329615,CC(=O)NC1=CC=CC2=C1C(=O)C3=C2NN=C3C4=CC=C(C=C4)N5CCOCC5,,
5329616,CC(=O)NC1=CC=CC2=C1C(=O)C3=C2NN=C3C4=CC=C(C=C4)SC,,
5329617,CN(C)C1=CC=C(C=C1)C2=NNC3=C2C(=O)C4=C3C=CC=C4NC(=O)CN5CCOCC5,,
5329618,CN(C)C1=CC=C(C=C1)C2=NNC3=C2C(=O)C4=C3C=CC=C4NC(=O)CN5CCC(CC5)O,,
5329619,CN(C)C1=CC=C(C=C1)C2=NNC3=C2C(=O)C4=C3C=CC=C4NC(=O)CN5CCC(CC5)CN,,
5329620,CN1CCN(CC1)CC(=O)NC2=CC=CC3=C2C(=O)C4=C3NN=C4C5=CC=C(C=C5)N(C)C,,
5329621,C1COCCN1CC(=O)NC2=CC=CC3=C2C(=O)C4=C3NN=C4C5=CC=C(C=C5)N6CCOCC6,,
5329622,C1CN(CCC1O)CC(=O)NC2=CC=CC3=C2C(=O)C4=C3NN=C4C5=CC=C(C=C5)N6CCOCC6,,
5329623,C1CN(CCC1CN)CC(=O)NC2=CC=CC3=C2C(=O)C4=C3NN=C4C5=CC=C(C=C5)N6CCOCC6,,
5329624,CN1CCN(CC1)CC(=O)NC2=CC=CC3=C2C(=O)C4=C3NN=C4C5=CC=C(C=C5)N6CCOCC6,,
5329628,CC(C)C1=C2C(=NN1)C3=C(C2=O)C(=CC=C3)NC(=O)C,,
5329629,CC(=O)NC1=CC=CC2=C1C(=O)C3=C(NN=C23)C4CC4,,
5329632,CC(=O)NC1=CC=CC2=C1C(=O)C3=C(NN=C23)C(C)(C)C,,
5329635,CC(C)C1=C2C(=NN1)C3=C(C2=O)C(=CC=C3)NC(=O)CN4CCC(CC4)C(=O)N,,
5329636,C1CC1C2=C3C(=NN2)C4=C(C3=O)C(=CC=C4)NC(=O)CN5CCC(CC5)C(=O)N,,
5329637,C1CCC(CC1)C2=C3C(=NN2)C4=C(C3=O)C(=CC=C4)NC(=O)CN5CCC(CC5)C(=O)N,,
5329638,CCC1=C2C(=NN1)C3=C(C2=O)C(=CC=C3)NC(=O)CN4CCC(CC4)CN,,
5329639,CC(C)C1=C2C(=NN1)C3=C(C2=O)C(=CC=C3)NC(=O)CN4CCC(CC4)CN,,
5329640,C1CC1C2=C3C(=NN2)C4=C(C3=O)C(=CC=C4)NC(=O)CN5CCC(CC5)CN,,
5329641,CC(=O)NC1=CC=CC2=C1C(=O)C3=C2NN=C3C4=CN=CC=C4,,
5329642,CC(=O)NC1=CC=CC2=C1C(=O)C3=C2NN=C3C4=CC=NC=C4,,
5329643,CC(=O)NC1=CC=CC2=C1C(=O)C3=C(NN=C23)C4=CC=CS4,,
5329644,CC1=C(SC=C1)C2=C3C(=NN2)C4=C(C3=O)C(=CC=C4)NC(=O)C,,
5329647,CCC1=C2C(=NN1)C3=C(C2=O)C(=CC=C3)NC(=O)N,,
5329648,CC(C)C1=C2C(=NN1)C3=C(C2=O)C(=CC=C3)NC(=O)N,,
5329649,C1CC1C2=C3C(=NN2)C4=C(C3=O)C(=CC=C4)NC(=O)N,,
5329650,C1CCC(CC1)C2=C3C(=NN2)C4=C(C3=O)C(=CC=C4)NC(=O)N,,
5329651,C1=CC2=C(C(=C1)NC(=O)N)C(=O)C3=C(NN=C23)C4=CC=CS4,,
5329652,CC1=C(SC=C1)C2=C3C(=NN2)C4=C(C3=O)C(=CC=C4)NC(=O)N,,
5329653,CC1=CC=C(S1)C2=C3C(=NN2)C4=C(C3=O)C(=CC=C4)NC(=O)N,,
5329654,CCOC(=O)C1=CC=C(S1)C2=C3C(=NN2)C4=C(C3=O)C(=CC=C4)NC(=O)N,,
5329655,C1=CC2=C(C(=C1)NC(=O)N)C(=O)C3=C2NN=C3C4=CSC=C4,,
5329656,C1=CC2=C(C(=C1)NC(=O)N)C(=O)C3=C2NN=C3C4=CSC(=C4)Cl,,
5329657,CC1=CC(=C(S1)C)C2=NNC3=C2C(=O)C4=C3C=CC=C4NC(=O)N,,
5329658,C1=CC2=C(C(=C1)NC(=O)N)C(=O)C3=C(NN=C23)C4=CC=CO4,,
5329659,CN1C=CC(=C1)C2=NNC3=C2C(=O)C4=C3C=CC=C4NC(=O)N,,
5329660,CCOC(=O)CSC1=CN=C(S1)NC(=O)C,,
5329661,CC(=O)NC1=NC=C(S1)SCC(=O)OC(C)(C)C,,
5329662,CC(=O)NC1=NC=C(S1)SCC(=O)OCC2=CC=CC=C2,,
5329663,CCC1=CN=C(O1)CSC2=CN=C(S2)NC(=O)C,,
5329664,CC(C)C1=CN=C(O1)CSC2=CN=C(S2)NC(=O)C,,
5329665,CC(=O)NC1=NC=C(S1)SCC2=NC=C(O2)C(C)(C)C,,
5329666,CC(=O)NC1=NC=C(S1)SCC2=NC=C(O2)CC3CCCCC3,,
5329667,CC(C)C(=O)NC1=NC=C(S1)SCC2=NC=C(O2)C(C)(C)C,,
5329668,CC(C)(C)C1=CN=C(O1)CSC2=CN=C(S2)NC(=O)C(C)(C)C,,
5329669,CC(C)OC(=O)NC1=NC=C(S1)SCC2=NC=C(O2)C(C)(C)C,,
5329670,CC(C)(C)C1=CN=C(O1)CSC2=CN=C(S2)NC(=O)NC3=CC=C(C=C3)F,,
5329671,CC(C)(C)C1=CN=C(O1)CSC2=CN=C(S2)NC(=O)NC3=C(C=CC=C3F)F,,
5329672,CC(C)(C)C1=CN=C(O1)CSC2=CN=C(S2)NC(=O)NC3=C(C=CC=C3Cl)Cl,,
5329673,CCC1=CN=C(O1)CSC2=CN=C(S2)NC(=O)C(C)C,,
5329674,CCC1=CN=C(O1)CSC2=CN=C(S2)NC(=O)CC3=CN=CC=C3,,
5329675,CC(C)C(=O)NC1=NC=C(S1)S(=O)CC2=NC=C(O2)C(C)(C)C,,
5329676,CC(C)C(=O)NC1=NC=C(S1)S(=O)(=O)CC2=NC=C(O2)C(C)(C)C,,
5329677,CC(=O)NC1=NC=C(S1)SCC(=O)O,,
5329683,CCC1=COC(=N1)CSC2=CN=C(S2)NC(=O)C,,
5329684,CC1=C(OC(=N1)CSC2=CN=C(S2)NC(=O)C)C,,
5329685,CC1=CN=C(O1)CSC2=CN=C(S2)NC(=O)C,,
5329686,CC(=O)NC1=NC=C(S1)SCC2=NC=C(O2)C3=CC=CC=C3,,
5329687,CC(C)(C)C1=CN=C(O1)CSC2=CN=C(S2)NC(=O)C3=CC=CC=C3,,
5329688,C[C@H](C1=CC=CC=C1)C(=O)NC2=NC=C(S2)SCC3=NC=C(O3)C(C)(C)C,,
5329689,C[C@@H](C1=CC=CC=C1)C(=O)NC2=NC=C(S2)SCC3=NC=C(O3)C(C)(C)C,,
5329690,CC(C)(C)C1=CN=C(O1)CSC2=CN=C(S2)NC(=O)OCC3=CC=CC=C3,,
5329693,CCNC(=O)NC1=NC=C(S1)SCC2=NC=C(O2)C(C)(C)C,,
5329696,CC(C)CSC1=CN=C(S1)NC(=O)C,,
5329697,CC(=O)NC1=NC=C(S1)SCC2=CC=CC=N2,,
5329698,CC(=O)NC1=NC=C(S1)SCC2=CN=CC=C2,,
5329699,CC(=O)NC1=NC=C(S1)SCC2=CC=NC=C2,,
5329700,CC(=O)NC1=NC=C(S1)SCC2=CC=C(O2)C(=O)OC,,
5329701,CC(=O)NC1=NC=C(S1)SCC2=CSC(=N2)NC(=O)C,,
5329702,CC1=C(C(=NO1)C)CSC2=CN=C(S2)NC(=O)C,,
5329703,CC(=O)NC1=NC=C(S1)SCC2=C(SN=N2)Cl,,
5329704,CCC(CC)CSC1=CN=C(S1)NC(=O)C,,
5329705,CC(=O)NC1=NC=C(S1)SCCOC2=CC=CC=C2,,
5329706,CC(=O)NC1=NC=C(S1)SCCOC,,
5329707,CCOC(=O)CCCCCSC1=CN=C(S1)NC(=O)C,,
5329708,CC(=O)NC1=NC=C(S1)SCC2CCCCC2,,
5329709,CC(=O)NC1=NC=C(S1)SCCC2=CC=CC3=CC=CC=C32,,
5329710,CC(=O)NC1=NC=C(S1)SC(C2CCCCC2)C(=O)OC,,
5329711,CC(=O)NC1=NC=C(S1)SC(C2=CC=CC=C2)C(=O)OC,,
5329712,CC(C)(C)C1=NC=C(O1)CSC2=CN=C(S2)NC(=O)CC3=CC=CC=C3,,
5329713,CCSC1=CC(=O)C2=C(O1)C(=C(C=C2O)O)C3CCN(CC3O)C,,
5329714,CN1CC[C@@H]([C@@H](C1)O)C2=C(C=C(C3=C2OC(=CC3=O)SC4=CC=CC=C4Cl)O)O,,
5329715,CN1CC[C@@H]([C@@H](C1)O)C2=C(C=C(C3=C2OC(=CC3=O)OC4=CC=CC=C4Cl)O)O,,
5329717,CN1CCC(C(C1)O)C2=C(C=C(C3=C2OC(=CC3=O)SC4=CC=CC=C4)O)O,,
5329718,CC(C)(C)SC1=CC(=O)C2=C(O1)C(=C(C=C2O)O)C3CCN(CC3O)C,,
5329722,CC(C)(C)C1=CN=C(O1)CSC2=CN=C(S2)NC(=O)CC3=CN=CC=C3,,
5329723,CC(C)(C)C1=CN=C(O1)CSC2=CN=C(S2)NC3=CC=CC=C3,,
5329724,CC(C)(C)C1=CN=C(O1)CSC2=CN=C(S2)NC3=CC=CC=N3,,
5329725,CC(C)(C)C1=CN=C(O1)CSC2=CN=C(S2)NC3=CN=CC=C3,,
5329726,CC(C)(C)C1=CN=C(O1)CSC2=CN=C(S2)NC3=NC=NC=C3,,
5329727,CC(C)(C)C1=CN=C(O1)CSC2=CN=C(S2)NC3=NC=C(C=C3)CNCC(C)(C)CO,,
5329728,CC(C)(C)C1=CN=C(O1)CSC2=CN=C(S2)NC3=CC=C(C=C3)S(=O)(=O)NCCO,,
5329733,COC1=CC=C(C=C1)C2=NNC3=C2C(=O)C4=C3C=CC=C4N,,
5329737,COC1=CC=C(C=C1)C2=NNC3=C2C(=O)C4=C3C=CC=C4NC(=O)CC5=CC=C(C=C5)N,,
5329738,COC1=CC=C(C=C1)C2=NNC3=C2C(=O)C4=C3C=CC=C4NC(=O)CN,,
5329739,CN(C)CC(=O)NC1=CC=CC2=C1C(=O)C3=C2NN=C3C4=CC=C(C=C4)OC,,
5329740,COC1=CC=C(C=C1)C2=NNC3=C2C(=O)C4=C3C=CC=C4NC(=O)CN5CCNCC5,,
5329741,COC1=CC=C(C=C1)C2=NNC3=C2C(=O)C4=C3C=CC=C4NC(=O)CN5CCCCC5,,
5329742,CCNCC(=O)NC1=CC=CC2=C1C(=O)C3=C2NN=C3C4=CC=C(C=C4)OC,,
5329743,COC1=CC=C(C=C1)C2=NNC3=C2C(=O)C4=C3C=CC=C4NC(=O)CN5CCSCC5,,
5329747,COC1=CC=C(C=C1)C2=NNC3=C2C(=O)C4=C3C=CC=C4NC(=O)CN5CCOCC5,,
5329748,CN1CCN(CC1)CC(=O)NC2=CC=CC3=C2C(=O)C4=C3NN=C4C5=CC=C(C=C5)OC,,
5329749,COC1=CC=C(C=C1)C2=NNC3=C2C(=O)C4=C3C=CC=C4NC(=O)CN5CCC(CC5)CN,,
5329750,COC1=CC=C(C=C1)C2=NNC3=C2C(=O)C4=C3C=CC=C4NC(=O)CN5CCC(CC5)C(=O)N,,
5329751,COC1=CC=C(C=C1)C2=NNC3=C2C(=O)C4=C3C=CC=C4NC(=O)CN5CCC(CC5)CO,,
5329752,COC1=CC=C(C=C1)C2=NNC3=C2C(=O)C4=C3C=CC=C4NC(=O)CN5CCN(CC5)C(=O)N,,
5329753,COC1=CC=C(C=C1)C2=NNC3=C2C(=O)C4=C3C=CC=C4NC(=O)CN5CCN(CC5)C(=N)N,,
5329754,COC1=CC=C(C=C1)C2=NNC3=C2C(=O)C4=C3C=CC=C4NC(=O)N,,
5329756,COC1=CC=C(C=C1)C2=NNC3=C2C(=O)C4=C3C=CC=C4NC(=O)NCC5=CC=CC=C5,,
5329758,COC1=CC=C(C=C1)C2=NNC3=C2C(=O)C4=C3C=CC=C4NC(=O)NCC5=CC=NC=C5,,
5329759,COC1=CC=C(C=C1)CNC(=O)NC2=CC=CC3=C2C(=O)C4=C3NN=C4C5=CC=C(C=C5)OC,,
5329760,COC1=CC=C(C=C1)C2=NNC3=C2C(=O)C4=C3C=CC=C4NC(=O)NC5=CC=CC=C5,,
5329761,CCCCNC(=O)NC1=CC=CC2=C1C(=O)C3=C2NN=C3C4=CC=C(C=C4)OC,,
5329762,CN(C)NC(=O)NC1=CC=CC2=C1C(=O)C3=C2NN=C3C4=CC=C(C=C4)OC,,
5329763,CN1CCN(CC1)NC(=O)NC2=CC=CC3=C2C(=O)C4=C3NN=C4C5=CC=C(C=C5)OC,,
5329764,COC1=CC=C(C=C1)C2=NNC3=C2C(=O)C4=C3C=CC=C4NC(=O)NN5CCOCC5,,
5329765,COC1=CC=C(C=C1)C2=NNC3=C2C(=O)C4=C3C=CC=C4NC(=O)NN5CCCCC5,,
5329766,COC1=CC=C(C=C1)C2=NNC3=C2C(=O)C4=C3C=CC=C4NC(=O)NN5CCCC5,,
5329767,CCCCOC1=C2C=NNC2=NC=C1C(=O)C3=CC=CC=C3,,
5329775,CCCCOC1=C2C=NNC2=NC=C1C(=O)C3=C(C=C(C=C3F)C)F,,
5329781,CCCC(C)OC1=C2C=NNC2=NC=C1C(=O)C3=CC=CC=C3,,
5329782,C1CCC(CC1)OC2=C3C=NNC3=NC=C2C(=O)C4=CC=CC=C4,,
5329783,C1=CC=C(C=C1)COC2=C3C=NNC3=NC=C2C(=O)C4=CC=CC=C4,,
5329796,CCCCSC1=C2C=NNC2=NC=C1C(=O)C3=CC=CC=C3,,
5329801,COC1=CC=C(C=C1)C2=COC3=NC=NC(=C23)N,,
5329802,COC1=CC=C(C=C1)C2=CC3=C(N=CN=C3O2)N,,
5329804,COC1=CC=C(C=C1)C2=C(OC3=NC=NC(=C23)N)C4=CC(=CC=C4)C(=O)N,,
5329806,COC1=CC=C(C=C1)C2=C(OC3=NC=NC(=C23)N)C4=CC(=CC=C4)NS(=O)(=O)C,,
5329807,CN(C)C1=CC=C(C=C1)C2=C(OC3=NC=NC(=C23)N)C4=CC=C(C=C4)OC,,
5329808,CS(=O)(=O)NC1=CC=CC(=C1)C2=C(C3=C(N=CN=C3O2)N)C4=CC=C(C=C4)C5=CC=CC=C5,,
5329810,COC1=CC=C(C=C1)C2=C(C3=C(N=CN=C3O2)N)C4=CC=C(C=C4)NC(=O)C5=CC(=CC=C5)F,,
5329811,COC1=CC=C(C=C1)C2=C(C3=C(N=CN=C3O2)N)C4=CC=C(C=C4)NS(=O)(=O)C5=CC(=CC=C5)Cl,,
5329812,COC1=CC=C(C=C1)C2=C(C3=C(N=CN=C3O2)N)C4=CC=C(C=C4)NC(=O)NC5=CC=CC=C5,,
5329813,COC1=CC=C(C=C1)C2=C(C3=C(N=CN=C3O2)N)C4=CC=C(C=C4)NC(=O)NC5=CC=C(C=C5)Cl,,
5329814,COC1=CC=C(C=C1)C2=C(C3=C(N=CN=C3O2)N)C4=CC=C(C=C4)NC(=O)NC5CCCCC5,,
5329815,COC1=CC=C(C=C1)C2=C(C3=C(N=CN=C3O2)N)C4=CC=C(C=C4)NC(=O)N,,
5329816,CN(C1=CC=C(C=C1)NC(=O)NC2=CC=CC=C2)C3=NC(=NC=C3)NC4=CC=CC(=C4)CS(=O)(=O)C,,
5329817,CN(C1=CC=C(C=C1)NC(=O)CC2=CC=CC=C2)C3=NC(=NC=C3)NC4=CC=CC(=C4)CS(=O)(=O)C,,
5329818,CN(C1=CC=C(C=C1)NC(=O)OC2=CC=CC=C2)C3=NC(=NC=C3)NC4=CC=CC(=C4)CS(=O)(=O)C,,
5329822,CN(C1=CC=C(C=C1)NC(=O)NC2=CC=CC=C2)C3=NC(=NC=C3)NC4=CC(=CC=C4)S(=O)(=O)N,,
5329824,CN(C1=CC=C(C=C1)NC(=O)NC2=C(C=CC(=C2)C(F)(F)F)F)C3=NC(=NC=C3)NC4=CC=C(C=C4)CS(=O)(=O)C,,
5329825,CN(C1=CC=C(C=C1)NC(=O)NC2=C(C=CC(=C2)C(F)(F)F)F)C3=NC(=NC=C3)NC4=CC(=CC=C4)S(=O)(=O)N,,
5329826,CN(C1=CC=C(C=C1)NC(=O)NC2=C(C=CC(=C2)C(F)(F)F)F)C3=NC(=NC=C3)NC4=CC=C(C=C4)S(=O)(=O)N,,
5329827,CC(=O)C1=CC=C(C=C1)NC(=O)NC2=CC=C(C=C2)N(C)C3=NC(=NC=C3)NC4=CC=CC(=C4)CS(=O)(=O)C,,
5329828,CN(C1=CC=C(C=C1)NC(=O)NC2=CC=C(C=C2)OC(F)(F)F)C3=NC(=NC=C3)NC4=CC=CC(=C4)CS(=O)(=O)C,,
5329829,CN(C1=CC=C(C=C1)NC(=O)NC2=CC=C(C=C2)OC(F)(F)F)C3=NC(=NC=C3)NC4=CC(=CC=C4)S(=O)(=O)N,,
5329830,CN(C1=CC=C(C=C1)NC(=O)NC2=CC=C(C=C2)OC(F)(F)F)C3=NC(=NC=C3)NC4=CC=C(C=C4)S(=O)(=O)N,,
5329831,CN(C1=CC=C(C=C1)NC(=O)NC2=C(C=CC=C2Cl)Cl)C3=NC(=NC=C3)NC4=CC=CC(=C4)CS(=O)(=O)C,,
5329832,CN(C1=CC=C(C=C1)NC(=O)NCCC2=CC=CC=C2)C3=NC(=NC=C3)NC4=CC=CC(=C4)CS(=O)(=O)C,,
5329833,CCNC(=O)NC1=CC=C(C=C1)N(C)C2=NC(=NC=C2)NC3=CC=CC(=C3)CS(=O)(=O)C,,
5329834,CCNC(=O)NC1=CC=C(C=C1)N(C)C2=NC(=NC=C2)NC3=CC=C(C=C3)CS(=O)(=O)C,,
5329835,CCCCNC(=O)NC1=CC=C(C=C1)N(C)C2=NC(=NC=C2)NC3=CC=CC(=C3)CS(=O)(=O)C,,
5329836,CN(C1=CC=C(C=C1)NC(=O)NC2CCCC2)C3=NC(=NC=C3)NC4=CC=CC(=C4)CS(=O)(=O)C,,
5329837,CN(C)CCNC(=O)NC1=CC=C(C=C1)N(C)C2=NC(=NC=C2)NC3=CC=CC(=C3)CS(=O)(=O)C,,
5329839,CN(C1=CC=C(C=C1)NC(=O)NCCN2CCOCC2)C3=NC(=NC=C3)NC4=CC=C(C=C4)CS(=O)(=O)C,,
5329840,CN(C1=CC=C(C=C1)NC(=O)N2CCN(CC2)CCCN3CCOCC3)C4=NC(=NC=C4)NC5=CC=C(C=C5)CS(=O)(=O)C,,
5329841,CN1CCN(CC1)CC2=CC=C(C=C2)NC(=O)NC3=CC=C(C=C3)N(C)C4=NC(=NC=C4)NC5=CC=C(C=C5)CS(=O)(=O)C,,
5329842,CN1CCN(CC1)C(=O)C2=CC=C(C=C2)NC(=O)NC3=CC=C(C=C3)N(C)C4=NC(=NC=C4)NC5=CC=C(C=C5)CS(=O)(=O)C,,
5329843,C1=CC=C(C=C1)C2=CN=C(O2)NC3=CC=CC=C3C#N,,
5329844,COC1=CC=CC=C1NC2=NC=C(O2)C3=CC=CC=C3,,
5329845,C1=CC=C(C=C1)C2=CN=C(O2)NC3=CC=CC(=C3)C#N,,
5329846,C1=CC=C(C=C1)C2=CN=C(O2)NC3=CC(=CC=C3)OC4=CC=CC=C4,,
5329847,C1=CC=C(C=C1)C2=CN=C(O2)NC3=CC=CC(=C3)CO,,
5329848,CCS(=O)(=O)C1=CC=CC(=C1)NC2=NC=C(O2)C3=CC=CC=C3,,
5329849,CC1=CC(=CC=C1)NC2=NC=C(O2)C3=CC=CC=C3,,
5329850,C1=CC=C(C=C1)C2=CN=C(O2)NC3=CC=C(C=C3)S(=O)(=O)N,,
5329851,C1=CC=C(C=C1)C2=CN=C(O2)NC3=CC=C(C=C3)OC4=CC=CC=C4,,
5329852,COC1=C(C=C(C=C1)NC2=NC=C(O2)C3=CC=CC=C3)OC,,
5329853,COC1=CC(=CC(=C1)NC2=NC=C(O2)C3=CC=CC=C3)OC,,
5329854,COC1=CC(=CC(=C1OC)OC)NC2=NC=C(O2)C3=CC=CC=C3,,
5329855,CCN(CC)S(=O)(=O)C1=CC(=C(C=C1)OC)NC2=NC=C(O2)C3=CC=CC=C3,,
5329856,CCS(=O)(=O)C1=CC(=C(C=C1)OC)NC2=NC=C(O2)C3=CC=CC=C3,,
5329857,CCS(=O)(=O)C1=CC(=C(C=C1)OC)NC2=NC=C(O2)C3=CC=CC=C3Cl,,
5329858,CCS(=O)(=O)C1=CC(=C(C=C1)OC)NC2=NC=C(O2)C3=CC(=CC=C3)Cl,,
5329859,CCS(=O)(=O)C1=CC(=C(C=C1)OC)NC2=NC=C(O2)C3=CC=CC(=C3)C#N,,
5329860,CCS(=O)(=O)C1=CC(=C(C=C1)OC)NC2=NC=C(O2)C3=CC(=CC=C3)OC,,
5329861,CCS(=O)(=O)C1=CC(=C(C=C1)OC)NC2=NC=C(O2)C3=CC(=CC=C3)F,,
5329862,CCS(=O)(=O)C1=CC(=C(C=C1)OC)NC2=NC=C(O2)C3=CC=C(C=C3)OC,,
5329863,CCS(=O)(=O)C1=CC(=C(C=C1)OC)NC2=NC=C(O2)C3=CC=C(C=C3)Cl,,
5329864,CCS(=O)(=O)C1=CC(=C(C=C1)OC)NC2=NC=C(O2)C3=CC=C(C=C3)F,,
5329865,CCS(=O)(=O)C1=CC(=C(C=C1)OC)NC2=NC=C(O2)C3=CC=C(C=C3)C#N,,
5329866,CCS(=O)(=O)C1=CC(=C(C=C1)OC)NC2=NC=C(O2)C3=CC=C(C=C3)C(=O)N,,
5329867,CCC1=CC(=CC=C1)C2=CN=C(O2)NC3=C(C=CC(=C3)S(=O)(=O)CC)OC,,
5329868,CCS(=O)(=O)C1=CC(=C(C=C1)OC)NC2=NC=C(O2)C3=CC(=CC=C3)C(=O)C,,
5329869,CCS(=O)(=O)C1=CC(=C(C=C1)OC)NC2=NC=C(O2)C3=CC=CC(=C3)C4=CC=CS4,,
5329870,CCS(=O)(=O)C1=CC(=C(C=C1)OC)NC2=NC=C(O2)C3=CC=CC(=C3)C4=CSC=C4,,
5329871,CCS(=O)(=O)C1=CC(=C(C=C1)OC)NC2=NC=C(O2)C3=CC=CC(=C3)C4=CN=CC=C4,,
5329872,CCS(=O)(=O)C1=CC(=C(C=C1)OC)NC2=NC=C(O2)C3=CC=CC(=C3)C4=CC=NC=C4,,
5329873,CCS(=O)(=O)C1=CC(=C(C=C1)OC)NC2=NC=C(O2)C3=CC=CC(=C3)C4=CN=CN4C,,
5329874,CCS(=O)(=O)C1=CC(=C(C=C1)OC)NC2=NC=C(O2)C3=CC=CC(=C3)C4=CC=CC=C4,,
5329875,CCS(=O)(=O)C1=CC(=C(C=C1)OC)NC2=NC=C(O2)C3=CC=CC(=C3)C4=CC=CC=C4F,,
5329876,CCS(=O)(=O)C1=CC(=C(C=C1)OC)NC2=NC=C(O2)C3=CC=CC(=C3)C4=CC=CC=C4Cl,,
5329880,CC1=CC(=CC=C1)NC(=O)NC2=CC=C(C=C2)C3=C4CNC(=O)C4=CC=C3,,
5329881,CC1=CC(=CC=C1)NC(=O)N(C)C2=CC=C(C=C2)C3=C4CNC(=O)C4=CC=C3,,
5329883,CC1=CC(=CC=C1)NC(=O)CC2=CC=C(C=C2)C3=C4CNC(=O)C4=CC=C3,,
5329885,CC1=CC(=CC=C1)NC(=S)NC2=CC=C(C=C2)C3=C4CNC(=O)C4=CC=C3,,
5329886,CC1=CC=CC=C1NC(=O)NC2=CC=C(C=C2)C3=C4CNC(=O)C4=CC=C3,,
5329887,CC1=CC=C(C=C1)NC(=O)NC2=CC=C(C=C2)C3=C4CNC(=O)C4=CC=C3,,
5329888,C1C2=C(C=CC=C2C(=O)N1)C3=CC=C(C=C3)NC(=O)NC4=CC=CC(=C4)C(F)(F)F,,
5329889,C1C2=C(C=CC=C2C(=O)N1)C3=CC=C(C=C3)NC(=O)NC4=CC=C(C=C4)C(F)(F)F,,
5329890,C1C2=C(C=CC=C2C(=O)N1)C3=CC=C(C=C3)NC(=O)NC4=CC(=CC=C4)Cl,,
5329891,CCC1=CC(=CC=C1)NC(=O)NC2=CC=C(C=C2)C3=C4CNC(=O)C4=CC=C3,,
5329892,C1C2=C(C=CC=C2C(=O)N1)C3=CC=C(C=C3)NC(=O)NC4=CC(=CC=C4)F,,
5329893,COC1=CC=CC(=C1)NC(=O)NC2=CC=C(C=C2)C3=C4CNC(=O)C4=CC=C3,,
5329894,C1C2=C(C=CC=C2C(=O)N1)C3=CC=C(C=C3)NC(=O)NC4=CC=CC(=C4)C#N,,
5329895,CC1=C(C=C(C=C1)NC(=O)NC2=CC=C(C=C2)C3=C4CNC(=O)C4=CC=C3)C,,
5329896,CC1=CC(=CC(=C1)NC(=O)NC2=CC=C(C=C2)C3=C4CNC(=O)C4=CC=C3)C,,
5329897,C1CC2=C(C1)C=C(C=C2)NC(=O)NC3=CC=C(C=C3)C4=C5CNC(=O)C5=CC=C4,,
5329898,C1C2=C(C=CC=C2C(=O)N1)C3=CC=C(C=C3)NC(=O)NC4=C(C=CC(=C4)C(F)(F)F)F,,
5329899,CC1=CC(=CC=C1)NC(=O)NC2=CC(=C(C=C2)C3=C4CNC(=O)C4=CC=C3)F,,
5329900,CC1=CC(=CC=C1)NC(=O)NC2=C(C=C(C=C2)C3=C4CNC(=O)C4=CC=C3)F,,
5329901,CC1=CC(=CC=C1)NC(=O)NC2=CC(=C(C=C2)C3=C4CNC(=O)C4=CC=C3)C,,
5329902,CC1=CC(=CC=C1)NC(=O)NC2=C(C=C(C=C2)C3=C4CNC(=O)C4=CC=C3)C,,
5329903,CC1=CC(=CC=C1)NC(=O)NC2=CC(=C(C=C2)C3=C4CNC(=O)C4=CC=C3)C(F)(F)F,,
5329904,CC1=CC(=CC=C1)NC(=O)NC2=C(C=C(C=C2)C3=C4CNC(=O)C4=CC=C3)C(F)(F)F,,
5329905,CC1=CC(=CC=C1)NC(=O)NC2=CC(=C(C=C2)C3=C4CNC(=O)C4=CC=C3)Cl,,
5329906,CC1=CC(=CC=C1)NC(=O)NC2=C(C=C(C=C2)C3=C4CNC(=O)C4=CC=C3)Cl,,
5329907,CCC1=C(C=CC(=C1)C2=C3CNC(=O)C3=CC=C2)NC(=O)NC4=CC=CC(=C4)C,,
5329909,CC1=CC(=CC=C1)NC(=O)NC2=CC=C(C=C2)C3=C4CNC(=O)C4=C(C=C3)N,,
5329910,CC1=CC(=CC=C1)NC(=O)NC2=CC=C(C=C2)C3=C4CNC(=O)C4=C(C=C3)NC(=O)C,,
5329911,CC1=CC(=CC=C1)NC(=O)NC2=CC=C(C=C2)C3=C4CNC(=O)C4=C(C=C3)NC(=O)C5=CC=CC=C5,,
5329912,CC1=CC(=CC=C1)NC(=O)NC2=CC=C(C=C2)C3=C4CNC(=O)C4=C(C=C3)NC(=O)C5=CN=CC=C5,,
5329913,CC1=CC(=CC=C1)NC(=O)NC2=CC=C(C=C2)C3=C4CNC(=O)C4=C(C=C3)NC(=O)CN(C)C,,
5329914,CC1=CC(=CC=C1)NC(=O)NC2=CC=C(C=C2)C3=C4CNC(=O)C4=C(C=C3)OC,,
5329915,CC1=CC(=CC=C1)NC(=O)NC2=CC=C(C=C2)C3=C4CNC(=O)C4=C(C=C3)OCCOC,,
5329916,CC(C)(C)C1=CN=C(O1)CSC2=CN=C(S2)NC(=O)CCN,,
5329917,CC(C)(C)C1=CN=C(O1)CSC2=CN=C(S2)NC(=O)CC3=CC=CC=C3,,
5329918,CC(C)(C)C1=CN=C(O1)CSC2=CN=C(S2)NC(=O)CC3CCCCC3,,
5329919,CC(C)(C)C1=CN=C(O1)CSC2=CN=C(S2)NC(=O)C3CCCCC3,,
5329920,CC(C)(C)C1=CN=C(O1)CSC2=CN=C(S2)NC(=O)C3CCCN3,,
5329921,CC(C)(C)C1=CN=C(O1)CSC2=CN=C(S2)NC(=O)C3CCCNC3,,
5329922,CC(C)(C)C1=CN=C(O1)CSC2=CN=C(S2)NC(=O)CC3CCNCC3,,
5329923,CC(C)(C)C1=CN=C(O1)CSC2=CN=C(S2)NC(=O)C3CCN(CC3)C,,
5329924,CC(C)(C)C1=CN=C(O1)CSC2=CN=C(S2)NC(=O)C3CCN(CC3)CCO,,
5329925,CC(C)(C)C1=CN=C(O1)CSC2=CN=C(S2)NC(=O)C3CCN(CC3)S(=O)(=O)C,,
5329926,CC(C)(C)C1=CN=C(O1)CSC2=CN=C(S2)NC(=O)C3CCN(CC3)C(=O)OC(C)(C)C,,
5329927,CC(C)(C)C1=CN=C(O1)CSC2=CN=C(S2)NC(=O)C3CCC(CC3)N,,
5330024,CN(C)NC(=O)NC1=CC=CC2=C1C(=O)C3=C(NN=C23)C4=CC=CS4,,
5330025,CN(C)NC(=O)NC1=CC=CC2=C1C(=O)C3=C(NN=C23)C4=CC=C(S4)OC,,
5330026,CC1=CC=C(S1)C2=C3C(=NN2)C4=C(C3=O)C(=CC=C4)NC(=O)NN(C)C,,
5330027,CCOC(=O)C1=CC=C(S1)C2=C3C(=NN2)C4=C(C3=O)C(=CC=C4)NC(=O)NN(C)C,,
5330028,CN(C)NC(=O)NC1=CC=CC2=C1C(=O)C3=C2NN=C3C4=CSC=C4,,
5330029,CN(C)NC(=O)NC1=CC=CC2=C1C(=O)C3=C2NN=C3C4=CSC(=C4)Cl,,
5330030,CC1=CC(=C(S1)C)C2=NNC3=C2C(=O)C4=C3C=CC=C4NC(=O)NN(C)C,,
5330031,CN(C)NC(=O)NC1=CC=CC2=C1C(=O)C3=C(NN=C23)C4=CC=CO4,,
5330032,CC1=C(SC(=N1)C)C2=C3C(=NN2)C4=C(C3=O)C(=CC=C4)NC(=O)NN(C)C,,
5330033,CC1=CC=C(S1)C2=C3C(=NN2)C4=C(C3=O)C(=CC=C4)NC(=O)NN5CCOCC5,,
5330034,CCOC(=O)C1=CC=C(S1)C2=C3C(=NN2)C4=C(C3=O)C(=CC=C4)NC(=O)NN5CCOCC5,,
5330035,C1COCCN1NC(=O)NC2=CC=CC3=C2C(=O)C4=C3NN=C4C5=CSC(=C5)Cl,,
5330036,CC1=CC(=C(S1)C)C2=NNC3=C2C(=O)C4=C3C=CC=C4NC(=O)NN5CCOCC5,,
5330037,CC1=C(SC(=N1)C)C2=C3C(=NN2)C4=C(C3=O)C(=CC=C4)NC(=O)NN5CCOCC5,,
5330038,CCOC(=O)C1=CC=C(S1)C2=C3C(=NN2)C4=C(C3=O)C(=CC=C4)NC(=O)NN5CCN(CC5)C,,
5330039,CC1=CC(=C(S1)C)C2=NNC3=C2C(=O)C4=C3C=CC=C4NC(=O)NN5CCN(CC5)C,,
5330040,CN(C)CCNC(=O)C1=CC=C(S1)C2=C3C(=NN2)C4=C(C3=O)C(=CC=C4)NC(=O)NN5CCOCC5,,
5330041,C1CCN(C1)CCNC(=O)C2=CC=C(S2)C3=C4C(=NN3)C5=C(C4=O)C(=CC=C5)NC(=O)NN6CCOCC6,,
5330042,C1CCN(CC1)CCNC(=O)C2=CC=C(S2)C3=C4C(=NN3)C5=C(C4=O)C(=CC=C5)NC(=O)NN6CCOCC6,,
5330043,C1COCCN1CCNC(=O)C2=CC=C(S2)C3=C4C(=NN3)C5=C(C4=O)C(=CC=C5)NC(=O)NN6CCOCC6,,
5330044,C1CCN(CC1)C(=O)C2=CC=C(S2)C3=C4C(=NN3)C5=C(C4=O)C(=CC=C5)NC(=O)NN6CCOCC6,,
5330045,CN(C)C1CCCN(C1)C(=O)C2=CC=C(S2)C3=C4C(=NN3)C5=C(C4=O)C(=CC=C5)NC(=O)NN6CCOCC6,,
5330046,CN(C)C1CCN(CC1)C(=O)C2=CC=C(S2)C3=C4C(=NN3)C5=C(C4=O)C(=CC=C5)NC(=O)NN6CCOCC6,,
5330047,C1CN(CCN1)C(=O)C2=CC=C(S2)C3=C4C(=NN3)C5=C(C4=O)C(=CC=C5)NC(=O)NN6CCOCC6,,
5330048,CN1CCN(CC1)C(=O)C2=CC=C(S2)C3=C4C(=NN3)C5=C(C4=O)C(=CC=C5)NC(=O)NN6CCOCC6,,
5330049,CCN1CCN(CC1)C(=O)C2=CC=C(S2)C3=C4C(=NN3)C5=C(C4=O)C(=CC=C5)NC(=O)NN6CCOCC6,,
5330050,C1CN(CC1N)C(=O)C2=CC=C(S2)C3=C4C(=NN3)C5=C(C4=O)C(=CC=C5)NC(=O)NN6CCOCC6,,
5330051,CNC1CCN(C1)C(=O)C2=CC=C(S2)C3=C4C(=NN3)C5=C(C4=O)C(=CC=C5)NC(=O)NN6CCOCC6,,
5330052,CN(C)C1CCN(C1)C(=O)C2=CC=C(S2)C3=C4C(=NN3)C5=C(C4=O)C(=CC=C5)NC(=O)NN6CCOCC6,,
5330053,C1CCCN(CC1)C(=O)C2=CC=C(S2)C3=C4C(=NN3)C5=C(C4=O)C(=CC=C5)NC(=O)NN6CCOCC6,,
5330054,C1CNCCN(C1)C(=O)C2=CC=C(S2)C3=C4C(=NN3)C5=C(C4=O)C(=CC=C5)NC(=O)NN6CCOCC6,,
5330055,CN1CCCN(CC1)C(=O)C2=CC=C(S2)C3=C4C(=NN3)C5=C(C4=O)C(=CC=C5)NC(=O)NN6CCOCC6,,
5330056,CCN1CCCN(CC1)C(=O)C2=CC=C(S2)C3=C4C(=NN3)C5=C(C4=O)C(=CC=C5)NC(=O)NN6CCOCC6,,
5330066,CN1CCN(CC1)C(=O)C2=CC=C(C=C2)C3=CC4=NC=C(C(=C4S3)NC5=CC(=C(C=C5Cl)Cl)OC)C#N,,
5330067,CN(C)C(=O)C1=CC=C(C=C1)C2=CC3=NC=C(C(=C3S2)NC4=CC(=C(C=C4Cl)Cl)OC)C#N,,
5330126,CCNC(=O)NC1=C(C=C2C=NC(=CC2=N1)NCCCN3CCN(CC3)C)C4=CC(=CC(=C4)OC)OC,,
5330127,CC(C)(C)NC(=O)NC1=C(C=C2C=NC(=CC2=N1)NCCCN3CCN(CC3)C)C4=CC(=CC(=C4)OC)OC,,
5330128,CCN(CC)CCCNC1=CC2=NC(=C(C=C2C=N1)C3=CC(=CC(=C3)OC)OC)NC(=O)NC(C)(C)C,,
5330129,CC(C)(C)NC(=O)NC1=C(C=C2C=NC(=CC2=N1)NCCCCN3CCOCC3)C4=CC(=CC(=C4)OC)OC,,
5330130,CC(C)(C)NC(=O)NC1=C(C=C2C=NC(=CC2=N1)NCCCCN3CCN(CC3)C)C4=CC(=CC(=C4)OC)OC,,
5330132,CCNC(=O)NC1=C(C=C2C=NC(=CC2=N1)NCCCCN(CC)CC)C3=CC(=CC(=C3)OC)OC,,
5330133,CCN(CC)CCCCNC1=CC2=NC(=C(C=C2C=N1)C3=CC(=CC(=C3)OC)OC)NC(=O)NC(C)(C)C,,
5330134,CC(C)(C)NC(=O)NC1=C(C=C2C=NC(=CC2=N1)NCCCCCN3CCOCC3)C4=CC(=CC(=C4)OC)OC,,
5330135,CC(C)(C)NC(=O)NC1=C(C=C2C=NC(=CC2=N1)NCCCCCN3CCN(CC3)C)C4=CC(=CC(=C4)OC)OC,,
5330136,CCN(CC)CCCCCNC1=CC2=NC(=C(C=C2C=N1)C3=CC(=CC(=C3)OC)OC)NC(=O)NC(C)(C)C,,
5330138,CC(C)(C)NC(=O)NC1=C(C=C2C=NC(=CC2=N1)NCCCN3CCN(CC3)C)C4=CC=CC=C4,,
5330141,CCN(CC)CCCCNC1=CC2=NC(=C(C=C2C=N1)C3=CC=CC=C3)NC(=O)NC(C)(C)C,,
5330143,CCNC(=O)NC1=C(C=C2C=NC(=CC2=N1)NCCCN3CCN(CC3)C)C4=C(C=CC=C4Cl)Cl,,
5330144,CC(C)(C)NC(=O)NC1=C(C=C2C=NC(=CC2=N1)NCCCN3CCN(CC3)C)C4=C(C=CC=C4Cl)Cl,,
5330146,CCNC(=O)NC1=C(C=C2C=NC(=CC2=N1)NCCCCN(CC)CC)C3=C(C=CC=C3Cl)Cl,,
5330147,CCN(CC)CCCCNC1=CC2=NC(=C(C=C2C=N1)C3=C(C=CC=C3Cl)Cl)NC(=O)NC(C)(C)C,,
5330148,CC(=O)N(CCCOCC1=CC=CC=C1)C2=CC3=NC(=C(C=C3C=N2)C4=CC(=CC(=C4)OC)OC)NC(=O)NC(C)(C)C,,
5330149,CC(=O)N(CCCCOCC1=CC=CC=C1)C2=CC3=NC(=C(C=C3C=N2)C4=CC(=CC(=C4)OC)OC)NC(=O)NC(C)(C)C,,
5330150,CC(=O)N(CCCCCOCC1=CC=CC=C1)C2=CC3=NC(=C(C=C3C=N2)C4=CC(=CC(=C4)OC)OC)NC(=O)NC(C)(C)C,,
5330157,CC(C)(C)NC(=O)NC1=C(C=C2C=NC(=CC2=N1)NCCCO)C3=CC(=CC(=C3)OC)OC,,
5330158,CC(C)(C)NC(=O)NC1=C(C=C2C=NC(=CC2=N1)NCCCCO)C3=CC(=CC(=C3)OC)OC,,
5330159,CC(C)(C)NC(=O)NC1=C(C=C2C=NC(=CC2=N1)NCCCCCO)C3=CC(=CC(=C3)OC)OC,,
5330166,CCNC(=O)NC1=C(C=C2C=NC(=NC2=N1)NCCCN3CCN(CC3)C)C4=CC(=CC(=C4)OC)OC,,
5330167,CC(C)(C)NC(=O)NC1=C(C=C2C=NC(=NC2=N1)NCCCN3CCN(CC3)C)C4=CC(=CC(=C4)OC)OC,,
5330168,CCNC(=O)NC1=C(C=C2C=NC(=NC2=N1)NCCCCN(CC)CC)C3=CC(=CC(=C3)OC)OC,,
5330169,CC(C)(C)NC(=O)NC1=C(C=C2C=NC(=NC2=N1)NCCCO)C3=CC(=CC(=C3)OC)OC,,
5330176,COC1=C(C=C2C(=C1)C(=NC=N2)NC3=C4C=COC4=CC=C3)OCCCN5CCOCC5,,
5330178,COC1=C(C=C2C(=C1)C(=NC=N2)NC3=C(C=CC4=C3C=CO4)Cl)OCCCN5CCOCC5,,
5330179,COC1=C(C=C2C(=C1)C(=NC=N2)NC3=CC=CC4=C3OC=C4)OCCCN5CCOCC5,,
5330180,COC1=C(C=C2C(=C1)C(=NC=N2)NC3=C(C=CC4=C3OC=C4)Cl)OCCCN5CCOCC5,,
5330182,COC1=C(C=C2C(=C1)C(=NC=N2)NC3=CC=CC4=C3OC=C4Cl)OCCCN5CCOCC5,,
5330199,CCN1C(=O)C=CC2=CN=C(N=C21)NC3=CC=CC=C3,,
5330201,CCN1C(=O)C=CC2=CN=C(N=C21)NC(C)C,,
5330202,CCN1C(=O)C=CC2=CN=C(N=C21)NC(C)(C)C,,
5330203,CCN1C(=O)C=CC2=CN=C(N=C21)NC3CCCCC3,,
5330206,CCN1C(=O)C=CC2=CN=C(N=C21)NC3=CC=C(C=C3)F,,
5330207,CCN1C(=O)C=CC2=CN=C(N=C21)NC3=CC(=CC=C3)F,,
5330208,CCN1C(=O)C=CC2=CN=C(N=C21)NC3=CC=NC=C3,,
5330209,CCN1C(=O)C=CC2=CN=C(N=C21)NC3=CC(=CC=C3)OC(C(F)F)(F)F,,
5330211,CCN1C(=O)C=CC2=CN=C(N=C21)NC3=CC=C(C=C3)OC,,
5330212,CCN1C(=O)C=CC2=CN=C(N=C21)NC3=CC=C(C=C3)O,,
5330213,CCN1C(=O)C=CC2=CN=C(N=C21)NC3=CC(=C(C=C3)OC)OC,,
5330214,CCN1C(=O)C=CC2=CN=C(N=C21)NC3=CC(=C(C=C3)O)OC,,
5330215,CCN1C(=O)C=CC2=CN=C(N=C21)NC3=CC=C(C=C3)OCCOC,,
5330216,CCN1C(=O)C=CC2=CN=C(N=C21)NC3=CC=C(C=C3)OCCN(CC)CC,,
5330217,CCN1C(=O)C=CC2=CN=C(N=C21)NC3=CC=C(C=C3)N(C)C,,
5330218,CCN1C(=O)C=CC2=CN=C(N=C21)NC3=CC=C(C=C3)N4C=CC=C4,,
5330219,CCN1C(=O)C=CC2=CN=C(N=C21)NC3=CC=C(C=C3)N(CC)CC,,
5330220,CCN1C(=O)C=CC2=CN=C(N=C21)NC3=CC=C(C=C3)N4CCOCC4,,
5330221,CCN1C(=O)C=CC2=CN=C(N=C21)NC3=CC=C(C=C3)N4CCCCC4,,
5330222,CCN1C(=O)C=CC2=CN=C(N=C21)NC3=CC=C(C=C3)N4CCC(CC4)CCCO,,
5330223,CCN1C(=O)C=CC2=CN=C(N=C21)NC3=CC=C(C=C3)N4CCN(CC4)C,,
5330224,CN1C(=O)C=CC2=CN=C(N=C21)NC3=CC=CC=C3,,
5330225,CC(C)N1C(=O)C=CC2=CN=C(N=C21)NC3=CC=CC=C3,,
5330226,CCCN1C(=O)C=CC2=CN=C(N=C21)NC3=CC=CC=C3,,
5330227,CCC(C)N1C(=O)C=CC2=CN=C(N=C21)NC3=CC=CC=C3,,
5330228,CCCCN1C(=O)C=CC2=CN=C(N=C21)NC3=CC=CC=C3,,
5330229,CC(C)CN1C(=O)C=CC2=CN=C(N=C21)NC3=CC=CC=C3,,
5330230,CC(C)CCN1C(=O)C=CC2=CN=C(N=C21)NC3=CC=CC=C3,,
5330231,C1CCC(C1)N2C(=O)C=CC3=CN=C(N=C32)NC4=CC=CC=C4,,
5330232,C1CCC(CC1)N2C(=O)C=CC3=CN=C(N=C32)NC4=CC=CC=C4,,
5330233,C1CCCC(CC1)N2C(=O)C=CC3=CN=C(N=C32)NC4=CC=CC=C4,,
5330234,C1CC2CC1CC2N3C(=O)C=CC4=CN=C(N=C43)NC5=CC=CC=C5,,
5330235,C1=CC=C(C=C1)NC2=NC=C3C=CC(=O)N(C3=N2)C4=CC=CC=C4,,
5330237,C1=CC=C(C=C1)CN2C(=O)C=CC3=CN=C(N=C32)NC4=CC=CC=C4,,
5330238,COCN1C(=O)C=CC2=CN=C(N=C21)NC3=CC=CC=C3,,
5330239,COCCN1C(=O)C=CC2=CN=C(N=C21)NC3=CC=CC=C3,,
5330240,CCOCCN1C(=O)C=CC2=CN=C(N=C21)NC3=CC=CC=C3,,
5330241,C1C(O1)CN2C(=O)C=CC3=CN=C(N=C32)NC4=CC=CC=C4,,
5330243,CCN(CC)CCOC1=CC=C(C=C1)NC2=NC=C3C=CC(=O)N(C3=N2)C(C)C,,
5330244,CCN(CC)CCOC1=CC=C(C=C1)NC2=NC=C3C=CC(=O)N(C3=N2)C4CCCC4,,
5330245,CCN(CC)CCOC1=CC=C(C=C1)NC2=NC=C3C=CC(=O)N(C3=N2)C4CCCCC4,,
5330246,CCN(CC)CCOC1=CC=C(C=C1)NC2=NC=C3C=CC(=O)N(C3=N2)C4CCCCCC4,,
5330247,CCN(CC)CCOC1=CC=C(C=C1)NC2=NC=C3C=CC(=O)N(C3=N2)C4CC5CCC4C5,,
5330248,CN1CCN(CC1)C2=CC=C(C=C2)NC3=NC=C4C=CC(=O)N(C4=N3)CCOCC5=CC=CC=C5,,
5330250,CN1CCN(CC1)C2=CC=C(C=C2)NC3=NC=C4C=CC(=O)N(C4=N3)C5=CC=CC=C5,,
5330251,CN1CCN(CC1)C2=CC=C(C=C2)NC3=NC=C4C=CC(=O)N(C4=N3)C5CC5,,
5330252,CC(C)N1C(=O)C=CC2=CN=C(N=C21)NC3=CC=C(C=C3)N4CCN(CC4)C,,
5330253,CC(C)CCN1C(=O)C=CC2=CN=C(N=C21)NC3=CC=C(C=C3)N4CCN(CC4)C,,
5330254,CN1CCN(CC1)C2=CC=C(C=C2)NC3=NC=C4C=CC(=O)N(C4=N3)C5CCCC5,,
5330255,CN1CCN(CC1)C2=CC=C(C=C2)NC3=NC=C4C=CC(=O)N(C4=N3)C5CC6CCC5C6,,
5330256,CN1CCN(CC1)C2=CC=C(C=C2)NC3=NC=C4C=CC(=O)N(C4=N3)C5CCCCC5,,
5330257,C1CCC(C1)N2C(=O)C=CC3=CN=C(N=C32)NC4=CC=C(C=C4)N5CCC(CC5)CCCO,,
5330258,C1CC2CC1CC2N3C(=O)C=CC4=CN=C(N=C43)NC5=CC=C(C=C5)N6CCC(CC6)CCCO,,
5330260,C1CC1N2C(=O)C=CC3=CN=C(N=C32)NC4=NC=C(C=C4)N5CCNCC5,,
5330261,C1CCC(C1)N2C(=O)C=CC3=CN=C(N=C32)NC4=CC=CC=N4,,
5330262,C1CCC(C1)N2C(=O)C=CC3=CN=C(N=C32)NC4=NC=C(C=C4)N5CCNCC5,,
5330263,C1CCC(CC1)N2C(=O)C=CC3=CN=C(N=C32)NC4=NC=C(C=C4)N5CCNCC5,,
5330264,C1CCC(C1)N2C3=NC(=NC=C3C=C(C2=O)Br)NC4=NC=C(C=C4)N5CCNCC5,,
5330265,C1CCC(C1)N2C3=NC(=NC=C3C=C(C2=O)F)NC4=NC=C(C=C4)N5CCNCC5,,
5330266,C1CCC(C1)N2C3=NC(=NC=C3C=C(C2=O)N)NC4=NC=C(C=C4)N5CCNCC5,,
5330267,CC1=CC2=CN=C(N=C2N(C1=O)C3CCCC3)NC4=NC=C(C=C4)N5CCNCC5,,
5330268,CCC1=CC2=CN=C(N=C2N(C1=O)C3CCCC3)NC4=NC=C(C=C4)N5CCNCC5,,
5330269,C1CCC(C1)N2C3=NC(=NC=C3C=C(C2=O)CO)NC4=NC=C(C=C4)N5CCNCC5,,
5330270,COCC1=CC2=CN=C(N=C2N(C1=O)C3CCCC3)NC4=NC=C(C=C4)N5CCNCC5,,
5330271,CCOCC1=CC2=CN=C(N=C2N(C1=O)C3CCCC3)NC4=NC=C(C=C4)N5CCNCC5,,
5330272,COCCOCC1=CC2=CN=C(N=C2N(C1=O)C3CCCC3)NC4=NC=C(C=C4)N5CCNCC5,,
5330273,CCOCCC1=CC2=CN=C(N=C2N(C1=O)C3CCCC3)NC4=NC=C(C=C4)N5CCNCC5,,
5330274,CCOCCOC1=CC2=CN=C(N=C2N(C1=O)C3CCCC3)NC4=NC=C(C=C4)N5CCNCC5,,
5330275,CC(C)COC1=CC2=CN=C(N=C2N(C1=O)C3CCCC3)NC4=NC=C(C=C4)N5CCNCC5,,
5330276,CC(=O)C1=CC2=CN=C(N=C2N(C1=O)C3CCCC3)NC4=NC=C(C=C4)N5CCNCC5,,
5330277,CCOC(=O)C1=CC2=CN=C(N=C2N(C1=O)C3CCCC3)NC4=NC=C(C=C4)N5CCNCC5,,
5330278,CC1=C(C(=O)N(C2=NC(=NC=C12)NC3=CC=C(C=C3)N4CCNCC4)C5CCCC5)Br,,
5330279,CC1=C(C(=O)N(C2=NC(=NC=C12)NC3=CC=C(C=C3)N4CCNCC4)C5CCCC5)C(=O)C,,
5330280,CCOC(=O)C1=C(C2=CN=C(N=C2N(C1=O)C3CCCC3)NC4=CC=C(C=C4)N5CCNCC5)C,,
5330281,CC1=CC(=O)N(C2=NC(=NC=C12)NC3=NC=C(C=C3)N4CCNCC4)C5CCCC5,,
5330282,C1CCC(C1)N2C3=NC(=NC=C3C=C(C2=O)Br)NC4=CC=CC=N4,,
5330283,CC1=C(C(=O)N(C2=NC(=NC=C12)NC3=CC=CC=N3)C4CCCC4)Br,,
5330284,CC1=C(C(=O)N(C2=NC(=NC=C12)NC3=NC=C(C=C3)N4CCNCC4)C5CCCC5)Br,,
5330285,CC1=C(C(=O)N(C2=NC(=NC=C12)NC3=CC=CC=N3)C4CCCC4)C(=O)C,,
5330286,CC1=C(C(=O)N(C2=NC(=NC=C12)NC3=NC=C(C=C3)N4CCNCC4)C5CCCC5)C(=O)C,,
5330287,CCOC(=O)C1=C(C2=CN=C(N=C2N(C1=O)C3CCCC3)NC4=NC=C(C=C4)N5CCNCC5)C,,
5330288,CC1=C(C(=O)N(C2=NC(=NC=C12)NC3=NC=C(C=C3)N(CCOC)CCOC)C4CCCC4)Br,,
5330289,CC1CN(CC(N1)C)C2=CN=C(C=C2)NC3=NC=C4C(=C(C(=O)N(C4=N3)C5CCCC5)Br)C,,
5330290,CC1=C(C(=O)N(C2=NC(=NC=C12)NC3=NC=C(C=C3)N4CCN(CC4)C)C5CCCC5)Br,,
5330293,CC1=C(C(=O)N(C2=NC(=NC=C12)NC3=NC=C(C=C3)N4CCC(CC4)O)C5CCCC5)Br,,
5330294,CC1=C(C(=O)N(C2=NC(=NC=C12)NC3=NC=C(C=C3)N4CCOCC4)C5CCCC5)Br,,
5330295,CC1=C(C(=O)N(C2=NC(=NC=C12)NC3=NC=C(C=C3)N(CCOC)CCOC)C4CCCC4)C(=O)C,,
5330296,CC1=C(C(=O)N(C2=NC(=NC=C12)NC3=NC=C(C=C3)N4CCNC(C4)(C)C)C5CCCC5)C(=O)C,,
5330297,CC1CN(CC(N1)C)C2=CN=C(C=C2)NC3=NC=C4C(=C(C(=O)N(C4=N3)C5CCCC5)C(=O)C)C,,
5330298,CC1=C(C(=O)N(C2=NC(=NC=C12)NC3=NC=C(C=C3)N4CCN(CC4)C)C5CCCC5)C(=O)C,,
5330299,CC1=C(C(=O)N(C2=NC(=NC=C12)NC3=NC=C(C=C3)N4CCC(C4)N)C5CCCC5)C(=O)C,,
5330300,CC1=C(C(=O)N(C2=NC(=NC=C12)NC3=NC=C(C=C3)N4CCCNCC4)C5CCCC5)C(=O)C,,
5330301,CC1=C(C(=O)N(C2=NC(=NC=C12)NC3=NC=C(C=C3)N4CCCCC4)C5CCCC5)C(=O)C,,
5330302,CC1=C(C(=O)N(C2=NC(=NC=C12)NC3=NC=C(C=C3)N4CCC(CC4)O)C5CCCC5)C(=O)C,,
5330303,CC1=C(C(=O)N(C2=NC(=NC=C12)NC3=NC=C(C=C3)N4CCOCC4)C5CCCC5)C(=O)C,,
5330304,CC1CN(CC(O1)C)C2=CN=C(C=C2)NC3=NC=C4C(=C(C(=O)N(C4=N3)C5CCCC5)C(=O)C)C,,
5330312,CC(C)C1=C(C=CC2=CN=C(N=C21)NC3=CC=C(C=C3)N4CCN(CC4)C(=O)CN)OC,,
5330320,CC(=O)N1CCN(CC1)C2=CC=C(C=C2)NC3=NC=C4C=CC(=C(C4=N3)C5CCCC5)OC,,
5330321,COC1=C(C2=NC(=NC=C2C=C1)NC3=CC=C(C=C3)N4CCN(CC4)C(=O)CN)C5CCCC5,,
5330327,CC1=CC(=C(C2=NC(=NC=C12)NC3=CC=C(C=C3)N4CCN(CC4)C(=O)C)C5CCCC5)OC,,
5330329,CC1=CC(=O)N(C2=NC(=NC=C12)NC3=CC=C(C=C3)N4CCNCC4)C5CCCC5,,
5330330,CC(C)C1=C(C=CC2=CN=C(N=C21)NC3=CC=C(C=C3)N4CCN(CC4)C(=O)C)OC,,
5330331,C1CCC(C1)N2C(=O)C=CC3=CN=C(N=C32)NC4=CC=C(C=C4)N5CCOCC5,,
5330332,C1CCN(CC1)C2=CC=C(C=C2)NC3=NC=C4C=CC(=O)N(C4=N3)C5CCCC5,,
5330333,C1CCC(C1)N2C(=O)C=CC3=CN=C(N=C32)NC4=CC=C(C=C4)N5CCNCC5,,
5330334,CC1=CC(=O)N(C2=NC(=NC=C12)NC3=CC=C(C=C3)N4CCN(CC4)C)C5CCCC5,,
5330335,CC1=CC(=O)N(C2=NC(=NC=C12)NC3=CC=C(C=C3)N4CCOCC4)C5CCCC5,,
5330336,CC1=CC(=O)N(C2=NC(=NC=C12)NC3=CC=C(C=C3)N4CCCCC4)C5CCCC5,,
5330337,CC1=CC(=O)N(C2=NC(=NC=C12)NC3=CC=C(C=C3)N4CCC(CC4)CCCO)C5CCCC5,,
5330338,CCC1=CC(=O)N(C2=NC(=NC=C12)NC3=CC=C(C=C3)N4CCNCC4)C5CCCC5,,
5330339,C1CCC(C1)N2C(=O)C=C(C3=CN=C(N=C32)NC4=CC=C(C=C4)N5CCNCC5)C(F)(F)F,,
5330340,CC1=CC(=O)N(C2=NC(=NC=C12)NC3=CC=C(C=C3)N4CCNCC4)C(C)C,,
5330342,CC1=CC(=O)N(C2=NC(=NC=C12)NC3=CC=C(C=C3)N4CCN(CC4)C=O)C5CCCC5,,
5330343,CC1=CC(=O)N(C2=NC(=NC=C12)NC3=CC=C(C=C3)N4CCN(CC4)C(=O)C)C5CCCC5,,
5330344,CC1=CC(=O)N(C2=NC(=NC=C12)NC3=CC=C(C=C3)N4CCN(CC4)C(=O)OC(C)(C)C)C5CCCC5,,
5330345,CC1=CC(=O)N(C2=NC(=NC=C12)NC3=CC=C(C=C3)N4CCC(C4)O)C5CCCC5,,
5330346,CC1=CC(=O)N(C2=NC(=NC=C12)NC3=CC=C(C=C3)N4CCC(C4)N)C5CCCC5,,
5330347,CC1=CC(=O)N(C2=NC(=NC=C12)NC3=CC=C(C=C3)N4CCCNCC4)C5CCCC5,,
5330348,CC1=CC(=O)N(C2=NC(=NC=C12)NC3=CC=C(C=C3)N4CCN(CC4)CCO)C5CCCC5,,
5330349,C[C@@H]1CN(C[C@@H](N1)C)C2=CC=C(C=C2)NC3=NC=C4C(=CC(=O)N(C4=N3)C5CCCC5)C,,
5330350,CC1=CC(=O)N(C2=NC(=NC=C12)NC3=CC=C(C=C3)N4CCNC(C4)(C)C)C5CCCC5,,
5330351,CC1=CC(=O)N(C2=NC(=NC=C12)NC3=CC(=C(C=C3)N4CCNCC4)Cl)C5CCCC5,,
5330352,CC1=C(C(=O)N(C2=NC(=NC=C12)NC3=CC=C(C=C3)N4CCNCC4)C5CCCC5)C,,
5330353,CCC1=C(C2=CN=C(N=C2N(C1=O)C3CCCC3)NC4=CC=C(C=C4)N5CCNCC5)C,,
5330354,CC1=C(C(=O)N(C2=NC(=NC=C12)NC3=CC=C(C=C3)N4CCNCC4)C5CCCC5)F,,
5330355,CC1=C(C(=O)N(C2=NC(=NC=C12)NC3=CC=C(C=C3)N4CCNCC4)C5CCCC5)Cl,,
5330356,CC1=C(C(=O)N(C2=NC(=NC=C12)NC3=CC=C(C=C3)N4CCNCC4)C5CCCC5)I,,
5330357,CC1=C(C(=O)N(C2=NC(=NC=C12)NC3=CC=C(C=C3)N4CCNCC4)C5CCCC5)C(=O)O,,
5330358,CC1=C(C(=O)N(C2=NC(=NC=C12)NC3=CC=C(C=C3)N4CCNCC4)C5CCCC5)C(=O)OC,,
5330370,CN(C)CCNC(=O)C1=CN=CC(=C1)C2=CN=CC(=N2)NC3=CC(=CC=C3)Cl,,
5330371,C1=CC(=CC(=C1)Cl)NC2=NC(=CN=C2)C3=CC(=CN=C3)C(=O)NCCCO,,
5330372,C1=CC(=CC(=C1)Cl)NC2=NC(=CN=C2)C3=CC(=CN=C3)NC(=O)CO,,
5330373,COCC(=O)NC1=CN=CC(=C1)C2=CN=CC(=N2)NC3=CC(=CC=C3)Cl,,
5330374,COCCC(=O)NC1=CN=CC(=C1)C2=CN=CC(=N2)NC3=CC(=CC=C3)Cl,,
5330386,C1=CC(=CC(=C1)Cl)NC2=NC(=CN=C2)C3=CC(=CN=C3)NCCCC(=O)O,,
5330393,C1CCN(CC1)C(=O)CCCNC2=CN=CC(=C2)C3=CN=CC(=N3)NC4=CC(=CC=C4)Cl,,
5330417,CN1CCN(CC1)CC2=CC(=CO2)C3=CC4=NC=C(C(=C4S3)NC5=CC(=C(C=C5Cl)Cl)OC)C#N,,
5330418,CN1CCN(CC1)CC2=CC=C(O2)C3=CC4=NC=C(C(=C4S3)NC5=CC(=C(C=C5Cl)Cl)OC)C#N,,
5330424,CN1CCN(CC1)C(=O)C2=CN=C(C=C2)C3=CC4=NC=C(C(=C4S3)NC5=CC(=C(C=C5Cl)Cl)OC)C#N,,
5330524,CN1C2=NC(=NC=C2C=C(C1=O)C3=C(C=CC=C3Cl)Cl)NC4=CC=C(C=C4)F,,
5330525,CCOC1=CC=C(C=C1)NC2=NC=C3C=C(C(=O)N(C3=N2)C)C4=C(C=CC=C4Cl)Cl,,
5330526,CCN(CCOC1=CC=C(C=C1)NC2=NC=C3C=C(C(=O)N(C3=N2)C)C4=C(C=CC=C4Cl)Cl)C(=O)C,,
5330527,COC1=CC2=C(C=C1)NC(=C2)C(=O)C3=CC4=CC=CC=C4N3,,
5330528,COC1=CC2=C(C=C1)C=C(N2)C(=O)C3=CC4=CC=CC=C4N3,,
5330529,COC1=CC=CC2=C1NC(=C2)C(=O)C3=CC4=CC=CC=C4N3,,
5330530,COC1=CC2=C(C=C1)NC(=C2)C(=O)C3=CC4=C(N3)C=CC(=C4)OC,,
5330532,COC1=CC2=C(C=C1)NC(=C2)C(=O)C3=CC4=CC=CC=C4S3,,
5330534,C1=CC=C2C(=C1)C=C(S2)C(=O)C3=CC4=CC=CC=C4S3,,
5330535,C1=CC=C2C(=C1)C=C(N2)C(=O)C3=CC4=C(N3)C=CC(=C4)O,,
5330536,C1=CC=C(C=C1)COC2=CC3=C(C=C2)NC(=C3)C(=O)C4=CC5=CC=CC=C5N4,,
5330537,CCOC1=CC2=C(C=C1)NC(=C2)C(=O)C3=CC4=CC=CC=C4N3,,
5330538,C1COCCN1CCOC2=CC3=C(C=C2)NC(=C3)C(=O)C4=CC5=CC=CC=C5N4,,
5330539,CN(C)CCCOC1=CC2=C(C=C1)NC(=C2)C(=O)C3=CC4=CC=CC=C4N3,,
5330540,C1=CC=C2C(=C1)C=C(N2)C(=O)C3=CC4=C(N3)C=CC(=C4)OCCCCI,,
5330541,CN(C)CCOC1=CC2=C(C=C1)NC(=C2)C(=O)C3=CC4=CC=CC=C4N3,,
5330544,CC(C1=CC=CC=C1)OC2=CC3=C(C=C2)NC(=C3)C(=O)C4=CC5=CC=CC=C5N4,,
5330545,C1CCN(CC1)CCOC2=CC3=C(C=C2)NC(=C3)C(=O)C4=CC5=CC=CC=C5N4,,
5330546,CC(=O)OC1=CC2=C(C=C1)NC(=C2)C(=O)C3=CC4=CC=CC=C4N3,,
5330547,COC1=CC=C(C=C1)C(=O)OC2=CC3=C(C=C2)NC(=C3)C(=O)C4=CC5=CC=CC=C5N4,,
5330548,CCCC(=O)OC1=CC2=C(C=C1)NC(=C2)C(=O)C3=CC4=CC=CC=C4N3,,
5330549,CCC(=O)OC1=CC2=C(C=C1)NC(=C2)C(=O)C3=CC4=CC=CC=C4N3,,
5330550,C1=CC=C2C(=C1)C=C(N2)C(=O)C3=CC4=C(N3)C=CC(=C4)OC(=O)CC5=CC=CS5,,
5330552,C1=CC=C(C=C1)C2=CC=C(C=C2)C(=O)OC3=CC4=C(C=C3)NC(=C4)C(=O)C5=CC6=CC=CC=C6N5,,
5330554,CC(=O)OC(C1=CC=CC=C1)C(=O)OC2=CC3=C(C=C2)NC(=C3)C(=O)C4=CC5=CC=CC=C5N4,,
5330555,C1=CC=C(C=C1)C(=O)OC2=CC3=C(C=C2)NC(=C3)C(=O)C4=CC5=CC=CC=C5N4,,
5330556,COC1=CC=CC(=C1)CC(=O)OC2=CC3=C(C=C2)NC(=C3)C(=O)C4=CC5=CC=CC=C5N4,,
5330557,C1=CC=C2C(=C1)C=C(N2)C(=O)C3=CC4=C(N3)C=CC(=C4)OC(=O)C5=CC=CC=C5Cl,,
5330558,C1=CC=C2C(=C1)C=C(N2)C(=O)C3=CC4=C(N3)C=CC(=C4)OC(=O)C5=CC=C(C=C5)[N+](=O)[O-],,
5330559,COC1=CC(=CC(=C1OC)OC)C(=O)OC2=CC3=C(C=C2)NC(=C3)C(=O)C4=CC5=CC=CC=C5N4,,
5330560,C1=CC=C(C=C1)/C=C/C(=O)OC2=CC3=C(C=C2)NC(=C3)C(=O)C4=CC5=CC=CC=C5N4,,
5330561,C1=CC=C2C(=C1)C=C(N2)C(=O)C3=CC4=C(N3)C=CC(=C4)OC(=O)C5=CC=CO5,,
5330562,C1=CC=C2C(=C1)C=CC(=N2)C(=O)OC3=CC4=C(C=C3)NC(=C4)C(=O)C5=CC6=CC=CC=C6N5,,
5330566,C1=CC=C2C(=C1)C=C(N2)C(=O)C3=CC4=C(N3)C=CC(=C4)OC(=O)C5=CN=CC=C5,,
5330571,CNCC1=CC(=NN1)NC(=O)NC2=CC=CC3=C2C4CCCN4C3=O,,
5330572,CCCNCC1=CC(=NN1)NC(=O)NC2=CC=CC3=C2C4CCCN4C3=O,,
5330573,CC(C)NCC1=CC(=NN1)NC(=O)NC2=CC=CC3=C2C4CCCN4C3=O,,
5330574,CC(C)(C)NCC1=CC(=NN1)NC(=O)NC2=CC=CC3=C2C4CCCN4C3=O,,
5330575,C1CCC(C1)NCC2=CC(=NN2)NC(=O)NC3=CC=CC4=C3C5CCCN5C4=O,,
5330576,C1CCC(CC1)NCC2=CC(=NN2)NC(=O)NC3=CC=CC4=C3C5CCCN5C4=O,,
5330577,C1C[C@@H]2C3=C(C=CC=C3NC(=O)NC4=CC=NN4)C(=O)N2C1,,
5330578,C1C[C@H]2C3=C(C=CC=C3NC(=O)NC4=CC=NN4)C(=O)N2C1,,
5330579,C1CCN(C1)CC2=CC(=NN2)NC(=O)NC3=CC=CC4=C3C5CCCN5C4=O,,
5330580,C1CCN(CC1)CC2=CC(=NN2)NC(=O)NC3=CC=CC4=C3C5CCCN5C4=O,,
5330581,C1C[C@H](NC1)C2=CC(=NN2)NC(=O)NC3=CC=CC4=C3[C@H]5CCCN5C4=O,,
5330582,C1C[C@@H]2C3=C(C=CC=C3NC(=O)NC4=NNC(=C4)CN[C@H]5CC6=C(C5)C=C(C=C6)Cl)C(=O)N2C1,,
5330583,C1C[C@H]2C3=C(C=CC=C3NC(=O)NC4=NNC(=C4)CN[C@H]5CC6=C(C5)C=C(C=C6)Cl)C(=O)N2C1,,
5330587,C1=CC=C(C=C1)NC(=O)NC2=CC=CC3=C2C=C(C=C3)O,,
5330591,C1=CC=C(C=C1)CNC(=O)NC2=CC=CC3=C2C=C(C=C3)O,,
5330595,C1=CC=NC(=C1)NC(=O)NC2=CC=CC3=C2C=C(C=C3)O,,
5330596,C1=CC=C2C(=C1)C3=C(C2=O)C=CC=C3NC(=O)NC4=CC=CC=N4,,
5330597,C1=CC=NC(=C1)NC(=O)NC2=CC3=C(C=C2)C=NN3,,
5330600,CS(=O)(=O)C1=CC=C(C=C1)NC2=CN3C=C(C=CC3=N2)C(=O)C4=C(C=CC=C4Cl)Cl,,
5330604,C1=CC(=C(C(=C1)Cl)C(=O)C2=CN3C=C(N=C3C=C2)NC4=CC=C(C=C4)C(=O)N)Cl,,
5330606,CN(C)S(=O)(=O)C1=CC=C(C=C1)NC2=CN3C=C(C=CC3=N2)C(=O)C4=C(C=CC=C4Cl)Cl,,
5330608,C1=CC(=C(C(=C1)Cl)C(=O)C2=CN3C=C(N=C3C=C2)NC4=CC=C(C=C4)S(=O)(=O)N)Cl,,
5330609,C1=CC(=C(C(=C1)Cl)C(=O)C2=CN3C=C(N=C3C=C2)NC4=CC=C(C=C4)S(=O)(=O)N=C(N)N)Cl,,
5330610,C1=CC=C(C=C1)C(=O)NS(=O)(=O)C2=CC=C(C=C2)NC3=CN4C=C(C=CC4=N3)C(=O)C5=C(C=CC=C5Cl)Cl,,
5330611,C1=CC(=C(C(=C1)Cl)C(=O)C2=CN3C=C(N=C3C=C2)NC4=CC=C(C=C4)C(=O)O)Cl,,
5330614,C1=CC(=C(C(=C1)F)C(=O)C2=CN3C(=NC(=C3C(=O)C4=C(C=CC=C4F)F)N)C=C2)F,,
5330615,C1=CC(=C(C(=C1)F)C(=O)C2=CN3C(=NC(=C3C(=O)C4=C(C=CC=C4Cl)F)N)C=C2)F,,
5330616,COC1=CC(=C(C(=C1)F)C(=O)C2=C(N=C3N2C=C(C=C3)C(=O)C4=C(C=CC=C4F)F)N)F,,
5330617,COC1=CC=CC=C1C(=O)C2=C(N=C3N2C=C(C=C3)C(=O)C4=C(C=CC=C4F)F)N,,
5330618,C1=CC(=C(C(=C1)F)C(=O)C2=CN3C(=NC(=C3C(=O)C4=C(C=CC=C4Cl)Cl)N)C=C2)F,,
5330619,C1=CC=C(C=C1)C(=S)C2=C(N=C3N2C=C(C=C3)C(=O)C4=C(C=CC=C4F)F)N,,
5330620,C1=CC(=C(C(=C1)F)C(=O)C2=CN3C(=NC(=C3C(=S)C4=C(C=CC=C4F)F)N)C=C2)F,,
5330621,COC1=CC(=C(C(=C1)F)C(=S)C2=C(N=C3N2C=C(C=C3)C(=O)C4=C(C=CC=C4F)F)N)F,,
5330622,C1=CC(=C(C(=C1)Cl)C(=O)C2=CN3C(=NC(=C3C(=O)C4=C(C=C(C=C4F)C(=O)O)F)N)C=C2)Cl,,
5330623,C1=CC(=C(C(=C1)Cl)C(=O)C2=CN3C(=NC(=C3C(=O)C4=C(C=C(C=C4F)C(=O)N)F)N)C=C2)Cl,,
5330624,C1=CC(=C(C(=C1)F)C(=O)C2=C(N=C3N2C=C(C=C3)C(=O)C4=C(C=CC=C4Cl)F)N)F,,
5330625,C=C(C1=CN2C(=NC(=C2C(=O)C3=C(C=CC=C3F)F)N)C=C1)C4=C(C=CC=C4F)F,,
5330626,C1=CC(=C(C(=C1)F)/C(=C/C#N)/C2=CN3C(=NC(=C3C(=O)C4=C(C=CC=C4F)F)N)C=C2)F,,
5330627,C1=CC(=C(C(=C1)F)/C(=C\C2=NNN=N2)/C3=CN4C(=NC(=C4C(=O)C5=C(C=CC=C5F)F)N)C=C3)F,,
5330629,C1=CC=C(C(=C1)C(=O)C2=CN3C(=NC(=C3C(=O)C4=C(C=CC=C4F)F)N)C=C2)Cl,,
5330632,COC1=CC=CC=C1C(=O)C2=CN3C(=NC(=C3C(=O)C4=C(C=CC=C4F)F)N)C=C2,,
5330634,C1=CC(=C(C(=C1)F)C(=O)C2=C(N=C3N2C=C(C=C3)C(=O)C4=C(C=CC=C4Cl)Cl)N)F,,
5330635,C1CC2=C3C(=CC=C2)C4=C5C(=C6C7=CC=CC=C7NC6=C4N3C1)C(=O)NC5=O,,
5330636,C1=CC(=C(C(=C1)F)C(=O)C2=CN3C(=NC(=C3C(=O)C4=CC=CS4)N)C=C2)F,,
5330639,C1=CC(=C(C(=C1)Cl)C(=O)C2=CN3C(=NC(=C3C(=O)C4=C(C=C(C=C4F)O)F)N)C=C2)Cl,,
5330640,CCN(CC)CCOC1=CC(=C(C(=C1)F)C(=O)C2=C(N=C3N2C=C(C=C3)C(=O)C4=C(C=CC=C4Cl)Cl)N)F,,
5330641,CN1CCN(CC1)CCOC2=CC(=C(C(=C2)F)C(=O)C3=C(N=C4N3C=C(C=C4)C(=O)C5=C(C=CC=C5Cl)Cl)N)F,,
5330642,C1=CC(=C(C(=C1)F)/C(=C\C#N)/C2=CN3C(=NC(=C3C(=O)C4=C(C=CC=C4F)F)N)C=C2)F,,
5330644,C1CN2C3=C(CN1)C=CC=C3C4=C5C(=C6C7=CC=CC=C7NC6=C42)C(=O)NC5=O,,
5330646,C1CN2C3=C(CN1)C=CC=C3C4=C5C(=C6C7=C(C=CC(=C7)F)NC6=C42)C(=O)NC5=O,,
5330648,C1CN2C3=C(CN1)C=CC=C3C4=C5C(=C6C7=C(C=C(C=C7)F)NC6=C42)C(=O)NC5=O,,
5330650,C1CN2C3=C(CN1)C=CC=C3C4=C5C(=C6C7=CC(=C(C=C7NC6=C42)F)F)C(=O)NC5=O,,
5330652,C1CN2C3=C(CN1)C=CC=C3C4=C5C(=C6C7=C(C=C(C=C7)C(F)(F)F)NC6=C42)C(=O)NC5=O,,
5330654,C1CN2C3=C(CN1)C=CC=C3C4=C5C(=C6C7=C(C(=C(C=C7)C(F)(F)F)CO)NC6=C42)C(=O)NC5=O,,
5330655,CS(=O)(=O)N1CCN2C3=C(C1)C=CC=C3C4=C5C(=C6C7=CC=CC=C7NC6=C42)C(=O)NC5=O,,
5330656,CN1C=C(N=C1)S(=O)(=O)N2CCN3C4=C(C2)C=CC=C4C5=C6C(=C7C8=CC=CC=C8NC7=C53)C(=O)NC6=O,,
5330658,C1CN2C3=C(CN1C(=O)CN)C=CC=C3C4=C5C(=C6C7=CC=CC=C7NC6=C42)C(=O)NC5=O,,
5330659,CC(C)N1CCN2C3=C(C1)C=CC=C3C4=C5C(=C6C7=CC=CC=C7NC6=C42)C(=O)NC5=O,,
5330661,C1CNCCN2C3=C1C=CC=C3C4=C5C(=C6C7=CC=CC=C7NC6=C42)C(=O)NC5=O,,
5330663,C1CCN2C3=C(CNC1)C=CC=C3C4=C5C(=C6C7=CC=CC=C7NC6=C42)C(=O)NC5=O,,
5330664,C1CN2C3=C1C=CC=C3C4=C5C(=C6C7=CC=CC=C7NC6=C42)C(=O)NC5=O,,
5330665,C1CCN2C3=C(C1)C=CC=C3C4=C5C(=C6C7=CC=CC=C7NC6=C42)C(=O)NC5=O,,
5330666,C1CCC2=C3C(=CC=C2)C4=C5C(=C6C7=CC=CC=C7NC6=C4N3CC1)C(=O)NC5=O,,
5330672,C1CC2=C3C(=CC=C2)C4=C5C(=C6C7=C(C=C(C=C7)F)NC6=C4N3C1)C(=O)NC5=O,,
5330673,C1CC2=C3C(=CC=C2)C4=C5C(=C6C7=C(C=C(C=C7)Cl)NC6=C4N3C1)C(=O)NC5=O,,
5330674,C1CC2=C3C(=CC=C2)C4=C5C(=C6C7=C(C=C(C=C7)Br)NC6=C4N3C1)C(=O)NC5=O,,
5330675,C1CC2=C3C(=CC=C2)C4=C5C(=C6C7=C(C=C(C=C7)C(F)(F)F)NC6=C4N3C1)C(=O)NC5=O,,
5330677,C1CC2=C3C(=CC=C2)C4=C5C(=C6C7=C(C=C(C=C7)C8=CN=CC=C8)NC6=C4N3C1)C(=O)NC5=O,,
5330678,C1CC2=C3C(=CC=C2)C4=C5C(=C6C7=C(C=C(C=C7)C8=CC=NC=C8)NC6=C4N3C1)C(=O)NC5=O,,
5330680,C1CC2=C3C(=CC=C2)C4=C5C(=C6C7=C(C=C(C=C7)CN)NC6=C4N3C1)C(=O)NC5=O,,
5330681,C1CC2=C3C(=CC=C2)C4=C5C(=C6C7=C(C=C(C=C7)CN8CCC8)NC6=C4N3C1)C(=O)NC5=O,,
5330682,C1CCN(C1)CC2=CC3=C(C=C2)C4=C5C(=C6C7=CC=CC8=C7N(C6=C4N3)CCC8)C(=O)NC5=O,,
5330683,C1CCN(CC1)CC2=CC3=C(C=C2)C4=C5C(=C6C7=CC=CC8=C7N(C6=C4N3)CCC8)C(=O)NC5=O,,
5330684,C1CC2=C3C(=CC=C2)C4=C5C(=C6C7=C(C=C(C=C7)CN8CCOCC8)NC6=C4N3C1)C(=O)NC5=O,,
5330685,C1CC2=C3C(=CC=C2)C4=C5C(=C6C7=C(C=C(C=C7)CN8CCSCC8)NC6=C4N3C1)C(=O)NC5=O,,
5330686,C1CC2=C3C(=CC=C2)C4=C5C(=C6C7=C(C=C(C=C7)CN8CCNCC8)NC6=C4N3C1)C(=O)NC5=O,,
5330687,C1CC2=C3C(=CC=C2)C4=C5C(=C6C7=C(C=C(C=C7)CN8CCCNCC8)NC6=C4N3C1)C(=O)NC5=O,,
5330688,C1CC2=C3C(=CC=C2)C4=C5C(=C6C7=CC=CC=C7NC6=C4N3C1CO)C(=O)NC5=O,,
5330689,C1C(CN2C3=C1C=CC=C3C4=C5C(=C6C7=CC=CC=C7NC6=C42)C(=O)NC5=O)CO,,
5330690,C1CN2C3=C(C=CC=C3C1CO)C4=C5C(=C6C7=CC=CC=C7NC6=C42)C(=O)NC5=O,,
5330691,C1CC2=C3C(=CC=C2)C4=C5C(=C6C7=C(C=C(C=C7)F)NC6=C4N3C1CO)C(=O)NC5=O,,
5330692,C1C(CN2C3=C1C=CC=C3C4=C5C(=C6C7=C(C=C(C=C7)F)NC6=C42)C(=O)NC5=O)CO,,
5330693,C1C(CN2C3=C1C=CC=C3C4=C5C(=C6C7=C(C=C(C=C7)Br)NC6=C42)C(=O)NC5=O)CO,,
5330694,C1C(CN2C3=C1C=CC=C3C4=C5C(=C6C7=C(C=C(C=C7)C(F)(F)F)NC6=C42)C(=O)NC5=O)CO,,
5330695,COC1=CC2=C(C=C1)C3=C4C(=C5C6=CC=CC7=C6N(C5=C3N2)CC(C7)CO)C(=O)NC4=O,,
5330696,C1CC2=C3C(=CC=C2)C4=C5C(=C6C7=CC=CC=C7NC6=C4N3CC1CO)C(=O)NC5=O,,
5330697,C1CC2=C3C(=CC=C2)C4=C(N3C1CO)C5=C(C6=CC=CC=C6C=C5)C7=C4C(=O)NC7=O,,
5330698,C1C(CN2C3=C1C=CC=C3C4=C2C5=C(C6=CC=CC=C6C=C5)C7=C4C(=O)NC7=O)CO,,
5330699,C1CN2C3=C(C=CC=C3C1CO)C4=C2C5=C(C6=CC=CC=C6C=C5)C7=C4C(=O)NC7=O,,
5330700,CN1C=CC2=C1C3=C(C=C2)C4=C(C5=CC=CC6=C5N4CC(C6)CO)C7=C3C(=O)NC7=O,,
5330701,C1C(CN2C3=C1C=CC=C3C4=C5C(=C6C7=C(C=C(C=C7)F)NC6=C42)C(=O)NC5=O)CCl,,
5330703,CNCC1CC2=C3C(=CC=C2)C4=C5C(=C6C7=C(C=C(C=C7)F)NC6=C4N3C1)C(=O)NC5=O,,
5330704,CN(C)CC1CC2=C3C(=CC=C2)C4=C5C(=C6C7=CC=CC=C7NC6=C4N3C1)C(=O)NC5=O,,
5330705,COC(=O)CC(C(=O)OC)NCC1CC2=C3C(=CC=C2)C4=C5C(=C6C7=C(C=C(C=C7)F)NC6=C4N3C1)C(=O)NC5=O,,
5330707,CN1C=C(C2=CC=CC=C21)C3=C(C(=O)NC3=O)C4=CNC5=C4C=CC(=C5)F,,
5330708,CN1C2=CC=CC=C2C3=C4C(=C5C6=C(C=C(C=C6)F)NC5=C31)C(=O)NC4=O,,
5330709,CN1C=C(C2=CC=CC=C21)C3=C(C(=O)NC3=O)C4=CNC5=C4C=CC(=C5)Br,,
5330710,CN1C2=CC=CC=C2C3=C4C(=C5C6=C(C=C(C=C6)Br)NC5=C31)C(=O)NC4=O,,
5330711,C1=CC=C2C(=C1)C(=CN2)C3=C(C(=O)NC3=O)C4=CN(C5=CC=CC=C54)CCCO,,
5330712,C1=CC=C2C(=C1)C3=C4C(=C5C6=CC=CC=C6N(C5=C3N2)CCCO)C(=O)NC4=O,,
5330713,CNCCCN1C=C(C2=CC=CC=C21)C3=C(C(=O)NC3=O)C4=CNC5=CC=CC=C54,,
5330714,CNCCCN1C2=CC=CC=C2C3=C4C(=C5C6=CC=CC=C6NC5=C31)C(=O)NC4=O,,
5330715,COC1=CC2=C(C=C1)C(=CN2)C3=C(C(=O)NC3=O)C4=CNC5=C4C=CC(=C5)OC,,
5330716,COC1=CC2=C(C=C1)C3=C4C(=C5C6=C(C=C(C=C6)OC)NC5=C3N2)C(=O)NC4=O,,
5330718,CN1C2=CC=CC=C2C3=C4C(=C5C6=CC=CC=C6N(C5=C31)CC(CO)O)C(=O)NC4=O,,
5330719,C1=CC=C2C(=C1)C3=C(N2)C4=C(C5=C3C(=O)NC5=O)C6=C(C=C4)C=CN6,,
5330720,CN1C=CC2=C1C3=C(C=C2)C4=C(C5=CC=CC=C5N4)C6=C3C(=O)NC6=O,,
5330721,CCN1C=CC2=C1C3=C(C=C2)C4=C(C5=CC=CC=C5N4)C6=C3C(=O)NC6=O,,
5330722,CN1C=CC2=C1C3=C(C=C2)C4=C(C5=C(N4)C=CC=C5F)C6=C3C(=O)NC6=O,,
5330723,CN1C=CC2=C1C3=C(C=C2)C4=C(C5=C(N4)C=CC=C5Br)C6=C3C(=O)NC6=O,,
5330724,CN1C=CC2=C1C3=C(C=C2)C4=C(C5=C(C=CC=C5N4)CO)C6=C3C(=O)NC6=O,,
5330726,CN1C=CC2=C1C3=C(C=C2)C4=C(C5=C(N4)C=CC(=C5)F)C6=C3C(=O)NC6=O,,
5330728,CN1C=CC2=C1C3=C(C=C2)C4=C(C5=C(N4)C=CC(=C5)C(F)(F)F)C6=C3C(=O)NC6=O,,
5330729,CC1=CC2=C(C=C1)NC3=C2C4=C(C5=C3C=CC6=C5N(C=C6)C)C(=O)NC4=O,,
5330730,CN1C=CC2=C1C3=C(C=C2)C4=C(C5=C(N4)C=CC(=C5)OC)C6=C3C(=O)NC6=O,,
5330731,CN1C=CC2=C1C3=C(C=C2)C4=C(C5=C(N4)C=C(C=C5)F)C6=C3C(=O)NC6=O,,
5330732,CN1C=CC2=C1C3=C(C=C2)C4=C(C5=C(N4)C=C(C=C5)Br)C6=C3C(=O)NC6=O,,
5330733,CN1C=CC2=C1C3=C(C=C2)C4=C(C5=C(N4)C=C(C=C5)C(F)(F)F)C6=C3C(=O)NC6=O,,
5330734,CN1C=CC2=C1C3=C(C=C2)C4=C(C5=C(N4)C=C(C=C5)C#N)C6=C3C(=O)NC6=O,,
5330735,CC1=CC2=C(C=C1)C3=C(N2)C4=C(C5=C3C(=O)NC5=O)C6=C(C=C4)C=CN6C,,
5330736,CCC1=CC2=C(C=C1)C3=C(N2)C4=C(C5=C3C(=O)NC5=O)C6=C(C=C4)C=CN6C,,
5330737,C1=CC2=C(C3=C(C4=C2NC5=C4C=CC(=C5)O)C(=O)NC3=O)C6=C1C=CN6,,
5330738,CN1C=CC2=C1C3=C(C=C2)C4=C(C5=C(N4)C=C(C=C5)O)C6=C3C(=O)NC6=O,,
5330739,COC1=CC2=C(C=C1)C3=C(N2)C4=C(C5=C3C(=O)NC5=O)C6=C(C=C4)C=CN6,,
5330740,CN1C=CC2=C1C3=C(C=C2)C4=C(C5=C(N4)C=C(C=C5)OC)C6=C3C(=O)NC6=O,,
5330741,CCOC1=CC2=C(C=C1)C3=C(N2)C4=C(C5=C3C(=O)NC5=O)C6=C(C=C4)C=CN6C,,
5330742,C1=CC=C(C=C1)COC2=CC3=C(C=C2)C4=C(N3)C5=C(C6=C4C(=O)NC6=O)C7=C(C=C5)C=CN7,,
5330743,CN1C=CC2=C1C3=C(C=C2)C4=C(C5=C(N4)C=C(C=C5)OCC6=CC=CC=C6)C7=C3C(=O)NC7=O,,
5330744,CN1C=CC2=C1C3=C(C=C2)C4=C(C5=C(N4)C(=CC=C5)Br)C6=C3C(=O)NC6=O,,
5330745,CN1C=CC2=C1C3=C(C=C2)C4=C(C5=C(N4)C(=CC=C5)OC)C6=C3C(=O)NC6=O,,
5330746,CN1C=CC2=C1C3=C(C=C2)C4=C(C5=CC=CC(=C5N4)CCO)C6=C3C(=O)NC6=O,,
5330747,CN1C=CC2=C1C3=C(C=C2)C4=C(C5=CC=CC(=C5N4)CCCO)C6=C3C(=O)NC6=O,,
5330748,CC1=CC2=C(C3=C1C4=C(C5=CC=CC=C5N4)C6=C3C(=O)NC6=O)N(C=C2)C,,
5330749,CN1C=CC2=CC(=C3C(=C21)C4=C(C5=C3NC6=CC=CC=C65)C(=O)NC4=O)F,,
5330750,CN1C=CC2=CC(=C3C(=C21)C4=C(C5=C3NC6=CC=CC=C65)C(=O)NC4=O)OC,,
5330751,CN1C=CC2=C(C=C3C(=C21)C4=C(C5=C3NC6=CC=CC=C65)C(=O)NC4=O)OC,,
5330752,CC1=CC2=C(C3=C1C4=C(C5=C(N4)C=C(C=C5)F)C6=C3C(=O)NC6=O)N(C=C2)C,,
5330753,CC1=CC2=C(C3=C1C4=C(C5=C(N4)C=C(C=C5)OC)C6=C3C(=O)NC6=O)N(C=C2)C,,
5330754,CC1=CC2=C(C3=C1C4=C(C5=C(N4)C=C(C=C5)C(F)(F)F)C6=C3C(=O)NC6=O)N(C=C2)C,,
5330755,C1=CC=C2C(=C1)C3=C(N2CCCO)C4=C(C5=C3C(=O)NC5=O)C6=C(C=C4)C=CN6,,
5330756,CN1C=CC2=C1C3=C(C=C2)C4=C(C5=CC=CC=C5N4CCCO)C6=C3C(=O)NC6=O,,
5330757,CCN1C=CC2=C1C3=C(C=C2)C4=C(C5=CC=CC=C5N4CCCO)C6=C3C(=O)NC6=O,,
5330758,CN1C=CC2=C1C3=C(C=C2)C4=C(C5=C(N4CCO)C=C(C=C5)OC)C6=C3C(=O)NC6=O,,
5330759,CN1C=CC2=C1C3=C(C=C2)C4=C(C5=C(N4CCCO)C=C(C=C5)OC)C6=C3C(=O)NC6=O,,
5330760,CC1=CC2=C(C3=C1C4=C(C5=CC=CC=C5N4C)C6=C3C(=O)NC6=O)N(C=C2)C,,
5330761,CC1=CC2=C(C3=C1C4=C(C5=CC=CC=C5N4CCCO)C6=C3C(=O)NC6=O)N(C=C2)C,,
5330763,CN1C=CC2=CC(=C3C(=C21)C4=C(C5=C3N(C6=CC=CC=C65)CCCO)C(=O)NC4=O)F,,
5330764,CN1C=CC2=C1C3=C(C=C2)C4=C(C5=C(N4CCN6CCC[C@H]6CO)C=C(C=C5)OC)C7=C3C(=O)NC7=O,,
5330765,CN1C=CC2=C1C3=C(C=C2)C4=C(C5=C(N4CCN6CCCCC6)C=C(C=C5)OC)C7=C3C(=O)NC7=O,,
5330766,CN1C=CC2=C1C3=C(C=C2)C4=C(C5=C(N4CCNCCO)C=C(C=C5)OC)C6=C3C(=O)NC6=O,,
5330767,CN1C=CC2=C1C3=C(C=C2)C4=C(C5=C(N4CCNC6CCC(CC6)O)C=C(C=C5)OC)C7=C3C(=O)NC7=O,,
5330768,CN1C=CC2=C1C3=C(C=C2)C4=C(C5=C(N4CCCN6CCC(CC6)C(=O)N)C=C(C=C5)OC)C7=C3C(=O)NC7=O,,
5330769,CN1C=CC2=C1C3=C(C=C2)C4=C(C5=C(N4CCCN6CCC(CC6)O)C=C(C=C5)OC)C7=C3C(=O)NC7=O,,
5330770,CN1CCN(CC1)CCCN2C3=C(C=CC(=C3)OC)C4=C2C5=C(C6=C4C(=O)NC6=O)C7=C(C=C5)C=CN7C,,
5330771,CN1C=CC2=C1C3=C(C=C2)C4=C(C5=C(N4CCCNCCO)C=C(C=C5)OC)C6=C3C(=O)NC6=O,,
5330772,CN1C=CC2=C1C3=C(C=C2)C4=C(C5=C(N4CCCN6CCOCC6)C=C(C=C5)OC)C7=C3C(=O)NC7=O,,
5330773,CN1C=CC2=C1C3=C(C=C2)C4=C(C5=C(N4CCCN6CCSCC6)C=C(C=C5)OC)C7=C3C(=O)NC7=O,,
5330774,CN1C=CC2=C1C3=C(C=C2)C4=C(C5=CC=CC(=C5N4)CCN6CCC(CC6)C(=O)OC)C7=C3C(=O)NC7=O,,
5330775,CN1C=CC2=C1C3=C(C=C2)C4=C(C5=CC=CC(=C5N4)CCN6CCC(CC6)C(=O)N)C7=C3C(=O)NC7=O,,
5330776,CN1C=CC2=C1C3=C(C=C2)C4=C(C5=CC=CC(=C5N4)CCN6CCNCC6)C7=C3C(=O)NC7=O,,
5330777,CN1C=CC2=C1C3=C(C=C2)C4=C(C5=CC=CC(=C5N4)CCN6CCC(CC6)O)C7=C3C(=O)NC7=O,,
5330778,CN1C=CC2=C1C3=C(C=C2)C4=C(C5=CC=CC(=C5N4)CCN6CCC[C@H]6CO)C7=C3C(=O)NC7=O,,
5330779,CN1C=CC2=C1C3=C(C=C2)C4=C(C5=CC=CC(=C5N4)CCN6CCCCC6)C7=C3C(=O)NC7=O,,
5330780,CN1C=CC2=C1C3=C(C=C2)C4=C(C5=CC=CC(=C5N4)CCNCCO)C6=C3C(=O)NC6=O,,
5330781,CN1C=CC2=C1C3=C(C=C2)C4=C(C5=CC=CC(=C5N4)CCN6CCOCC6)C7=C3C(=O)NC7=O,,
5330782,CN1C=CC2=C1C3=C(C=C2)C4=C(C5=CC=CC(=C5N4)CCN6CCSCC6)C7=C3C(=O)NC7=O,,
5330783,CN1C=CC2=C1C3=C(C=C2)C4=C(C5=CC=CC(=C5N4)CCNC6CCC(CC6)O)C7=C3C(=O)NC7=O,,
5330784,CN1CCN(CC1)CCCC2=C3C(=CC=C2)C4=C(N3)C5=C(C6=C4C(=O)NC6=O)C7=C(C=C5)C=CN7C,,
5330785,CN1C=CC2=C1C3=C(C=C2)C4=C(C5=CC=CC(=C5N4)CCCNCCO)C6=C3C(=O)NC6=O,,
5330786,CN1C=CC2=C1C3=C(C=C2)C4=C(C5=CC=CC(=C5N4)CCCN6CCOCC6)C7=C3C(=O)NC7=O,,
5330787,CCN(CC)CCCC1=C2C(=CC=C1)C3=C(N2)C4=C(C5=C3C(=O)NC5=O)C6=C(C=C4)C=CN6C,,
5330788,CN1C=CC2=C1C3=C(C=C2)C4=C(C5=CC=CC(=C5N4)CCCNC6CCC(CC6)O)C7=C3C(=O)NC7=O,,
5330789,C1=CC=C(C=C1)C(=O)N2C(=NC(=N2)NC3=CC=C(C=C3)S(=O)(=O)N)N,,
5330790,C1=CC(=C(C(=C1)F)C(=O)N2C(=NC(=N2)NC3=CC=C(C=C3)S(=O)(=O)N)N)F,,
5330791,C1=CC=C2C(=C1)C3=C4C(=C5C6=C(C=C(C=C6)Cl)NC5=C3N2)C(=O)NC4=O,,
5330793,COC1=CC2=C(C=C1)C3=C4C(=C5C6=CC=CC=C6NC5=C3N2)C(=O)NC4=O,,
5330794,COC1=CC2=C(C=C1)C3=C4C(=C5C6=C(C=C(C=C6)Br)NC5=C3N2)C(=O)NC4=O,,
5330795,C1=CC=C2C(=C1)C3=C4C(=C5C6=C(C=CC=C6Br)NC5=C3N2)C(=O)NC4=O,,
5330797,C1=CC=C2C(=C1)C3=C4C(=C5C6=C(C=C(C=C6)Br)NC5=C3N2)C(=O)NC4=O,,
5330799,C1=CC=C2C(=C1)C3=C4C(=C5C6=C(C=C(C=C6)F)NC5=C3N2)C(=O)NC4=O,,
5330800,CC1=C(C(=C(C=C1)F)C(=O)N2C(=NC(=N2)NC3=CC=C(C=C3)S(=O)(=O)N)N)F,,
5330801,CC1=CC2=C(C=C1)C3=C4C(=C5C6=CC=CC=C6NC5=C3N2)C(=O)NC4=O,,
5330802,C1=CC(=CC=C1NC2=NN(C(=N2)N)C(=O)C3=C(C=CC(=C3F)F)F)S(=O)(=O)N,,
5330803,C1=CSC(=C1)C(=O)N2C(=NC(=N2)NC3=CC=C(C=C3)S(=O)(=O)N)N,,
5330804,CC1=C(SC=C1)C(=O)N2C(=NC(=N2)NC3=CC=C(C=C3)S(=O)(=O)N)N,,
5330805,CC1=CC(=C(S1)C(=O)N2C(=NC(=N2)NC3=CC=C(C=C3)S(=O)(=O)N)N)C,,
5330806,C1=CC(=CC=C1NC2=NN(C(=N2)N)C(=O)C3=C(C=CS3)F)S(=O)(=O)N,,
5330807,CN(C)CCNS(=O)(=O)C1=CC=C(C=C1)NC2=NN(C(=N2)N)C(=O)C3=C(C=CC=C3F)F,,
5330808,C1CCN(CC1)S(=O)(=O)C2=CC=C(C=C2)NC3=NN(C(=N3)N)C(=O)C4=C(C=CC=C4F)F,,
5330811,C1=CC(=C(C(=C1)F)NC(=O)N2C(=NC(=N2)NC3=CC=C(C=C3)S(=O)(=O)N)N)F,,
5330813,CC1=C(C(=C(C=C1)F)C(=O)N2C(=NC(=N2)N)NC3=CC=C(C=C3)S(=O)(=O)N)F,,
5330816,C1=CC(=C(C(=C1)F)C(=O)C2=C(N=C(C=C2)NC3=CC=C(C=C3)C#N)N)F,,
5330817,C1=CC(=C(C(=C1)F)C(=O)C2=C(N=C(C=C2)NC3=CC=C(C=C3)C(=O)N)N)F,,
5330824,C1=CC(=CC(=C1)[N+](=O)[O-])NC2=NC(=C(C=C2)C(=O)C3=C(C=CC=C3F)F)N,,
5330825,C1=CC(=CC(=C1)Cl)NC2=NC(=C(C=C2)C(=O)C3=C(C=CC=C3F)F)N,,
5330826,C1=CC(=C(C(=C1)F)C(=O)C2=C(N=C(C=C2)NC3=CC=C(C=C3)[N+](=O)[O-])N)F,,
5330827,C1=CC(=C(C(=C1)F)C(=O)C2=C(N=C(C=C2)NC3=CC=C(C=C3)N)N)F,,
5330828,CNC1=CC=C(C=C1)NC2=NC(=C(C=C2)C(=O)C3=C(C=CC=C3F)F)N,,
5330829,C1=CC=C(C=C1)S(=O)(=O)NC2=CC=C(C=C2)NC3=NC(=C(C=C3)C(=O)C4=C(C=CC=C4F)F)N,,
5330830,CN(C)S(=O)(=O)C1=CC=C(C=C1)NC2=NC(=C(C=C2)C(=O)C3=C(C=CC=C3F)F)N,,
5330832,C1=CC(=C(C(=C1)F)C(=O)C2=C(N=C(C=C2)NC3=CC=C(C=C3)S(=O)(=O)N)N)F,,
5330833,CN(C)S(=O)(=O)C1=CC=C(C=C1)NC2=NC(=C(C=C2)C(=O)C3=CC=CC=C3F)N,,
5330834,CN(C)S(=O)(=O)C1=CC=C(C=C1)NC2=NC(=C(C=C2)C(=O)C3=CC=CC=C3)N,,
5330840,C1=CC(=C(C(=C1)F)C(=O)C2=C(N=C(C=C2)N)N)F,,
5330841,C1=CC=C(C(=C1)C(=O)C2=C(N=C(C=C2)N)N)F,,
5330842,C1=CC=C(C=C1)C(=O)C2=C(N=C(C=C2)N)N,,
5330845,CCCCOC1=CC(=NC(=C1C(=O)C2=C(C=CC=C2F)F)N)N,,
5330846,CCCCOC1=CC(=NC(=C1C(=O)C2=C(C=CC=C2F)F)N)NC3=CC=C(C=C3)S(=O)(=O)N(C)C,,
5330847,CCCCOC1=CC(=NC(=C1C(=O)C2=C(C=CC=C2F)F)N)NC3=CC=C(C=C3)S(=O)(=O)N,,
5330860,COC1=CC=C(C=C1)C2=NNC3=C2C(=O)C4=C3C=CC=C4NC(=O)NNC(=O)C5=CC=CC6=CC=CC=C65,,
5330865,COC1=CC=C(C=C1)C2=NNC3=C2C(=O)C4=C3C=CC=C4NC(=O)NNC(=O)C5=CC6=CC=CC=C6C=C5,,
5330916,CC(C)(C)NC1=NC(=NC2=C1C=C(C=C2)NC=O)C(F)(F)F,,
5330933,COC1=CC=C(C=C1)C2=NNC3=C2C(=O)C4=C3C=CC=C4NC=O,,
5330934,CC(C)C(=O)NC1=CC=CC2=C1C(=O)C3=C2NN=C3C4=CC=C(C=C4)OC,,
5330937,CSC1=CC=CC(=C1)C[C@@H]2[C@@H]([C@H]([C@H](N(C(=O)N2CC3=CC=CC=C3)CC4=CC=CC=C4)CC5=CC(=CC=C5)SC)O)O,,
5330939,CC1=CC=C(N1C2=CC=CC(=C2)C[C@@H]3[C@@H]([C@H]([C@H](N(C(=O)N3CC4=CC=CC=C4)CC5=CC=CC=C5)CC6=CC(=CC=C6)N7C(=CC=C7C)C)O)O)C,,
5330940,CO[C@@H](C1=CC=CC=C1)C(=O)NC2=NNC(=C2)C3CC3,,
5330942,C1CC1C2=CC(=NN2)NC(=O)C(C3=CC=CC=C3)F,,
5330943,C1CC1C2=CC(=NN2)NC(=O)[C@H](C3=CC=CC=C3)N,,
5330944,C1CC1C2=CC(=NN2)NC(=O)C(C3=CC=CC=C3)C4=CC=CC=C4,,
5330945,C1CC1C2=CC(=NN2)NC(=O)C(=O)C3=CC=CC=C3,,
5330946,C[C@@H](C1=CC=CC=C1)C(=O)NC2=NNC(=C2)C3CC3,,
5330948,C[C@H](C1=CC=C(C=C1)N2CCCC2=O)C(=O)NC3=NNC(=C3)C4CC4,,
5330949,C[C@@H](C1=CC=C(C=C1)N2CCCC2=O)C(=O)NC3=NNC(=C3)C4CC4,,
5330950,CC(C1=CC=C(C=C1)N2CCCCC2=O)C(=O)NC3=NNC(=C3)C4CC4,,
5330951,CC(C1=CC=C(C=C1)N2CCC(C2=O)C(=O)N)C(=O)NC3=NNC(=C3)C4CC4,,
5330952,CC1CCC(=O)N1C2=CC=C(C=C2)C(C)C(=O)NC3=NNC(=C3)C4CC4,,
5330953,CC(C1=CC=C(C=C1)N2C(CCC2=O)C3=CC=CC=C3)C(=O)NC4=NNC(=C4)C5CC5,,
5330954,C[C@H](C1=CC=C(C=C1)N2CC3=CC=CC=C3C2=O)C(=O)NC4=NNC(=C4)C5CC5,,
5330955,C[C@@H](C1=CC=C(C=C1)N2CC3=CC=CC=C3C2=O)C(=O)NC4=NNC(=C4)C5CC5,,
5330957,C[C@H](C1=CC=C(C=C1)N2CCNC2=O)C(=O)NC3=NNC(=C3)C4CC4,,
5330958,C[C@@H](C1=CC=C(C=C1)N2CCNC2=O)C(=O)NC3=NNC(=C3)C4CC4,,
5330961,CC(C1=CC=C(C=C1)N2C=CNC2=O)C(=O)NC3=NNC(=C3)C4CC4,,
5330962,CC(C1=CC=C(C=C1)N2C=NNC2=O)C(=O)NC3=NNC(=C3)C4CC4,,
5330965,C[C@@H](C1=CC=C(C=C1)N2CCN(C2=O)C)C(=O)NC3=NNC(=C3)C4CC4,,
5330966,C[C@H](C1=CC=C(C=C1)N2CCOC2=O)C(=O)NC3=NNC(=C3)C4CC4,,
5330967,C[C@@H](C1=CC=C(C=C1)N2CCOC2=O)C(=O)NC3=NNC(=C3)C4CC4,,
5330968,CC(C1=CC=C(C=C1)N2CCCS2(=O)=O)C(=O)NC3=NNC(=C3)C4CC4,,
5330969,CC(C1=CC=C(C=C1)N2CCCC2)C(=O)NC3=NNC(=C3)C4CC4,,
5330970,C[C@@H](C1=CC=C(C=C1)N2CCCC2)C(=O)NC3=NNC(=C3)C4CC4,,
5330971,CCCC(=O)NC1=NNC(=C1)C,,
5330972,CCCC(=O)NC1=NNC(=C1)C2CC2,,
5330973,C1CC1C2=CC(=NN2)NC(=O)C3=CC=C(C=C3)Br,,
5330974,C1CC1C2=CC(=NN2)NC(=O)C3=CC=C(C=C3)Cl,,
5330975,COC1=CC=C(C=C1)C(=O)NC2=NNC(=C2)C3CC3,,
5330976,C1CC1C2=CC(=NN2)NC(=O)C3=CC=C(C=C3)C(=O)O,,
5330977,C1CC1C2=CC(=NN2)NC(=O)C3=CC=C(C=C3)C(=O)N,,
5330978,C1CC1C2=CC(=NN2)NC(=O)C3=CC(=CC=C3)Br,,
5330979,C1CC1C2=CC(=NN2)NC(=O)C3=CC(=CC=C3)Cl,,
5330980,COC1=CC=CC(=C1)C(=O)NC2=NNC(=C2)C3CC3,,
5330981,C1CC1C2=CC(=NN2)NC(=O)C3=CC(=CC=C3)C(F)(F)F,,
5330982,C1CC1C2=CC(=NN2)NC(=O)C3=CC=CC=C3Br,,
5330983,C1CC1C2=CC(=NN2)NC(=O)C3=CC=CC=C3Cl,,
5330984,COC1=CC=CC=C1C(=O)NC2=NNC(=C2)C3CC3,,
5330985,C1CC1C2=CC(=NN2)NC(=O)C3=C(C=CC=C3Cl)Cl,,
5330986,C1CC1C2=CC(=NN2)NC(=O)C3=CC(=C(C=C3)Cl)Cl,,
5330987,C1CC(C1)C2=CC(=NN2)NC(=O)C3=CC=C(C=C3)Br,,
5330988,C1CCC(C1)C2=CC(=NN2)NC(=O)C3=CC=C(C=C3)Br,,
5330989,C1CCC(CC1)C2=CC(=NN2)NC(=O)C3=CC=C(C=C3)Br,,
5330991,CCC1=CC(=NN1)NC(=O)C2=CC=C(C=C2)Br,,
5330992,CCCC1=CC(=NN1)NC(=O)C2=CC=C(C=C2)Br,,
5330993,CC(C)C1=CC(=NN1)NC(=O)C2=CC=C(C=C2)Br,,
5330998,C1CC1C2=CC(=NN2)NC(=O)CC3=CC=CC=C3,,
5330999,C1CC1C2=CC(=NN2)NC(=O)CC3=CC=C(C=C3)C(=O)N,,
5331000,COC1=CC=CC(=C1)CC(=O)NC2=NNC(=C2)C3CC3,,
5331001,C1CCN(C1)CCOC2=CC=C(C=C2)CC(=O)NC3=NNC(=C3)C4CC4,,
5331002,C1CC1C2=CC(=NN2)NC(=O)CC3=CC=C(C=C3)OC(F)(F)F,,
5331003,C1CC1C2=CC(=NN2)NC(=O)CC3=CC=C(C=C3)C4=CC=CC=C4,,
5331004,C1CC1C2=CC(=NN2)NC(=O)CC3=CC=C(C=C3)C4=CC(=CC=C4)F,,
5331005,CC1=CC(=CC=C1)C2=CC=C(C=C2)CC(=O)NC3=NNC(=C3)C4CC4,,
5331006,C1CC1C2=CC(=NN2)NC(=O)CC3=CC=C(C=C3)C4=CC=C(C=C4)C(=O)O,,
5331007,C1CC1C2=CC(=NN2)NC(=O)CC3=CC=C(C=C3)C4=CC=CS4,,
5331008,C1CC1C2=CC(=NN2)NC(=O)CC3=CC=CC4=CC=CC=C43,,
5331010,C1=CC(=CC=C1N2C3=C4C=NN=C4C=CC3=C(N2)C(=O)N)S(=O)(=O)N,,
5331012,CNS(=O)(=O)C1=CC=C(C=C1)N2C3=C4C=NN=C4C=CC3=C(N2)C(=O)N,,
5331014,CN(C)S(=O)(=O)C1=CC=C(C=C1)N2C3=C4C=NN=C4C=CC3=C(N2)C(=O)N,,
5331016,CCCCNS(=O)(=O)C1=CC=C(C=C1)N2C3=C4C=NN=C4C=CC3=C(N2)C(=O)N,,
5331018,CN1CCN(CC1)S(=O)(=O)C2=CC=C(C=C2)N3C4=C5C=NN=C5C=CC4=C(N3)C(=O)N,,
5331020,CS(=O)(=O)C1=CC=C(C=C1)N2C3=C4C=NN=C4C=CC3=C(N2)C(=O)N,,
5331021,C1CC2=C(C=NN2)C3=NNC(=C31)C(=O)N,,
5331022,C1=CC2=C(C=NN2)C3=NNC(=C31)C(=O)N,,
5331024,C1=CC=C(C=C1)N2C3=C4C=NN=C4C=CC3=C(N2)C(=O)N,,
5331026,CC1=CC=C(C=C1)N2C3=C4C=NN=C4C=CC3=C(N2)C(=O)N,,
5331028,COC1=CC=C(C=C1)N2C3=C4C=NN=C4C=CC3=C(N2)C(=O)N,,
5331030,C1=CC(=CC=C1N2C3=C4C=NN=C4C=CC3=C(N2)C(=O)N)Cl,,
5331032,C1=CC(=CC=C1N2C3=C4C=NN=C4C=CC3=C(N2)C(=O)N)F,,
5331034,C1=CC(=CC=C1C(F)(F)F)N2C3=C4C=NN=C4C=CC3=C(N2)C(=O)N,,
5331036,C1=CC(=CC=C1N2C3=C4C=NN=C4C=CC3=C(N2)C(=O)N)OC(F)(F)F,,
5331038,C1=CC(=CC=C1C#N)N2C3=C4C=NN=C4C=CC3=C(N2)C(=O)N,,
5331040,C1COCCN1C2=CC=C(C=C2)N3C4=C5C=NN=C5C=CC4=C(N3)C(=O)N,,
5331041,C1=CC(=CC=C1C2=NC=CN2)N3C4=C5C=NN=C5C=CC4=C(N3)C(=O)N,,
5331043,CC1=CC(=CC=C1)N2C3=C4C=NN=C4C=CC3=C(N2)C(=O)N,,
5331045,C1=CC(=CC(=C1)Cl)N2C3=C4C=NN=C4C=CC3=C(N2)C(=O)N,,
5331047,C1=CC(=CC(=C1)F)N2C3=C4C=NN=C4C=CC3=C(N2)C(=O)N,,
5331049,C1=CC=NC(=C1)N2C3=C4C=NN=C4C=CC3=C(N2)C(=O)N,,
5331051,C1=CC(=CN=C1)N2C3=C4C=NN=C4C=CC3=C(N2)C(=O)N,,
5331053,C1=CC=C(C=C1)CN2C3=C4C=NN=C4C=CC3=C(N2)C(=O)N,,
5331055,CN1C2=C3C=NN=C3C=CC2=C(N1)C(=O)N,,
5331057,C1=CC2=NN=CC2=C3C1=C(NN3CC(F)(F)F)C(=O)N,,
5331059,C1=CC2=NN=CC2=C3C1=C(NN3CCO)C(=O)N,,
5331061,CCOC(=O)C1=C2C=CC3=NN=CC3=C2N(N1)C4=CC=C(C=C4)OC,,
5331063,COC1=CC=C(C=C1)N2C3=C4C=NN=C4C=CC3=C(N2)C(=O)O,,
5331065,COC1=CC=C(C=C1)N2C3=C4C=NN=C4C=CC3=C(N2)C(=O)NN,,
5331067,COC1=CC=C(C=C1)N2C3=C4C=NN=C4C=CC3=C(N2)C(=O)NO,,
5331075,CCCCNS(=O)(=O)C1=CC=C(C=C1)N2C3=C4C=NN=C4C=CC3=C(N2)C(=O)NC,,
5331077,CCCCNS(=O)(=O)C1=CC=C(C=C1)N2C3=C4C=NN=C4C=CC3=C(N2)C(=O)NOCC=C,,
5331081,COC1=CC\2=C(C=C1)NC(=O)/C2=C\C3=C4CCOC(=O)C4=CN3,,
5331082,CNS(=O)(=O)C1=CC\2=C(C=C1)NC(=O)/C2=C\C3=C4CCOC(=O)C4=CN3,,
5331083,C1COC(=O)C2=CNC(=C21)/C=C\3/C4=C(C=CC(=C4)S(=O)(=O)N)NC3=O,,
5331084,CC(C)NS(=O)(=O)C1=CC\2=C(C=C1)NC(=O)/C2=C\C3=C4CCOC(=O)C4=CN3,,
5331085,CN(C)S(=O)(=O)C1=CC\2=C(C=C1)NC(=O)/C2=C\C3=C4CCOC(=O)C4=CN3,,
5331086,C1COC(=O)C2=CNC(=C21)/C=C\3/C4=C(C=CC(=C4)C(=O)O)NC3=O,,
5331087,C1COC(=O)C2=CNC(=C21)/C=C\3/C4=C(C=CC(=C4)F)NC3=O,,
5331088,C1COC(=O)C2=CNC(=C21)/C=C\3/C4=C(C=CC(=C4)Cl)NC3=O,,
5331089,C1COC(=O)C2=CNC(=C21)/C=C\3/C4=C(C=CC(=C4)Br)NC3=O,,
5331090,CC1=C\2C(=CC=C1)NC(=O)/C2=C\C3=C4CCOC(=O)C4=CN3,,
5331091,C1COC(=O)C2=CNC(=C21)/C=C\3/C4=C(C=CC=C4NC3=O)CCO,,
5331092,C1CNCCC1C2=C\3C(=CC=C2)NC(=O)/C3=C\C4=C5CCOC(=O)C5=CN4,,
5331093,COC1=CC2=C(C=C1)/C(=C/C3=C4CCOC(=O)C4=CN3)/C(=O)N2,,
5331094,C1COC(=O)C2=CNC(=C21)/C=C\3/C4=C(C=C(C=C4)C5=CC=CC=C5)NC3=O,,
5331095,COC1=CC\2=C(C=C1)NC(=O)/C2=C\C3=C4CCNC(=O)C4=CN3,,
5331096,CNS(=O)(=O)C1=CC\2=C(C=C1)NC(=O)/C2=C\C3=C4CCNC(=O)C4=CN3,,
5331097,CN(C)S(=O)(=O)C1=CC\2=C(C=C1)NC(=O)/C2=C\C3=C4CCNC(=O)C4=CN3,,
5331098,C1CNC(=O)C2=CNC(=C21)/C=C\3/C4=C(C=CC(=C4)C(=O)O)NC3=O,,
5331099,C1CNC(=O)C2=CNC(=C21)/C=C\3/C4=C(C=CC(=C4)F)NC3=O,,
5331100,C1CNC(=O)C2=CNC(=C21)/C=C\3/C4=C(C=CC(=C4)Br)NC3=O,,
5331101,C1CNC(=O)C2=CNC(=C21)/C=C\3/C4=C(C=CC=C4NC3=O)CCO,,
5331102,C1CNCCC1C2=C\3C(=CC=C2)NC(=O)/C3=C\C4=C5CCNC(=O)C5=CN4,,
5331103,C1CNC(=O)C2=CNC(=C21)/C=C\3/C4=C(C=C(C=C4)C5=CC=CC=C5)NC3=O,,
5331104,COC1=C(C=C2C(=C1)C3=C(CC(=O)N2)C4=C(N3)C=CC(=C4)[N+](=O)[O-])OC,,
5331105,C1C2=C(C3=C(C=CC(=C3)CCC#N)NC1=O)NC4=C2C=C(C=C4)C(F)(F)F,,
5331106,COC(=O)CN1C2=C(C=C(C=C2)Br)C3=C1C4=CC=CC=C4NC(=O)C3,,
5331107,C1C2=C(C3=C(C=CC(=C3)C#CCO)NC1=O)NC4=C2C=C(C=C4)C(F)(F)F,,
5331108,C1C2=C(C3=C(C=CC(=C3)Br)NC1=O)NC4=C2C=C(C=C4)[N+](=O)[O-],,
5331109,C1C2=C(C3=C(C=CC(=C3)I)NC1=O)NC4=CC=CC=C24,,
5331110,C1C2=C(C3=CC=CC=C3NC1=O)N(C4=C2C=C(C=C4)Br)CCO,,
5331111,CN1C2=C(C=C(C=C2)Br)C3=C1C4=CC=CC=C4NC(=O)C3,,
5331112,C1C2=C(C3=C(C=CC(=C3)/C=C/C#N)NC1=O)NC4=C2C=C(C=C4)C(F)(F)F,,
5331113,COC(=O)CN1C(=O)CC2=C(C3=CC=CC=C31)NC4=C2C=C(C=C4)Br,,
5331115,COC(=O)/C=C/C1=CC2=C(C=C1)NC(=O)CC3=C2NC4=C3C=C(C=C4)C(F)(F)F,,
5331117,CC(=O)/C=C/C1=CC2=C(C=C1)NC(=O)CC3=C2NC4=C3C=C(C=C4)C(F)(F)F,,
5331118,CCN1C2=C(C=C(C=C2)Br)C3=C1C4=CC=CC=C4NC(=O)C3,,
5331120,C1CCC(CC1)(C#CC2=CC3=C(C=C2)NC(=O)CC4=C3NC5=C4C=C(C=C5)C(F)(F)F)O,,
5331121,CN1C(=O)CC2=C(C3=CC=CC=C31)NC4=C2C=C(C=C4)Br,,
5331122,C1C2=C(C3=C(C=CC(=C3)I)NC1=O)NC4=C2C=C(C=C4)C(F)(F)F,,
5331123,CC(C)(C)OC(=O)N1C2=C(C=C(C=C2)Br)C3=C1C4=CC=CC=C4NC(=O)C3,,
5331124,C=CCN1C2=C(C=C(C=C2)Br)C3=C1C4=CC=CC=C4NC(=O)C3,,
5331125,C1C2=C(C3=CC=CC=C3N(C1=O)CC4=CC=CC=C4)NC5=C2C=C(C=C5)Br,,
5331130,CC(C)(C)OC(=O)C1C2=C(C3=CC=CC=C3N(C1=O)C(=O)OC(C)(C)C)N(C4=C2C=C(C=C4)Br)C(=O)OC(C)(C)C,,
5331295,COC1=CC=C(C=C1)/C=C/C(=O)C2=CC=CC=C2O,,
5331296,CN(C)C1=CC=C(C=C1)/C=C/C(=O)C2=CC=CC=C2O,,
5331325,CC(C)C1=CC=C(C=C1)/C=N/NC(=O)C2=CC=C(C=C2)O,,
5331378,C1=CC(=C(C=C1C=C2C(=O)NC(=S)NC2=O)O)O,,
5331386,CC\1CCCC/C1=N/NC(=O)C2=C(C3=CC=CC=C3S2)Cl,,
5331416,COC1=CC=C(C=C1)NC(=O)O/N=C/C2=CC=CC=C2,,
5331459,C/C(=N/NC(=O)C1=CC(=CC=C1)Br)/CCC=C,,
5331479,CCCC/C(=N\NC(=O)C1=CC(=CC=C1)Br)/C,,
5332173,CC1=CC2=C(C=C1)OC(=N2)/C=C/C3=NC4=C(O3)C=CC(=C4)C,,
5332252,C1=CC(=C(C=C1C(=O)N/N=C/C2=C(C=C(C=C2)Cl)Cl)O)O,,
5332293,CC1=CC=C(O1)/C=N/NC(=O)C2=CC=C(C=C2)C3=CC=CC=C3,,
5332319,COC1=C(C2=CC=CC=C2C=C1)/C=N/NC(=O)C3=CC=C(C=C3)C4=CC=CC=C4,,
5332392,CC1=C(C(=CC=C1)C)NC(=O)N/N=C/C2=CC=C(C=C2)Br,,
5332530,C1=CC=C(C=C1)C(=O)N/N=C/C2=CC=CC=C2[N+](=O)[O-],,
5332577,C1=CC(=CC=C1/C=N/NC(=O)C2=CC=NC=C2)Br,,
5333106,C1=CC(=CC(=C1)[N+](=O)[O-])C2=CC=C(O2)/C=N/NC(=S)N,,
5333835,C1=CC=C(C=C1)C(=O)N/N=C/C2=CC=CC=N2,,
5333878,C/C(=N/NC1=CC=CC=C1C(=O)O)/C2=CC=CS2,,
5334283,C/C(=N\NC(=O)C1=CC=NC=C1)/C=C/C2=CC=CC=C2,,
5334512,CC(C1=CC=CC=C1)NC(=O)C(=O)N/N=C/C2=CC=CC=C2,,
5334620,C/C(=C\C1=CC=CC=C1)/C=N/NC(=O)C2=CC=NC=C2,,
5334682,C1=CC=C2C(=C1)C(=C(S2)C(=O)N/N=C/C3=CC=C(C=C3)F)Cl,,
5334811,CC(C)(C)C1=CC=C(C=C1)/C=N/NC(=O)C2=CC=CC=N2,,
5334861,COC1=CC(=C(C=C1)OC)C(=O)N/N=C/C2=CC=CC=N2,,
5334879,C1=CC=C(C=C1)/C=N/NC(=O)CSC2=NC3=CC=CC=C3S2,,
5334886,C1CC1C(=O)N/N=C/C2=C(C=CC=C2Cl)F,,
5335613,C/C(=N\NC(=O)C1=CC(=C(C=C1)Cl)Cl)/C2=CC=CC=N2,,
5335621,CCOC(=O)C1=CC=C(C=C1)N2C(=O)/C(=C\C3=CC=C(O3)[N+](=O)[O-])/C(=O)N2,,
5335657,CC1=CN=C(NC1=O)N/N=C/C2=C(C(=CC=C2)OC)OC,,
5335659,C/C(=N\NC(=O)C1=CC=CC=C1F)/C2=CC=CC=N2,,
5336169,C1=CC=C(C=C1)/C=C/C2=NN=C(S2)NC(=O)C3=CC=CO3,,
5336330,CCOC(=O)/C(=C\C1=CN=CC=C1)/C(=O)C2=CC(=C(S2)NC3=CC=CC=C3)C(=O)C,,
5336349,C/C(=N\NC(=O)C1=CC2=CC=CC=C2C=C1O)/C3=CC4=C(C=C3)OCO4,,
5336533,C1=CSC(=C1)C(=O)/C=C/C2=CC=C(C=C2)N,,
5336569,CC1=C(C=CC2=C1OC(=O)C=C2C3=CC=CC=C3)O,,
5336647,CC1=NNC(=S)N(C1=O)/N=C/C2=CC=CS2,,
5337137,C1=CC=C(C(=C1)/C=C/C2=NC(=O)NC(=C2)C(F)(F)F)C(F)(F)F,,
5337524,CC[N+]1=C(OC2=CC=CC=C21)/C=C/N(C3=CC=CC=C3)C(=O)C.[I-],,
5337602,C1=CC(=C(C=C1C=C2C(=O)NC(=O)NC2=O)O)O,,
5337609,COC1=CC=C(C=C1)/C=C/C(=O)C2=CC=C(C=C2)Cl,,
5337611,C1=CC=C(C=C1)C(=O)/C=C/C2=CC=CC=C2[N+](=O)[O-],,
5337617,COC1=CC=C(C=C1)OC2=COC3=C(C2=O)C=CC(=C3)O,,
5337698,C1=CC=C(C=C1)C2=CC=C(O2)/C=N/NC(=S)N,,
5337757,C1=CC2=C(C=C1O)OC(=O)C(=C2)C(=O)O,,
5337816,C1=CC=C(C=C1)CCC(=O)N/N=C/C2=CC(=CC=C2)O,,
5337955,COC1=CC=C(C=C1)/C(=N/OC(=O)C2=CC=CO2)/N,,
5337997,C1=CC(=CC=C1C(=O)N/N=C/C2=CC=C(O2)[N+](=O)[O-])O,,
5338179,CCOC(=O)/C(=C\C=C\C1=CC=CC=C1)/NC(=O)C2=CC=CC=C2,,
5338182,C1=CC=C(C=C1)/C=C/C=N/NC(=O)C2=CN=CC=C2,,
5338248,C1=CC=C(C=C1)/C=C/C(=O)N2C3=CC=CC=C3N=N2,,
5338262,C/C(=C\COC1=CC(=O)NC2=CC=CC=C21)/CCC(C(C)(C)O)O,,
5338317,CC(C)CC1=CC=C(C=C1)C(C)C(=O)[O-].[Na+],,
5338490,C1=CC2=C(C=C1O)OC(=O)C=C2CC(=O)O,,
5338538,CC1=C(C(=O)OC2=C1C=CC(=C2)O)CC3=CC=CC=C3,,
5338633,C1=CC=C(C=C1)OC2=COC3=C(C2=O)C=CC(=C3)O,,
5338744,C1=CC=C(C=C1)/C(=N/OC(=O)C2=CC=C(C=C2)F)/N,,
5338754,CC1=CC=CC=C1C(=O)O/N=C(/C2=CC=CC=C2)\N,,
5339681,C1CCC2=C(C1)C3=C(S2)N=CN(C3=O)/N=C/C4=CC=CO4,,
5340144,COC1=C(C=CC(=C1)/C=N/NC(=O)C2=CN=CC=C2)OC(=O)C3=CC(=CC=C3)Br,,
5340206,C1=CC=C(C=C1)/C=C/C2=C(C(=O)NC(=O)N2)[N+](=O)[O-],,
5340499,C/C(=N\NC(=O)C1=CC(=CC=C1)[N+](=O)[O-])/C2=CC=NC=C2,,
5340769,C/C(=N\NC(=O)C1=CNC2=CC=CC=C21)/C3=CC=CO3,,
5340771,C/C(=N\NC(=O)C1=CC(=CC=C1)[N+](=O)[O-])/C2=CN=CC=C2,,
5340774,COC1=CC=CC(=C1)NC(=O)C(=O)N/N=C/C2=CC3=C(C=C2)OCO3,,
5341436,C/C(=N\NC(=O)C1=CC=C(C=C1)O)/CN2N=C(N=N2)[N+](=O)[O-],,
5341469,CC1=NC2=CC=CC=C2C(=O)N1/N=C/C3=CC=CC=C3F,,
5341533,C/C(=N\NC(=O)C1=CC(=CC=C1)Br)/C2=CN=CC=C2,,
5341808,C1=CC(=CC=C1C2=CC=C(O2)/C=C\3/C(=O)N(C(=S)S3)C4=CC=C(C=C4)[N+](=O)[O-])C(=O)O,,
5342077,C1=CC=C(C=C1)CN2C(=O)/C(=C/C3=CC=C(O3)C4=CC=C(C=C4)C(=O)O)/SC2=S,,
5342158,C1CC(OC1)CNC(=O)/C=C/C2=CC3=C(C=C2)OCO3,,
5342196,CCC1=CC=C(S1)/C=N/NC(=O)C2=CNC3=CC=CC=C32,,
5342246,CN1/C(=C\C2=CC(=C(C(=C2)Br)O)Br)/C(=O)N=C1N,,
5342258,CCN(CC)C1=CC=C(C=C1)/C=N/NC(=O)C2=C(OC=C2)C,,
5342491,C1=CC(=C(C=C1C2=CC=C(O2)/C=N/NC(=S)N)Cl)Cl,,
5342869,C1=CC=C2C=C(C=CC2=C1)C3=NNC(=C3)C(=O)N/N=C/C4=CC=CS4,,
5342941,C/C(=N\NC(=O)C1=CC(=NN1)C2=CC=C(C=C2)OC)/C3=CC(=C(C=C3)OC)OC,,
5343075,CC1=C(C(=NN1)C)CCC(=O)N/N=C/C2=CC=CS2,,
5343305,CN1C(=NC2=CC=CC=C2C1=O)/C=C/C3=CC=CC=C3[N+](=O)[O-],,
5343381,C1=CC=C(C=C1)C2=C(C(=O)NC3=C2C=C(C=C3)Cl)C(=O)/C=C/C4=NC5=CC=CC=C5N4,,
5344059,CC1CCN(CC1)C(=O)/C(=C\C2=CC=CO2)/NC(=O)C3=CC=CC=C3,,
5344250,C1COCCN1CC(=O)N/N=C/C2=CC=C(O2)[N+](=O)[O-],,
5344429,CN1C2=CC=CC=C2N=C1SCC(=O)N/N=C/C3=CC=CO3,,
5344804,CC1=CC(=CC=C1)C(=O)O/N=C(/CC2=CC=CC3=CC=CC=C32)\N,,
5344841,CC1=NC2=CC=CC=C2C(=O)N1/N=C/C3=CC=CO3,,
5344872,C1=CC(=CC=C1C(=O)O/N=C(/C2=CC=C(C=C2)Br)\N)F,,
5344884,C1=CC=C(C=C1)C(=O)/C=C/NC2=CC=CC=C2,,
5345780,C1=CC(=CC=C1C(=O)/C=C/C2=CC=C(O2)[N+](=O)[O-])Br,,
5345858,CN1C=CC=C1C2=NNC(=C2)C(=O)N/N=C/C3=CC(=CC=C3)O,,
5345979,CC1=CC=C(C=C1)C(=O)/C=C/C2=CC3=C(C=C2)OCO3,,
5346030,COC1=CC=C(C=C1)C(=O)/C=C/C2=CC(=CC=C2)OC,,
5346032,C1OC2=C(O1)C=C(C=C2)/C=C/C(=O)C3=CC=C(C=C3)F,,
5346037,CC1=C(SC(=N1)N)C(=O)N/N=C/C2=CC=CO2,,
5346086,COC1=CC(=CC(=C1OC)OC)/C=C/C(=O)C2=CC=C(C=C2)F,,
5346090,COC1=CC(=C(C=C1)/C=C/C(=O)C2=CC=C(C=C2)Cl)OC,,
5346110,CCOC1=CC=C(C=C1)/C=C/C(=O)C2=CC=C(C=C2)C,,
5346136,CC1=CC=C(C=C1)C(=O)/C=C/C2=CC(=C(C(=C2)OC)OC)OC,,
5346177,COC1=CC=CC(=C1)/C=C/C(=O)C2=CC=C(C=C2)Cl,,
5346232,COC1=CC=CC=C1/C=C/C(=O)C2=CC=C(C=C2)Cl,,
5346378,COC1=CC=C(C=C1)C(=O)/C=C/C2=C(C(=CC=C2)OC)OC,,
5346477,CC1=CC(=C(N1C2=CC=C(C=C2)F)C)/C=N/NC(=O)N,,
5346482,C1=CC=C(C=C1)COC2=CC=C(C=C2)/C=C/C(=O)C3=CC=C(C=C3)F,,
5346493,C1=CC=C(C(=C1)/C=C/C(=O)C2=CC=C(C=C2)F)[N+](=O)[O-],,
5346781,CC\1=NN(C(=O)/C1=C\C2=CC=C(O2)C3=CC(=C(C=C3)Cl)C(=O)O)C4=CC=CC(=C4)C(=O)O,,
5346977,C1=CC(=CC=C1C2=COC3=C(C2=O)C=CC(=C3)O)Cl,,
5347285,C1=CC(=C(C=C1[N+](=O)[O-])/C=C/C2=NC(=O)NC(=C2)C(F)(F)F)Cl,,
5347749,COC1=CC=CC=C1N2CCN(CC2)/N=C/C3=CC=CC=C3C(=O)O,,
5347994,C1CN(CCN1C2=CC=CC=C2)/N=C/C3=CC=C(C=C3)C(=O)O,,
5348240,C1=CC=C(C(=C1)C(=O)O/N=C(/C2=CC=C(C=C2)[N+](=O)[O-])\N)F,,
5348419,COC1=CC=CC=C1/C=C/C(=O)C2=CC=C(C=C2)O,,
5348533,CCC1=CC2=C(C=C1O)OC(=O)C3=C2CCCC3,,
5348588,CCCC1=CC(=O)OC2=CC(=CC(=C12)O)C,,
5348723,C1=CC(=CC=C1C2=C(OC3=C(C2=O)C=CC(=C3)O)C(F)(F)F)Cl,,
5348729,CC1=C(C=CC2=C1OC(=O)C3=CC=CC=C23)O,,
5348732,COC1=CC=C(C=C1)C/C(=N/OC(=O)CCC2=CC=CC=C2)/N,,
5348770,C1=CC=C(C=C1)/C=C/C(=O)C2=C(C3=CC=CC=C3C=C2)O,,
5350173,COC1=CC=C(C=C1)C2=CC(=O)OC3=C2C=CC(=C3)O,,
5350510,COC1=CC=C(C=C1)C(=O)/C=C/C2=C(C=C(C=C2)OC)OC,,
5350689,CN1C(=C(C(=O)N(C1=O)C)[N+](=O)[O-])/C=C/C2=CC=C(C=C2)Cl,,
5350691,CCCOC1=CC=C(C=C1)/C=C/C2=C(C(=O)N(C(=O)N2C)C)[N+](=O)[O-],,
5350698,CCOC1=CC=C(C=C1)/C=C/C2=C(C(=O)N(C(=O)N2C)C)[N+](=O)[O-],,
5351036,CCOC(=O)CCC1=C(C2=C(C=C(C=C2)O)OC1=O)C,,
5351130,CC1C(C(C(C(O1)OC2=CC=CC3=C2C4=C5C6=C(C=CC(=C6C(=O)O4)C)OC(=O)C5=C3O)OC7C(C(C(C(O7)C)O)OC)O)O)O,,
5351204,C[C@H]1CCC/C=C/[C@@H]2C[C@@H](C[C@H]2[C@H](/C=C/C(=O)O1)O)O,,
5351216,CN1C(=O)C2=C(NC1=O)N=NC=N2,,
5351221,CC1=C(C2=C(C=C1)C(=O)N3C=C(C[C@H]3[C@H](N2)OC)/C=C/C(=O)N)O,,
5351234,COC1=C(C=C(C=C1)C2=CC(=O)C3=C(C=C(C=C3O2)O)O)OC,,
5351257,COC1=C2C(=C(C=C1)O)C(=O)C3=C(C=C4C(=C3O2)[C@@H]5C=CO[C@@H]5O4)OC,,
5351306,CC1=CC(=O)C(=C(C2=C1C[C@@H](CC2)C(=C)C)O)O,,
5351362,CC1=CC=C(C=C1)/C=C\2/C(=O)/C(=C/C3=CC=C(C=C3)C)/CNC2.Cl,,
5351363,CC1=CC=C(C=C1)/C=C\2/C(=O)/C(=C/C3=CC=C(C=C3)C)/CNC2,,
5351391,COC1=C(C=C(C=C1)/C=C/2\CC3=CC=CC=C3C2=O)OC,,
5351433,COC1=CC=C(C=C1)/C=C/2\CCCC3=CC=CC=C3C2=O,,
5351435,C=CC(=O)N1C/C(=C\C2=CC=C(C=C2)[N+](=O)[O-])/C(=O)/C(=C/C3=CC=C(C=C3)[N+](=O)[O-])/C1,,
5351456,CN1C=C(C=C1C(=O)NC2=CN(C(=C2)C(=O)NCCC(=N)N)C)NC(=O)CN=C(N)N.Cl,,
5351489,C[C@]12CC[C@H]3[C@H]([C@@H]1CCC2=O)CCC4=C3C=CC(=C4)OS(=O)(=O)O.[Na+],,
5351495,C[C@H]1[C@@H]([C@H]([C@H]([C@@H](O1)O[C@@H]2[C@H]([C@@H](O[C@H]([C@@H]2O)OC[C@@H]3[C@@H]([C@@H]([C@H]([C@@H](O3)OC4=C(OC5=CC(=CC(=C5C4=O)O)OC)C6=CC(=C(C=C6)O)O)O)O)O)C)O)O)O)O,,
5351506,C1=CC(=O)OC2=CC(=C(C=C21)OC3C(C(C(C(O3)CO)O)O)O)O,,
5351533,C/C=C(\C)/C(=O)OC1CCC2(C3C1(OC24CC5(C6CN7CC(CCC7C(C6(C(CC5(C4CC3)O)O)O)(C)O)C)O)O)C,,
5351560,CC1C(C(CC(O1)O[C@H]2[C@@H](CC3=C(C2=O)C(=C4C(=C3)C=C(C(=C4O)C)OC5CC(C(C(O5)C)OC(=O)C)OC6CC(C(C(O6)C)OC)O)O)[C@@H](C(=O)[C@H]([C@@H](C)O)O)OC)OC7CC(C(C(O7)C)O)OC8CC(C(C(O8)C)OC(=O)C)(C)O)O,,
5351564,C[N+]1([C@H]2CC(C[C@H]1[C@H]3[C@@H]2O3)OC(=O)[C@H](CO)C4=CC=CC=C4)[O-].Br,,
5351572,C[C@@H](/C=C(\C)/C=C)C(=O)C[C@@H](CC1CC(=O)NC(=O)C1)O,,
5351589,C1CCN2C[C@H]3C[C@@H]([C@H]2C1)CN4C3=CC=CC4=O,,
5351591,C/C=C\1/CC(C(C(=O)OCC2CCN3C2C(CC3)OC1=O)(C)O)C,,
5351619,C[N+](C)(C)[C@@H](CC1=CNC(=S)N1)C(=O)[O-],,
5351653,C1=CC(=CC(=C1)[Sb](=O)(O)O)/C=C/C(=O)O,,
5351737,C1=CC(=CC(=C1)O)/C=N/NC(=O)C2=CC=NC=C2,,
5351896,C(/C=C/CC(=O)O)C(=O)O,,
5351986,C1=CC=C2C(=C1)C3=CC=CC=C3C2=N/N=C/C4=CC=C(C=C4)C(=O)O,,
5351997,CC1C(C(C(C(O1)OCC2C(C(C(C(O2)OC3=C(OC4=CC(=CC(=C4C3=O)O)OC5C(C(C(C(O5)C)O)O)O)C6=CC=C(C=C6)O)O)O)O)O)O)O,,
5352000,CC1C(C(C(C(O1)OC2=C(OC3=CC(=CC(=C3C2=O)O)O)C4=CC(=C(C(=C4)O)O)O)O)O)O,,
5352001,COC1=CC=C(C=C1)C2=C(C(=O)C3=C(C=C(C=C3O2)O)O)OC,,
5352004,C[C@@H]1CCC/C=C/[C@H]2C[C@H](C[C@@H]2[C@H](/C=C/C(=O)O1)O)O,,
5352005,COC1=C(C=C(C=C1)C2=C(C(=O)C3=C(C=C(C=C3O2)OC)O)OC)OC,,
5352006,COC1=CC=C(C=C1)/C=C/NC=O,,
5352028,CC1=C(OC(=C(C1=O)C)OC)C2C/C(=C/C(=C/C(=C/C(=C/C3=CC=C(C=C3)[N+](=O)[O-])/C)/C)/C)/CO2,,
5352030,CC1CC(=O)OC[C@]23C[C@@H](C(=C[C@H]2O[C@@H]4C[C@H]([C@]3([C@@]45CO5)C)OC(=O)/C=C\C=C\C(OCC1O)C(C)O)C)O,,
5352032,COC1=C(C2=C(C=C1O)OC(=C(C2=O)OC)C3=CC=C(C=C3)O)O,,
5352033,C[C@@H]1CC([C@@]23C[C@@H]([C@@H]([C@H](O2)[C@@H](C)CC[C@@H](C4=CC(=CC=C4)O)OC)C)OC(=O)C[C@@H](OC(=O)C[C@@]1(O3)O)[C@@H](C)O)(C)C,,
5352042,C/C/1=C\CCC(=C)[C@H]2CC([C@@H]2CC1=O)(C)C,,
5352062,C/C=C\1/C(=O)N[C@H](C(=O)O[C@H]\2CC(=O)N[C@@H](C(=O)N[C@H](CSSCC/C=C2)C(=O)N1)C(C)C)C(C)C,,
5352072,CN1CCCCC1C2=C(C=C(C3=C2OC(=CC3=O)C4=CC=CC=C4)O)O,,
5352081,CC1=CC=C(OC1=O)/C(=C/C=C/C(=C\2/C(=O)C[C@@H]3[C@@]2(CC[C@@H]4[C@@]3(CC[C@@H](C4(C)C)OC(=O)C)C)C)/C)/C,,
5352082,CC1=CC=C(OC1=O)/C(=C/C=C/C(=C/2\C(=O)C[C@@H]3[C@@]2(CC[C@@H]4[C@@]3(CCC(=O)C4(C)C)C)C)/C)/C,,
5352083,CC1=CC=C(OC1=O)/C(=C/C=C/C(=C\2/C(=O)C[C@@H]3[C@@]2(CC[C@@H]4[C@@]3(CCC(=O)C4(C)C)C)C)/C)/C,,
5352084,C[C@H]1[C@@H](OC2=C(C1=O)C3=C(C(=CC(=O)O3)C4=CC=CC=C4)C5=C2C=CC(O5)(C)C)C,,
5352087,CC1(C=CC2=C(C(=C3C(=C2O1)C(=CC(=O)O3)C4=CC=CC=C4)C(=O)C5=CC=CC=C5)O)C,,
5352088,CC(=CC[C@H]1C[C@]2(C(=O)/C(=C(/C3=CC(=C(C=C3)O)O)\O)/C(=O)[C@](C2=O)(C1(C)C)CC=C(C)C)C[C@@H](CC=C(C)C)C(=C)C)C,,
5352091,CC(C)[C@@H](/C=C(\C)/C(=O)O)N(C)C(=O)[C@H](C(C)(C)C)NC(=O)[C@H](C(C)(C)C1=CNC2=CC=CC=C21)NC,,
5352092,CC(C)[C@@H](/C=C(\C)/C(=O)O)N(C)C(=O)[C@H](C(C)(C)C)NC(=O)[C@H](C(C)(C)C1=CN(C2=CC=CC=C21)C)NC,,
5352094,C[C@@H]1CC[C@]23[C@H]([C@]1(C)C/C=C(\C)/C=C)C[C@H](C=C2[C@H](O[C@H]3OC(=O)C)OC(=O)C)OC(=O)C4=CC=C(C=C4)O,,
5352095,C[C@@H]1CC[C@]23[C@H]([C@]1(C)C/C=C(\C)/C=C)C[C@H](C=C2[C@H](O[C@H]3OC(=O)C)OC(=O)C)OC(=O)C4=CC(=C(C=C4)O)OC,,
5352115,COC1=C(C=CC(=C1)CCNC(=O)/C=C/C2=CC(=C(C=C2)O)OC)O,,
5352127,COC1=CC=CC=C1N2CCN(CC2)CCN(C3=NC=CC=N3)C(=O)C4=CC=C(C=C4)[18F],,
5352133,C1CC(C1)(C(=O)O)C(=O)O.N.N.[Pt+2],,
5352142,CC1=C(C(CCC1)(C)C)/C=C/C=O,,
5352162,CCCC(=O)OC/C=C(/C)\CCC=C(C)C,,
5352267,CCCCCCCC(=O)OCC/C=C\CC,,
5352274,COC(=O)/C=C\Cl,,
5352331,CCCC(=O)OCC/C=C/CC,,
5352371,CCCCC/C=C\CCC(=O)OC,,
5352428,CCCCC/C=C\CC1CCC(=O)O1,,
5352429,CCCCCC1C(O1)/C=C/C=O,,
5352438,CCCC(=O)OCC/C=C\CC,,
5352448,CCC/C=C\C=C\CCCCCCC=O,,
5352450,CCCCOC(=O)/C(=C/C)/C,,
5352459,CCC/C=C/COC(=O)C(C)CC,,
5352460,CCC/C=C/COC(=O)CC(C)C,,
5352461,CCC/C=C/COC(=O)CCC,,
5352463,CCC/C=C/COC(=O)CC,,
5352481,CC(=O)/C=C/C12C(CCCC1(O2)C)(C)C,,
5352539,CC/C=C\CCOC(=O)C(C)C,,
5352540,CCCCCC/C=C/OC(=O)C,,
5352543,CCCCCC(=O)OCC/C=C\CC,,
5352557,CC/C=C/CCOC(=O)C,,
5352601,CC/C=C/CCOC(=O)C1=CC=CC=C1,,
5352624,CC\1=C(C2=C(/C1=C\C3=CC=C(C=C3)SC)C=CC(=C2)F)CC(=O)O,,
5352626,CC/C=C\CC1CCCC(=O)O1,,
5352674,CCCC/C=C\CCCCCCCC(=O)OC,,
5352705,C/C=C\C#CC#CCCCOC(=O)CC(C)C,,
5352711,CC1=C(C(CC=C1)(C)C)/C=C/C(=O)C,,
5352715,CCCCCCCCCCCC(=O)OC/C=C(\C)/C=C/C=C(\C)/C=C/C1=C(CCCC1(C)C)C,,
5352768,CCCCC/C=C\C(=O)OCC,,
5352770,CCC/C=C\CCC(=O)OCC,,
5352774,CCC/C=C\CCC(=O)OC,,
5352779,CC/C=C\CCC(=O)C,,
5352798,CCOC(=O)CC/C=C/CC=C,,
5352799,CCC/C=C/CCC(=O)OCC,,
5352808,CC/C=C\C/C=C\CC=O,,
5352830,CCCCC/C=C\CCCOC(=O)C,,
5352838,CC/C=C\CCCCOC(=O)C,,
5352849,COC(=O)/C=C(/C(=O)OC)\Cl,,
5352860,CCCCC/C=C\C/C=C\CCCCCCCC(=O)OC(C)C,,
5352874,CC/C=C/CC(=O)C=C,,
5352876,CC/C=C/C=C/C(=O)C,,
5352899,CCC/C=C/1\C2=CC=CC=C2C(=O)O1,,
5352910,COC(=O)/C=C/C1=CC(=CC=C1)O,,
5352972,CCC/C=C/COC=O,,
5352973,CCCCCC(=O)OC/C=C/CCC,,
5352974,CCCCC(=O)OC/C=C/CCC,,
5352975,CCCCCC(=O)OCC/C=C/CC,,
5352977,CC/C=C/CCOC(=O)CC,,
5353001,C/C=C/C=C\CC/C=C/C(=O)NCC(C)C,,
5353011,CC(=CCC/C(=C/COC(=O)C1=CC=CC=C1)/C)C,,
5353259,C1=CC(=C(C=C1/C=C/C2=C(C=CC(=C2)O)O)C(=O)O)O,,
5353264,CCCCCCCC/C=C/CCCCCCCC(=O)OCC(CO)OC(=O)C,,
5353269,CCCCC/C=C/CC1C(O1)C/C=C/C/C=C/CCCC(=O)O,,
5353272,CCCCC/C=C/CC(/C=C/C=C/C/C=C/CCCC(=O)O)O,,
5353279,CCCCCC1C(O1)C/C=C/C/C=C/C/C=C/CCCC(=O)O,,
5353310,CCCCC/C=C/C/C=C/C/C=C/C/C=C/CCCC(=O)OC(CO)CO,,
5353351,CCCCC/C=C/C/C=C/C/C=C/CC1C(O1)CCCC(=O)O,,
5353357,C1=CC=C(C=C1)C2=CC(=O)C3=CC(=C(C=C3O2)O)O,,
5353365,CN1C(=NC2=C1C(=O)N(C(=O)N2C)C)/C=C/C3=CC(=CC=C3)Cl,,
5353370,CCCCCCCC/C=C/CCCCCCCC(=O)N,,
5353376,CCCCCC1=CC=C(C=C1)/C=C/C(=O)NC2=CC=CC=C2C(=O)O,,
5353395,CC(C)(/C=N\OC(=O)NC)SC,,
5353401,CCCCCC(/C=C/C1C(CC(=O)C1CCCCCCC(=O)O)O)O,,
5353408,CCCCC/C=C/C/C=C/C/C=C/C/C=C/CCCC(=O)NCCO,,
5353439,CC\1=C(/C(=C/C2=C(C(=C(N2)/C=C\3/C(=C(C(=O)N3)C)C=C)C)CCC(=O)O)/N/C1=C/C4=NC(=O)C(=C4C)C=C)CCC(=O)O,,
5353446,CC1CCC/C=C\C2CC(CC2C(/C=C\C(=O)O1)O)O,,
5353447,CC1CC2C(CC3(C(O2)CC4C(O3)C(=CC(=O)O4)C)C)OC5C1OC6CC7C(CC8C(O7)(C/C=C\C9C(O8)CC1C(O9)CC2C(O1)(C(CC(O2)CC(=C)C=O)O)C)C)(OC6(CC5)C)C,,
5353448,CC1CC2C(CC3(C(O2)CC4C(O3)C(=CC(=O)O4)C)C)OC5C1OC6CC7C(CC8C(O7)(C/C=C\C9C(O8)CC1C(O9)CC2C(O1)(C(CC(O2)CC(=C)CO)O)C)C)(OC6(CC5)C)C,,
5353454,CC(/C=C/C1=CC(=CC=C1)OC2=CC=C(C=C2)F)N(C(=O)N)O,,
5353456,CCCCCCCCCCCCCCCC(=O)NC(CO)C(/C=C/CCCCCCCCCCCCC)O,,
5353470,COC1=CC(=C(C=C1)C(=O)/C=C/C2=CC(=C(C=C2)O)O)O,,
5353484,C1=CC(=CC(=C1)C(=O)NO)/C=C/C(=O)NO,,
5353505,C/C=C/C1=C(N2C(C(C2=O)NC(=O)C(C3=CC=C(C=C3)O)N)SC1)C(=O)O,,
5353545,CC(=O)OC(C)(C)/C=C/C(=O)C(C)(C1C(CC2(C1(CC(=O)C3(C2CC=C4C3CC(C(=O)C4(C)C)O)C)C)C)O)O,,
5353546,CC1(C2=CCC3C4(CC(C(C4(CC(=O)C3(C2CC(C1=O)O)C)C)C(C)(C(=O)/C=C/C(C)(C)O)O)O)C)C,,
5353548,CC1(C2=CCC3C4(CC(C(C4(CC(=O)C3(C2C=C(C1=O)O)C)C)C(C)(C(=O)/C=C/C(C)(C)O)O)O)C)C,,
5353586,CCCCCC(/C=C/C1C(CC(C1C/C=C/CCCC(=O)O)O)O)O,,
5353587,CCCCCC(/C=C/C1C(CC(=O)C1C/C=C/CCCC(=O)O)O)O,,
5353588,CC1C(C(C(C(O1)OCC2C(C(C(C(O2)OC3=CC(=C4C(=C3)OC(=CC4=O)C5=CC(=C(C=C5)OC)O)O)O)O)O)O)O)O,,
5353593,CN(C)C1=CC=C(C=C1)/C=C/2\C3=CC=CC=C3NC2=O,,
5353594,CC/C=C/C/C=C/C/C=C/C/C=C/C/C=C/C/C=C/CCC(=O)O,,
5353609,COC(=O)/C=C/C1=C(C=CC(=C1)O)O,,
5353623,CC(=CCC/C(=C/CC/C(=C/CSCC(=O)O)/C)/C)C,,
5353627,CC(C)N1C2=CC=CC=C2C(=C1/C=C/C(CC(CC(=O)O)O)O)C3=CC=C(C=C3)F,,
5353634,CC(=CCC1C(O1)(C)C2C(C(CCC23CO3)OC(=O)/C=C/C=C/C=C/C=C/C(=O)O)OC)C,,
5353639,CC(=CCCC1(C=CC2=C(C3=C(C(=C2O1)CC=C(C)C)OC45C6CC(C=C4C3=O)C(=O)C5(OC6(C)C)C/C=C(/C)\C(=O)O)O)C)C,,
5353640,CCCCC/C=C/C/C=C/C/C=C/CCCCC(=O)O,,
5353678,COC1=CC(=C(C(=C1)OC)/C=C\2/C3=CC=CC=C3NC2=O)OC,,
5353734,CCCCCCCC/C=C/CCCCCCCC(=O)OCC(COP(=O)(O)[O-])O.[Na+],,
5353737,CC(=CCC1=C(C(=C(C2=C1OC3=CC(=C(C=C3C2=O)O)O)O)C(C)(C)C=C)O)C,,
5353738,CC(=CCC1=C(C(=C(C2=C1OC3=C(C2=O)C=CC(=C3O)O)O)C(C)(C)C=C)O)C,,
5353758,C/C(=N\OC(=O)NC)/SC,,
5353760,CC(CCCC(C)(C)OC)C/C=C/C(=C/C(=O)O)/C,,
5353788,CCO/C(=N/C1=C[N+](=NO1)N2CCOCC2)/[O-],,
5353800,CN(C)C(=O)/N=N/C(=O)N(C)C,,
5353830,C1C(=O)NC(=O)N1/N=C\C2=CC=C(O2)[N+](=O)[O-],,
5353844,CC1CCC2(CCCCO2)OC1C(C)CC(C3C(=C)C(C4C(O3)CCC5(O4)CCC(O5)/C=C/C(C)C6CC(=CC7(O6)C(CCC(O7)CC(C)(C(=O)O)O)O)C)O)O,,
5353852,C1=CC=C(C=C1)S(=O)(=O)NC2=CC=CC(=C2)C#C/C=C/C(=O)NO,,
5353911,COC1=C(C=C(C2=C1OC=C(C2=O)C3=CC=C(C=C3)O)O)O,,
5353914,CC(=CCC/C(=C/CC1=CNC(=C1)C(=O)O)/C)C,,
5353915,CC1C(C(C(C(O1)OC2=C(OC3=CC(=CC(=C3C2=O)O)O)C4=CC(=C(C=C4)O)O)O)O)O,,
5353919,C1=CC2=C(C=C1I)/C(=C\C3=CC(=C(C(=C3)Br)O)Br)/C(=O)N2,,
5353953,CCCCCCCCCCCCCCCCCC(=O)NC(COP(=O)([O-])OCC[N+](C)(C)C)C(/C=C/CCCCCCCCCCCCC)O,,
5353959,CC1C/C=C\C=C/C(C(CC(C(C(C(CC(=O)O1)O)OC)OC2C(C(C(C(O2)C)OC3CC(C(C(O3)C)O)(C)O)N(C)C)O)CC=O)C)OC4CCC(C(O4)C)N(C)C,,
5354022,C/C(=C/C1=CC=C(C=C1)C(=O)O)/C2=CC3=C(C=C2)C(CCC3(C)C)(C)C,,
5354062,C1=CC=C(C=C1)C(=O)/C=C/C2=CN=CC=C2,,
5354064,C1=CC=NC(=C1)/C=C/C(=O)C2=CC=C(C=C2)N,,
5354071,C1=CC=C(C=C1)/C=C/C(=O)C2=CC=C(C=C2)N,,
5354119,C1=CC=C(C=C1)/C=C/C(=O)C2=CC=CC=N2,,
5354133,CCCCCC[C@H](C/C=C\CCCCCCCC(=O)OC)O,,
5354135,C1=CC(=CC=C1/C=C/C=O)[N+](=O)[O-],,
5354136,COC(=O)/C=C/C1=CC(=CC=C1)[N+](=O)[O-],,
5354137,COC(=O)/C=C/C1=CC=C(C=C1)[N+](=O)[O-],,
5354164,C1=CC=C(C=C1)C(=O)/C=C/C2=CC=CO2,,
5354171,CCCCCC[C@H](C/C=C\CCCCCCCC(=O)OCCCC)OC(=O)C,,
5354172,CCCCCC[C@H](C/C=C\CCCCCCCC(=O)OCC(C)O)O,,
5354173,CCO/C(=C/C(=O)OCC)/C,,
5354175,CCCCCC[C@H](C/C=C\CCCCCCCC(=O)OCCCC)O,,
5354176,CCCCCC[C@H](C/C=C\CCCCCCCC(=O)OC)OC(=O)C,,
5354238,CC(=O)/C=C/C1=CC(=C(C=C1)O)OC,,
5354248,CCOC(=O)/C=C/C1=CC(=CC=C1)[N+](=O)[O-],,
5354261,C1=CC=C(C=C1)/C=C/C(=O)Cl,,
5354263,CCOC(=O)/C=C\C,,
5354264,CCC/C=C(\CC)/C=O,,
5354265,CCCCCCCC/C=C\CCCCCCCC(=O)O.CCCCNCCCC,,
5354266,C=CCOC(=O)/C=C\C(=O)OCC=C,,
5354268,CCCCCC[C@H](C/C=C\CCCCCCCC(=O)OCCOCCO)O,,
5354270,CCCCCCCC/C=C\CCCCCCCC(=O)OCC1CCCO1,,
5354284,CC1=CC(=O)OC2=CC(=CC(=C12)O)O,,
5354304,C/C=C/C(=O)OCCC1=CC=CC=C1,,
5354318,C1CCC(CC1)OC(=O)/C=C\C(=O)OC2CCCCC2,,
5354342,CCCCCCCC/C=C\CCCCCCCC(=O)OCCCC,,
5354357,CCCCCC[C@H](C/C=C\CCCCCCCC(=O)OCCO)O,,
5354359,C/C=C/C(=O)OC(C)C,,
5354448,CC(C)C(=O)/C=C/C1=CC=CC=C1,,
5354456,COC(=O)/C=C\C(=O)O,,
5354457,CCOC(=O)/C=C\C(=O)O,,
5354467,CN(C)C1=CC=C(C=C1)/C=C/C(=O)C2=C(C=CC(=C2)Cl)O,,
5354486,CC/C(=C\C)/C(=O)NC(=O)N,,
5354487,C/C=C/C(=O)N,,
5354491,CC(C)CC(=O)/C=C/C1=CC=CC=C1,,
5354492,C1OC2=C(O1)C=C(C=C2)/C=C/C(=O)C3=CC=CC=C3,,
5354494,COC1=C(C=C(C=C1)/C=C/C(=O)C2=CC=CC=C2)OC,,
5354503,CC[C@H](CC[C@@H](C)[C@H]1CC[C@@H]2[C@@]1(CC[C@H]3[C@H]2CC=C4[C@@]3(CC[C@@H](C4)OC(=O)C)C)C)C(C)C,,
5354554,COC1=CC=C(C=C1)C(=O)/C=C/C2=CC=CC=C2Cl,,
5354568,CCCCCCCC/C=C\CCCCCCCC(=O)OCC1CO1,,
5354590,CCCCCCCC/C=C\CCCCCCCC(=O)NC1=CC=CC=C1,,
5354605,CCCCC(CC)/C=C\C(=O)O,,
5354625,CCCCCCCCCCCCCC/C=C/C1CC(=O)OC1=O,,
5354626,CCCCCCCCCCCCCCCC/C=C/C1CC(=O)OC1=O,,
5354661,C/C(=C\C(=O)O)/C1=CC=CC=C1,,
5354677,CC(=O)OC1=C(C=C(C=C1)/C=C/C(=O)O)OC,,
5354780,COC1=CC(=C(C(=C1C(=O)/C=C/C2=CC=CC=C2)O)OC)OC,,
5354789,C1=CC2=C(NC=C2CC(C(=O)O)N)N=C1,,
5354806,CCCCCCC/C=C/C1CC(=O)OC1=O,,
5354833,CCCCCC/C=C\C=O,,
5354834,CCCCCCC/C=C\C=O,,
5354846,CCCCCCCCCCCCOC(=O)/C=C\C(=O)OCCCCCCCCCCCC,,
5354882,CC(=CCC/C(=C\COC=O)/C)C,,
5354883,C1=CC=C(C=C1)/C=C/COC=O,,
5354896,C/C(=C/C1=CC=CC=C1)/C=O,,
5354897,CC(C)C1=CC=C(C=C1)/C=C/C=O,,
5354903,CC(=O)/C=C/C1CCCCC1,,
5354980,C1=CC=C2C(=C1)C3=CC(=C4C5=C(C=CC(=C35)C2=O)C6=C7C4=C(C=C8C7=C(C=C6)C(=O)C9=CC=CC=C98)O)O,,
5354981,C1=CC=C(C=C1)C(=O)NC2=C3C(=C(C=C2)NC4=CC=CC5=C4C(=O)C6=C(C5=O)C(=CC=C6)NC(=O)C7=CC=CC=C7)C(=O)C8=CC=CC=C8C3=O,,
5354998,CC(C)/C=C\C=O,,
5355018,C1OC2=C(O1)C=C(C=C2)/C=C\C=O,,
5355019,CCCSS/C(=C(\C)/N(CC1=CN=C(N=C1N)C)C=O)/CCO,,
5355030,COC(=O)/C=C\C(=O)NC(=O)N,,
5355054,C1=NC(=C2C(=N1)NC(=O)N2)N,,
5355079,CC1=C(C(=O)OC2=C1C=CC(=C2)O)Cl,,
5355095,COC1=CC=C(C=C1)C(=O)/C=C/C(=O)O,,
5355128,CC(C)OC(=O)/C=C/C1=CC=C(C=C1)OC,,
5355130,CCCCC(CC)COC(=O)/C=C/C1=CC=C(C=C1)OC,,
5355152,CC/C=C\CC(=O)O,,
5355204,C1=CC=C(C=C1)/C=C/C(=O)C2=CC=C(C=C2)Br,,
5355213,CC1=CC(=C2C(=CC(=O)OC2=C1)C)O,,
5355219,C1=CC=C2C(=C1)C(=CN2)/C=C\C(=O)O,,
5355254,CCCC(=O)OC/C=C/C1=CC=CC=C1,,
5355255,CCC1=C(C(=C2C(=C1O)C(=O)C3=CC(=C(C(=C3C2=O)C(=O)O)C(=O)O)O)O)C(=O)C,,
5355258,C[C@H]([C@@](C(C)C)(C(=O)OCC1=CC[N+]2([C@H]1[C@H](CC2)O)[O-])O)OC,,
5355293,C1CCC/C=C\CCCCCCOC(=O)CCC1,,
5355309,CC1=CC(=O)C2=C(O1)C=C(C=C2)O,,
5355330,C=CCOC(=O)/C=C/C(=O)OCC=C,,
5355335,C(=C(/C(=O)O)\Cl)\Cl,,
5355366,C/C=C\C=C\C(=O)OC,,
5355370,CCCCCCCCCCCC/C=C\CC(=O)O,,
5355412,CN1CC[C@]23CC(=O)CC[C@H]2[C@H]1CC4=C3C(=C(C=C4)OC)O,,
5355414,COC(=O)/C=C/C1=CC=CO1,,
5355469,COC1=CC=C(C=C1)/C=C/C(=O)C2=C(C=C(C=C2OC)OC)O,,
5355477,CC1=CC(=C(C(=C1)C)C(=O)/C=C/C2=CC=CC=C2)C,,
5355510,C/C=C(/C=O)\Cl,,
5355549,C1=CC=C(C=C1)/C=C/C(=O)C2=CN=CC=C2,,
5355550,C1=CC=C(C=C1)/C=C/C(=O)C2=CNC3=CC=CC=C32,,
5355551,C1=CC=C(C=C1)/C=C/C(=O)C2=CC3=CC=CC=C3C=C2,,
5355594,COC1=CC=C(C=C1)/C=C/C(=O)C2=CC=C(C=C2)O,,
5355635,C1=CC=C(C=C1)/C=C/C(=O)NO,,
5355656,C(=C\C(=O)N)\C(=O)N,,
5355684,COC1=C(C=C(C=C1)/C=C/C(=O)C2=CC(=C(C=C2)OC)OC)OC,,
5355715,C/C(=C/C(=O)OC)/C(=O)OC,,
5355751,C/C(=C/C(=O)C)/N,,
5355833,CC1=C(N=C2C(=N1)C(=O)NC(=S)N2)C,,
5355836,CC1=CC(=O)OC2=C1C=CC(=C2O)O,,
5355845,C1=CC=C(C(=C1)C(=O)/C=C/C2=CC=CO2)O,,
5355850,CCC(=O)OC/C=C/C1=CC=CC=C1,,
5355851,CC(C)C(=O)OC/C=C/C1=CC=CC=C1,,
5355853,CCC(=O)OC/C=C(\C)/CCC=C(C)C,,
5355854,CCCCCOC(=O)/C=C/C1=CC=CC=C1,,
5355855,CC(C)CC(=O)OC/C=C/C1=CC=CC=C1,,
5355856,CCCC(=O)OC/C=C(\C)/CCC=C(C)C,,
5355858,CC(=CCCC(C)(C=C)OC(=O)/C=C/C1=CC=CC=C1)C,,
5355863,C/C(=C\C(=O)OC)/OP(=O)(OC)OC,,
5355888,COC1=CC=C(C=C1)/C=C/C(=O)C2=C(C=CC(=C2)O)O,,
5355899,COC1=C(C=CC(=C1)CC=C)OC(=O)/C=C/C2=CC=CC=C2,,
5356048,C1=CC=C(C(=C1)C(=O)/C=C/C2=CN=CC=C2)O,,
5356057,CN(C)C1=CC=C(C=C1)C(=O)/C=C/C2=CC=CC=C2,,
5356106,CCCCCCCC/C=C\CCCCCCCC(=O)OCCC,,
5356108,CCCCCCCC/C=C\CCCCCCCC(=O)OC(C)C,,
5356121,COC1=CC(=C(C(=C1)OC)C(=O)/C=C/C2=CC=CC=C2)O,,
5356259,C/C=C/C(=O)OCC1=CC=CC=C1,,
5356261,CCCCCC(=O)OC/C=C/C1=CC=CC=C1,,
5356337,C1=CC(=CC=C1/C=C/C(=O)C2=C(C=CC(=C2)Cl)O)Cl,,
5356352,C/C=C(/C)\C(=O)OC,,
5356375,CC(C)(C)NC(=O)/C=C\C(=O)O,,
5356392,CC1C/C=C/C=C/C(C(CC(C(C(C(CC(=O)O1)O)OC)OC2C(C(C(C(O2)C)OC3CC(C(C(O3)C)O)(C)O)N(C)C)O)CC=O)C)OC4CCC(C(O4)C)N(C)C,,
5356398,C(=C\C(=O)O)\C(=O)NC(=O)N,,
5356421,CCCCCC1C(O1)C/C=C\CCCCCCCC(=O)O,,
5356448,C1=CC=C(C=C1)/C=C/C(=O)NN,,
5356520,CN1CCN(CC1)C(=O)/C=C/C2=CC=C(O2)[N+](=O)[O-],,
5356572,C/C=C\C(=O)C,,
5356585,CC(=O)/C=C/C1=CC=CC=C1O,,
5356590,CC(=O)OC1=C(C=C(C=C1)C2=C(C(=O)C3=C(C=C(C=C3O2)OC(=O)C)O)OC(=O)C)OC(=O)C,,
5356596,CCCCCCC/C=C\C(=O)O,,
5356597,CC1=CC(=O)OC2=C1C=CC(=C2C)O,,
5356609,C12=C(NC(=O)N1)N=C(N=C2Cl)Cl,,
5356626,C1=CC=NC(=C1)/C=C/C(=O)O,,
5356628,CC1=C(C(=O)OC2=C1C=CC(=C2)O)C3=CC=CC=C3,,
5356652,CN1CCC(C1)OC(C2=CC=CC=C2)C3=CC=C(C=C3)Cl.C(=C\C(=O)O)\C(=O)O,,
5356726,CCCCOC(=O)/C=C\C(=O)O,,
5356787,CC1=CCCC(C1/C=C(/C)\C(=O)C)(C)C,,
5356793,C(=C/C(=O)O)\C=C\C(=O)O,,
5356908,CCCCCCOC(=O)/C=C\C,,
5356959,CCCCCCCC/C=C\CCCCCCCC(=O)N(C)C,,
5357002,C/C=C(\C)/C(=O)OCCC1=CC=CC=C1,,
5357078,CC(C)OC(=O)/C=C/C(=O)OC(C)C,,
5357153,C1CCC(CC1)OC(=O)/C=C/C2=CC=CC=C2,,
5357155,CC(=O)NC1=CC=C(C=C1)/C=C/C(=O)O,,
5357211,C/C(=N\NC(=S)N)/C(=O)O,,
5357218,C1=CC=C(C(=C1)C(=O)/C=C/C2=CC=C(C=C2)O)O,,
5357280,C1=CC(=CC=C1/C=C/C(=O)O)C=O,,
5357283,COC1=C(C=CC(=C1)/C=C/C(=O)OC)O,,
5357345,COC1=C(C(=C(C=C1)C(=O)/C=C/C2=CC=C(C=C2)O)O)OC,,
5357388,CCCCCC/C=C\C(=O)OC,,
5357417,C1=CC=C(C(=C1)/C=N\NC(=O)C2=CC=CC=C2Cl)Cl,,
5357476,C1=CC=C(C=C1)C(=O)/C=C/C2=CC=NC=C2,,
5357479,C1=CC=C(C=C1)C2=CC(=O)OC3=C2C=CC(=C3)O,,
5357488,COC1=CC=C(C=C1)/C=C/C(=O)C2=C(C=C(C=C2)OC)O,,
5357627,CC1=C(C(=O)OC2=C1C=CC(=C2)O)C3=CC=C(C=C3)OC,,
5357650,C1=CC=C(C=C1)/C=C/C(=O)N2C=CN=C2,,
5357659,COC1=CC=C(C=C1)/C=C/C(=O)C2=CC=C(C=C2)Br,,
5357660,CC1=CC=C(C=C1)/C=C/C(=O)C2=CC=C(C=C2)C,,
5357661,CCC(=O)/C=C/C1=CC=CC=C1O,,
5357688,COC(=O)/C=C/C1=CC=NC=C1,,
5357698,COC1=CC=CC2=CC(=C(C(=C2C1=O)O)OC)OC,,
5358230,CC1C2CC(C(/C=C/C=C(/CC3=CC(=C(C(=C3)OC)Cl)N(C(=O)CC(C4(C1O4)C)O)C)\C)OC)(NC(=O)O2)O,,
5358271,C1CCCCCC(=O)OCCC/C(=N/O)/CCCC1,,
5358355,CCCC/C=C\C(=O)O,,
5358363,CCCC/C=C/C(=O)OCC,,
5358381,C1=CC=C(C=C1)C(=O)/C=C/C2=CC(=CC=C2)O,,
5358385,C1=C2C(=CC(=C1O)O)OC3=C(C2=O)C(=C(C(=C3)O)C4C(C(C(C(O4)CO)O)O)O)O,,
5358393,CC(=C)C(=O)O[C@H]1C[C@@]2(C(=O)C=C(O2)/C(=C\[C@@H]3[C@@H]1C(=C)C(=O)O3)/CO)C,,
5358550,C/C=C(\C)/C1=CC(=C(C(=O)O1)C)OC,,
5358572,COC1=CC=C(C=C1)C(=O)/C(=C\C(=O)O)/Br,,
5358691,CCCCC/C=C/C=C/[C@]12O[C@@H]3[C@@H]4[C@H]5[C@](O5)([C@H]([C@]6([C@H]([C@@]4(O1)[C@@H]([C@H]([C@@]3(O2)C(=C)C)OC(=O)C7=CC=CC=C7)C)C=C(C6=O)C)O)O)CO,,
5358751,CCCCCC(C1C(CC(CC(CC(CC(CC(C(C(/C(=C/C=C/C=C/C=C/C=C/C(C(OC1=O)C)O)/C)O)O)O)O)O)O)O)O)O,,
5358812,CN1CCN(CC1)C2CC3=CC=CC=C3SC4=C2C=C(C=C4)SC.C(=C\C(=O)O)\C(=O)O,,
5358846,CC(=CCC1=C2C(=C(C3=C1OC=C(C3=O)C4=CC(=C(C=C4)O)O)O)C=CC(O2)(C)C)C,,
5358847,CC(=CCC1=C2C(=C(C3=C1OC=C(C3=O)C4=C(C=C(C=C4)O)O)O)C=CC(O2)(C)C)C,,
5358858,C/C(=C\COC1=CC2=C(C=C1)C=CC(=O)O2)/CCC(=O)C(C)(C)O,,
5358902,CCOC(=O)/C=C/C(=O)O,,
5358907,CN1CC(C2=C(C1)C(=CC=C2)N)C3=CC=CC=C3.C(=C\C(=O)O)\C(=O)O,,
5358913,COC1=CC=C(C=C1)C2=COC3=CC(=CC(=C3C2=O)O)OC4C(C(C(C(O4)CO)O)O)O,,
5359036,CC1=CC2=CC(=C(C(=C2C(=O)O1)O)OC)O,,
5359160,C1=CC=C2C(=C1)C(=O)C3=C(C2=O)C(=C(C=C3)C(=O)NC4=C5C(=C(C=C4)NC(=O)C6=C(C7=C(C=C6)C(=O)C8=CC=CC=C8C7=O)N)C(=O)C9=CC=CC=C9C5=O)N,,
5359254,CN(CC(=O)O)/C(=N\P(=O)(O)O)/N,,
5359353,C[C@]12C(=O)CC[C@@H]3[C@]14CCN([C@@H]3CC5=C4C(=C(C=C5)O)O2)C,,
5359390,CN1CC[C@]23[C@@H]4C(=O)CC[C@]2([C@H]1CC5=C3C(=C(C=C5)O)O4)O.Cl,,
5359407,CC1(CC2=C(CO1)C(=O)C3=C(O2)C=C(C(=C3C(=O)O)O)O)O,,
5359485,CC1=CC(=CC2=C1C3=C(C(=CC(=C3)O)O)C(=O)O2)O,,
5359563,C/C(=N\NC(=O)C1=CC=NC=C1)/C(=O)O,,
5359742,C/C(=N\NC(=O)N)/C1=CC=CC=C1,,
5359853,C/C(=C/C(=O)C)/O.C/C(=C/C(=O)C)/O.[Ni],,
5359997,C1=CC=C2C(=C1)C(=CC=C2S(=O)(=O)[O-])N/N=C\3/C=C(C(=O)/C(=N/NC4=CC=C(C5=CC=CC=C54)S(=O)(=O)[O-])/C3=O)CO.[Na+].[Na+],,
5360237,CC1C(C(C(C(O1)OCC2C(C(C(C(O2)OC3=C(OC4=CC(=CC(=C4C3=O)O)OCCO)C5=CC(=C(C=C5)OCCO)OCCO)O)O)O)O)O)O,,
5360373,CC1=C(N=C(N=C1N)[C@H](CC(=O)N)NC[C@@H](C(=O)N)N)C(=O)N[C@@H]([C@H](C2=CN=CN2)OC3C(C(C(C(O3)CO)O)O)OC4C(C(C(C(O4)CO)O)OC(=O)N)O)C(=O)N[C@H](C)[C@H]([C@H](C)C(=O)N[C@@H]([C@@H](C)O)C(=O)NCCC5=NC(=CS5)C6=NC(=CS6)C(=O)NCCC[S+](C)C)O,,
5360487,C1=CC(=CC=C1CCO)NC2=C3C(=C(C=C2)O)C(=O)C4=C(C=CC(=C4C3=O)[N+](=O)[O-])O,,
5360515,C1CC1CN2CC[C@]34[C@@H]5C(=O)CC[C@]3([C@H]2CC6=C4C(=C(C=C6)O)O5)O,,
5360521,C/C(=N/OC(=O)NC)/SC,,
5360596,CCC1=C(C2=CC3=C(C(=C(N3)C=C4C(C(C(=N4)C(=C5C(=C(C(=N5)C=C1N2)C)C(=O)O)CC(=O)O)CCC(=O)O)C)C)C=C)C,,
5360621,CN1CC[C@]23[C@@H]4[C@H]1CC5=C2C(=C(C=C5)O)O[C@H]3[C@H](C=C4)O[C@H]6[C@@H]([C@H]([C@@H]([C@H](O6)C(=O)O)O)O)O,,
5360741,CC1=CC(=CC2=C1C3=C(C(=CC(=C3)OC)O)C(=O)O2)O,,
5360776,CCCCCCCCCCCC(=O)O[C@@]1([C@@H]([C@H]([C@@H]([C@H](O1)CO)O)O)O)[C@@]2([C@H]([C@@H]([C@H](O2)CO)O)O)CO,,
5360807,CC[C@H]([C@@H]1[C@H](C[C@@](O1)(CC)[C@H]2CC[C@@]([C@@H](O2)C)(CC)O)C)C(=O)[C@@H](C)[C@H]([C@H](C)CCC3=C(C(=C(C=C3)C)O)C(=O)O)O,,
5360827,CCCCCCCCCCCCCCCCCC(=O)O[C@@H]1[C@H]([C@@H]([C@H](O[C@]1([C@@]2([C@H]([C@@H]([C@H](O2)CO)O)O)CO)OC(=O)CCCCCCCCCCCCCCCCC)CO)O)O,,
5361202,CO/N=C(\C1=CC=CO1)/C(=O)N[C@H]2[C@@H]3N(C2=O)C(=C(CS3)COC(=O)N)C(=O)O,,
5361250,CCNC(=O)NC(=O)/C(=N\OC)/C#N,,
5361514,CC(C)[C@H](C1=CC=C(C=C1)Cl)C(=O)O[C@@H](C#N)C2=CC(=CC=C2)OC3=CC=CC=C3,,
5361871,CC1=C(SC(=N1)SCC2=C(N3[C@@H]([C@@H](C3=O)NC(=O)/C(=N\OC)/C4=CSC(=N4)N)SC2)C(=O)O)CC(=O)O,,
5361881,C[C@H]1[C@@H]2CC[C@H](C[C@H]2C3=C(N1)C=C(C=C3OC(=O)C)O[C@H](C)CCCC4=CC=CC=C4)O,,
5361917,C[N+]1(CC[C@]23[C@@H]4C(=O)CC[C@]2([C@H]1CC5=C3C(=C(C=C5)O)O4)O)CC6CC6.[Br-],,
5361918,C[N+]1(CC[C@]23[C@@H]4C(=O)CC[C@]2([C@H]1CC5=C3C(=C(C=C5)O)O4)O)CC6CC6,,
5361919,CN1C(=NC(=O)C(=O)N1)SCC2=C(N3[C@@H]([C@@H](C3=O)NC(=O)/C(=N/OC)/C4=CSC(=N4)N)SC2)C(=O)O,,
5362065,C=CC1=C(N2[C@@H]([C@@H](C2=O)NC(=O)/C(=N\OCC(=O)O)/C3=CSC(=N3)N)SC1)C(=O)O,,
5362114,CC1=NN(N=N1)CC2=C(N3[C@@H]([C@@H](C3=O)NC(=O)/C(=N\OC)/C4=CSC(=N4)N)SC2)C(=O)OCOC(=O)C(C)(C)C,,
5362115,CCOC(=O)[C@H](CCC1=CC=CC=C1)N[C@@H](C)C(=O)N(CC(=O)O)C2CC3=CC=CC=C3C2.Cl,,
5362116,CCOC(=O)[C@H](CCC1=CC=CC=C1)N[C@@H](C)C(=O)N(CC(=O)O)C2CC3=CC=CC=C3C2,,
5362118,C1C[C@H](N(C1)C(=O)[C@H](CCCCN)N[C@@H](CCC2=CC=CC=C2)C(=O)O)C(=O)O.O.O,,
5362119,C1C[C@H](N(C1)C(=O)[C@H](CCCCN)N[C@@H](CCC2=CC=CC=C2)C(=O)O)C(=O)O,,
5362123,CCOC(=O)[C@H](CCC1=CC=CC=C1)N[C@H]2CCC3=CC=CC=C3N(C2=O)CC(=O)O.Cl,,
5362124,CCOC(=O)[C@H](CCC1=CC=CC=C1)N[C@H]2CCC3=CC=CC=C3N(C2=O)CC(=O)O,,
5362129,CCOC(=O)[C@H](CCC1=CC=CC=C1)N[C@@H](C)C(=O)N2[C@H]3CCC[C@H]3C[C@H]2C(=O)O,,
5362259,C[C@@H]1[C@@H]([C@@H]([C@H]([C@H](O1)O[C@H]2[C@@H](O[C@@H]([C@@H]([C@]2(C)O)O)C)OC3=CC=CC4=C3C5=C6C7=C(C=CC(=C7C(=O)O5)C)OC(=O)C6=C4O)N)OC)O,,
5362391,C1=CC(=CC(=C1)C(F)(F)F)/C(=N\OCCCCC(=O)O)/C2=CN=CC=C2,,
5362397,CN1CC2=C(C=CC(=C2)C3=NNC(=O)CC3)NC1=O,,
5362399,CC1CC(=O)NN=C1C2=CC3=C(C=C2)NC(=O)CO3,,
5362417,COCCOC[C@H](CC1(CCCC1)C(=O)NC2CCC(CC2)C(=O)O)C(=O)OC3=CC4=C(CCC4)C=C3,,
5362420,CC1=C(C2=CC3=NC(=CC4=C(C(=C(N4)C=C5[C@@]6([C@@H](C(=CC=C6C(=N5)C=C1N2)C(=O)OC)C(=O)OC)C)C)CCC(=O)OC)C(=C3C)CCC(=O)O)C=C,,
5362422,CC(C)C[C@H]([C@H](CSC1=CC=CS1)C(=O)NO)C(=O)N[C@@H](CC2=CC=CC=C2)C(=O)NC,,
5362440,CC(C)(C)NC(=O)[C@@H]1CN(CCN1C[C@H](C[C@@H](CC2=CC=CC=C2)C(=O)N[C@@H]3[C@@H](CC4=CC=CC=C34)O)O)CC5=CN=CC=C5,,
5362451,C1=CC=C(C=C1)C(=O)NC2=C3C(=C(C=C2)NC4=C5C(=C(C=C4)NC(=O)C6=CC=CC=C6)C(=O)C7=CC=CC=C7C5=O)C(=O)C8=CC=CC=C8C3=O,,
5362457,CCCCCCCCCCCCCC(=O)O[C@H]1C=C[C@H]2[C@H]3CC4=C5[C@]2([C@H]1OC5=C(C=C4)OCC6=CC=CC=C6)CCN3C,,
5362460,CN1CC[C@]23[C@@H]4[C@H]1CC5=C2C(=C(C=C5)OC(=O)C6=CN=CC=C6)O[C@H]3[C@H](C=C4)OC(=O)C7=CN=CC=C7,,
5362482,C1CC[C@@]23CCN([C@@H]([C@@H]2C1)CC4=C3C=C(C=C4)O)CC(=O)C5=CC=CC=C5,,
5362561,CCCCC(CO)C(=O)C,,
5362565,CC(C)/C=C(\C)/C(=O)O,,
5362570,CCCCCCC(=O)CCO,,
5362572,CC1=NC=CC(=N1)C(=O)C,,
5362579,CCC(CC)C(=O)OC/C=C(\C)/CCC=C(C)C,,
5362580,CCCCC/C=C(\C)/C=O,,
5362581,CCOC(=O)C1C(O1)(C)C2=CC=C(C=C2)C,,
5362583,CCCCC/C=C/CCC(=O)OCC,,
5362585,CCCCCCCCCCCCCCCCCCCCCC(=O)OCC(CO)O,,
5362588,CCC(C)C(=O)/C=C/C,,
5362591,CCCCC/C=C/COC(=O)CCC,,
5362592,CCCCC/C=C/C=C/C(=O)OCCC,,
5362593,CCCC/C=C/CCCC(=O)O,,
5362594,CCC/C=C/CCCCC(=O)O,,
5362616,CCCC/C=C\C=O,,
5362620,CCCCC/C=C\CCC=O,,
5362622,CC/C=C/CC(=O)OCC,,
5362623,CC/C=C\CC(=O)OCC,,
5362661,CC(C)C/C=C(/C=O)\C(C)C,,
5362688,CCCCCC/C=C/CCCC=O,,
5362689,CCCCC/C=C/CC1CC(=O)OC1=O,,
5362695,CC/C=C\CCCCCC=O,,
5362697,CCCCC/C=C(/CCCC)\C=O,,
5362708,CCCCCCCCC/C=C/CC1CC(=O)OC1=O,,
5362717,CCCCCCCCCCC/C=C\CCCCC(=O)OC,,
5362720,CC/C=C\CCCCC=O,,
5362721,CCCCCC/C=C/C1CC(=O)OC1=O,,
5362736,C1CCCCCC(=O)CCC/C=C\CCCC1,,
5362739,C1CCC/C=C\CCCCCCC(=O)CCC1,,
5362755,CC/C=C/CCCCCCCC(=O)OC,,
5362782,CC/C=C/CC(=O)OC,,
5362793,CCCCC/C=C/C/C=C/CCCCCCCC(=O)OC,,
5362814,CC/C=C\CCC=O,,
5362816,CC/C=C/CCC(=O)OCC,,
5362819,CC/C=C\CC(=O)OC,,
5362828,CC1CC/C=C(\CC(=O)C(CC1=O)C(C)C)/C,,
5362830,CC(C)CC(=O)OC/C=C(\C)/CCC=C(C)C,,
5362843,CC(C)/C=C/C(=O)OC,,
5362868,CC1CCC/C=C/C2CC(CC2C(/C=C/C(=O)O1)O)O,,
5362892,COC(=O)/C=C/N1CC1,,
5362897,CC/C(=C\C)/C=O,,
5363074,CC1=CC2C3(CC1)COC(=O)/C=C/4\CCOC(C4O)(/C=C/C=C\C(=O)OC5C3(C6(CO6)C(C5)O2)C)C(C)O,,
5363082,C/C=C/COC(=O)C,,
5363092,CCCCC/C=C\C/C=C\C/C=C\CCCCCCC(=O)OC,,
5363095,CCCC/C=C/CCCCOC(=O)C,,
5363103,CCCCCCCCCCCCCCC/C=C/CC1CC(=O)OC1=O,,
5363109,CCCCCCCC/C=C/CCCCCCCCCCCC(=O)OC,,
5363120,CC/C=C\CC/C=C/COC(=O)C,,
5363123,CC/C=C/CC(=O)C,,
5363137,C/C(=C\C=C\C(=C\C(=O)O)\C)/C=C/C12C(CCCC1(O2)C)(C)C,,
5363140,CC(C)/C=C/C(=O)C,,
5363141,CCCCCC(=O)OC/C=C\CC,,
5363146,CC(C)OC(=O)/N=N/C(=O)OC(C)C,,
5363185,C/C(=C\COC1=CC=C(C=C1)CCNC(=O)C2=CC=CC=C2)/C(CC3C(O3)(C)C)O,,
5363199,CC(=O)OC/N=[N+](/C)\[O-],,
5363203,CCCC/C=C/COC(=O)C,,
5363204,CCCCCC/C=C\CCOC(=O)C,,
5363206,CCC/C=C/CCOC(=O)C,,
5363215,CCCC/C=C\CCCCCCCCC/C=C/COC(=O)C,,
5363229,CCCC/C=C/C(=O)C,,
5363231,CC(C)CC/C=C/C(=O)C,,
5363233,CCCCCC/C=C/C(=O)C,,
5363234,CCCCCCCCCCOC(=O)CCCCCCC/C=C\CCCCCCCC,,
5363235,CCCCCCCCCCCCCC(=O)OCCCCCCCC/C=C\CCCCCCCC,,
5363237,CCC/C=C/CCCCCCCOC(=O)C,,
5363239,CCCCCCCC/C=C\CCCCCCCC(=O)OCC(COC(=O)C)OC(=O)C,,
5363249,CCCC/C=C/CCCCCCCCOC(=O)C,,
5363258,CCCCCCCCCCCCCCCCOC(=O)CCCCCCC/C=C\CCCCCC,,
5363259,CCCC/C=C\CCCCCCCC/C=C/CCOC(=O)C,,
5363260,CCCC/C=C\CCCCCCCC/C=C\CCOC(=O)C,,
5363265,CCCC/C=C\CC/C=C\CCCCCCOC(=O)C,,
5363269,CCCCCCCC/C=C\CCCCCCCC(=O)OCC,,
5363286,CCCCCC/C=C\CCCCCCCCCCOC(=O)C,,
5363289,CCCCCCCC/C=C\CCCCCCCCOC(=O)C,,
5363291,CC/C=C\CCOC(=O)C(=O)C,,
5363293,CCCC/C=C\CCCCCCCCCCCCOC(=O)C,,
5363374,CCC/C=C\COC(=O)C,,
5363376,CC(=O)OC/C=C/CCCC=C,,
5363377,CCC/C=C\CCCCCCCOC(=O)C,,
5363381,CCCCCC/C=C/CCCCOC(=O)C,,
5363386,CCCCCC/C=C\CCCCCCOC(=O)C,,
5363387,CCCCCC/C=C\CCCCOC(=O)C,,
5363388,CC/C=C\CCOC(=O)C,,
5363389,CC/C=C\CCCCCOC(=O)C,,
5363400,CC/C=C\COC(=O)C,,
5363405,CC/C=C\CCCCCCCCOC(=O)C,,
5363426,CC(=CCC/C(=C/CCC(C)(C=C)OC(=O)C)/C)C,,
5363433,CC(=O)O/C=C/C=C,,
5363453,CC(C)C(=O)OC(C)(CC/C=C(\C)/CCC=C(C)C)C=C,,
5363491,C/C=C/C=C/COC(=O)C,,
5363513,CCCC/C=C\CCCCOC(=O)C,,
5363518,CCCCC/C=C\CCCCCCCOC(=O)C,,
5363527,CCCC/C=C\CCCCCCOC(=O)C,,
5363537,CCC/C=C/CCC(=O)C,,
5363548,CC/C=C/CCCCCCCCOC(=O)C,,
5363554,CCCCCCCC/C=C\CCCCCCOC(=O)C,,
5363652,CC(=O)/C=C/C(=O)O,,
5363658,CC(/C=C/C(=O)O)O,,
5363685,CC1=CC(=O)CC(C1/C=C/C(=O)C)(C)C,,
5363697,CC1=C(C(CCC1)(C)C)/C=C/C(=C/C=C/C(=O)C)/C,,
5363699,CC1=C(C(CCC1)(C)C)CC/C(=C/CCC(=O)C)/C,,
5363700,CC1=C(C(CC(C1)O)(C)C)/C=C/C(=O)C,,
5363707,CCC/C(=C/C(=O)C)/C,,
5363720,CC(=O)/C=C/C(=O)OC,,
5363741,CC(=O)/C=C/C1C(=C)CCCC1(C)C,,
5363794,CC1COC2(CC1OC(=O)/C=C/C3=CC=CC=C3)C4(CO4)C5CCC(CC5O2)C(=O)OC6C(C(C(C(O6)C)O)OC(=O)C)OC7C(C(C(C(O7)C)O)OC(=O)C)O,,
5363795,CC1=C(C(=NN1C)C)/C=C(/C(=O)C(C)C)\N2C=NC=N2,,
5363853,C/C=C\1/CC(C(C(=O)OC/C/2=C/CN(CCC(C2=O)OC1=O)C)(C)O)C,,
5363854,CC1=N/C(=C\C2=CC=CC=C2Cl)/C(=O)O1,,
5363876,CC1=C(C(CCC1=O)(C)C)/C=C/C(=O)C,,
5363877,C/C(=C/C(=O)C)/O.C/C(=C/C(=O)C)/O.O=[Ti],,
5363896,CC(C)/C=C(\C=O)/C1=CC=CC=C1,,
5363971,CC1=N/C(=C\C2=CC(=C(C=C2)OC)OC(=O)C)/C(=O)O1,,
5364079,CCNC(=O)NC(=O)/C(=N/OC)/C#N,,
5364140,C(=C/C(=O)O)\C(=O)N,,
5364231,CC/C=C\CCOC(=O)C(C)O,,
5364397,CCCC/C=C/CC(=O)OCC,,
5364399,CCCCC/C=C/C(=O)OCC,,
5364409,CCC/C=C/C(=O)OC,,
5364420,CCCCCCCC/C=C\CCCCCCCC(=O)OCCO,,
5364423,CCCCCCCC/C=C\CCCCCCCCCCCC(=O)OC,,
5364430,CCCCCCCC/C=C/CCCCCCCC(=O)OCC,,
5364432,CCCCCC/C=C/CCCCCCCCCC(=O)OC,,
5364434,CCCCCCCC/C=C/CCCCCCCC(=O)OCCCO,,
5364438,CCCCCCCC/C=C\CCCCCC=O,,
5364468,CCCCCC/C=C\CCCCCC=O,,
5364471,CCCC/C=C\CCCCCCCC=O,,
5364492,CCCCCCCC/C=C\CCCCCCCC=O,,
5364495,CCCC/C=C\CCCCCCCCCC=O,,
5364497,CCCC/C=C\CCCCCCCCCCCC=O,,
5364505,CCCCCC/C=C\CCCCCCCCCC(=O)OC,,
5364509,CCCCCCCC/C=C\CCCCCCCC(=O)OC,,
5364526,CC/C(=C/CC/C(=C/C=O)/C)/C,,
5364532,CCCCC/C=C/C(=O)OC,,
5364551,CCCCCC/C=C(/CCCCC)\C=O,,
5364578,CCC/C=C/C(=O)C,,
5364579,C/C=C(\C)/C(=O)C,,
5364643,CCCCCC/C=C\CCCCCCCC=O,,
5364672,CCCCCCCC/C=C\CCCCCCCCOC(=O)CCCCCCC/C=C\CCCCCCCC,,
5364673,CCCCCCCC/C=C/CCCCCCCC(=O)OCC(OC(=O)CCCCCCC/C=C/CCCCCCCC)COC(=O)CCCCCCC/C=C/CCCCCCCC,,
5364678,CCCCCCCC/C=C\CCCCCCCC(=O)OCCCCCCCC/C=C\CCCCCC,,
5364697,CCCC/C=C/CC(=O)OC,,
5364711,CCCC/C=C\CCCCCCCCCCOC(=O)C,,
5364714,CCCC/C=C\CCCCCCCCOC(=O)C,,
5364717,CCCCCCCCCCC(=O)CCC/C=C\CCCCC,,
5364718,CC/C=C/C(=O)OC,,
5364729,C/C=C(\C)/C(=O)OCC=C,,
5364752,CC/C=C/C=O,,
5364759,CCCCCC/C=C/CCCCCCCC(=O)OCC,,
5364778,CCC/C=C/C(=O)OCC,,
5364783,CCCCCCCC/C=C\CCCCCCCC(=O)Cl,,
5364798,CCC/C=C(\C)/C(=O)C,,
5364816,CCC/C=C(\C)/C(=O)OC,,
5364821,CCC1(C(=O)NC(=O)NC1=O)C/C=C/C,,
5364833,CCCCCCCC/C=C/CCCCCCCC(=O)OCC(CO)O,,
5364841,CCCCCCCC/C=C\CCCCCCCCCCCCCC(=O)OC,,
5364915,CC1=C(C(=O)N(N1C)C2=CC=CC=C2)N/C(=C/C#N)/C,,
5364923,CC/C(=C/C(=O)CC)/C,,
5364932,CC(C)(C)/C(=N\OC(=O)NC)/CSC,,
5365005,CCCCCCCCCCCCCCCCCC(=O)OC(COC(=O)CCCCCCCCCCCCCCC)COC(=O)CCCCCCC/C=C\CCCCCCCC,,
5365034,CCCCCCCCCCCCCCOC(=O)CCCCCCC/C=C\CCCCCCCC,,
5365040,CCCCCCCCCCCCCCCCCCCCOC(=O)CCCCCCC/C=C\CCCCCC,,
5365049,CC/C=C\CCOC(=O)CC,,
5365056,CCCCC(CC)COC(=O)/C=C\C(=O)O,,
5365066,CC(C)(C)OC(=O)O/N=C(\C#N)/C1=CC=CC=C1,,
5365069,CC/C=C\CCOC(=O)C(C)CC,,
5365125,CCCCC(CC)COC(=O)/C=C\C(=O)OCC(CC)CCCC,,
5365136,CCCCCCCC(=O)OC/C=C/CCC,,
5365187,CCCCCCCCCCCCCCCCCCOC(=O)CCCCCCC/C=C\CCCCCC,,
5365194,CCCCCCCCCCCCCCCCCCOC(=O)CCCCCCC/C=C\CCCCCCCC,,
5365207,CC(C)(C)OC(=O)N(C1=CC=CC(=C1)/C=C/C2=NC3=C(N2C)C(=O)N(C(=O)N3C)C)C(=O)OC(C)(C)C,,
5365327,C/C=N\N(C)C=O,,
5365371,CCCCCCCC/C=C\CCCCCCCCCCCC(=O)N,,
5365374,CCCCCCCC/C=C\CCCCCCCCCC(=O)N,,
5365578,CCCCC/C=C/C/C=C/CCCCCCCC(=O)Cl,,
5365587,CC/C=C\CCOC=O,,
5365642,C/C=C/C/C=C\CCCCCCCCOC(=O)C,,
5365667,C=CCCCCCC/C=C\CCCCCCCC=O,,
5365672,CCCCC/C=C/C/C=C/CCCCCCCC(=O)OCC,,
5365676,CCCCC/C=C\C/C=C\CCCCCCCC(=O)OC(CO)CO,,
5365699,CC/C=C\CCOC(=O)OC,,
5365703,C1CCCCOC(=O)CCCCC/C=C\CCC1,,
5365747,CCCCCCCC/C=C\CCCOC(=O)C,,
5365748,CCCCCCCC/C=C/CCCOC(=O)C,,
5365783,CCOC(=O)/C=C/CP(=O)(OCC)OCC,,
5365793,C/C=C/C(=O)OCC(C)C,,
5365800,C/C=C/C(=O)OC=C,,
5365811,CCC(=O)/C=C/C,,
5365813,C/C=C/C(=O)N=C=S,,
5365819,CC(/C=C(\C)/CCC=C(C)C)OC(=O)C,,
5365824,CCCOC(=O)/C=C/C,,
5365850,CCCCC(=O)OC/C=C(\C)/CCC=C(C)C,,
5365882,C/C=C/C(=O)OCCC(C)CCC=C(C)C,,
5365888,CC(=CCC/C(=C\C(=O)C)/C)C,,
5365891,CCCCC(=O)/C=C/C,,
5365909,CC/C=C(\C)/C(=O)O,,
5365910,CC(=CCC/C(=C/C(=O)OC)/C)C,,
5365912,CC(=CCC/C(=C\C(=O)OC)/C)C,,
5365916,C/C=C/C(=O)C1C(C=CCC1(C)C)C,,
5365917,CCOC(=O)/C=C(/C)\CCC=C(C)C,,
5365959,CC(C)/C=C/CCCCC(=O)O,,
5365976,CC1=CCCC(C1/C=C/C(=O)CCC=C)(C)C,,
5365982,CCC(=O)OC/C=C(/C)\CCC=C(C)C,,
5365991,CC(C)C(=O)OC/C=C(/C)\CCC=C(C)C,,
5365992,CCCCCC(=O)OC/C=C(\C)/CCC=C(C)C,,
5366034,CCCCCCCCCCCCOC(=O)/C=C\C(=O)O,,
5366038,CCCCCCOC(=O)/C=C/C,,
5366039,CCCCOC(=O)/C=C/C,,
5366040,C/C=C/C(=O)OC1CCCCC1,,
5366044,CC(=CCC/C(=C/COC(=O)CC1=CC=CC=C1)/C)C,,
5366045,CC(=CCC/C(=C/COC(=O)CCC1=CC=CC=C1)/C)C,,
5366074,C/C=C/C(=O)C1=C(C=CCC1(C)C)C,,
5366077,C/C=C/C(=O)C1C(=CCCC1(C)C)C,,
5366155,C/C=C(/C)\C(=O)OCCC(C)C,,
5366269,CCO/C=C/C(=O)OCC,,
5366412,CC(=CCC/C(=C/CC/C(=C/C=C/C(=C/C=C/C=C(\C)/C=C/C=C(\C)/C=C/C=C(\C)/C=C/C(=O)C(C)(C)OC)/C)/C)/C)C,,
5366509,C/C(=C\C=C\C=C(\C=C\C=C(\C=C\C=C(\C=C\C(=O)C(OC)(C)C)/C)/C)/C)/C=C/C=C(/C=C/C=C(/C=C/C(=O)C(OC)(C)C)\C)\C,,
5366546,CC(C)OC(=O)/C=C(\C)/C=C/CC(C)CCCC(C)(C)OC,,
5366856,CCC/C=C/CCC(=O)OC,,
5366988,C1=CC=C(C=C1)C(=O)/C=C/C2=CC=C(C=C2)F,,
5367020,C1=CC=C(C=C1)/C=C/C2=NC3=CC=CC=C3C(=O)O2,,
5367065,C1=CC=C(C=C1)C(=O)/C=C/C2=CC=C(C=C2)/C=C/C(=O)C3=CC=CC=C3,,
5367122,C1=CC=C(C(=C1)/C=C/C=O)[N+](=O)[O-],,
5367146,C1=CC=C(C=C1)C(=O)/C=C/C2=CC=CC=C2O,,
5367147,C1=CC=C(C=C1)C(=O)/C=C/C2=CC=C(C=C2)Br,,
5367161,C1=CC=C(C=C1)C(=O)/C=C/C2=CC=C(C=C2)C#N,,
5367166,COC1=CC=CC(=C1)/C=C/C(=O)C2=CC=CC=C2,,
5367328,CC/C=C\C/C=C\C/C=C\CCCCCCCC(=O)OCC(CO)O,,
5367369,CCCCC/C=C\C/C=C\C/C=C\C/C=C\CCCC(=O)OCC,,
5367460,CC/C=C\C/C=C\C/C=C\CCCCCCCC(=O)OCC,,
5367530,CCCCCCC/C=C/C=C/C=O,,
5367531,CCCCCC/C=C/C=C/C=O,,
5367549,C/C(=C\CC/C(=C/C(=O)OC)/C)/CCC1C(O1)(C)C,,
5367559,C/C/1=C/CC/C(=C\C2C(CC1)C(=C)C(=O)O2)/C,,
5367650,CC/C=C/CCCCCCCCCCOC(=O)C,,
5367657,CCCCCCCC/C=C/CCCCCCCCOC(=O)C,,
5367668,C/C=C/CCCCCCCCCCCCCCC=O,,
5367677,CCCCCCC(=O)OCC/C=C\CC,,
5367679,CCC/C=C/C(=O)OCC/C=C\CC,,
5367681,CC/C=C\CCOC(=O)CC(C)C,,
5367682,CCCCC(=O)OCC/C=C\CC,,
5367684,CCCCCCCCCC(=O)OCC/C=C\CC,,
5367692,CC/C=C\CCCCCCCCCCOC(=O)C,,
5367698,CC/C=C\CCOC(=O)CC1=CC=CC=C1,,
5367704,CCCCCCCCCCCCCCCCCC(=O)OCCCCCCCC/C=C\CCCCCCCC,,
5367705,CCCCCCCCCCCCCCCCCCCC(=O)OCCCCCCCC/C=C\CCCCCCCC,,
5367706,CC/C=C\CCOC(=O)C1=CC=CC=C1,,
5367711,CC/C=C\CCOC(=O)/C=C/C1=CC=CC=C1,,
5367719,CC/C=C/CC1C(CCC1=O)CC(=O)OC,,
5367744,CC/C=C/C(=O)C,,
5367745,C/C=C(\C)/C(=O)OC(C)C,,
5367759,CCCCC(=O)/C=C/CC,,
5367762,CCCOC(=O)/C(=C/C)/C,,
5367766,C/C=C(\C)/C(=O)OC/C=C/C1=CC=CC=C1,,
5367769,CC(=CC(=O)C/C(=C/CCC1=COC=C1)/C)C,,
5367785,C/C=C(\C)/C(=O)OC/C=C(\C)/CCC=C(C)C,,
5367806,C/C=C(\C)/C(=O)OCC(C)C,,
5367807,C/C=C(/C)\C(=O)OCC(C)C,,
5367848,CCCCC/C=C/CC1CCCC1=O,,
5367850,CCC/C=C/CC1CCCC1=O,,
5367959,CCCCC(=O)OC/C=C/C1=CC=CC=C1,,
5367980,CC(C)(/C=N\OC(=O)NC)S(=O)C,,
5368010,CCC(C(=O)N(C)C)N(CC)C(=O)/C=C/C,,
5368041,CCCCCCCC/C=C\CCCCCCCC(=O)NCCN(CC)CC,,
5368053,CC(C)(/C=N\OC(=O)NC)S(=O)(=O)C,,
5368064,CCCCCCC/C=C/C(=O)OC,,
5368076,CCCCCC/C=C/C(=O)OC,,
5368087,CCCC/C=C/C(=O)OC,,
5368236,CCC/C=C/COC(=O)CC1=CC=CC=C1,,
5368271,CCOC(=O)/C(=N\NC1=CC=CC=C1)/Cl,,
5368290,CCCCC/C=C\C/C=C\CCCCCCCC(=O)OCC1=CC=CC=C1,,
5368342,C/C=C(/C)\C(=O)OCC1=CC=CC=C1,,
5368395,C1=CC=C(C=C1)CCC(=O)OC/C=C/C2=CC=CC=C2,,
5368397,CC1=C(C(CC(C1=O)O)(C)C)/C=C/C(=C/C=C/C(=C/C=C/C=C(/C=C/C=C(/C=C/C2=C(C(=O)C(CC2(C)C)O)C)\C)\C)/C)/C,,
5368427,CC(=O)/C=C/CCC1=CC=CC=C1,,
5368482,CC(C)CNC(=O)/C=C/CCCCC#CC#C,,
5368686,CC1CCCC(/C=C/C(=O)OC23C(/C=C/C1)C(C(=C)C(C2C(NC3=O)CC4=CC=CC=C4)C)O)O,,
5368724,C1=CC(=CC=C1NC(=O)/C=C/C(=O)O)S(=O)(=O)NC2=NC=CS2,,
5368760,C/C=C/C(=O)NC1=CC=CC=C1,,
5368831,C/C=C/C=C/C=C/C(=O)O,,
5368895,C1CC(=NC1)/C=C/C(=O)N,,
5368938,CC(C)CC(=O)/C=C(\C)/C=C,,
5368950,CCCOC(=O)/C=C/C=C/C,,
5368956,CC(C)CC(=O)/C=C(/C)\C=C,,
5368972,C/C=C/C=C/C(=O)OC(C)C,,
5369061,CCC/C=C/C(=O)CC,,
5369076,CCCCOC(=O)/C=C/C=C/C,,
5369123,CCCCCCCC/C=C\CCCCCCCC(=O)OC(=O)CCCCCCC/C=C\CCCCCCCC,,
5369129,COC1=CC(=O)OC(C1)/C=C/C2=CC=CC=C2,,
5369131,CCOC(=O)/C=C(\C)/NC,,
5369152,CC(=O)/C=C/N(C)C,,
5369162,CCOC(=O)/C=C/N(C)C,,
5369163,CN(C)/C=C/C(=O)C1=CC=C(S1)Br,,
5369165,CN(C)/C=C/C(=O)C1=CN=CC=C1,,
5369175,COC(=O)/C=C/CBr,,
5369190,CC(C)OC(=O)/C=C\C(=O)OC(C)C,,
5369200,CC(C)COC(=O)/C=C\C(=O)OCC(C)C,,
5369209,COC(=O)/C=C/C(=O)O,,
5369258,CCCN(C(CC)C(=O)N(C)C)C(=O)/C=C/C,,
5369325,CCOC(=O)/C=C/SC,,
5369326,CCOC(=O)/C=C\SC,,
5369403,C1=CC=C(C=C1)/C=C(/C=O)\Br,,
5369459,C1=CC=C(C=C1)CCOC(=O)/C=C/C2=CC=CC=C2,,
5369605,CCOC(=O)/C=C/C(=O)C1=CC=CC=C1,,
5369664,C1=CC=C(C=C1)C(=O)/C=C/C2=CC(=CC=C2)[N+](=O)[O-],,
5369686,CCOC(=O)/C(=C\C1=CC=CC=C1)/NC(=O)C2=CC=CC=C2,,
5369749,CCC/C=C/C=C/C=C/C(=O)OC1C(C23C4C=C(C(=O)C4(C(C5(C(C2C6C1(OC(O6)(O3)C7=CC=CC=C7)C(=C)C)O5)CO)O)O)C)C,,
5369804,C1=CC=C(C=C1)/C=C/CCC(=O)C2=CC=CC=C2,,
5369886,C/C=C/C=N/NC(=O)C1=CC=NC=C1,,
5369956,CCC/C=C/C1=CC=CO1,,
5370029,C1=COC(=C1)/C=C\2/C(=O)NC(=O)N2,,
5370052,CC1=CC(=O)CC(C1/C=C/C(C)O)(C)C,,
5370098,CC(CC=C)/C=C(\C)/C=O,,
5370101,CC(=C/C=C/C(=O)C)C,,
5370221,CC1=C(C(CCC1)(C)C)/C=C/C(=C/C=C/C(=C/C(=O)N)/C)/C,,
5370244,COC(=O)/C=C/C=C/C(=O)OC,,
5370325,CCCCC(CC)COC(=O)/C=C/C(=O)OCC(CC)CCCC,,
5370335,CCCCOC(=O)C/C(=C/C(=O)OCCCC)/C(=O)OCCCC,,
5370536,C1OC2=C(O1)C=C(C=C2)/C=C/C=C/C(=O)O,,
5370579,CC(=O)N/C(=C\C1=CC=CC=C1)/C(=O)O,,
5370584,CC(C)CCCCCOC(=O)/C=C\C(=O)OCCCCCC(C)C,,
5370599,C1=CC=C(C=C1)CC(=O)OC/C=C/C2=CC=CC=C2,,
5370602,CC(C)C/C=C(/C=O)\C1=CC=CC=C1,,
5370625,C1=CC=C(C=C1)/C=C/CC(=O)O,,
5370646,C/C(=C\C1=CC=CC=C1)/C(=O)C,,
5370648,C1=CC=C2C(=C1)C(=CN2)/C=C/C(=O)NCC(=O)O,,
5370650,C1=CC=C(C=C1)/C=C/CCC(=O)O,,
5370693,COC(=O)/C=C/C1=CC=CC=C1O,,
5370734,C1=CC=C(C=C1)/C(=N/N)/C(=O)C2=CC=CC=C2,,
5371002,CC1CC=C(C(C1(C)C)/C=C/C(=O)C)C,,
5371084,CCC(=O)/C=C/C1C(=CCCC1(C)C)C,,
5371102,CC/C=C\CCOC(=O)C1=CC=CC=C1O,,
5371261,CCOC(=O)/C=C/C(F)(F)F,,
5371264,CC1=C(C(=O)CC1OC(=O)C2C(C2(C)C)C=C(C)C)C/C=C/C=C,,
5371267,CC(=O)/C=C/C12C(CC(CC1(O2)C)O)(C)C,,
5371455,CCCCC/C=C/C=C/C(=O)OCC,,
5371558,C/C(=C/C(=O)NC)/OP(=O)(OC)OC,,
5371560,C/C(=C\C(=O)N(C)C)/OP(=O)(OC)OC,,
5371562,C/C(=C\C(=O)NC)/OP(=O)(OC)OC,,
5371578,CC(C1=CC=CC=C1)OC(=O)/C=C(\C)/OP(=O)(OC)OC,,
5371608,C1=CC=C2C=C(C=CC2=C1)C(=O)/C=C/C3=CC(=CC=C3)[N+](=O)[O-],,
5371723,CCCCC/C(=C/C1=CC=CC=C1)/COC(=O)C,,
5371728,CCCCCCCC/C=C\CCCCCCCC(=O)N(CCO)CCO,,
5371761,C1=CC=C2C(=C1)C(=CN2)CC3C(=O)NC(=S)N3,,
5371802,CC1=CC=C(C=C1)/C=C/C=O,,
5371820,C=CCNC(=O)/C=C/C1=CC=CC=C1,,
5371888,CCOC(=O)/C=C/C1=CN=CC=C1,,
5371904,CC1=C(C(=O)CC1OC(=O)C2C(C2(C)C)/C=C(\C)/C(=O)OC)C/C=C/C=C,,
5371921,C/C(=N/NC(=O)N)/C1=CC=CC=C1,,
5372162,CC(C)CNC(=O)/C=C/C=C/CCCC/C=C/C1=CC2=C(C=C1)OCO2,,
5372174,CC1=CCCC(C1/C=C(\C)/C(=O)C)(C)C,,
5372195,CC1=C(C(CCC1)(C)C)/C=C(\C)/C(=O)C,,
5372201,CC(C)CNC(=O)/C=C/C=C/CCCCC1=CC2=C(C=C1)OCO2,,
5372325,C1=CNC=C1/C=C/C(=O)O,,
5372353,CC/C=C\CCOC(=O)C1=CC=CC=C1N,,
5372365,COC1=C(C=C(C=C1)/C=C/C(=O)C2=C(C=C(C=C2)O)O)O,,
5372374,COC1=C(C=CC(=C1)CCC(=O)/C=C(/C=C/C2=CC(=C(C=C2)O)OC)\O)O,,
5372405,CCNP(=S)(OC)O/C(=C/C(=O)OC(C)C)/C,,
5372477,CCOC(=O)/C=C(\C)/C=C/CC(C)CCCC(C)C,,
5372720,C1=CC=C2C(=C1)N=C3C(=N2)NC(=O)NC3=O,,
5372812,C1=CC2=C(NC=C2C=O)N=C1,,
5372813,C/C(=C\C1=CC=CC=C1)/C=O,,
5372820,CC(=O)/C=C/C1=CC=CC=C1Cl,,
5372941,C1=CC=C(C(=C1)C(=O)/C=C/C2=CC=C(C=C2)Br)O,,
5372945,C1=CC(=CC=C1CCNC(=O)/C=C/C2=CC=C(C=C2)O)O,,
5372946,C1=CC=C(C(=C1)C(=O)/C=C/C2=CC=C(C=C2)Cl)O,,
5372954,C1=CC=C(C=C1)/C=C\C(=O)O,,
5373081,CC(/C=C/C1C(CC(=O)O1)NC2=CC=C(C=C2)CO)O,,
5373259,COC1=C(C=C(C=C1)/C=C/C(=O)C2=C(C=C(C=C2OC)OC)O)OC,,
5373273,COC1=CC(=C(C=C1)C(=O)/C=C/C2=CC(=C(C=C2)OC)OC)O,,
5373276,C1=CC(=CC=C1/C=C/C(=O)/C=C/C2=CC=C(C=C2)C(F)(F)F)C(F)(F)F,,
5373437,CC(C)COC(=O)/C=C/C(=O)OCC(C)C,,
5373493,C1=C(OC(=C1)[N+](=O)[O-])/C=N\O,,
5373497,CCOC(=O)/C=C/C1=CC=C(C=C1)C#N,,
5373603,CC/C=C\1/C2=CC=CC=C2C(=O)O1,,
5373672,CC1=NC2=C(C=C1)C(=O)C(=CN2)C(=O)O,,
5373687,CCOC(=O)C1=CNC2=C(C1=O)C=CC(=N2)C,,
5373710,COC1=CC=CC(=C1)/C=C/C(=O)N2CCCC2,,
5373773,CCOCCOC(=O)/C=C/C1=CC=C(C=C1)OC,,
5373780,CC(C)C(=O)/C=C/C1=CC=C(C=C1)OC,,
5373781,CCOC(=O)/C=C/C1=CC(=CC=C1)OC,,
5373819,COC1=CC=CC(=C1)/C=C/C=O,,
5373936,COC1=CC=C(C=C1)/C=C\2/C(=O)NC(=O)S2,,
5373941,CC(=O)OC1=CC=C(C=C1)/C=C/C(=O)O,,
5373944,CCOC(=O)/C=C/CBr,,
5373975,CC(=O)/C=C/C1=CC(=CC=C1)Cl,,
5373977,CCOC(=O)/C=C/C1=CC=C(C=C1)Cl,,
5374260,CC1(CCC/C(=C\C2=CC=CC=C2)/C1=O)C,,
5374352,CC(C)CNC(=O)/C=C/C=C/CC1=CC=C(C=C1)OC,,
5374442,CC1=CC(=O)NC2=C1C=CC(=C2)O,,
5374468,CC(=O)/C=C/C1=CC=C(C=C1)[N+](=O)[O-],,
5374477,CN(C)/C=C/C(=O)C1=CC=C(C=C1)F,,
5374479,CCCN1C2=C(C(=O)N(C1=O)CCC)N(C(=N2)/C=C/C3=CC(=CC=C3)[N+](=O)[O-])C,,
5374493,C1OC2=C(O1)C=C(C=C2)/C=C/C=O,,
5374527,C/C=C/C(=O)C1=C(CCCC1(C)C)C,,
5374604,COC1=C(C=CC(=C1)O)/C=C/C=O,,
5374858,COC1=CC(=C(C(=C1)OC)C(=O)/C=C/C2=CC(=C(C(=C2)OC)OC)OC)O,,
5374887,CC1=CC(=O)OC2=CC(=C(C=C12)Cl)O,,
5374945,C1=CC(=C(C=C1F)F)/C=C/C(=O)O,,
5374970,CN1C(=NC2=CC=CC=C2C1=O)/C=C/C3=CC(=CC=C3)Br,,
5375048,C1=CC=C2C(=C1)C(=CN2)/C=C/C(=O)O,,
5375062,CC\1=NOC(=O)/C1=C\C2=CC=CC=C2,,
5375071,C1=CC=C(C=C1)C(C2=CC=CC=C2)C(=O)C3/C(=N/N)/C4=CC=CC=C4C3=O,,
5375083,CC1CCCC(=O)CCC/C=C/C2=C(C(=CC(=C2)O)O)C(=O)O1,,
5375106,CCN(CC)C1=CC=C(C=C1)/C=C/C=O,,
5375160,CCCC1=C(C2=C(C=C(C=C2)O)OC1=O)C,,
5375166,CC(C)(/C=C/C1=C(C=C2C(=C1)C=CC(=O)O2)OC)O,,
5375177,CC1=C(C(=O)C(=CC1=O)C/C=C(\C)/CC/C=C(\C)/CC/C=C(\C)/CC/C=C(\C)/CC/C=C(\C)/CC/C=C(\C)/CC/C=C(\C)/CC/C=C(\C)/CCC=C(C)C)C,,
5375190,CC1=CC(=O)CC(C1/C=C/C=C)(C)C,,
5375199,CC1=CC(=O)CC(C1(/C=C/C(=C\C(=O)O)/C)O)(C)C,,
5375200,CC1=CC(=O)CC(C1(/C=C/C(=C/C(=O)O)/C)O)(C)C,,
5375215,CC1CCC(=C(C1(C)C)/C=C/C(=O)C)C,,
5375218,CCC(=O)/C=C/C1=C(CCCC1(C)C)C,,
5375252,CC1=CC(=O)C2=C(C=C(C=C2O1)O)O,,
5375260,CN(C)/C=C/C(=O)C1=CC=C(C=C1)Cl,,
5375261,C/C(=C\C(=O)O)/C1=CC=C(C=C1)OC,,
5375268,COC1=C(C=C(C=C1)/C=C/C=O)OC,,
5375436,C1=CC=C2C(=C1)C3=C(N2)C(=NC=C3)CCC(=O)O,,
5375667,C1=CC2=C(C=C1O)OC(=O)C=C2C(F)(F)F,,
5375681,CN(C)/C=C/C(=O)C1=CC(=CC=C1)[N+](=O)[O-],,
5375721,C1=CC=C(C=C1)C(=O)/C=C/SC2=NC=C(C=C2)C(F)(F)F,,
5375804,CCOC(=O)/C(=N/NC1=CC=CC=C1)/C,,
5375849,CC1=CC=C(C=C1)/C=C/C(=O)C2=CC=CC=C2,,
5375876,C1=CC=C(C=C1)/C=C/C2=CC=C(C=C2)C=O,,
5376004,CC(=CCC/C(=C/CC/C(=C/CC/C(=C/CC/C(=C/CC/C(=C/CC/C(=C/CC/C(=C/CC1=CC(=O)C2=CC=CC=C2C1=O)/C)/C)/C)/C)/C)/C)/C)C,,
5376013,C1=CC=C2C(=C1)C(=O)C3=C(O2)C=C(C=C3)O,,
5376036,C1=CC=C2C(=C1)C(=O)C3=C(C=CC=C3O2)O,,
5376051,C/C=C(/C)\C(=O)OC1CC2=C(C=C3C(=C2)C=CC(=O)O3)OC1(C)C,,
5376187,C/C=C/C=C/C(=O)C1=C(C(=C(C(=C1)C)O)C)O,,
5376215,C1=CC(=O)OC2=C(C3=C(C=CO3)C(=C21)O)O,,
5376274,CCOC(=O)/C=C/C1=CC2=C(C=C1)OCO2,,
5376310,C/C(=C\C(=O)C1=CC=CC=C1)/C2=CC=CC=C2,,
5376327,CC1=CC(=O)OC2=C1C=CC(=C2[N+](=O)[O-])O,,
5376379,CC1=CC=C(C=C1)C(=O)/C=C/C2=CC=CC=C2,,
5376484,CN1C2=C(C(=CC=C2)O)C(=O)C3=CC=CC=C31,,
5376507,CC1=C(C(=O)C2=CC=CC=C2C1=O)C/C=C(\C)/CC/C=C(\C)/CC/C=C(\C)/CC/C=C(\C)/CC/C=C(\C)/CC/C=C(\C)/CC/C=C(\C)/CCC=C(C)C,,
5376552,CC(C)/C=C/C1=C(C2=CC=CC=C2C(=O)C1=O)O,,
5376586,COC1=C(C(=C2C(=C1)NC3=CC=CC=C3C2=O)O)OC,,
5376626,CCN(CC)C1=CC=C(C=C1)/C=C(\C#N)/C(=O)O,,
5376779,C1C/C(=C\C2=CC=CC=C2)/C(=O)C3=CC=CC=C31,,
5376864,C1=CC2=C(C(=C1)O)N=C(C=C2)/C=C/C3=CC=C(O3)[N+](=O)[O-],,
5376891,C1=CC=C(C=C1)C2=COC3=C(C2=O)C=CC(=C3)O,,
5376915,CN(C)/C=C/C(=O)C1=CC=C(C=C1)Br,,
5376916,CC1=CC=C(C=C1)/C=C/C(=O)C2=CC=CC=C2O,,
5376976,CC1(C\2CCC1(C(=O)/C2=C\C3=CC=CC=C3)C)C,,
5376979,C1=CC=C(C=C1)/C=C/C(=O)C2=C(C=C(C=C2)O)O,,
5376980,C1=CC(=CC=C1/C=C/C2=CC=C(C=C2)O)C(=O)O,,
5377008,C1=CC=C(C=C1)/C=C/C(=O)C2=CC=C(C=C2)Cl,,
5377011,C1=CC(=CC=C1/C=C/C(=O)C2=CC=C(C=C2)Cl)Cl,,
5377022,C1=CC=C(C=C1)C(=O)/C=C/C2=CC=C(C=C2)Cl,,
5377023,C1=CC=C(C=C1)C(=O)/C=C/C2=CC(=CC=C2)Cl,,
5377043,CC1=CC(C(CC1)(C)/C=C/C2=C(C=C3C(=C2)C=CC(=O)O3)OC)C4=C(C=C5C(=C4)C=CC(=O)O5)OC,,
5377089,C1=CC(=C2C(=C1)OC3=CC(=CC(=C3C2=O)O)O)O,,
5377225,C/C(=C/C(=O)C)/O.C/C(=C/C(=O)C)/O.C/C(=C/C(=O)C)/O.[V],,
5377230,CCCCCCCCCCCCCCCC(=O)OCCCCCCCC/C=C\CCCCCCCC,,
5377254,C/C(=C/C(=O)C)/O.C/C(=C/C(=O)C)/O.C/C(=C/C(=O)C)/O.[Cr],,
5377268,CN(C)C1=CC=C(C=C1)/C=C/C(=O)C2=CC=CC=C2,,
5377323,C1=CC=C(C=C1)C(=O)/C=C/C2=CC=C(C=C2)[N+](=O)[O-],,
5377374,CSC1=CC=C(C=C1)/C=C/C(=O)C2=CC=CC=C2,,
5377381,C1=CC=C(C=C1)C2=COC3=CC(=CC(=C3C2=O)O)O,,
5377412,CN1C2=CC=CC=C2C(=O)C3=C1C=C(C=C3O)OC,,
5377457,COC1=CC=C(C=C1)C(=O)/C=C/C2=CC=C(C=C2)F,,
5377516,C1=CC=C(C=C1)/C=C/C(=O)C2=C(C=CC(=C2)Cl)O,,
5377530,C1=CSC(=C1)/C=C/C(=O)C2=CC=C(C=C2)[N+](=O)[O-],,
5377538,CC1=CC(=C2C3=C1C(=O)C4C(C3(COC2=O)C5C4(C6=C7C(=COC(=O)C7=C(C=C6C)O)C5=O)OC)OC(=O)C)O,,
5377569,CC(C)(C=C)C1=CC2=CC(=C(C=C2OC1=O)O)OC,,
5377571,C1=C(C=C2C(=C1O)C(=O)C3=C(C=C(C=C3O2)O)O)O,,
5377595,CN1C(=NC2=CC=CC=C2C1=O)/C=C/C3=CC=CC=C3,,
5377655,CCCCCCCCCCCCCCCCOC(=O)CCCCCCC/C=C\CCCCCCCC,,
5377660,C1=CC=C2C=C(C=CC2=C1)C(=O)/C=C/C3=CC=CS3,,
5377686,C1=CC=C2C(=C1)C3=CC(=NC(=C3N2)C4=CC=C(O4)CO)C(=O)O,,
5377701,CC(=O)OC1=CC2=C(C=C1)N=C(OC2=O)/C=C/C3=CC=CC=C3,,
5377778,COC1=C(OC2=C(C1=O)C=CC(=C2)O)C3=CC=CC=C3,,
5377796,CC1=CC(=C2C(=C1)OC3=C(C2=O)C(=C(C=C3)O)C(=O)OC)O,,
5377817,COC1=CC=C(C=C1)/C=C/C(=O)C2=CC=C(C=C2)OC,,
5377847,CC1C(C(C(C(O1)OCC2C(C(C(C(O2)OC3=CC(=C4C(=C3)OC(=CC4=O)C5=CC=C(C=C5)O)O)O)O)O)O)O)O,,
5377854,CSC1=CC=C(C=C1)/C=C/C(=O)C2=CC=C(C=C2)O,,
5377945,COC1=C(C2=C(C=C1O)OC(=C(C2=O)O)C3=CC=C(C=C3)O)O,,
5377963,COC1=CC(=O)C2=C(C1=O)C(=C3C(=C2O)CC4(O3)CC(C5=C(O4)C(=C6C(=C5)C=C(OC6=O)C(=O)OC)O)O)O,,
5378026,C1OC2=C(O1)C=C(C=C2)C(=O)/C=C/C3=CC=C(C=C3)C#N,,
5378133,C1=CC(=CC(=C1)[N+](=O)[O-])C(=O)/C=C/C2=CC=C(C=C2)[N+](=O)[O-],,
5378171,CC1=CC(=C2C(=C1)OC(=CC2=O)C3=CC=C(C=C3)OC)O,,
5378180,C1=CC(=CC=C1C2=CC(=O)C3=C(O2)C(=C(C=C3O)O)C4C(C(C(C(O4)CO)O)O)O)O,,
5378220,COC1=C(C=C(C=C1)C2=CC(=O)C3=C(O2)C=C(C=C3)O)O,,
5378244,COC1=C(C=C(C=C1)C2=C(C(=O)C3=C(O2)C=C(C=C3)O)O)O,,
5378259,C1=CC=C(C=C1)/C=C/C=C/C(=O)/C=C/C=C/C2=CC=CC=C2,,
5378260,C1=CC(=C(C=C1O)O)C2=COC3=C(C2=O)C=CC(=C3O)O,,
5378284,COC1=C(C2=C(C=C1)OC3=CC(=CC(=C3C2=O)O)OC)OC,,
5378298,COC1=CC=C(C=C1)/C=C/C(=O)C2=CC3=CC=CC=C3C=C2,,
5378308,COC1=CC(=C(C2=C1C(=O)C3=C(C2=O)OC(=C3)CCC4=C(C(=C5C(=C4)C=C(OC5=O)C(=O)OC)O)O)O)OC,,
5378449,CC(=NNC1=C2C(=CC(=C1)[N+](=O)[O-])S(=O)N(C2=O)C)C,,
5378514,CCOC1=CC=C(C=C1)C(=O)/C=C/C2=CC=C(C=C2)SC,,
5378518,COC1=C(C=C(C=C1)C2=CC(=O)C3=C(O2)C=C(C=C3)O)OC,,
5378562,COC1=C(C=C(C=C1)C2=CC(=O)C3=C(C=C(C=C3O2)OC4C(C(C(C(O4)CO)O)O)O)O)O,,
5378563,CN1C2=CC=CC=C2C(=O)C3=C1C(=C(C(=C3O)OC)OC)OC,,
5378566,COC1=CC=C(C=C1)/C=C/C(=O)C2=C(C=C(C=C2OC)OC)OC,,
5378584,C1=CC(=CC=C1/C=C/C(=O)/C=C/C2=CC=C(C=C2)Cl)Cl,,
5378597,C1=CC(=C(C=C1C2=C(C(=O)C3=C(C=C(C=C3O2)O)O)OC4C(C(C(C(O4)CO)O)O)O)O)O,,
5378621,CCCCCCCCCC1=CC(=O)C2=C(C=C(C=C2O1)O)O,,
5378702,CC1(C=CC2=C(O1)C=C(C3=C2N(C4=C(C3=O)C=CC=C4O)C)O)C,,
5378708,CCCCCCCC/C=C\CCCCCCCC(=O)OCCOC(=O)CCCCCCC/C=C\CCCCCCCC,,
5378751,CN1C(=NC2=C1C(=O)N(C(=O)N2C)C)/C=C/C3=CC(=CC=C3)N,,
5378821,CC1=C(C(CCC1)(C)C)/C=C/C(=C/C=C/C(=C/C(=O)OC)/C)/C,,
5378823,COC1=CC=C(C=C1)C2=C(C(=O)C3=C(C=C(C=C3O2)OC)O)O,,
5378825,C1C(=O)NC(=O)N1/N=C\C2=CC=C(O2)C3=CC=C(C=C3)[N+](=O)[O-],,
5378832,COC1=C(C=C(C=C1)C2=C(C(=O)C3=C(O2)C=C(C=C3)O)O)OC,,
5378924,CCCCCCCC/C=C\CCCCCCCCCCCC(=O)OCC(CO)O,,
5379057,C1C/C(=C\C2=CC=C(C=C2)N=[N+]=[N-])/C(=O)/C(=C/C3=CC=C(C=C3)N=[N+]=[N-])/C1,,
5379071,COC1=C(C=C(C=C1)/C=C/C(=O)C2=C(C=C(C=C2OC)OC)O)O,,
5379096,COC1=C(C=CC(=C1)C2=CC(=O)C3=C(O2)C=C(C(=C3O)OC)O)O,,
5379113,CN1C(=NC2=C1C(=O)N(C(=O)N2C)C)/C=C/C3=CC(=CC(=C3)F)F,,
5379145,C1=CC=C(C=C1)/C=C/C(=O)C2=CC=C(C=C2)I,,
5379210,COC1=C2C(=C(C=C1)O)C(=O)C3=C(C=C4C(=C3O2)C5C=COC5O4)OC,,
5379232,CN1C2=C(C(=O)N(C1=O)C)NC(=N2)/C=C/C3=C(C(=CC=C3)OC)OC,,
5379237,CN1C2=C(C(=O)N(C1=O)C)NC(=N2)/C=C/C3=CC(=CC(=C3)OC)OC,,
5379238,CCN(CC)C1=CC=C(C=C1)/C=C/C(=O)C2=CC=C(C=C2)Br,,
5379262,COC1=C(C(=C2C(=C1O)C(=O)C(=C(O2)C3=CC=CC=C3)O)OC)OC,,
5379265,COC1=CC(=CC(=C1OC)OC)C2=CC(=O)C3=C(C=C(C=C3O2)O)O,,
5379357,CC(=O)NC1=CC=CC(=C1)/C=C/C2=NC3=C(N2C)C(=O)N(C(=O)N3C)C,,
5379389,CN1C(=NC2=C1C(=O)N(C(=O)N2C)C)/C=C/C3=CC(=CC(=C3)OC)OC,,
5379539,CN1C2=C(C(=O)N(C1=O)C)NC(=N2)/C=C/C3=CC(=C(C(=C3)OC)OC)OC,,
5379540,CC1=CC(=C(C2=C1C(=O)OC3=C(O2)C4=C(C(=C3C)O)C(=O)OC4O)C=O)O,,
5379546,CC1=CC(=C(C2=C1C(=O)OC3=C(O2)C(=C(C(=C3C)O)C(=O)OC)C)C=O)O,,
5379553,CC(=O)OC1=C(C=C(C=C1OC)/C=C/C2=NC3=C(N2C)C(=O)N(C(=O)N3C)C)OC,,
5379563,COC1=C(C=C(C=C1)C2=C(C(=O)C3=C(O2)C=C(C(=C3O)OC)O)OC)OC,,
5379679,CC(=CCC1=C2C(=C(C3=C1OC=C(C3=O)C4=CC=C(C=C4)O)O)C=CC(O2)(C)C)C,,
5379728,CCCN1C2=C(C(=O)N(C1=O)CCC)NC(=N2)/C=C/C3=CC(=CC(=C3)OC)OC,,
5379806,CCCN1C2=C(C(=O)N(C1=O)CCC)N(C(=N2)/C=C/C3=CC(=CC(=C3)OC)OC)C,,
5380091,CC(=CCCC1(C=CC2=C(C3=C(C(=C2O1)CC=C(C)C)OC45C6CC(C=C4C3=O)C(=O)C5(OC6(C)C)C/C=C(\C)/C(=O)O)O)C)C,,
5380187,CCOC(=O)C1=C(C(=O)C2=C(C=C(C=C2O1)O)O)C3=CC=C(C=C3)OC,,
5380356,CCNC(=O)/C=C\C(=O)O,,
5380394,C/C=C(/C)\C(=O)O[C@H]1CC[C@]2([C@H]3[C@@]1(O[C@@]24C[C@]5([C@@H]6CN7C[C@H](CC[C@H]7[C@@]([C@]6([C@H](C[C@]5([C@@H]4CC3)O)O)O)(C)O)C)O)O)C,,
5380406,C1=CC=C2C(=C1)C3=C(C=C(C=C3)O)OC2=O,,
5380645,COC1=CC(=C(C=C1)C(=O)/C=C/C2=CC=CC=C2)O,,
5380858,C/C/1=C/CC/C(=C/[C@@H]2[C@@H](CC1)C(=C)C(=O)O2)/C,,
5380876,C/C=C\1/C[C@H]([C@@](C(=O)OCC2=CC[N+]3([C@H]2[C@@H](CC3)OC1=O)[O-])(C)O)C,,
5380905,COC1=C(C=C(C=C1)C2=C(C(=O)C3=C(C=C(C=C3O2)O)O)OC)O,,
5380976,CC1=C(C(=O)C2=C(O1)C=C(C=C2)O)C3=CC=CC=C3,,
5381145,C1=CC=C(C=C1)OC(=O)/N=N/C(=O)OC2=CC=CC=C2,,
5381273,C1=NC2=C(NC(=O)NC2=O)N=N1,,
5381458,C/C=C/C1=CC2=C(C(=O)[C@H]([C@@H](O2)C)O)C(=O)O1,,
5381709,CC1=CC(=CC2=C1C(=O)C=C(O2)C3=CC=C(C=C3)OC)O,,
5381804,C1=CC=C\2C(=C1)C3=C(/C2=N/O)C(=CC=C3)C(=O)O,,
5381920,COC1=CC(=CC(=C1OC)OC)C2=CC(=O)C3=C(O2)C=C(C=C3)O,,
5382105,C1=CC(=C(C=C1C2=CC(=O)C3=C(O2)C(=C(C=C3O)O)C4C(C(C(C(O4)CO)O)O)O)O)O,,
5382213,C1=CC2=C(C=CC(=O)N2)C(=C1)O,,
5382270,C/1CC2C(CC/C=C1)NC2=O,,
5382529,C1=CC(=C2C(=C1)OC3=CC=CC(=C3C2=O)O)O,,
5382614,C1CCC(CC1)/C=C/C(=O)O,,
5382849,C1=C(C=C(C(=C1O)O)O)/C=C/C(=O)O,,
5382865,C1C/C=C\CCC(C1)C(=O)O,,
5383302,C1CCC(=O)/C(=C\C2=CC=CC=C2)/C1,,
5383392,CC(=O)/C(=C\C1=CC=CC=C1)/C2=CC=CC=C2,,
5383438,COC1=C(C=C(C=C1)C2=C(C(=O)C3=C(C=C(C=C3O2)O)O)OC)OC,,
5383464,COC1=CC=CC=C1/C=C/C(=O)C2=CC=CC=C2,,
5383850,C1OC2=C(O1)C=C(C=C2)/C=C/C(=O)C3=CC(=CC=C3)[N+](=O)[O-],,
5383898,C1=CC=C(C(=C1)/C=C/C(=O)C2=CC=C(C=C2)F)Cl,,
5383969,CC1=C(C(CCC1)(C)C)/C=C/C(=O)O,,
5384200,CC1=NC=C2N1C3=C(C=C(C=C3)Cl)C(=NC2)C4=CC=CC=C4F.C(=C\C(=O)O)\C(=O)O,,
5384799,COC1=C(C=C(C=C1)C2=CC(=O)C3=C(C=C(C=C3O2)O)O)OC4=CC=C(C=C4)C5=CC(=O)C6=C(C=C(C=C6O5)O)O,,
5384875,CC1C=CC(=O)OC1/C=C/C(=C/C(C)C/C=C/C(=C/C(C)C(=O)C(C)C(C(C)C/C(=C/C(=O)O)/C)O)/C)/C,,
5385074,C1=CC(=CC=C1C2=COC3=C(C2=O)C=CC(=C3C4C(C(C(C(O4)CO)O)O)O)O)O,,
5385082,CC1(C=CC2=C(C(=C3C(=C2O1)C=CC(O3)(C)C)C(=O)/C=C/C4=CC=CC=C4)O)C,,
5385089,CC1C/C(=C/C=C/C(C(OC(=O)/C(=C/C(=C/C(C1O)C)/C)/OC)C(C)C(C(C)C2(CC(C(C(O2)C(C)C)C)O)O)O)OC)/C,,
5385091,COC1=CC2=C(C=C1C3=COC4=C(C3=O)C=CC(=C4)O)OCO2,,
5385144,C1CCC(CC1)C(/C=C/C(=O)O)O,,
5385314,CC(=C)C(=O)/C(=C\C(=O)O)/OC,,
5385354,C(=C(/C(=O)O)\F)\C(=O)O,,
5385377,CCCCCCCC/C=C\CCCCCCCC(=O)OCCOC,,
5385498,CCCCCCCC/C=C/CCCCCCCC(=O)OCC(C1C(C(CO1)O)O)O,,
5385518,CCCCCC/C(=N/NC(=O)N)/C,,
5385520,CCCC/C(=C\C1=CC=CC=C1)/C=O,,
5385553,C1=CC(=CC=C1C2=CC(=O)C3=C(C=C(C=C3O2)OC4C(C(C(C(O4)CO)O)O)O)O)O,,
5385641,CCCOC(=O)/C=C/C1=CC=C(C=C1)OC,,
5386259,COC1=CC=C(C=C1)C2=COC3=CC(=CC(=C3C2=O)O)OC,,
5386428,C\1NC/C(=C\C2=CC=CC=C2)/C(=O)/C1=C/C3=CC=CC=C3,,
5386459,CC\1=NN(C(=O)/C1=C/C2=CC(=C(C=C2)OC)OC)C3=CC=CC=C3,,
5386958,COC1=C(OC2=C(C1=O)C(=CC(=C2O)O)O)C3=CC(=C(C=C3)O)O,,
5386962,COC1=C(C(=C2C(=C1O)C(=O)C(=C(O2)C3=CC(=C(C=C3)O)O)OC)OC)O,,
5387121,C1=CC=C(C=C1)COC(=O)/N=N/C(=O)OCC2=CC=CC=C2,,
5387181,CC1=C([N+](=O)C2=CC=CC=C2N1[O-])C(=O)/C=C/C3=CC=CC=C3,,
5387194,C1OC2=C(O1)C(=C3C(=C2)OC=C(C3=O)C4=CC=CC=C4O)O,,
5387248,CC1=C(C(CCC1)(C)C)CC/C(=C/CC/C(=C/CCC2=CC(=O)OC2O)/C)/C,,
5387296,C1=CC=C(C(=C1)/C(=C/2\C=CC(=O)C(=C2)O)/C3=CC(=C(C=C3)O)O)S(=O)(=O)O,,
5387370,C1=CC(=CC=C1C2=CC(=O)C3=C(C=C(C=C3O2)OC4C(C(C(C(O4)C(=O)O)O)O)O)O)O,,
5387508,C1OC2=C(O1)C(=C3C(=C2)C4=C(C(=CC=C4)O)NC3=O)O,,
5387599,CC(=CCC/C(=C/CC/C(=C/CC/C(=C/CC1=C(C=CC(=C1O)O)OC(=O)C)/C)/C)/C)C,,
5387750,CCCCCCCCCCCCCCCC1=CC(=O)C2=C(C=C(C=C2O1)O)O,,
5388496,C1C2C(C(C(C(O2)O)O)O)OC(=O)C3=CC(=C(C(=C3C4=C(C(=C5C6=C4C(=O)OC7=C(C(=C(C8=C(C(=C(C=C8C(=O)O1)O)O)O)C(=C67)C(=O)O5)O)O)O)O)O)O)O,,
5388506,CC(C)(C)C(=O)/C=C/C1=CC=C(C=C1)OC,,
5388510,CC(C)(C)C(=O)/C=C/C1=CC=C(C=C1)Cl,,
5388520,CCOC(=O)/C=C/C1=CC=CC=C1Br,,
5388521,CN(C)C1=CC=C(C=C1)/C=C/2\CC3=CC=CC=C3C2=O,,
5388525,COC1=CC=CC=C1/C=C/2\CC3=CC=CC=C3C2=O,,
5388549,C1=CC=C(C=C1)C(=O)/C=C/C2=CC=CC=C2Cl,,
5388631,CN(C)C1=CC=C(C=C1)/C=C(\C#N)/C(=O)C2=CC=CC=C2,,
5388647,C1=CC=C(C=C1)C(=O)/C(=C/C2=CC=C(C=C2)C#N)/C#N,,
5388680,C1=C(C=C(C(=C1O)O)O)/C=C(\C#N)/C(=O)N,,
5388686,COC1=CC=CC=C1/C=C(\C#N)/C(=O)O,,
5388688,C1=CC(=CC=C1/C=C(\C#N)/C(=O)O)C#N,,
5388696,C/C(=C\C1=CC=C(C=C1)OC)/C=O,,
5388709,C1=CNC(=C1)C(=O)NC/C=C/C2=CN=C(N2)N,,
5388781,C=CC/C=C/C/C=C/CCCCCCCC1=C(C(=CC=C1)O)C(=O)O,,
5388849,CN(C)C1=CC=C(C=C1)/C=N/N2C(=O)C3=CC=CC=C3C2=O,,
5388925,CC[C@H]1C[C@@H]([C@@]2([C@H]([C@H]([C@H]([C@@H](O2)C[C@@H]([C@@H](C)CC/C=C/C=C(\C)/[C@@H]3C/C=C/C=C/[C@@H]([C@@H]([C@H]([C@H](C(=O)N[C@H](C(=O)N[C@H](C(=O)N4CCC[C@H](N4)C(=O)O3)CC5=CC(=CC=C5)O)C(C)C)CCC(=O)C)O)C)O)O)C)O)C)NC1=O)C,,
5388929,C[C@@H](C(=O)N[C@H](C(=O)N1C[C@H](C[C@H]1C(=O)N[C@@H]2CCCC3=CC=CC=C23)OC4=CC=CC=C4)C(C)(C)C)NC,,
5388936,CC[C@@H]1C(=O)N2CCC[C@H]2C(=O)N([C@H](C(=O)N3CCC(=O)C[C@H]3C(=O)N[C@H](C(=O)O[C@@H]([C@@H](C(=O)N1)NC(=O)C4=C(C=CC=N4)O)C)C5=CC=CC=C5)CC6=CC=CC=C6)C,,
5388937,CC[C@@H]1C(=O)N2CCC[C@H]2C(=O)N([C@H](C(=O)N3C[C@H](C(=O)C[C@H]3C(=O)N[C@H](C(=O)O[C@@H]([C@@H](C(=O)N1)NC(=O)C4=C(C=CC=N4)O)C)C5=CC=CC=C5)CS[C@@H]6CN7CCC6CC7)CC8=CC=C(C=C8)N(C)C)C,,
5388938,CC[C@@H](C)NC(=O)C1=CC(=CC(=C1)C2=CN=C(C(=O)N2CC(=O)NCC3=C(C=C(C=C3)C(=N)N)C(=O)NC4=CC=NC=C4)NC(C)C)N,,
5388959,CC(=O)OCC(=O)[C@]1(CC[C@@H]2[C@@]1(C[C@@H]([C@]3([C@H]2CCC4=CC(=O)C=C[C@@]43C)Cl)Cl)C)O,,
5388961,CCOC(=O)[C@H](CCC1=CC=CC=C1)N[C@@H](C)C(=O)N2CCC[C@H]2C(=O)O.C(=C\C(=O)O)\C(=O)O,,
5388962,CCOC(=O)[C@H](CCC1=CC=CC=C1)N[C@@H](C)C(=O)N2CCC[C@H]2C(=O)O,,
5388964,C1CC1C(C2CC2)NC3=NCCO3.C(=C/C(=O)O)\C(=O)O,,
5388973,CCC[C@@H]1C[C@H](N(C1)C)C(=O)N[C@@H]([C@@H]2[C@H]([C@@H]([C@H]([C@H](O2)SC)O)O)O)[C@@H](C)O,,
5388977,CCC(COC(=O)C1=CC(=C(C(=C1)OC)OC)OC)(C2=CC=CC=C2)N(C)C.C(=C\C(=O)O)\C(=O)O,,
5388983,CC[C@@]1(C[C@H]2C[C@@](C3=C(CCN(C2)C1)C4=CC=CC=C4N3)(C5=C(C=C6C(=C5)[C@]78CCN9[C@H]7[C@@](C=CC9)([C@H]([C@@]([C@@H]8N6C)(C(=O)OC)O)OC(=O)C)CC)OC)C(=O)OC)O.OS(=O)(=O)O,,
5388992,CC[C@@]1(C[C@H]2C[C@@](C3=C(CCN(C2)C1)C4=CC=CC=C4N3)(C5=C(C=C6C(=C5)[C@]78CCN9[C@H]7[C@@](C=CC9)([C@H]([C@@]([C@@H]8N6C=O)(C(=O)OC)O)OC(=O)C)CC)OC)C(=O)OC)O.OS(=O)(=O)O,,
5388993,CC[C@@]1(C[C@H]2C[C@@](C3=C(CCN(C2)C1)C4=CC=CC=C4N3)(C5=C(C=C6C(=C5)[C@]78CCN9[C@H]7[C@@](C=CC9)([C@H]([C@@]([C@@H]8N6C=O)(C(=O)OC)O)OC(=O)C)CC)OC)C(=O)OC)O,,
5389074,C1=CC=C(C=C1)/C=C/CN2C(=O)C3=CC=CC=C3C2=O,,
5389756,C/C(=C\CN1C2=C(N=C1NCCC3=CC=CC=C3)N(C(=O)N(C2=O)C)C)/Cl,,
5390725,CC1=CC=C(O1)/C=N/NC(=O)C2=CC=NC=C2,,
5390727,COC1=CC=C(C=C1)/C=N/NC(=O)C2=CC=NC=C2,,
5390854,CN1C[C@]2([C@@H]3C[C@@H]4[C@]5([C@H]2[C@H]1[C@H]3CO4)C6=CC=CC=C6NC5=O)C=C,,
5391140,C1=CC(=CC(=C1)O)C2=CC(=O)C3=C(O2)C=C(C=C3)O,,
5391149,C1=CC=C(C(=C1)C2=CC(=O)C3=C(O2)C=C(C=C3)O)O,,
5391150,COC1=CC=CC=C1C2=CC(=O)C3=C(O2)C=C(C=C3)O,,
5391151,CC1=C(OC2=C(C1=O)C=CC(=C2)O)C3=CC=CC=C3,,
5391260,CCCC1=CC(=O)OC2=CC(=CC(=C12)O)O,,
5391672,CC1=CC(=O)OC2=C1C=CC(=C2CN[C@@H](CC(C)C)C(=O)O)O,,
5391769,CC1CCN(CC1)C(=O)/C(=C\C2=CC=CC=C2)/NC(=O)C3=CC=CC=C3,,
5392003,CCC1=CC2=C(C=C1O)OC=C(C2=O)C3=NC(=CS3)C,,
5392139,CC(=O)C1=CC2=C(C=C(C=C2)O)OC1=O,,
5392904,CC1=C(C(=NN1)C)CCC(=O)N/N=C(\C)/C2=CC=C(C=C2)[N+](=O)[O-],,
5393006,CC1=CC=C(S1)C2=CC(=NN2)C(=O)N/N=C(\C)/C3=CC=NC=C3,,
5393147,C1=C2C(=CC(=O)OC2=CC(=C1O)O)C(F)(F)F,,
5393151,C1=CC=C(C=C1)C2=C(C(=O)C3=C(C=CC=C3O2)O)O,,
5393152,C1=CC=C(C=C1)C2=C(C(=O)C3=C(O2)C=C(C=C3)O)O,,
5393155,C1=CC(=CC(=C1)O)C2=CC(=O)C3=CC(=C(C=C3O2)O)O,,
5393156,CC1=CC(=CC2=C1C(=O)C=C(O2)C3=CC=CC=C3)O,,
5393158,CC1=C(C(=O)OC2=C1C=CC(=C2)O)C3=CC(=C(C=C3)OC)OC,,
5393159,C1=C(C2=CC(=C(C=C2OC1=O)O)O)CC(=O)O,,
5393160,COC1=C(C=C(C=C1)C2=CC3=C(C=C(C=C3)O)OC2=O)OC,,
5393164,C1=CC2=C(C=C1O)OC(=CC2=O)C3=CC(=C(C(=C3)O)O)O,,
5393165,C1=CC(=CC(=C1)O)C2=C(C(=O)C3=C(O2)C=C(C=C3)O)O,,
5393168,COCC1=CC(=O)OC2=C1C=CC(=C2)O,,
5393172,CC1=C(C(=O)OC2=C1C=CC(=C2)O)C#N,,
5393173,C1=CC2=C(C=C1O)OC(=O)C(=C2)C#N,,
5393174,COC1=CC=C(C=C1)C2=CC3=C(C=C(C=C3)O)OC2=O,,
5393175,C1=CC=C(C=C1)C2=C(C(=O)OC3=C2C=CC(=C3)O)C4=CC=CC=C4,,
5393176,C1=CC=C(C=C1)C2=CC3=C(C=C(C=C3)O)OC2=O,,
5393179,C1=CC(=CC=C1C2=CC3=C(C=C(C=C3)O)OC2=O)Cl,,
5393180,CC1=C(C(=O)OC2=C1C=CC(=C2)O)C3=CC=C(C=C3)Cl,,
5394433,C/C(=N/NC(=O)C1=CC=CS1)/C2=CC(=CC=C2)N,,
5394836,C1OC2=C(O1)C=C(C=C2)/C=C\3/C(=NOC3=O)C4=CC=CC=C4,,
5394887,CC1=N/C(=C\C2=CC(=C(C=C2)OC)OC)/C(=O)O1,,
5395305,C/C(=N\NC(=O)CC1=CC=CN1C)/C2=CC=CS2,,
5395312,C/C(=N\NC(=O)CC1=CC=CN1C)/C2=CC=CO2,,
5395481,CC\1=NN(C(=O)/C1=C\C2=CC=C(C=C2)OC)C3=CC=CC=C3,,
5395514,COC(=O)CC1=CC(=O)OC2=C1C=CC(=C2)O,,
5395778,CC1=CC=C(C=C1)OC2=COC3=C(C2=O)C=CC(=C3)O,,
5395891,CCC1=CC(=O)OC2=C1C=CC(=C2)O,,
5396150,C1=CC=C2C(=C1)C3=C(C=C(C=C3OC2=O)O)O,,
5396334,C1=CC=C(C=C1)/C=C(/C(=O)O)\S,,
5396556,CC1=C/C(=N/OC(=O)C2=CC(=C(C(=C2)OC)OC)OC)/C=CC1=O,,
5396660,CC1=CC(=CC=C1)OC2=COC3=C(C2=O)C=CC(=C3)O,,
5396683,COC1=CC(=C(C=C1)NC(=O)CO/N=C\2/CCCC3=NON=C32)OC,,
5396716,CN(C)/C=C/C(=O)C1=CC=NC=C1,,
5397195,CC1=C(C(=O)OC2=C1C=CC(=C2C)O)C,,
5397276,COC1=CC=CC=C1C2=COC3=C(C2=O)C=CC(=C3)O,,
5397398,COC1=CC=CC=C1OC2=COC3=C(C2=O)C=CC(=C3)O,,
5398493,CN(C)/C=C/C(=O)C1=CC(=CC=C1)C(F)(F)F,,
5398495,CN(C)/C=C/C(=O)C1=CC=CC=C1,,
5398649,C1=CC=C(C=C1)C2=CC(=O)OC3=CC(=CC(=C23)O)O,,
5398657,C1=CC=C(C=C1)C2=CC(=O)OC3=CC(=C(C=C23)Cl)O,,
5398846,C1=CC2=C(C=C1O)OC(=O)C=C2CCl,,
5399040,CCOC(=O)/C(=C\C1=CN=CC=C1)/C#N,,
5399093,C/C(=N\NC(=O)C1=CC=CC=C1)/C(=O)O,,
5400220,COC(=O)C1=CC=C(C=C1)OC2=COC3=C(C2=O)C=CC(=C3)O,,
5400235,C1=CC(=CC=C1C2=C(OC3=C(C2=O)C=CC(=C3)O)C(F)(F)F)F,,
5400404,C1=CC=C(C=C1)NC(=O)C2=CC3=C(C=C(C=C3)O)OC2=O,,
5401708,COC1=CC=C(C=C1)OC(=O)/C=C/C2=CC=CC=C2,,
5403474,C1=CC=C(C=C1)COC2=CC(=C3C(=C2)OC(=CC3=O)C4=CC=CC=C4)O,,
5403692,C1=CC2=C(C=C1N)N=C3C(=N2)C(=O)NC(=O)N3,,
5406157,CC1=C2C(=CC(=N1)C(=O)O)C3=CC=CC=C3N2,,
5406789,COC(=O)C(=O)/C=C(/C1=CC=C(C=C1)Br)\O,,
5407860,C1=CC=C(C=C1)C2=COC3=C(C2=O)C=CC(=C3O)O,,
5407918,C1=CC=C(C=C1)N2C=C(C=N2)C3=COC4=C(C3=O)C=CC(=C4)O,,
5408021,C1=CC(=CC=C1C2=COC3=CC(=CC(=C3C2=O)O)O)Br,,
5408233,CN1CC[C@]23C=C(C(=O)C=C2[C@H]1CC4=C3C(=C(C=C4)OC)O)OC,,
5408543,COC1=C(C=C(C=C1)C2=COC3=CC(=CC(=C3C2=O)O)O)OC,,
5409139,C1=CC=C(C=C1)C(=O)N/C(=C/C2=CC=NC=C2)/C(=O)NC3=CC=CC=C3,,
5409279,C1=CC2=C(C=C1O)OC=CC2=O,,
5409710,COC1=CC=C(C=C1)C2=CN=C3C(=N2)NC(=O)NC3=O,,
5409956,C1/C(=C\C2=CC=CC=C2O)/C(=O)/C(=C/C3=CC=CC=C3O)/C1,,
5410076,CC1(CC2=NC3=C(C=C2CO1)C(=O)NC(=S)N3)C,,
5411370,C/C(=N/NC(=O)C1=CC=NC=C1)/C2=CC=CC=C2,,
5411574,CC(=O)C1=C(C=CC2=C1OC(=O)C=C2)O,,
5411747,CC1=C(C=CO1)C(=O)N/N=C(\C)/C2=CC=C(S2)Br,,
5411787,CCOC1=CC=C(C=C1)C(=O)N/N=C(\C2=CC=CC=C2)/C3=CC=CC=N3,,
5411796,C1=CC=C(C=C1)/C(=N\NC(=O)C2=CC=CC=C2Cl)/C3=CC=CC=N3,,
5411894,C/C(=C\C1=CC=CC=C1)/C=N\NC(=O)C2=CC(=C(C=C2)OC)OC,,
5411990,C1=CC(=CC=C1C(=O)NNC(=O)/C=C/C2=CC=C(O2)[N+](=O)[O-])F,,
5412145,CN1C=CC(=N1)C(=O)N/N=C/C2=CC=NC=C2,,
5412913,CC1=CC2=C(C=C1O)OC(=O)C=C2,,
5412990,CC1=C(C(=O)OC2=C1C=CC(=C2)O)C,,
5412999,C1=CC(=CC=C1OC2=COC3=C(C2=O)C=CC(=C3)O)F,,
5413000,C1=CC=C(C(=C1)OC2=COC3=C(C2=O)C=CC(=C3)O)F,,
5413034,C1=CC=C(C=C1)C2=CC(=O)OC3=C2C=CC(=C3O)O,,
5413038,C1=CC=C(C=C1)C(=O)C2=CC3=C(C=C(C=C3)O)OC2=O,,
5415301,CC1=CC(=O)OC2=C1C=CC(=C2I)O,,
5417221,C1=C(C2=CC(=C(C=C2OC1=O)O)O)CCl,,
5419018,CC1=CC2=C(C=C1N)N=C3C(=N2)C(=O)N(C(=O)N3)C4CCCCC4,,
5420804,C/C/1=C/CC[C@@]2([C@H](O2)[C@@H]3[C@@H](CC1)C(=C)C(=O)O3)C,,
5420805,C/C/1=C/CC[C@@]2([C@@H](O2)[C@@H]3[C@@H](CC1)C(=C)C(=O)O3)C,,
5421742,CC1=C(C=CO1)C(=O)N/N=C(\C)/C2=CC=CC=C2,,
5421928,COC1=CC=C(C=C1)C2=C3C(=CC(=N2)C(=O)OC)C4=CC=CC=C4N3,,
5428344,CN1C(=O)/C(=C/C2=CC3=C(C=C2Br)OCO3)/NC1=S,,
5428505,C1=CC=C2C(=C1)C3=CC(=C(C=C3OC2=O)O)Cl,,
5428528,CC1=C(C(=O)OC2=C1C=CC(=C2O)O)CC3=CC=CC=C3,,
5428913,C1=CC(=CC=C1OC2=COC3=C(C2=O)C=CC(=C3)O)I,,
5429068,C1=CC=C2C(=C1)N=C3N2C(=O)/C(=C/C4=CC=C(O4)C5=CC=C(C=C5)S(=O)(=O)N)/S3,,
5431585,CC1=C(C(=NN1CC2=CC=C(O2)C(=O)N/N=C\C3=CC(=CC=C3)Br)[N+](=O)[O-])Cl,,
5434995,CC1=C(SC=C1)/C=N/NC(=O)CN2CCN(CC2)CC3=CC=CC=C3,,
5440108,CCCC1=CC(=C2C3=C(CN(CC3)C)C(=O)OC2=C1)O,,
5440628,C1COCCN1C(=O)/C(=C/C2=CC=C(C=C2)Cl)/NC(=O)C3=CC=C(C=C3)[N+](=O)[O-],,
5441576,CC1=C(C(=O)N(N1C)C2=CC=CC=C2)NC(=O)/C(=C\C3=CC=CC=C3)/NC(=O)C4=CC=CC=C4,,
5442665,COC1=CC=C(C=C1)/C=C(/C(=O)NCC2=CN=CC=C2)\NC(=O)C3=CC=CC=C3,,
5443916,CCN1C(=NN=C1SCC(=O)N/N=C(\C)/C2=CC=CO2)C3=CC=CC=C3,,
5447130,C1=C(OC(=C1)[N+](=O)[O-])/C=N/NC(=O)N,,
5452233,C1=C(OC(=C1)[N+](=O)[O-])/C=N/NC(=S)N,,
5453838,CC1=CC=C(S1)/C=N/NC(=O)CN2CCN(CC2)CC3=CC=CC=C3,,
5454901,C/C(=N\NC(=O)C1=NN(C=C1Br)C)/C2=CC=C(C=C2)NC(=O)C3=CC=NC=C3,,
5454938,C/C(=N\NC(=O)[C@@H]1C[C@H]1C2=CC=CC=C2)/C3=CC=C(C=C3)NC(=O)C4=CC=C(S4)Cl,,
5458171,C1=CC(=C2C(=C1NCCNCCO)C(=O)C3=C(C=CC(=C3C2=O)O)O)NCCNCCO.Cl,,
5458184,CC(=O)N(CC1=C(C=CC(=C1)OC)O[11CH3])C2=C(C=CC(=C2)F)OC3=CC=CC=C3,,
5458190,CCC1=C[C@H]2C[C@]3([C@@H]1N(C2)CCC4=C3NC5=CC=CC=C45)C(=O)OC,,
5458199,COC1=C2C(=CC3=CC(=C(C(=C31)OC)C(=O)/C=C(/C4=CC=CC=C4O)\O)CC(=O)O)C=C5C=C(OC(=O)C5=C2O)C(=O)OC,,
5458246,COC1=C(C=C(C=C1)[C@H]2[C@@H]3[C@@H](CC4=C(C5=C(C=C24)OCO5)OC)COC3=O)OC,,
5458383,C[C@@H]1CCCC(=O)/C=C/C(=O)O[C@]23[C@@H](/C=C/C1)[C@@H](C(=C)[C@H]([C@H]2[C@@H](NC3=O)CC4=CC=CC=C4)C)O,,
5458385,C[C@H]1C/C=C/[C@H]2[C@H]3[C@](O3)([C@H]([C@@H]4[C@]2(C(=O)N[C@H]4CC5=CC=CC=C5)OC(=O)O/C=C/[C@@](C1=O)(C)O)C)C,,
5458394,CCCCCCCC(CC(=O)O)OC(=O)CC(CCCCCCC)O[C@H]1[C@@H]([C@@H]([C@H]([C@@H](O1)C)O)O)O[C@H]2[C@@H]([C@@H]([C@H]([C@@H](O2)C)O)O)O,,
5458428,C[C@H]1C/C=C/[C@H]2[C@@H](C(=C)[C@H]([C@@H]3[C@@]2([C@@H](/C=C/[C@@](C1=O)(C)O)OC(=O)C)C(=O)N[C@H]3CC4=CC=CC=C4)C)O,,
5458436,COC1=C(C=C(C=C1)/C=C/C2=CC(=CC(=O)O2)OC)OC,,
5458461,CC(C)/C=C/C1=C(C=C2C(=C1O)C(=O)C(=C(O2)C3=C(C=C(C=C3)O)O)CC=C(C)C)OC,,
5458462,CC(C)/C=C/C1=C(C=C2C(=C1O)C(=O)C3=C(O2)C4=C(C=C(C=C4)O)OC3C=C(C)C)OC,,
5458510,CC1=C[C@@H]2[C@]([C@@H](C1=O)O)([C@]3(C[C@H]([C@H]([C@@]34CO4)O2)OC(=O)C)C)CO,,
5458565,C1=C2C(=CC(=C1Cl)S(=O)(=O)N)S(=O)(=O)N=C(N2)CCC(=O)O,,
5458646,CC#CC#C/C=C/1\C=CC2(O1)C(C=CO2)OC(=O)C,,
5458747,C[C@@H]1C(=O)C[C@@H]2[C@@]([C@]1(CCC3=COC=C3)O)(CCCC2(C)C)C,,
5458776,CC(C)/C=C/C1=C(C2=C(C3=C(CC(CC3=O)(C)OC(=O)C)C=C2C=C1OC)O)O,,
5458789,CC(CC[C@H]([C@@](C)([C@H]1CC[C@@]2([C@@]1(CC[C@H]3C2=CC(=O)[C@H]4[C@@]3(C[C@@H]([C@@H](C4)O)O)C)C)O)O)O)CO,,
5458800,C/C=C(/C)\C(=O)O[C@H]1CC[N+]2([C@@H]1C(=CC2)COC(=O)[C@@]([C@H](C)OC)(C(C)(C)O)O)[O-],,
5458878,C1=CC=C2C(=C1)C(=CN2)CCNC(=O)/C=C/C3=CC=C(C=C3)O,,
5458879,C1=CC(=CC=C1/C=C/C(=O)NCCC2=CNC3=C2C=C(C=C3)O)O,,
5458893,C1=CC2=C(C(=C1)O)C(=O)C3=C([C@@H]2C4C(C(C(C(O4)CO)O)O)O)C=C(C=C3O)CO,,
5459010,CC1C(C(C(C(O1)OC2C(C(OC(C2OC(=O)/C=C/C3=CC(=C(C=C3)O)O)CO)OCCC4=CC(=C(C=C4)O)O)O)O)O)O,,
5459110,C[N+]1([C@@H]2CC(C[C@H]1[C@H]3[C@@H]2O3)OC(=O)[C@H](CO)C4=CC=CC=C4)C.[Br-],,
5459166,CCCC/C=C/CC1=C(C(=O)C2=CC=CC=C2N1)C,,
5459184,COC1=C(C=CC(=C1)C2=C(C(=O)C3=C(O2)C(=C(C=C3O)OC)OC)OC)O,,
5459192,CC1C(C(C(C(O1)OCC2C(C(C(C(O2)OC3=C(OC4=CC(=CC(=C4C3=O)O)O)C5=CC=C(C=C5)O)OC6C(C(C(C(O6)C)O)O)O)O)O)O)O)O,,
5459196,COC1=CC=C(C=C1)C2=C(C(=O)C3=C(O2)C=C(C(=C3O)OC)O)O,,
5459211,C[C@H]1[C@@H](C(=O)N1S(=O)(=O)O)NC(=O)/C(=N/OC(C)(C)C(=O)O)/C2=CSC(=N2)N,,
5459217,CC1C(C(C(C(O1)OC2C(C(C(OC2OC3=CC(=C4C(=C3)OC(=CC4=O)C5=CC=C(C=C5)O)O)CO)O)O)O)O)O,,
5459223,CC(=CCOC1=CC=C(C=C1)C2=COC3=CC4=C(C=CC(O4)(C)C)C(=C3C2=O)O)C,,
5459241,CN(C)CCC1=CC2=C(C(=C1/C=C\3/C4=C(C(=C(C=C4)OC)OC)C(=O)N3)OC)OCO2,,
5459308,CN1CC[C@@]23CC(=O)C(=C[C@@H]2[C@@H]1CC4=C3C(=C(C=C4)OC)O)OC,,
5459319,C[C@@H]1/C=C/C(=O)NC/C=C/C(=C/[C@H](CC(=O)CC2=NC(=CO2)C(=O)N3CCC=C3C(=O)O[C@@H]1C(C)C)O)/C,,
5459348,CCC1=C(NC(=O)C(=C1OC2=CC=CC(=C2)/C=C/C#N)I)C,,
5459361,CCCCCCCCCCCCC/C=C/[C@H]([C@H](CO[C@H]1[C@@H]([C@H]([C@H]([C@H](O1)CO)O)OS(=O)(=O)O)O)NC(=O)CCCCCCCCCCCCC/C=C\CCCCCCCC)O,,
5459370,C1COC[C@H]1OC(=O)N[C@@H](CC2=CC=CC=C2)[C@H](C[C@]3(C(=O)C(=CN3)[C@@H]4C[C@@H](C5=CC=CC=C45)CC(=O)N)CC6=CC=CC=C6)O,,
5459373,CC(=O)C1=CC=CC(=C1)C2=CN=C3N2N=C(C=C3)NCC4CC4,,
5459374,C1C[C@H](N(C1)C(=O)[C@H](CC2=CC=C(C=C2)C3=CC=CC=C3)N)CN,,
5459377,CCCCCCCCCCCCCC(=O)OC[C@H](COP(=O)([O-])OCC[N+](C)(C)C)OC(=O)CCCCCCCCCCCCC,,
5459760,CC(=O)CC(=O)C(=O)[O-],,
5459783,C[C@@]12CCC[C@@]([C@H]1[C@@H]([C@]34[C@H]2CC[C@H](C3)C(=C)C4)C=O)(C)C(=O)O,,
5459784,C[C@@]([C@H](CC(=O)O)C(=O)O)(C(=O)O)O,,
5459792,C([C@@H](C(=O)[O-])O)C(=O)[O-],,
5459794,C([C@H](C(=O)[O-])O)C(=O)[O-],,
5459796,CC[C@]1([C@H](O1)CC/C(=C/CC/C(=C/C(=O)OC)/C)/C)C,,
5459798,C[N+](C)(C)[C@@H](CC1=CN=CN1)C(=O)[O-],,
5459802,C1[C@H](NC2=CC(=O)C(=O)C=C21)C(=O)O,,
5459822,C[C@H](CN)C(=O)O,,
5459823,CN1CC[C@]23[C@@H]4[C@H]1CC5=C2C(=C(C=C5)O)O[C@H]3C(=O)C=C4,,
5459829,CCCCCCCCCCCCCCCC(=O)OC/C=C(\C)/C=C\C=C(/C)\C=C\C1=C(CCCC1(C)C)C,,
5459840,C[C@]12CC[C@H]3C(=CC(=O)[C@H]4[C@@]3(C[C@@H]([C@@H](C4)O)O)C)[C@@]1(CC[C@@H]2[C@](C)([C@@H](CCC(C)(C)O)O)O)O,,
5459842,C1=CC=C(C(=C1)C(=O)[O-])N,,
5459845,[C@@H]([C@@H]([C@H](C(=O)[O-])O)O)([C@@H](C(=O)[O-])O)O,,
5459847,C(CO)C(=O)[O-],,
5459852,C[S+](CCC(=O)C(=O)[O-])C[C@@H]1[C@H]([C@H]([C@@H](O1)N2C=NC3=C(N=CN=C32)N)O)O,,
5459858,CC1=C(NC(=C1CCC(=O)O)CC2=C(C(=C(N2)/C=C/3\C(=C(C(=O)N3)C)C=C)C)CCC(=O)O[C@H]4[C@@H]([C@H]([C@@H]([C@H](O4)C(=O)O)O)O)O)/C=C/5\C(=C(C(=O)N5)C=C)C,,
5459862,C([C@H]([C@H](C=O)O)O)OP(=O)([O-])[O-],,
5459879,C([C@H]([C@H]([C@H]([C@@H](C(=O)CO)O)O)O)O)O,,
5459894,C/C(=C(\C)/C(=O)[O-])/C(=O)[O-],,
5459898,C([C@H]([C@H]([C@@H](C(=O)[O-])O)O)O)O,,
5459910,CN1CC[C@]23[C@@H]4[C@H]1CC5=C2C(=C(C=C5)OC)O[C@H]3C(=O)C=C4,,
5459911,CC1=C(NC(=C1CCC(=O)O[C@H]2[C@@H]([C@H]([C@@H]([C@H](O2)C(=O)O)O)O)O)CC3=C(C(=C(N3)/C=C/4\C(=C(C(=O)N4)C)C=C)C)CCC(=O)O[C@H]5[C@@H]([C@H]([C@@H]([C@H](O5)C(=O)O)O)O)O)/C=C/6\C(=C(C(=O)N6)C=C)C,,
5459918,C([C@@H]1[C@H]([C@H](C(O1)NC(=O)CN)O)O)OP(=O)(O)O,,
5459919,C1C[C@@H]2[C@@H]3C[C@H](CN2C(=O)C1)[C@H]4C[C@H](CCN4C3)O,,
5459942,C([C@H]([C@H]([C@H]([C@H](C=O)O)O)O)O)OP(=O)(O)O,,
5459948,C[C@H]1/C=C/C=C(\C(=O)NC2=CC(=C3C(=C2O)C(=C(C4=C3C(=O)[C@](O4)(O/C=C/[C@@H]([C@H]([C@H]([C@@H]([C@@H]([C@@H]([C@H]1O)C)O)C)OC(=O)C)C)OC)C)C)O)OCC(=O)O)/C,,
5459960,C(C(C(=O)[O-])O)C(=O)C(=O)[O-],,
5459982,CC(C(=O)[O-])C(=O)[O-],,
5459996,C=C(CC(=O)[O-])C(=O)[O-],,
5460005,C(C=O)[C@@H]([C@@H](CO)O)O,,
5460024,C([C@@H]([C@@H]([C@H](C(=O)CO)O)O)O)O,,
5460032,C([C@@H](C(=O)CO)O)O,,
5460037,C([C@@H]1[C@H]([C@@H]([C@H]([C@H](O1)OC[C@@H]2[C@H]([C@@H]([C@H]([C@H](O2)OC[C@H]([C@H]([C@@H]([C@H](C=O)O)O)O)O)O)O)O)O)O)O)O,,
5460041,C[C@H](CCCC(C)C=O)[C@H]1CC[C@@H]2[C@@]1(CC[C@H]3[C@H]2[C@@H](C[C@H]4[C@@]3(CC[C@H](C4)O)C)O)C,,
5460048,C(C(COC=O)OC=O)OC=O,,
5460054,C([C@H]([C@H]([C@@H]([C@@H](C(=O)[O-])O)O)O)O)O,,
5460083,C[C@@H]([C@H]1CC[C@@]2([C@@]1(CC[C@H]3C2=CC(=O)[C@H]4[C@@]3(C[C@@H](C(=O)C4)O)C)C)O)[C@@H](CCC(C)(C)O)O,,
5460090,C1CC=NC(C1)C(=O)[O-],,
5460126,C(=O)[C@@H]([C@H]([C@@H]([C@@H](C(=O)[O-])O)O)O)O,,
5460151,C1=COC(=C1)C(=O)[O-],,
5460161,C[C@@H](C(=O)[O-])O,,
5460164,CC1CCCC(C1/C=C/C(=C/C=C/C(=C/C(=O)O)/C)/C)(C)C,,
5460172,C(C(C(C(=O)[O-])O)C(=O)[O-])C(=O)[O-],,
5460179,C[C@H](C(=O)[O-])O,,
5460194,C([C@@H]1[C@H]([C@@H]([C@@H]([C@H](O1)O[C@H](CO)C(=O)O)O)O)O)O,,
5460200,C(CC(=O)[O-])[C@H](C(=O)[O-])O,,
5460204,C[C@@H](CCC[C@@H](C)CCC/C(=C/CC12C(=O)C3=CC=CC=C3C(=O)C1(O2)C)/C)CCCC(C)C,,
5460209,C[C@]1(CCC[C@@]2([C@@H]1[C@@H]([C@]34[C@H]2CC[C@](C3)(C(=C)C4)O)C(=O)O)C=O)C(=O)O,,
5460212,C1=NC(=C(N1[C@H]2[C@@H]([C@@H]([C@H](O2)COP(=O)(O)O)O)O)N/C=N\[C@H]3[C@@H]([C@@H]([C@H](O3)COP(=O)(O)O)O)O)C(=O)N,,
5460215,C([C@H]([C@@H]([C@@H](COP(=O)([O-])[O-])O)O)O)C(=O)C(=O)[O-],,
5460221,CCCCCCCC/C=C\CCCCCCCC(=O)[O-],,
5460232,C(CC(=O)[O-])CN,,
5460247,CCCCCCCCCC[C@H](C(=O)O)[C@@](CCC(=O)O)(C(=O)O)O,,
5460261,C1=CC(=CC=C1C(C(=O)[O-])O)O,,
5460265,CCCCC/C=C\C/C=C\C/C=C\C/C=C\CCCC(=O)[O-],,
5460271,C1[C@H]([C@@H](C(=O)C[C@]1(C(=O)[O-])O)O)O,,
5460287,C(CC(=O)O)[C@@H]([C@H](C(=O)O)O)C(=O)O,,
5460289,C1[C@H](NC(=O)NC1=O)C(=O)[O-],,
5460291,C([C@@H]([C@@H]([C@H](C=O)O)O)O)O,,
5460294,C([C@@H](C(=O)[O-])[NH3+])C(=O)[O-],,
5460299,C(CC(=O)[O-])[C@@H](C(=O)[O-])[NH3+],,
5460301,C1=CC(=C(N=C1)C(=O)[O-])C(=O)[O-],,
5460303,C1=CC(C=CC1O)(CC(=O)C(=O)[O-])C(=O)[O-],,
5460307,C(=C/C(=O)[O-])\C(=O)[O-],,
5460308,C(C(=O)[O-])O,,
5460312,C=C(C(=O)[O-])O[C@@H]1C=C(C=C[C@H]1O)C(=O)[O-],,
5460314,C[C@H](CCC(=O)[O-])[C@H]1CC[C@@H]2[C@@]1([C@H](C[C@H]3[C@H]2[C@@H](C[C@H]4[C@@]3(CC[C@H](C4)O)C)O)O)C,,
5460316,C[C@H](CCC(=O)NCC(=O)[O-])[C@H]1CC[C@@H]2[C@@]1([C@H](C[C@H]3[C@H]2[C@@H](C[C@H]4[C@@]3(CC[C@H](C4)O)C)O)O)C,,
5460318,C[C@H](CCC(=O)[O-])[C@H]1CC[C@@H]2[C@@]1(CC[C@H]3[C@H]2CC[C@H]4[C@@]3(CC[C@H](C4)O)C)C,,
5460326,C1CSSC1CCCCC(=O)[O-],,
5460332,CCCCC/C=C\C/C=C\CCCCCCCC(=O)[O-],,
5460337,C1=CC=C2C(=C1)C(=CN2)CC(=O)C(=O)[O-],,
5460350,C1=CC(=C(C=C1CC(=O)[O-])O)O,,
5460352,C(C(=O)[C@H]([C@@H]([C@H](C(=O)O)O)O)O)O,,
5460355,C(CC(=O)[O-])[C@@H](C(=O)[O-])O,,
5460358,C([C@H](C(=O)[O-])O)O,,
5460360,C1[C@H]([C@@H](C(=O)C=C1C(=O)[O-])O)O,,
5460362,C[C@H](C(=O)N[C@H](C)C(=O)O)N,,
5460364,CCCC(=O)C(=O)[O-],,
5460372,C[C@@]12CCC[C@@]3([C@@H]1[C@@H]([C@]45[C@H]3CC[C@](C4)(C(=C)C5)O)C(=O)O)COC2=O,,
5460375,C(C(=O)C(=O)[O-])OP(=O)([O-])[O-],,
5460389,C1=CC(=C(C=C1O)CC(=O)[O-])O,,
5460391,C(=C\C(=O)[O-])\C(=O)N,,
5460407,C([C@@H]([C@H](C(=O)O)O)O)O,,
5460414,CCCCC/C=C\C[C@H]1[C@H](O1)/C=C/C(C/C=C\CCCC(=O)O)O,,
5460449,CC1=C2[C@H](C[C@@]3(CC[C@@H](C(=C)[C@H]3[C@@H]([C@@H](C2(C)C)[C@H](C1)OC(=O)C)OC(=O)C)OC(=O)C)C)O,,
5460495,CC(=O)NCCC=O,,
5460541,C([C@@H](C(=O)[O-])N)C(=O)[O-],,
5460544,C(CC(=O)[O-])[C@@H](C(=O)[O-])N,,
5460657,C[C@]1(CCC[C@@]2([C@@H]1[C@@H]([C@]34[C@H]2CC[C@](C3)(C(=C)C4)O)C(=O)O)C(=O)O)C(=O)O,,
5460660,CCCCCCCCCCCCCCCCCCCCCC(=O)[O-],,
5460677,C([C@H]([C@H]([C@H](C(=O)O)O)O)O)O,,
5460680,C1=CC(=CC=C1C(=O)[O-])[Hg],,
5460769,CC1=C(N=C(N=C1N)[C@H](CC(=O)N)NC[C@@H](C(=O)N)N)C(=O)N[C@@H]([C@H](C2=CN=CN2)O[C@H]3[C@H]([C@H]([C@@H]([C@@H](O3)CO)O)O)O[C@@H]4[C@H]([C@H]([C@@H]([C@H](O4)CO)O)OC(=O)N)O)C(=O)N[C@H](C)[C@H]([C@H](C)C(=O)N[C@@H]([C@@H](C)O)C(=O)NCCC5=NC(=CS5)C6=NC(=CS6)C(=O)NCCC[S+](C)C)O,,
5460790,C([C@@H](C(=O)O)[NH3+])O,,
5460819,C1=CC(=CC=C1C[C@@H](C(=O)O)[NH3+])O,,
5460870,C(CC(=O)N)[C@@H](C(=O)O)[NH3+],,
5460891,CSCC[C@@H](C(=O)O)[NH3+],,
5460900,CC(C)C[C@@H](C(=O)O)[NH3+],,
5460925,C(CC[NH3+])C[C@@H](C(=O)O)[NH3+],,
5460926,C(CC[NH3+])C[C@@H](C(=O)[O-])[NH3+],,
5460935,C([C@@H]1[C@H]([C@@H]([C@H]([C@H](O1)O[C@@H]([C@@H]([C@@H](CO)O)O)C(=O)CO)O)O)O)O,,
5460957,C1=CC=C(C=C1)C[C@@H](C(=O)O)[NH3+],,
5460975,CC(C(=O)[O-])N,,
5460995,CC/C=C\C=C\C=C\C=C/CCCCCCCC(=O)O,,
5461001,CCCCCCCC/C=C\CCCCCCCCCCCCCC(=O)[O-],,
5461003,CCCCC/C=C\C/C=C\C/C=C\CCCCC(=O)[O-],,
5461005,CC/C=C\C/C=C\C/C=C\CCCCCCCC(=O)[O-],,
5461012,CCCCCC/C=C\CCCCCCCC(=O)[O-],,
5461017,CCCCCCCCCCCCCCCCCCCC(=O)[O-],,
5461023,CCCCCCCCCCCCCCCCCCCCCCCCCC(=O)[O-],,
5461066,C[C@]12CCC(=O)C=C1CC[C@@H]3[C@@H]2[C@@H]4C[C@]5([C@H]3CC[C@@H]5C(=O)CO)C(O4)O,,
5461071,CCCCCCCC/C=C/CCCCCCCC(=O)[O-],,
5461090,C/C(=C/C(=O)[O-])/C(=O)[O-],,
5461103,C1=CC(=CC=C1C[C@@H](C(=O)O)N)OC2=CC=C(C=C2)O,,
5461125,C([C@@H]([C@@H]1C(=O)[C@@H](C(=O)O1)O)O)O,,
5461127,C([C@H]([C@@H]([C@@H]([C@H](C(=O)[O-])O)O)O)O)O,,
5461154,C1=CC(=C(C=C1/C=C/C(=O)C2=C(C=C(C=C2O)O)O)O)O,,
5461634,CC1=C(C(NC(=O)N1CCCCCC(=O)O)C2=CC=C(C=C2)C3=CC=CC=C3)C(=O)OCC4=CC=CC=C4,,
5461879,CCCN1C(=O)C2=C(N=C(N2)C3CCCC3)N(C1=O)CCC[18F],,
5462118,CN1C2=C(C(=O)N(C1=O)C)N(C(=N2)/C=C/C3=CC(=CC=C3)Cl)[11CH3],,
5462119,CCCN1C2=C(C(=O)N(C1=O)CCC)N(C(=N2)/C=C/C3=CC(=C(C=C3)OC)OC)[11CH3],,
5462148,CSCCC(=O)/C(=C/OP(=O)(O)O)/O,,
5462190,CSCCC(=O)/C(=C/O)/O,,
5462193,C1=CC(=CC=C1C2=C(C(=O)C3=C(C=C(C=C3O2)O)O)OC4C(C(C(C(O4)CO)O)O)O)O,,
5462194,C[N+](C)(C)C/C=C/C(=O)[O-],,
5462214,C/C(=C\C(=O)SCCNC(=O)CCNC(=O)C(C(C)(C)COP(=O)(O)OP(=O)(O)OCC1C(C(C(O1)N2C=NC3=C(N=CN=C32)N)O)OP(=O)(O)O)O)/CC(=O)O,,
5462244,C[C@H](C(=O)O)O[C@H]1[C@@H]([C@H](OC([C@@H]1NC(=O)C)O)CO)O,,
5462259,CC(C)[C@@H](C(=O)C(=O)O)C(=O)O,,
5462261,CC(C)[C@@H]([C@H](C(=O)O)O)C(=O)O,,
5462266,C([C@@H]1[C@H]([C@H]([C@@H](O1)/N=C(/CNC=O)\N)O)O)OP(=O)(O)O,,
5462303,C[C@@H](C=O)C(=O)O,,
5462314,C[C@@H](C(=O)N[C@@H](C)C(=O)O)NC(=O)[C@H](CCP(=O)(C)O)N,,
5462328,CC(=O)O[C@H]1C=C[C@H]2[C@H]3CC4=C5[C@]2([C@H]1OC5=C(C=C4)OC(=O)C)CCN3C,,
5462347,CN1CC[C@]23[C@@H]4[C@H]1CC5=C2C(=C(C=C5)O)O[C@H]3C(=O)CC4.Cl,,
5462348,CN1CC[C@]23CCCC[C@H]2[C@H]1CC4=C3C=C(C=C4)O.[C@@H]([C@H](C(=O)O)O)(C(=O)O)O.O.O,,
5462350,CN1CC[C@]23[C@@H]4C(=O)CC[C@]2([C@H]1CC5=C3C(=C(C=C5)OC)O4)O.Cl,,
5462355,CC(C)(C)NC(=O)[C@@H]1CN(CCN1C[C@H](C[C@@H](CC2=CC=CC=C2)C(=O)N[C@@H]3[C@@H](CC4=CC=CC=C34)O)O)CC5=CN=CC=C5.OS(=O)(=O)O,,
5462420,C[C@H]1[C@H]2[C@H]([C@H]([C@@H](O1)O[C@@H]3[C@H]([C@H](CO[C@H]3OC(=O)[C@@]45CC[C@@]6(C(=CC[C@H]7[C@]6(CC[C@@H]8[C@@]7(C[C@@H]([C@@H]([C@@]8(C)CO)O[C@H]9[C@@H]([C@H]([C@@H]([C@H](O9)CO)O)O)O[C@H]1[C@@H]([C@H]([C@H](CO1)OC(=O)C[C@](CC(=O)O2)(C)O)O)O)O)C)C)[C@@H]4CC(CC5)(C)C)C)O)O)O)O[C@H]1[C@@H]([C@H]([C@@H](CO1)O)O)O,,
5462428,CC[C@@H]1[C@@H]2C[C@@H]3[C@]4(C[C@@H]([C@H]2CO3)N1)C5=C(C=C(C=C5)OC)N(C4=O)OC,,
5462442,CC1=C[C@H]2CC3=C(C=CC(=O)N3)[C@@]4(C1)[C@@H]2CCCN4,,
5462445,C[C@@H]1C[C@H]2CC(=O)[C@H]3CCCN4[C@]3(C1)[C@@H]2CCC4,,
5462451,C[C@@H]([C@](C(=O)OCC1=CCN2[C@H]1[C@H](CC2)O)(C(C)(C)O)O)OC,,
5462471,C[C@H](C(=O)NCC(=O)N(C)[C@@H](CC1=CC=CC=C1)C(=O)NCCO)NC(=O)[C@H](CC2=CC=C(C=C2)O)N,,
5462501,C[C@@H](C(=O)N1CCC[C@H]1C(=O)O)N[C@@H](CCC2=CC=CC=C2)C(=O)O,,
5462504,CC(=O)OC1=C2C3=C(C[C@@H]4[C@H]5[C@]3(CCN4C)[C@@H](O2)[C@H](C=C5)O)C=C1,,
5462507,CC(=O)O[C@H]1C=C[C@H]2[C@H]3CC4=C5[C@]2([C@H]1OC5=C(C=C4)O)CCN3C,,
5462638,C1=CC=C(C=C1)/C=C/C(=O)[O-].[Na+],,
5462653,C(CN)C#N.C(CN)C#N.C(=C/C(=O)O)\C(=O)O,,
5462693,CCCCCCCCOC(=O)/C=C/C(=O)OCCCCCCCC,,
5462730,COCCOC(=O)/C=C\C(=O)OCCOC,,
5462814,C(=O)(N)/N=N/C(=O)N,,
5462865,C/C(=C/C(=O)C)/O.C/C(=C/C(=O)C)/O.C/C(=C/C(=O)C)/O.[Ru],,
5462874,CC/C=C\C/C=C\C/C=C\CCCCCCCC(=O)OCC(OC(=O)CCCCCCC/C=C\C/C=C\C/C=C\CC)COC(=O)CCCCCCC/C=C\C/C=C\C/C=C\CC,,
5462962,C1=C(OC(=C1)[N+](=O)[O-])/C=C/C=O,,
5462977,CCOC(=O)/N=N/C(=O)OCC,,
5462986,CC(C)C/C=C/C(=O)C,,
5462988,CCCCC/C=C\C/C=C/CCCCCCCC(=O)OC,,
5462989,C1=CC=C(C=C1)NC2=C3C(=C(C=C2)O)C(=O)C4=C(C=CC(=C4C3=O)[N+](=O)[O-])O,,
5463065,C/C=C/C(=O)OCCC(C)C,,
5463075,CCCCCCCC/C=C\CCCCCCCCCCCC(=O)OCC(OC(=O)CCCCCCCCCCC/C=C\CCCCCCCC)COC(=O)CCCCCCCCCCC/C=C\CCCCCCCC,,
5463156,COC1=CC=CC(=C1O)/C=C/C(=O)O,,
5463195,CC1=CC=C(C=C1)/C=C/C(=O)C,,
5463238,CCCC(=O)/C=C/C,,
5463317,CCCCCCCCCCCCCCC/C=C/C=O,,
5463478,CCC(CC)/C=C/C(=O)C,,
5463485,CCCCC/C=C/C=C/C(=O)OC,,
5463488,CCCCC/C=C\CCC(=O)OCC,,
5463682,C/C=C(\C)/C(=O)OCCC(C)C,,
5463760,C1=CC=C2C(=C1)N=C(S2)SC(CC(=O)O)C(=O)O,,
5463762,COC(=O)OC1CCC/C=C\CC1,,
5463781,COC1=C(C=C(C=C1)/C(=C\C(=O)N2CCOCC2)/C3=CC=C(C=C3)Cl)OC,,
5463800,C1=CC2=C(C=CC(=C2)O)C(=C1)C(=O)O,,
5463816,CCOC(=O)CC(CC(=O)C)C(=O)OCC,,
5463855,CCOC(=O)C(C)/C=C/C,,
5463864,CC(=O)OOS(=O)(=O)C1CCCCC1,,
5463872,CN1CC[C@]23[C@@H]4[C@H]1CC5=C2C(=C(C=C5)OC)O[C@H]3[C@H](C=C4)OC(=O)C6=CN=CC=C6,,
5463874,CC(=O)O[C@H]1CC[C@H]2[C@H]3CC4=C5[C@]2([C@H]1OC5=C(C=C4)OC)CCN3C,,
5463875,CCCCC/C=C/COC(=O)C,,
5463904,CCCCCCC/C=C/C(=O)OCC,,
5463905,CCCC(=O)C(CC)CC1=CC=CC=C1,,
5463906,CCCCCCC/C=C/C(=O)OCCCC,,
5463908,CC1=CC=C(C=C1)CCC(=O)C,,
5463910,CCC(C)CCCC(C)C=O,,
5463913,CCC(=O)/C=C/C1C(C=CCC1(C)C)C,,
5463914,CCCCCCCCCOC(=O)CC(C)C,,
5463922,C/C(=C/C(=O)C)/[O-].C/C(=C/C(=O)C)/[O-].C/C(=C/C(=O)C)/[O-].C/C(=C/C(=O)C)/[O-].[Zr+4],,
5463927,C(C(C(=O)[O-])S(=O)(=O)O)C(=O)[O-].[Na+],,
5463935,CCOC(=O)CCCSC,,
5463946,CCCC/C(=C\C)/C=O,,
5463954,CCCCCC(CCCC(=O)OCC(CO)O)O,,
5463970,CCCCCCCCCC/C=C/C(CC(=O)O)C(=O)O,,
5463971,CCCCCCC(CCCCCCCCCCC(=O)OCC(CC)CCCC)O,,
5463973,C1=CC2=C(C(=C1)N3C(=O)C4=C(C3=O)C(=C(C(=C4Cl)Cl)Cl)Cl)N=C(C=C2)C5C(=O)C6=C(C5=O)C(=C(C(=C6Cl)Cl)Cl)Cl,,
5463984,C1CC2=CC=CC=C2N(C(=O)[C@H]1N[C@@H](CCC3=CC=CC=C3)C(=O)O)CC(=O)O,,
5464027,CN1CC[C@]23CCCC[C@H]2[C@H]1CC4=C3C=C(C=C4)O.[C@@H]([C@H](C(=O)O)O)(C(=O)O)O,,
5464035,CC(C)(C)OC(=O)N[C@@H](CC1=CC=CC=C1)[C@H](C[C@@H](CC2=CC=CC=C2)C(=O)N[C@@H]3[C@@H](CC4=CC=CC=C34)O)O,,
5464037,CC(C)(C)OC(=O)N[C@@H](CC1=CC=CC=C1)[C@H](C[C@@H](CC2=CC=C(C=C2)OCCN3CCOCC3)C(=O)N[C@@H]4[C@@H](CC5=CC=CC=C45)O)O,,
5464041,C1=C2C(=CC(=C1O)O)OC3=C(C2=O)C(=C(C(=C3)O)C4[C@@H]([C@H]([C@@H]([C@H](O4)CO)O)O)O)O,,
5464074,COC1=CC(=C(C2=C1C(=O)C3=C(C2=O)O[C@]4(C3)CCC5=C(O4)C(=C6C(=C5)C=C(OC6=O)C(=O)OC)O)O)OC,,
5464078,CC(=CCC1=C(C2=C(C=C1O)OC3=C(C2=O)C(=C(C(=C3)O)O)CC=C(C)C)O)C,,
5464090,C1CC[C@]2([C@H]3CC4=C([C@]2(C1)CCN3CC5CCC5)C=C(C=C4)O)O.[C@H]([C@@H](C(=O)O)O)(C(=O)O)O,,
5464091,C1=C(C=C(C(=C1NC(=O)C(C(F)F)(F)F)N)[N+](=O)[O-])C(F)(F)F,,
5464092,C=CCN1CC[C@]23[C@@H]4C(=O)CC[C@]2([C@H]1CC5=C3C(=C(C=C5)O)O4)O.Cl,,
5464096,C[C@@H](C(=O)N1[C@H]2CCC[C@H]2C[C@H]1C(=O)O)N[C@@H](CCC3=CC=CC=C3)C(=O)O,,
5464097,C[C@@H](C(=O)N1[C@H]2CCCC[C@@H]2C[C@H]1C(=O)O)N[C@@H](CCC3=CC=CC=C3)C(=O)O,,
5464105,CC(=O)C(=CC1=CC(=C(C(=C1)O)O)[N+](=O)[O-])C(=O)C,,
5464111,C=CCN1CC[C@]23CCCC[C@H]2[C@H]1CC4=C3C=C(C=C4)O.[C@@H]([C@H](C(=O)O)O)(C(=O)O)O,,
5464170,COC1=CC(=CC(=C1OC)O)C2=COC3=C(C2=O)C(=C(C(=C3)O)OC)O,,
5464201,CC[C@H](C)[C@@H](C(=O)NCC1=CC=CC=N1)NC(=O)[C@@H](C[C@@H]([C@H](CC(C)C)NC(=O)[C@H](CC2=CN=CN2)N(C)C(=O)[C@H](CC3=CC=CC=C3)NC(=O)[C@@H]4CCCN4C(=O)OC(C)(C)C)O)C(C)C,,
5464257,CC1=NN(N=N1)CC2=C(N3[C@@H]([C@@H](C3=O)NC(=O)/C(=N/OC)/C4=CSC(=N4)N)SC2)C(=O)O,,
5464343,CCOC(=O)[C@H](CCC1=CC=CC=C1)N[C@@H](C)C(=O)N2[C@@H](CN(C2=O)C)C(=O)O,,
5464344,C[C@@H](C(=O)N1[C@@H](CN(C1=O)C)C(=O)O)N[C@@H](CCC2=CC=CC=C2)C(=O)O,,
5464355,CO/N=C(/C1=CSC(=N1)N)\C(=O)N[C@H]2[C@@H]3N(C2=O)C(=C(CS3)C[N+]4=CC=CC5=C4CCCC5)C(=O)[O-],,
5464367,C[C@@H]1[C@@H]([C@@H]([C@H]([C@@H](O1)O[C@@H]2[C@H](C3=CC4=C(C(=C3C5=C2C=C(C(=C5O)C(=O)N[C@H](C)C(=O)O)C)O)C(=O)C6=C(C4=O)C(=CC(=C6)OC)O)O)O)O[C@H]7[C@@H]([C@H]([C@@H](CO7)O)O)O)O,,
5464368,C1[C@@H]2[C@H]([C@@H]([C@H]([C@@H](O2)O)O)O)OC(=O)C3=CC(=C(C(=C3C4=C(C(=C5C6=C4C(=O)OC7=C(C(=C(C8=C(C(=C(C=C8C(=O)O1)O)O)O)C(=C67)C(=O)O5)O)O)O)O)O)O)O,,
5464378,CC(C)C[C@@H](C(=O)N[C@@H](CC1=CC=CC=C1)C(=O)N)NC(=O)[C@H](CC2=CC=CC=C2)C[C@@H]([C@H](CC3=CC=CC=C3)NC(=O)OC(C)(C)C)O,,
5464381,COC1=CC(=C2C(=C1)OC(=CC2=O)C3=CC(=C(C=C3)O)OC)O,,
5464386,COC1=CC(=C2C(=C1)OC3=C(C=C(C(=C3C2=O)O)C4=C5C(=C(C(=C4O)[C@H]6[C@@H]([C@H]([C@@H]([C@H](O6)CO)O)O)O)O)C(=O)C=C(O5)C7=CC(=C(C=C7)O)O)O)O,,
5464452,CN1CC[C@@]23CC(=O)C(=C[C@@H]2[C@@H]1CC4=C3C(=C(C=C4)OC)O)OC.Cl,,
5464454,C1=CC(=CC=C1[C@@H]2[C@H](C(=O)C3=C(C=C(C=C3O2)O)O)C4=C(C=C(C5=C4OC(=CC5=O)C6=CC(=C(C=C6)O)O)O)O)O,,
5464461,COC1=C(C=CC(=C1)C2=C(C(=O)C3=C(O2)C=C(C(=C3O)OC)O)OC)O,,
5464497,CC[C@H](C)[C@@H](C(=O)N[C@@H](CC(=O)N)C(=O)N[C@@H](CC(C)C)C(=O)N[C@@H](CCCCN)C(=O)N[C@@H](C)C(=O)N[C@@H](CC(C)C)C(=O)N[C@@H](C)C(=O)N[C@@H](C)C(=O)N[C@@H](CC(C)C)C(=O)N[C@@H](C)C(=O)N[C@@H](CCCCN)C(=O)N[C@@H](CCCCN)C(=O)N[C@@H](C(C)CC)C(=O)N[C@@H](CC(C)C)C(=O)N)N,,
5464536,C1=CC(=NC2=C1C=CC(=O)N2)N,,
5464597,C1=CC(=C(C=C1[N+](=O)[O-])O)NC(=O)C(C(C(F)(F)F)(F)F)(F)F,,
5464639,COC1=C(C=CC2=C1OC3=CC=CC=C3C2=O)O,,
5464640,COC1=C(C=CC2=C1C(=O)C3=C(C=CC=C3O2)O)O,,
5464641,CC1(C=CC2=C(O1)C=C(C3=C2OC4=C(C3=O)C=CC=C4O)O)C,,
5464652,C1CN([C@@H](CN1CC2=CN=CC=C2)C(=O)NCC(F)(F)F)C[C@H](C[C@@H](CC3=CC=CC=C3)C(=O)N[C@@H]4[C@@H](CC5=CC=CC=C45)O)O,,
5464654,CC[C@@H](CC1CCCCC1)O[C@@H]2C=C(C[C@@H]([C@H]2NC(=O)C)N)C(=O)O,,
5464655,CC[C@@H](CCC1CCCCC1)O[C@@H]2C=C(C[C@@H]([C@H]2NC(=O)C)N)C(=O)O,,
5465093,C/C(=N\NC(=O)N)/C1=CC=C(C=C1)Cl,,
5465152,CC1C(C(C(C(O1)OCC2C(C(C(C(O2)OC3=C(OC4=CC(=CC(=C4C3=O)O)O)C5=CC=C(C=C5)O)OC6C(C(CO6)(CO)O)O)O)O)O)O)O,,
5465516,CC(=CCCC1(C=CC2=C(O1)C=C(C3=C2OC4=C(C3=O)C=CC=C4O)O)C)C,,
5465662,CC1=CC=C(C=C1)/C(=C/C(=O)C(=O)NC23CC4CC(C2)CC(C4)C3)/O,,
5465778,CC1(COC2C1OC3=C2C4=C(C(=C3)O)C(=O)C5=CC=CC=C5N4C)O,,
5465785,COC1=C2C(=C(C=C1)O)C(=O)C3=C(O2)C=CC(=C3)O,,
5465790,CC1=C2C(=CC=C1)NC3=C(C2=O)C(=CC(=C3)O)O,,
5465791,CC1=C2C(=CC=C1)C(=O)C3=C(N2)C=C(C=C3O)O,,
5466136,COC1=C(C(=C2C(=C1)OC(=C(C2=O)OC)C3=CC4=C(C=C3)OCO4)O)OC,,
5466138,COC1=CC=C(C=C1)C2=C(C(=O)C3=C(O2)C(=C(C=C3O)OC)OC)OC,,
5466139,C1=CC(=CC=C1C2=COC3=C(C2=O)C=CC(=C3O)O)O,,
5466364,C1=CC=C2C(=C1)C(=O)SS2=O,,
5466536,CC1C/C(=C\C2=CC=C(C=C2)N=[N+]=[N-])/C(=O)/C(=C/C3=CC=C(C=C3)N=[N+]=[N-])/C1,,
5466638,CC(=CCC/C(=C/CC/C(=C/CCC1=COC=C1)/C)/C(=O)O)C,,
5466653,CC1=C(SC(=N1)N2C(=CC(=N2)C3=CC=CC=C3)C4=CC=CC=C4)C(=O)/C=C/C(=C/C5=CC=CC=C5)/C,,
5466750,C1=CC=C(C=C1)/C(=C\C2=CC=CC=C2[N+](=O)[O-])/C(=O)O,,
5467200,COC1=C(C=CC(=C1)C2C(OC3=C(O2)C=C(C=C3)C4=C(C(=O)C5=C(C=C(C=C5O4)O)O)O)CO)O,,
5467256,CC(=CCC/C(=C/CC1=C(C=CC2=C1OC(=C2)C3=C(C(=CC(=C3)O)O)CC=C(C)C)O)/C)C,,
5467321,COC1=C(C=C(C=C1)/C=C\2/C3=CC=CC=C3C(=O)NC2=O)OC,,
5467322,CC(CCC1=CC=CC=C1)/C=C(\C)/C(C(C)/C=C(\C)/C=C/C=C\C=C\C=C(/C)\C(=O)NC(C)CO)O,,
5467407,CC1=CC(=C(C(=C1CC/C(=C/CC2=C(C=CC(=C2)O)O)/C)C)C=O)O,,
5467408,CC1=C(C(=C(C(=C1C=O)O)O)C)CC/C(=C/CC2=C(C=CC(=C2)O)O)/C,,
5467417,CC\1=NN(C(=O)/C1=C/C2=CC(=CC=C2)O)C(=O)C3=CC=CC=C3O,,
5467419,CC\1=NN(C(=O)/C1=C/C2=CC(=C(C=C2)OC)OC)C(=O)C3=CC=CC=C3O,,
5467476,C1C/C(=C\C2=CC(=C(C=C2)O)O)/C(=O)/C(=C/C3=CC(=C(C=C3)O)O)/C1,,
5467477,C1=CC(=CC=C1/C=C/C(=O)C2=CC=C(C=C2)O)O,,
5467588,C/C=C/C1=CC(=O)C(=CO1)[C@H]2C3=C(C=C(C=C3OC)OC)C(=O)O2,,
5467589,C1=CC=C2C(=C1)C(=O)C3=C(N2)C=C(C=C3O)O,,
5467625,C1=CC=C2C(=C1)C(=O)/C(=C/C3=CC=C(C=C3)Cl)/O2,,
5467627,CN(C)C1=CC=C(C=C1)/C=C\2/C(=O)C3=CC=CC=C3O2,,
5467708,CC(/C=C/C1C(CC(=O)O1)NC2=CC=C(C=C2)C=O)O,,
5468166,CN(C)C1=CC=C(C=C1)/C=C/C(=O)C2=CC=C(C=C2)O,,
5468230,C1C=CC(=O)O[C@@H]1C[C@@H](CC(=O)/C=C/C2=CC=CC=C2)O,,
5468261,COC1=C(C=CC(=C1)/C=C/C(=O)C2=CC(=C(C=C2)O)OC)O,,
5468263,C1/C(=C\C2=CC(=C(C=C2)O)O)/C(=O)/C(=C/C3=CC(=C(C=C3)O)O)/C1,,
5468405,CCCC1=CC=C(OC1=O)C(C)C(/C(=C/C/C=C(\C)/C/C(=C/C(=C/CC(C(C)C(/C(=C/C)/C)O)O)/C)/C)/C)O,,
5468424,C[C@@H]1CNC(=O)[C@H](NC(=O)/C=C/C[C@H](OC(=O)[C@@H](OC1=O)CC(C)C)[C@H](C)[C@@H]2[C@H](O2)C3=CC=CC=C3)CC4=CC=C(C=C4)OC,,
5468749,COC1=CC=C(C=C1)C2=C(C(=O)C3=C(C=C(C=C3O2)OC)O)OC,,
5468833,C1=C(C=C(C(=C1O)O)O)/C=C(/C(=O)NCCCNC(=O)/C(=C/C2=CC(=C(C(=C2)O)O)O)/C#N)\C#N,,
5469110,C1=CC=C(C=C1)/C=C(\C#N)/C(=O)NC2=NN=C(O2)C3=CC=CC=C3,,
5469111,COC1=CC2=C(C=C1)N=C(S2)NC(=O)/C(=C/C3=CC=CC=C3)/C#N,,
5469156,C/C(=C\[C@H]1C[C@H](C(=O)O1)[C@@H]2CC[C@@]34[C@@]2(C3)C=C[C@H]5[C@]4([C@@H](C[C@@H]6[C@@]5(CC=C7[C@@]6(CO[C@@H](C7)C8=CC=CC=C8)C)C)O)C)/CO,,
5469194,CC1=CC=C(C=C1)/C=C\2/C(=O)NC(=S)N2,,
5469265,C\1NC/C(=C\C2=CC=C(C=C2)Cl)/C(=O)/C1=C/C3=CC=C(C=C3)Cl,,
5469266,C\1NC/C(=C\C2=CC=C(C=C2)[N+](=O)[O-])/C(=O)/C1=C/C3=CC=C(C=C3)[N+](=O)[O-],,
5469267,C\1NC/C(=C\C2=CC=C(C=C2)F)/C(=O)/C1=C/C3=CC=C(C=C3)F,,
5469318,CC(=CCC/C(=C/CC/C(=C/CSC1=CC=CC=C1C(=O)O)/C)/C)C,,
5469422,C1=CC=C(C=C1)/C=C/C(=O)CC(=O)/C=C/C2=CC=CC=C2,,
5469424,COC1=C(C=CC(=C1)/C=C/C(=O)CC(=O)/C=C/C2=CC=C(C=C2)O)O,,
5469426,COC1=C(C=CC(=C1)/C=C/C(=O)CC(=O)/C=C/C2=CC(=C(C=C2)O)O)O,,
5469447,C[C@@H]1CCC(=C)/C(=C\C=C/C[C@@]1(C)CCC2=COC=C2)/C(=O)O,,
5469524,COC1=C(C=C(C=C1)C2=CC(=O)C3=C(O2)C=C(C(=C3O)OC)O)O,,
5469562,C1=CSC(=C1)/C=N/NC(=O)C2=CC=NC=C2,,
5469564,CC1=CC=C(S1)/C=N/NC(=O)C2=CC=NC=C2,,
5469565,C1=CC=NC(=C1)/C=N/NC(=O)C2=CC=NC=C2,,
5469566,C1=CC(=CN=C1)/C=N/NC(=O)C2=CC=NC=C2,,
5469567,C1=CN=CC=C1/C=N/NC(=O)C2=CC=NC=C2,,
5469568,C1=COC(=C1)/C=N/NC(=O)C2=CC=NC=C2,,
5469634,CCCCCC/C=C\CCCCCCCCCC1=C(C(=CC=C1)O)C(=O)O,,
5469757,CC1=CC=C(OC1=O)/C(=C/C=C/C(=C/2\C(=O)C[C@@H]3[C@@]2(CC[C@@H]4[C@@]3(CC[C@@H](C4(C)C)OC(=O)C)C)C)/C)/C,,
5469980,COC1=CC=C(C=C1)/C=C/C(=O)C2=NC3=CC=CC=C3N2,,
5470115,C/C/1=C/C2=CC(=C(O2)[C@H]([C@@H](CCC3=C[C@H](C1)OC3=O)C(=C)C)O)C,,
5470144,COC1=CC=CC(=C1)/C=C/C(=O)N2CC(C3=C2C=C(C4=CC=CC=C43)N)CCl,,
5470187,C/C/1=C\CC(/C=C/C(=O)/C(=C/CC1)/C)(C)C,,
5470230,CC1=CC(=CC(=C1O)C)/C=C/2\CC3=CC(=C(C(=C3C2=O)N)OC)OC,,
5470231,COC1=CC=C(C=C1)/C=C/C(=O)N2CC(C3=C2C=C(C4=CC=CC=C43)N)CCl,,
5470289,C1=CC(=C(C=C1/C=C/C(=O)OCCOC(=O)/C=C/C2=CC(=C(C=C2)O)O)O)O,,
5470299,C1=CC(=C(C=C1/C=C/C(=O)O[C@H](C(=O)O)[C@H](OC(=O)/C=C/C2=CC(=C(C=C2)O)O)C(=O)O)O)O,,
5470357,CC(=O)NC1=CC=CC(=C1)/C=C/C(=O)N2CC(C3=C2C=C(C4=CC=CC=C43)N)CCl,,
5470400,CC(C)(CCC1=C2C(=C(C=C1)O)C(=O)C3=C(C4=C(C=C3O2)O[C@@H]5[C@]4(C=CO5)O)O)O,,
5470526,COC(=O)/C=C/C1(C=CC(=O)C=C1)O,,
5470574,CC(C)[C@@H](/C=C(\C)/C(=O)O)N(C)C(=O)[C@H](C(C)C)NC(=O)[C@H](C(C)(C)C1=CN(C2=CC=CC=C21)C)NC,,
5470919,CN1C/C(=C\C2=CC=NC=C2)/C(=O)/C(=C/C3=CC=NC=C3)/C1,,
5471014,CCCCC/C=C\C=C\CCCCCCCCC(=O)OC,,
5471086,CC[C@H](C)[C@H]([C@H](C)C(=O)[C@H](C)/C=C(\C)/C=C/C[C@@H](C)/C=C(/CC)\C=C\[C@H]1CC=CC(=O)O1)O,,
5471129,CC1C(C(C(C(O1)OC2=C(OC3=C(C2=O)C(=CC(=C3CC=C(C)C)OC4C(C(C(C(O4)CO)O)O)O)O)C5=CC=C(C=C5)OC)O)O)O,,
5471310,CC(=CCC1=C2C(=C(C3=C1OC4=C(C3=O)C(OC5=C4C=CC(=C5)O)C=C(C)C)O)C=CC(O2)(C)C)C,,
5471311,CC(=CCC1=C(C(=C2C(=C1O)C(=O)C(=C(O2)C3=C(C=C(C=C3)O)O)CC=C(C)C)CC=C(C)C)O)C,,
5471349,CC(=CCC/C(=C/COC1=C2C=CC(=O)OC2=CC3=C1C=CO3)/C)C,,
5471440,C/C/1=C\CC/C(=C/[C@@H]2[C@@](CC1)(C(=C)C(=O)O2)O)/C,,
5471691,CC1=CC(=O)CC(C1/C=C/C(=C/C=C/C(=C/C=C/C=C(/C=C/C=C(/C=C/C2C(CC(=O)C=C2C)(C)C)\C)\C)/C)/C)(C)C,,
5471692,CC1=C(C(CC(C1)O)(C)C)/C=C/C(=C/C=C/C(=C/C=C/C=C(\C)/C=C/C=C(\C)/C=C/C2C(=CC(=O)CC2(C)C)C)/C)/C,,
5471818,CC(C)CC(C/C=C\1/CC(OC1=O)(CO)COC(=O)C(C)(C)C)CC(C)C,,
5471851,CC(C)C(=C)CC[C@H]([C@H]1[C@@H](C[C@@]2([C@@]1(CC=C3C2=CC[C@H]([C@]3(C)CCC(=O)O)C(=C)C)C)C)O)C(=O)O,,
5471852,CC(=CCC[C@H]([C@H]1[C@@H](C[C@@]2([C@@]1(CC=C3C2=CC[C@H]([C@]3(C)CCC(=O)O)C(=C)C)C)C)O)C(=O)O)C,,
5471853,C/C=C\1/CN2CC[C@@]34[C@@H]2C[C@@H]1[C@H]5[C@@H]3N(C6=CC=CC=C46)C(=O)C(=C5)[C@H]7C[C@@]89[C@H]1N7C/C(=C/C)/[C@H](C1)C1=CCC(=O)N([C@@H]18)C1=CC=CC=C91,,
5471966,CC(=CCC[C@H]([C@H]1[C@@H](C[C@@]2([C@@]1(CCC3=C2CC[C@H]([C@]3(C)CCC(=O)O)C(=C)C)C)C)O)C(=O)O)C,,
5472093,C[C@H]\1CC[C@@H]2[C@@H]([C@@H]([C@H]([C@@H](O2)C3=C(C(=O)C(=C4C3=C[C@@](O4)([C@H](C[C@@H](C/C(=C1)/C)C)C)O)C)O)C)O)C,,
5472116,C1=CC=C2C(=C1)NC(=N2)C(=O)/C=C/C3=CC=C(C=C3)Cl,,
5472392,COC(=O)[C@H]1[C@@H](C=CC2=C1C(=O)C3=C(C=C(C=C3O2)CO)O)O,,
5472440,CC(=CCC1=CC(=CC(=C1O)CC=C(C)C)/C=C/C(=O)O)C,,
5472480,CC1(CCC2=C(O1)C=CC(=C2O)C(=O)/C=C/C3=CC=C(C=C3)O)C,,
5472481,CC(=CCC/C(=C/CC1=C2C(=C3C(=C1O)C(=O)C(=C(O3)C4=CC(=C(C=C4)O)O)O)C=CC(O2)(C)C)/C)C,,
5472495,CC\1=C(C2=C(/C1=C\C3=CC=C(C=C3)S(=O)(=O)C)C=CC(=C2)F)CC(=O)O,,
5472558,C1=CC=C2C(=C1)/C(=C\C3=C(NC4=CC=CC=C43)Cl)/C(=O)N2,,
5472703,CC1=CC2=C(C(=C3C(=CC(=CC3=C2OC)OC)O)O)C(=O)O1,,
5472806,CCCCCCCC(=O)O[C@H]1[C@H]2C(=C([C@@H]1OC(=O)/C(=C\C)/C)C)[C@H]3[C@]([C@H](C[C@]2(C)OC(=O)C)O)([C@](C(=O)O3)(C)O)O,,
5472867,C1=CC=C(C(=C1)/C=C/C(=O)/C=C/C2=CC=CC=C2O)O,,
5473208,COC1=CC\2=C(C=C1)NC(=O)/C2=C/C3=NC(=CC=C3)/C=C/4\C5=C(C=CC(=C5)OC)NC4=O,,
5473310,C1=CC(=C(C=C1C2=CC3=CC(=CC(=C3C(=O)O2)O)O)O)O,,
5473433,CC/C(=C/C(=O)O)/C,,
5474136,C1=CC=C(C=C1)/C=C/SCC(=O)O,,
5475039,C1=C(C2=C(N=CN=C2N1)N)C(=O)N,,
5475158,CN(C)CCCSC1=CC=CC=C1NC(=O)/C=C/C2=CC=CC=C2,,
5475190,C1=CC=C(C=C1)/C=C/C(=O)NCCC2=CN=CN2,,
5475287,CC1CC(C(OC1C2CC(C3(O2)C(C(CC(O3)C4(CCC5(O4)CC(C(C(O5)C(C)/C=C(\C)/C(=O)C(C)CC(C)C(=O)O)C)O)C)OC6CCC(C(O6)C)OC)C)C)(CO)O)C,,
5475335,CCCCOC(=O)/C=C/C(=O)O,,
5476631,C\1C2=CC=CC=C2C(=O)/C1=C/C3=CN=CC=C3,,
5477248,CC1(C2CCC1(C(C2)OC(=O)/C=C/C3=CC(=C(C=C3)O)O)C)C,,
5477807,CCC(C)/C=C/C(=O)N1CC(CC1C(=O)NC(CC(C)CC(CC(=O)CC)O)C(=O)NC(C(C(C)C)O)C(=O)NC(C)(C)C(=O)NC(CC(C)C)C(=O)NC(CC(C)C)C(=O)NC(C)(C)C(=O)NC(C)(C)C(=O)NCCC(=O)NC(C)CN(C)C)C,,
5477986,CC1=CC2C3(CC1)COC(=O)C4C(O4)(CCOC(/C=C/C=C/C(=O)OC5C3(C6(CO6)C(C5)O2)C)C(C)O)C,,
5478003,CC1=C(C(CCC1)(C)C)/C=C/C(=C/C=C/C(=C/C=C/C=C(\C)/C=C/C=C(\C)/C=O)/C)/C,,
5478827,CC[C@H](C(C)(C)C)NC(=O)[C@H](C1(CCCC1)C(=O)O)NC(=O)[C@@H](CC(=O)[C@H](C(C)(C)C)NC(=O)NC2[C@@H](CCC[C@@H]2C)C)CC(=O)C(C)(C)C,,
5478838,C[C@@H](C(=O)O)NC(=O)[C@H](CC1=CC=C(C=C1)C2=CC=CC=C2)CP(=O)([C@H](C)N)O,,
5478845,C[C@@H](C(=O)N[C@@H](C)C(=O)N[C@@H](C)C(=O)O)N,,
5478846,C[C@@H](C(=O)N[C@@H](C)C(=O)N[C@@H](C)C(=O)N[C@@H](C)C(=O)O)N,,
5478883,C[C@@H](C(=O)N[C@@H](CC(C)C)[C@H](CC(=O)O)O)NC(=O)C[C@@H]([C@H](CC(C)C)NC(=O)[C@H](C(C)C)NC(=O)[C@H](C(C)C)NC(=O)CC(C)C)O,,
5478892,C1=CC(=CN=C1)/C=C/CC(=O)O,,
5478927,C1CC[C@H]2CN(C[C@H]2C1)C(=O)C[C@H](CC3=CC=CC=C3)C(=O)[O-].C1CC[C@H]2CN(C[C@H]2C1)C(=O)C[C@H](CC3=CC=CC=C3)C(=O)[O-].[Ca+2],,
5478933,CCOC(=O)CN[C@H](C1CCCCC1)C(=O)N2CC[C@H]2C(=O)NCC3=CC=C(C=C3)/C(=N\O)/N,,
5478977,CC1=CC[C@@H]([C@@H]/2[C@H]1C[C@@H]([C@@]3(C=C[C@@](O3)(/C(=C2)/C(=O)OC)O)C)OC(=O)/C=C/C4=CN(C=N4)C)C(C)C,,
5479124,C[C@H](CBr)C(=O)OC,,
5479145,C[C@@H]1[C@@H]([C@@H]([C@H]([C@@H](O1)O[C@@H]2[C@H](C3=CC4=C(C(=C3C5=C2C=C(C(=C5O)C(=O)N[C@H](C)C(=O)O)C)O)C(=O)C6=C(C4=O)C(=CC(=C6)OC)O)O)O)O[C@H]7[C@@H]([C@H]([C@@H](CO7)O)O)O)NC,,
5479153,C[C@@H]1[C@@H]([C@@H]([C@H]([C@@H](O1)O[C@@H]2[C@H](C3=CC4=C(C(=C3C5=C2C=C(C(=C5O)C(=O)N[C@H](C)C(=O)O)C)O)C(=O)C6=C(C4=O)C(=CC(=C6)OC)O)O)O)O[C@H]7[C@@H]([C@H]([C@@H](CO7)O)O)O)NC(=O)C,,
5479205,CC[C@H](C)[C@@H](C(=O)NCC1=CC=CC=N1)NC(=O)[C@@H]([C@H]([C@@H]([C@H](CC2CCCCC2)NC(=O)[C@H](CC3=CN=CN3)NC(=O)COC4=CC=CC5=CC=CC=C54)O)O)C(C)C,,
5479242,CC(C)(C)OC(=O)N[C@@H](CC1=CC=CC=C1)[C@H](C[C@@H](CC2=CC=CC=C2)C(=O)NCCC3=CC=CC=C3)O,,
5479243,CC(C)(C)OC(=O)N[C@@H](CC1=CC=CC=C1)[C@H](C[C@@H](CC2=CC=CC=C2)C(=O)NC3CC4=CC=CC=C4C3)O,,
5479247,CC(C)(C)OC(=O)N[C@@H](CC1=CC=CC=C1)[C@H](C[C@@H](CC2=CC=CC=C2)C(=O)N[C@H]3[C@H](CC4=CC=CC=C34)O)O,,
5479248,CC(C)(C)OC(=O)N[C@@H](CC1=CC=CC=C1)[C@H](C[C@@H](CC2=CC=CC=C2)C(=O)N[C@@H]3[C@@H]([C@@H](C4=CC=CC=C34)O)O)O,,
5479249,CC(C)(C)OC(=O)N[C@@H](CC1=CC=CC=C1)[C@H](C[C@@H](CC2=CC=CC=C2)C(=O)N[C@@H]3[C@@H]([C@@H](C4=CC=CC=C34)N)O)O,,
5479250,CC(C)C[C@@H](C(=O)N[C@@H](CC1=CC=CC=C1)C(=O)N)NC(=O)[C@H](CC2=CC=CC=C2)C[C@@H]([C@H](CC3=CC=CC=C3)NC(=O)CC(C)(C)C)O,,
5479252,CC(C)C[C@@H](C(=O)NCCC1=CC=CC=C1)NC(=O)[C@H](CC2=CC=CC=C2)C[C@@H]([C@H](CC3=CC=CC=C3)NC(=O)OC(C)(C)C)O,,
5479253,CC(C)C[C@@H](C(=O)NCC1=CC=CC=C1)NC(=O)[C@H](CC2=CC=CC=C2)C[C@@H]([C@H](CC3=CC=CC=C3)NC(=O)OC(C)(C)C)O,,
5479254,CC(C)C[C@@H](C(=O)N)NC(=O)[C@H](CC1=CC=CC=C1)C[C@@H]([C@H](CC2=CC=CC=C2)NC(=O)OC(C)(C)C)O,,
5479269,CC(C)[C@@H](C(=O)N)NC(=O)[C@H](CC1=CC=CC=C1)C[C@@H]([C@H](CC2=CC=CC=C2)NC(=O)OC(C)(C)C)O,,
5479270,CC(C)(C)OC(=O)N[C@@H](CC1=CC=CC=C1)[C@H](C[C@@H](CC2=CC=CC=C2)C(=O)NCC(=O)N)O,,
5479271,C[C@@H](C(=O)N)NC(=O)[C@H](CC1=CC=CC=C1)C[C@@H]([C@H](CC2=CC=CC=C2)NC(=O)OC(C)(C)C)O,,
5479272,CCC(C)[C@@H](C(=O)N)NC(=O)[C@H](CC1=CC=CC=C1)C[C@@H]([C@H](CC2=CC=CC=C2)NC(=O)OC(C)(C)C)O,,
5479273,CC(C)(C)OC(=O)N[C@@H](CC1=CC=CC=C1)[C@H](C[C@@H](CC2=CC=CC=C2)C(=O)N[C@@H](C3=CC=CC=C3)C(=O)N)O,,
5479274,CC(C)(C)OC(=O)N[C@@H](CC1=CC=CC=C1)[C@H](C[C@@H](CC2=CC=CC=C2)C(=O)N[C@@H](C3CCCCC3)C(=O)N)O,,
5479275,CC(C)(C)OC(=O)N[C@@H](CC1=CC=CC=C1)[C@H](C[C@@H](CC2=CC=CC=C2)C(=O)N[C@@H](CC3=CC=CC=C3)C(=O)N)O,,
5479276,CC(C)(C)OC(=O)N[C@@H](CC1=CC=CC=C1)[C@H](C[C@@H](CC2=CC=CC=C2)C(=O)N[C@@H](CC3CCCCC3)C(=O)N)O,,
5479277,CC(C)(C)OC(=O)N[C@@H](CC1=CC=CC=C1)[C@H](C[C@@H](CC2=CC=CC=C2)C(=O)N[C@@H](CO)C(=O)N)O,,
5479278,CC(C)(C)OC(=O)N[C@@H](CC1=CC=CC=C1)[C@H](C[C@@H](CC2=CC=CC=C2)C(=O)N[C@@H](CC3=NC=CN3)C(=O)N)O,,
5479279,CCC(C)[C@@H](C(=O)NCC1=CC=CC=C1)NC(=O)[C@H](CC2=CC=CC=C2)C[C@@H]([C@H](CC3=CC=CC=C3)NC(=O)OC(C)(C)C)O,,
5479280,CC(C)[C@@H](C(=O)NCC1=CC=CC=C1)NC(=O)[C@H](CC2=CC=CC=C2)C[C@@H]([C@H](CC3=CC=CC=C3)NC(=O)OC(C)(C)C)O,,
5479282,CC(C)C[C@@H](C(=O)NCCO)NC(=O)[C@H](CC1=CC=CC=C1)C[C@@H]([C@H](CC2=CC=CC=C2)NC(=O)OC(C)(C)C)O,,
5479283,CCC(C)[C@@H](C(=O)NCCO)NC(=O)[C@H](CC1=CC=CC=C1)C[C@@H]([C@H](CC2=CC=CC=C2)NC(=O)OC(C)(C)C)O,,
5479284,CC(C)[C@@H](C(=O)NCCO)NC(=O)[C@H](CC1=CC=CC=C1)C[C@@H]([C@H](CC2=CC=CC=C2)NC(=O)OC(C)(C)C)O,,
5479285,CCC(C)[C@@H](C(=O)NCC(CO)O)NC(=O)[C@H](CC1=CC=CC=C1)C[C@@H]([C@H](CC2=CC=CC=C2)NC(=O)OC(C)(C)C)O,,
5479286,CC(C)[C@@H](C(=O)NCC(CO)O)NC(=O)[C@H](CC1=CC=CC=C1)C[C@@H]([C@H](CC2=CC=CC=C2)NC(=O)OC(C)(C)C)O,,
5479287,CC(C)C[C@@H](C(=O)NCCCN(C)C)NC(=O)[C@H](CC1=CC=CC=C1)C[C@@H]([C@H](CC2=CC=CC=C2)NC(=O)OC(C)(C)C)O,,
5479288,CCC(C)[C@@H](C(=O)NCCCN(C)C)NC(=O)[C@H](CC1=CC=CC=C1)C[C@@H]([C@H](CC2=CC=CC=C2)NC(=O)OC(C)(C)C)O,,
5479289,CC(C)[C@@H](C(=O)NCCCN(C)C)NC(=O)[C@H](CC1=CC=CC=C1)C[C@@H]([C@H](CC2=CC=CC=C2)NC(=O)OC(C)(C)C)O,,
5479292,CC(C)[C@@H](C(=O)NCCN)NC(=O)[C@H](CC1=CC=CC=C1)C[C@@H]([C@H](CC2=CC=CC=C2)NC(=O)OC(C)(C)C)O,,
5479294,CC(C)[C@@H](C(=O)NCC(CN1CCOCC1)O)NC(=O)[C@H](CC2=CC=CC=C2)C[C@@H]([C@H](CC3=CC=CC=C3)NC(=O)OC(C)(C)C)O,,
5479297,CC(C)[C@@H](C(=O)NCC1=CC=CC=N1)NC(=O)[C@H](CC2=CC=CC=C2)C[C@@H]([C@H](CC3=CC=CC=C3)NC(=O)OC(C)(C)C)O,,
5479298,CC(C)[C@@H](C(=O)NCC1=CN=CC=C1)NC(=O)[C@H](CC2=CC=CC=C2)C[C@@H]([C@H](CC3=CC=CC=C3)NC(=O)OC(C)(C)C)O,,
5479299,CC(C)[C@@H](C(=O)NCC1=CC=NC=C1)NC(=O)[C@H](CC2=CC=CC=C2)C[C@@H]([C@H](CC3=CC=CC=C3)NC(=O)OC(C)(C)C)O,,
5479300,CCC(C)[C@@H](C(=O)NCC1=NC=CN1)NC(=O)[C@H](CC2=CC=CC=C2)C[C@@H]([C@H](CC3=CC=CC=C3)NC(=O)OC(C)(C)C)O,,
5479301,CC(C)(C)OC(=O)N[C@@H](CC1=CC=CC=C1)[C@H](C[C@@H](CC2=CC=CC=C2)C(=O)N[C@@H](C3=CC=CC=C3)C(=O)NCC4=NC5=CC=CC=C5N4)O,,
5479309,CC(C)(C)OC(=O)N[C@@H](CC1=CC=CC=C1)[C@H](C[C@@H](CC2=CC=C(C=C2)OCC(=O)O)C(=O)N[C@@H]3[C@@H](CC4=CC=CC=C34)O)O,,
5479335,C[C@@H]1[C@@H]([C@@H]([C@H]([C@@H](O1)O[C@@H]2[C@H](C3=CC4=C(C(=C3C5=C2C=C(C(=C5O)C(=O)N[C@H](C)C(=O)O)C)O)C(=O)C6=C(C4=O)C(=CC(=C6)OC)O)O)O)O)O,,
5479340,CC(C)C[C@@H](C(=O)N[C@@H](CC1=CC=CC=C1)C(=O)N)NC(=O)[C@H](CC2=CC=CC3=CC=CC=C32)C[C@@H]([C@H](CC4=CC=CC=C4)NC(=O)OC(C)(C)C)O,,
5479341,CC(C)C[C@@H](C(=O)N[C@@H](CC1=CC=CC=C1)C(=O)N)NC(=O)[C@H](CCCC2=CC=CC=C2)C[C@@H]([C@H](CC3=CC=CC=C3)NC(=O)OC(C)(C)C)O,,
5479345,CC(C)(C)OC(=O)N[C@@H](CC1=CC=CC=C1)[C@H](C[C@@H](CC2=CC=C(C=C2)F)C(=O)N[C@@H]3[C@@H](CC4=CC=CC=C34)O)O,,
5479346,CC(C)(C)OC(=O)N[C@@H](CC1=CC=CC=C1)[C@H](C[C@@H](CC2=CC=C(C=C2)I)C(=O)N[C@@H]3[C@@H](CC4=CC=CC=C34)O)O,,
5479347,CC(C)(C)OC(=O)N[C@@H](CC1=CC=CC=C1)[C@H](C[C@@H](CC2=CC=C(C=C2)[N+](=O)[O-])C(=O)N[C@@H]3[C@@H](CC4=CC=CC=C34)O)O,,
5479348,CC(C)(C)OC(=O)N[C@@H](CC1=CC=CC=C1)[C@H](C[C@@H](CC2=CC=C(C=C2)N)C(=O)N[C@@H]3[C@@H](CC4=CC=CC=C34)O)O,,
5479349,CC1=CC=C(C=C1)C[C@H](C[C@@H]([C@H](CC2=CC=CC=C2)NC(=O)OC(C)(C)C)O)C(=O)N[C@@H]3[C@@H](CC4=CC=CC=C34)O,,
5479350,CC(C)(C)C1=CC=C(C=C1)C[C@H](C[C@@H]([C@H](CC2=CC=CC=C2)NC(=O)OC(C)(C)C)O)C(=O)N[C@@H]3[C@@H](CC4=CC=CC=C34)O,,
5479351,CC(C)(C)OC(=O)N[C@@H](CC1=CC=CC=C1)[C@H](C[C@@H](CC2=CC=C(C=C2)C(F)(F)F)C(=O)N[C@@H]3[C@@H](CC4=CC=CC=C34)O)O,,
5479352,CC(C)(C)OC(=O)N[C@@H](CC1=CC=CC=C1)[C@H](C[C@@H](CC2=C(C(=C(C(=C2F)F)F)F)F)C(=O)N[C@@H]3[C@@H](CC4=CC=CC=C34)O)O,,
5479353,CC(C)(C)OC(=O)N[C@@H](CC1=CC=CC=C1)[C@H](C[C@@H](CC2=CC=C(C=C2)SC)C(=O)N[C@@H]3[C@@H](CC4=CC=CC=C34)O)O,,
5479354,CC(C)(C)OC(=O)N[C@@H](CC1=CC=CC=C1)[C@H](C[C@@H](CC2=CC=C(C=C2)S(=O)C)C(=O)N[C@@H]3[C@@H](CC4=CC=CC=C34)O)O,,
5479355,CC(C)(C)OC(=O)N[C@@H](CC1=CC=CC=C1)[C@H](C[C@@H](CC2=CC=C(C=C2)S(=O)(=O)C)C(=O)N[C@@H]3[C@@H](CC4=CC=CC=C34)O)O,,
5479356,CC(C)(C)OC(=O)N[C@@H](CC1=CC=CC=C1)[C@H](C[C@@H](CC2=CC(=CC=C2)O)C(=O)N[C@@H]3[C@@H](CC4=CC=CC=C34)O)O,,
5479357,CC(C)(C)OC(=O)N[C@@H](CC1=CC=CC=C1)[C@H](C[C@@H](CC2=CC=C(C=C2)O)C(=O)N[C@@H]3[C@@H](CC4=CC=CC=C34)O)O,,
5479358,CC(C)(C)OC(=O)N[C@@H](CC1=CC=CC=C1)[C@H](C[C@@H](CC2=CC=C(C=C2)CO)C(=O)N[C@@H]3[C@@H](CC4=CC=CC=C34)O)O,,
5479359,CC(C)(C)OC(=O)N[C@@H](CC1=CC=CC=C1)[C@H](C[C@@H](CC2=CC=C(C=C2)CCO)C(=O)N[C@@H]3[C@@H](CC4=CC=CC=C34)O)O,,
5479360,CC(C)(C)OC(=O)N[C@@H](CC1=CC=CC=C1)[C@H](C[C@@H](CC2=CC=C(C=C2)CCCO)C(=O)N[C@@H]3[C@@H](CC4=CC=CC=C34)O)O,,
5479361,CC(C)(C)OC(=O)N[C@@H](CC1=CC=CC=C1)[C@H](C[C@@H](CC2=CC=C(C=C2)CCOCOCCOC)C(=O)N[C@@H]3[C@@H](CC4=CC=CC=C34)O)O,,
5479362,CC(C)(C)OC(=O)N[C@@H](CC1=CC=CC=C1)[C@H](C[C@@H](CC2=CC=C(C=C2)CCCOCOCCOC)C(=O)N[C@@H]3[C@@H](CC4=CC=CC=C34)O)O,,
5479363,CC(C)(C)OC(=O)N[C@@H](CC1=CC=CC=C1)[C@H](C[C@@H](CC2=CC=C(C=C2)CCC(OC)OC)C(=O)N[C@@H]3[C@@H](CC4=CC=CC=C34)O)O,,
5479364,CC(C)(C)OC(=O)N[C@@H](CC1=CC=CC=C1)[C@H](C[C@@H](CC2=CC=C(C=C2)CCCN3CCOCC3)C(=O)N[C@@H]4[C@@H](CC5=CC=CC=C45)O)O,,
5479365,CC(C)(C)OC(=O)N[C@@H](CC1=CC=CC=C1)[C@H](C[C@@H](CC2=CC=C(C=C2)CCCN(CCOC)CCOC)C(=O)N[C@@H]3[C@@H](CC4=CC=CC=C34)O)O,,
5479366,CC(C)(C)OC(=O)N[C@@H](CC1=CC=CC=C1)[C@H](C[C@@H](CC2=CC=C(C=C2)CCCN3CCSCC3)C(=O)N[C@@H]4[C@@H](CC5=CC=CC=C45)O)O,,
5479367,CC(C)(C)OC(=O)N[C@@H](CC1=CC=CC=C1)[C@H](C[C@@H](CC2=CC=C(C=C2)CCCN(C)C)C(=O)N[C@@H]3[C@@H](CC4=CC=CC=C34)O)O,,
5479369,CC(C)(C)OC(=O)N[C@@H](CC1=CC=CC=C1)[C@H](C[C@@H](CC2=CC=C(C=C2)CN3CCOCC3)C(=O)N[C@@H]4[C@@H](CC5=CC=CC=C45)O)O,,
5479370,CC(C)(C)OC(=O)N[C@@H](CC1=CC=CC=C1)[C@H](C[C@@H](CC2=CC=C(C=C2)CCC[N+](C)(C)C)C(=O)N[C@@H]3[C@@H](CC4=CC=CC=C34)O)O.[I-],,
5479374,CC(C)(C)OC(=O)N[C@@H](CC1=CC=CC=C1)[C@H](C[C@@H](CCC2=NC3=CC=CC=C3N=C2)C(=O)N[C@@H]4[C@@H](CC5=CC=CC=C45)O)O,,
5479375,CC(C)(C)OC(=O)N[C@@H](CC1=CC=CC=C1)[C@H](C[C@@H](CC2=CC=C(C=C2)OCC3=CC=CC=C3)C(=O)N[C@@H]4[C@@H](CC5=CC=CC=C45)O)O,,
5479376,CC(C)(C)OC(=O)N[C@@H](CC1=CC=C(C=C1)O)[C@H](C[C@@H](CC2=CC=CC=C2)C(=O)NC3[C@@H](CC4=CC=CC=C34)O)O,,
5479377,CC(C)(C)OC(=O)N[C@@H](CC1=CC=C(C=C1)O)[C@H](C[C@@H](CC2=CC=C(C=C2)O)C(=O)N[C@@H]3[C@@H](CC4=CC=CC=C34)O)O,,
5479378,CC(C)(C)OC(=O)N[C@@H](CC1=CC=C(C=C1)OCCN2CCOCC2)[C@H](C[C@@H](CC3=CC=CC=C3)C(=O)N[C@@H]4[C@@H](CC5=CC=CC=C45)O)O,,
5479379,CC(C)(C)OC(=O)N[C@@H](CC1=CC=C(C=C1)OCCN2CCOCC2)[C@H](C[C@@H](CC3=CC=C(C=C3)OCCN4CCOCC4)C(=O)N[C@@H]5[C@@H](CC6=CC=CC=C56)O)O,,
5479380,CC(C)(C)OC(=O)N[C@@H](CC1=CC=CC=C1)[C@H](C[C@@H](CC2=CC=C(C=C2)OCCCN3CCOCC3)C(=O)N[C@@H]4[C@@H](CC5=CC=CC=C45)O)O,,
5479381,CC(C)(C)OC(=O)N[C@@H](CC1=CC=CC=C1)[C@H](C[C@@H](CC2=CC=C(C=C2)OCCN(C)C)C(=O)N[C@@H]3[C@@H](CC4=CC=CC=C34)O)O,,
5479384,CC(C)(C)OC(=O)N[C@@H](CC1=CC=CC=C1)[C@H](C[C@@H](CC2=CC=C(C=C2)OCCN3CCN(CC3)C)C(=O)NC4[C@@H](CC5=CC=CC=C45)O)O,,
5479385,CC(C)(C)OC(=O)N[C@@H](CC1=CC=CC=C1)[C@H](C[C@@H](CC2=CC=C(C=C2)OCCN(CCOC)CCOC)C(=O)NC3[C@@H](CC4=CC=CC=C34)O)O,,
5479386,CC(C)(C)OC(=O)N[C@@H](CC1=CC=CC=C1)[C@H](C[C@@H](CC2=CC=C(C=C2)OCCN3CCSCC3)C(=O)NC4[C@@H](CC5=CC=CC=C45)O)O,,
5479387,CC(C)(C)OC(=O)N[C@@H](CC1=CC=CC=C1)[C@H](C[C@@H](CC2=CC=C(C=C2)OCCN3CCS(=O)CC3)C(=O)NC4[C@@H](CC5=CC=CC=C45)O)O,,
5479388,CC(C)(C)OC(=O)N[C@@H](CC1=CC=CC=C1)[C@H](C[C@@H](CC2=CC=C(C=C2)OCCN3CCS(=O)(=O)CC3)C(=O)NC4[C@@H](CC5=CC=CC=C45)O)O,,
5479389,CC(C)(C)OC(=O)N[C@@H](CC1=CC=CC=C1)[C@H](C[C@@H](CC2=CC=C(C=C2)OCC[N+]3(CCOCC3)[O-])C(=O)NC4[C@@H](CC5=CC=CC=C45)O)O,,
5479390,CC(C)(C)OC(=O)N[C@@H](CC1=CC=CC=C1)[C@H](C[C@@H](CC2=CC=C(C=C2)OCCO)C(=O)NC3[C@@H](CC4=CC=CC=C34)O)O,,
5479391,CC(C)(C)OC(=O)N[C@@H](CC1=CC=CC=C1)[C@H](C[C@@H](CC2=CC=C(C=C2)OCC(=O)N3CCOCC3)C(=O)NC4[C@@H](CC5=CC=CC=C45)O)O,,
5479409,C1COC[C@H]1OC(=O)N[C@@H](CC2=CC=CC=C2)[C@H](C[C@@H](CC3=CC=CC=C3)C(=O)N[C@@H]4[C@@H](CC5=CC=CC=C45)O)O,,
5479410,C1COC[C@@H]1OC(=O)N[C@@H](CC2=CC=CC=C2)[C@H](C[C@@H](CC3=CC=CC=C3)C(=O)N[C@@H]4[C@@H](CC5=CC=CC=C45)O)O,,
5479411,C1CCC(C1)OC(=O)N[C@@H](CC2=CC=CC=C2)[C@H](C[C@@H](CC3=CC=CC=C3)C(=O)N[C@@H]4[C@@H](CC5=CC=CC=C45)O)O,,
5479412,C1C[C@@H](COC1)OC(=O)N[C@@H](CC2=CC=CC=C2)[C@H](C[C@@H](CC3=CC=CC=C3)C(=O)N[C@@H]4[C@@H](CC5=CC=CC=C45)O)O,,
5479413,C1C[C@H](COC1)OC(=O)N[C@@H](CC2=CC=CC=C2)[C@H](C[C@@H](CC3=CC=CC=C3)C(=O)N[C@@H]4[C@@H](CC5=CC=CC=C45)O)O,,
5479414,C1COCCC1OC(=O)N[C@@H](CC2=CC=CC=C2)[C@H](C[C@@H](CC3=CC=CC=C3)C(=O)N[C@@H]4[C@@H](CC5=CC=CC=C45)O)O,,
5479439,C1=CC(=C2C(=C1O)C(=O)C(=CN2)O)O,,
5479494,CCC1=C(C2=CC3=C(C(=C(N3)C=C4[C@H]([C@@H](C(=N4)C(=C5C(=C(C(=N5)C=C1N2)C)C(=O)O)CC(=O)O)CCC(=O)O)C)C)C=C)C,,
5479516,CC(C)(C)NC(=O)[C@@H]1C[C@@H]2CCCC[C@@H]2CN1C[C@H](C[C@@H](CC3=CC=CC=C3)C(=O)N[C@@H]4[C@@H](CC5=CC=CC=C45)O)O,,
5479517,CC(C)(C)NC(=O)[C@@H]1CNCCN1C[C@H](C[C@@H](CC2=CC=CC=C2)C(=O)N[C@@H]3[C@@H](CC4=CC=CC=C34)O)O,,
5479520,CC(C)(C)NC(=O)[C@@H]1CN(CCN1C[C@H](C[C@@H](CC2=CC=CC=C2)C(=O)N[C@@H]3[C@@H](CC4=CC=CC=C34)O)O)C(=O)OCC5=CC=CC=C5,,
5479527,CC(=O)OCC1=C(N2[C@@H]([C@@H](C2=O)NC(=O)/C(=N/OC)/C3=CSC(=N3)N)SC1)C(=O)O,,
5479529,CO/N=C(/C1=CC=CO1)\C(=O)N[C@H]2[C@@H]3N(C2=O)C(=C(CS3)COC(=O)N)C(=O)O,,
5479530,CN1C(=NC(=O)C(=O)N1)SCC2=C(N3[C@@H]([C@@H](C3=O)NC(=O)/C(=N\OC)/C4=CSC(=N4)N)SC2)C(=O)O,,
5479537,C[N+]1(CCCC1)CC2=C(N3[C@@H]([C@@H](C3=O)NC(=O)/C(=N\OC)/C4=CSC(=N4)N)SC2)C(=O)[O-],,
5479539,CO/N=C(/C1=CSC(=N1)N)\C(=O)N[C@H]2[C@@H]3N(C2=O)C(=C(CS3)C[N+]4=CC=CC5=C4CCC5)C(=O)[O-],,
5479541,CC1(C=CC2=C(O1)C=C(C3=C2NC4=CC=CC=C4C3=O)O)C,,
5479542,CC1(C=CC2=C(O1)C=C(C3=C2NC4=C(C3=O)C=CC=C4O)O)C,,
5479543,CC(C)C[C@@H](C(=O)N[C@@H](CC1=CC=CC=C1)C(=O)N)NC(=O)[C@H](CC2=CC=CC=C2)C[C@H]([C@H](CC3=CC=CC=C3)NC(=O)OC(C)(C)C)O,,
5479773,COC1=CC=CC2=C1OC3=CC(=CC(=C3C2=O)O)OC,,
5479774,C1=CC(=C(C2=C1C(=O)C3=C(C=C(C=C3O2)O)O)O)O,,
5479845,CC1=C(C(=CC=C1)C)C(=O)N2CCC(CC2)(C)N3CCC(CC3)/C(=N\OC)/C4=CC=C(C=C4)Br,,
5479846,CC1=C(C(=CC=C1)C)C(=O)N2CCC(CC2)(C)N3CCC(CC3)/C(=N/OC)/C4=CC=C(C=C4)Br,,
5479865,COC(=O)C\1=C(SS/C1=C\[N+](=O)[O-])N,,
5480018,CC1CCC2=C(C1)C3=C(C=C(C=C3OC2=O)C)O,,
5480200,CO/N=C(\N)/C1=CC=C(C=C1)C2=CC=C(O2)C3=CC=C(C=C3)/C(=N/OC)/N,,
5480208,CN1C2=C(C=CC(=C2OC)O)C(=O)C3=C1C(=C(C(=C3O)OC)OC)OC,,
5480240,C[C@@H](C(=O)N[C@@H](CC1=CC=CC=C1)[C@H]([C@H](C(=O)N[C@@H](C(C)C)C(=O)NCC2=CC=CC=C2)NCC3=CC=CC=C3)O)NC(=O)OCC4=CC=CC=C4,,
5480298,CC(=CCC1=CC(=C(C(=C1C2=C(C(=O)C3=C(C=C(C(=C3O2)CC=C(C)C)O)O)O)CC=C(C)C)O)O)C,,
5480299,C1=CC2=C(C(=C1)O)OC3=CC=CC(=C3C2=O)O,,
5480342,COC1=C(C2=C(C=C1O)OC3=C(C2=O)C=CC=C3O)O,,
5480431,CC[C@@H]1[C@@]([C@@H]([C@H](/C(=N\OCOCCOC)/[C@@H](C[C@@]([C@@H]([C@H]([C@@H]([C@H](C(=O)O1)C)O[C@H]2C[C@@]([C@H]([C@@H](O2)C)O)(C)OC)C)O[C@H]3[C@@H]([C@H](C[C@H](O3)C)N(C)C)O)(C)O)C)C)O)(C)O,,
5480473,CC(C)(C)NC(=O)[C@@H]1CN(CCN1C[C@H](C[C@@H](CC2=CC=CC=C2)C(=O)N[C@@H]3[C@@H](CC4=CC=CC=C34)O)O)CC5=NC=C(S5)C6=CC=CC=C6,,
5480679,CC(C)[C@@H](C(=O)N[C@@H](CC1=CC=CC=C1)C(=O)N2CCOCC2)NC(=O)[C@H](CC3=CC=CC=C3)C[C@@H]([C@H](CC4=CC=CC=C4)NC(=O)OC(C)(C)C)O,,
5480733,C/C(=N\NC(=S)N)/C1=CC=C(C=C1)NC(=O)C,,
5480817,C1=CC2=C(C(=C1)Cl)NC3=C4C(=C5C(=C23)C(=O)NC5=O)C6=C(N4)C(=CC=C6)Cl,,
5480834,C1=CC(=CC=C1[C@@H]2[C@H](C(=O)C3=C(C=C(C=C3O2)O)O)C4=C(C=C(C5=C4OC(=CC5=O)C6=CC=C(C=C6)O)O)O)O,,
5480853,CCC(CC)NC(=O)C[C@@H](C(=O)NC[C@H]([C@H](CC1=CC=CC=C1)NC(=O)[C@H](CC(=O)N)NC(=O)OCC2=CC=CC=C2)O)C(C)(C)C,,
5480854,CCC(CC)NC(=O)C[C@@H](C(=O)NC[C@H]([C@H](CC1=CC=CC=C1)NC(=O)[C@H](CC(=O)N)NC(=O)C2=NC3=CC=CC=C3C=C2)O)C(C)(C)C,,
5480855,CCC(CC)NC(=O)C[C@@H](C(=O)NC[C@H]([C@H](CC1=CC=CC=C1)NC(=O)[C@H](CC(=O)N)NC(=O)C2=NC3=CC=CC=C3N=C2)O)C(C)(C)C,,
5480856,CCC[C@H](C[C@@H]([C@H](CC1=CC=CC=C1)NC(=O)[C@H](C)NC(=O)[C@H](C)NC(=O)OCC2=CC=CC=C2)O)C(=O)N[C@@H](C(C)C)C(=O)N[C@@H](C(C)C)C(=O)OC,,
5480857,C[C@@H](C(=O)N[C@@H](CC1=CC=CC=C1)[C@H](C[C@@H](CC(C)C)C(=O)N[C@@H](C(C)C)C(=O)N[C@@H](C(C)C)C(=O)OC)O)NC(=O)[C@H](C)NC(=O)OCC2=CC=CC=C2,,
5480858,C[C@@H](C(=O)N[C@@H](CC1=CC=CC=C1)[C@H](C[C@@H](CC2=CC=CC=C2)C(=O)N[C@@H](C(C)C)C(=O)N[C@@H](C(C)C)C(=O)OC)O)NC(=O)[C@H](C)NC(=O)OCC3=CC=CC=C3,,
5480899,COC1=CC=C(C=C1)C2=CC(=O)C3=C(C=C(C=C3O2)O[C@H]4[C@@H]([C@H]([C@H]([C@H](O4)CO)O)O)O)O,,
5480901,CC1C(C(C(C(O1)OCC2C(C(C(C(O2)OC3=CC(=C4C(=C3)OC(=CC4=O)C5=CC=C(C=C5)OC)O)O)O)O)O)O)O,,
5480904,C1=CC(=CC=C1C2=CC(=O)C3=C(C=C(C=C3O2)O)O)F,,
5480979,CC(C)(C)OC(=O)N[C@@H](CC1=CC=CC=C1)[C@H](C[C@@H](CC2=CC=CC=C2)C(=O)N[C@H]3CCC4=CC=CC=C34)O,,
5480980,CC(C)(C)OC(=O)N[C@@H](CC1=CC=CC=C1)[C@H](C[C@@H](CC2=CC=CC=C2)C(=O)N[C@@H]3[C@H](CC4=CC=CC=C34)O)O,,
5480981,CC(C)CCNC(=O)[C@H](CC1=CC=CC=C1)C[C@@H]([C@H](CC2=CC=CC=C2)NC(=O)OC(C)(C)C)O,,
5480982,C1=CC(=CC=C1C2=C(C(=O)C3=C(C=C(C=C3O2)OC4C(C(C(C(O4)CO)O)O)O)O)O)O,,
5480985,CCCC1=CC(=O)OC2=C(C(=C3C=CC(OC3=C12)(C)C)O)C(=O)[C@@H](C)[C@H](C)O,,
5481003,CC(C)OC1=C(S(=O)C2=C1C=C(C=C2)OC)C(=O)N,,
5481051,CC(C)(C)NC(=O)[C@@H]1CN(CCN1C[C@H](C[C@@H](CC2=CN=CC=C2)C(=O)N[C@@H]3[C@@H](CC4=CC=CC=C34)O)O)CC5=CC6=C(S5)SC=C6,,
5481119,CCN1C(=CC(=N1)CC2=CC=CC=C2)C3CCN(CC3)C[C@H]4C[C@@H](C[C@@H]4C5=CC(=CC=C5)F)N(C)[C@H](C(C)C)C(=O)O,,
5481173,CC(C)(C(=O)O)O/N=C(/C1=CSC(=N1)N)\C(=O)N[C@H]2[C@@H]3N(C2=O)C(=C(CS3)C[N+]4=CC=CC=C4)C(=O)[O-],,
5481224,C1[C@@H]([C@@H]([C@H]([C@@H](O1)OC2=C(OC3=CC(=CC(=C3C2=O)O)O)C4=CC(=C(C=C4)O)O)O)O)O,,
5481225,CC/C(=C(\C(=O)N[C@@H](CO)C(=O)O)/NC(=O)[C@H](C)NC(=O)[C@@H]1CCC=NN1C(=O)[C@H]([C@H](C)N)NC(=O)[C@H](C)NC(=O)C(CO)(CO)N)/C,,
5481234,CC1(C=CC2=C(O1)C=CC(=C2O)C3=COC4=CC(=CC(=C4C3=O)O)O)C,,
5481235,CC(=CCC1=C(C2=C(C=C1O)OC=C(C2=O)C3=C(C4=C(C=C3)OC(C=C4)(C)C)O)O)C,,
5481237,CC(=CC[C@H](CC1=C2C(=C(C=C1O)O)C(=O)C(=C(O2)C3=C(C=C(C=C3)O)O)O)C(=C)C)C,,
5481240,COC1=CC=C(C=C1)C2=COC3=C(C2=O)C=CC(=C3O)O,,
5481241,CC1=CC=C(C=C1)C2=COC3=C(C2=O)C=CC(=C3O)O,,
5481248,COC1=CC(=CC(=C1OC)OC)C2=C(C(=O)C3=C(C=C(C=C3O2)O)O)O,,
5481249,C[C@@H](C(=O)N[C@@H](C(C)C)C(=O)N[C@@H](CC1=CC=CC=C1)[C@H]([C@@H]([C@H](CC2=CC=CC=C2)NC(=O)[C@H](C(C)C)NC(=O)[C@H](C)NC(=O)OCC3=CC=CC=C3)O)O)NC(=O)OCC4=CC=CC=C4,,
5481264,CC(C)[C@@H](C(=O)N[C@@H](CC1=C(C=C(C=C1)OC)OC)[C@H]([C@@H]([C@H](CC2=C(C=C(C=C2)OC)OC)NC(=O)[C@H](C(C)C)NC(=O)[C@H](CC3=CC=CC4=CC=CC=C43)CS(=O)(=O)C(C)(C)C)O)O)NC(=O)[C@H](CC5=CC=CC6=CC=CC=C65)CS(=O)(=O)C(C)(C)C,,
5481265,CCC(C)[C@@H](C(=O)N[C@@H](CC1=CC=CC=C1)[C@H]([C@@H]([C@H](CC2=CC=CC=C2)NC(=O)[C@H](C(C)CC)NC(=O)[C@H](CC3=CC=CC4=CC=CC=C43)CS(=O)(=O)C(C)(C)C)O)O)NC(=O)[C@H](CC5=CC=CC6=CC=CC=C65)CS(=O)(=O)C(C)(C)C,,
5481266,CC(C)(C)[C@@H](C(=O)N[C@@H](CC1=CC=CC=C1)[C@H]([C@@H]([C@H](CC2=CC=CC=C2)NC(=O)[C@H](C(C)(C)C)NC(=O)[C@H](CC3=CC=CC4=CC=CC=C43)CS(=O)(=O)C(C)(C)C)O)O)NC(=O)[C@H](CC5=CC=CC6=CC=CC=C65)CS(=O)(=O)C(C)(C)C,,
5481268,CC(C)(C)S(=O)(=O)C[C@@H](CC1=CC=CC2=CC=CC=C21)C(=O)N[C@@H](C3CCCC3)C(=O)N[C@@H](CC4=CC=CC=C4)[C@H]([C@@H]([C@H](CC5=CC=CC=C5)NC(=O)[C@H](C6CCCC6)NC(=O)[C@H](CC7=CC=CC8=CC=CC=C87)CS(=O)(=O)C(C)(C)C)O)O,,
5481269,CCC[C@@H](C(=O)N[C@@H](CC1=CC=CC=C1)[C@H]([C@@H]([C@H](CC2=CC=CC=C2)NC(=O)[C@H](CCC)NC(=O)[C@H](CC3=CC=CC4=CC=CC=C43)CS(=O)(=O)C(C)(C)C)O)O)NC(=O)[C@H](CC5=CC=CC6=CC=CC=C65)CS(=O)(=O)C(C)(C)C,,
5481271,CC([C@@H](C(=O)N[C@@H](CC1=CC=CC=C1)[C@H]([C@@H]([C@H](CC2=CC=CC=C2)NC(=O)[C@H](C(C)O)NC(=O)[C@H](CC3=CC=CC4=CC=CC=C43)CS(=O)(=O)C(C)(C)C)O)O)NC(=O)[C@H](CC5=CC=CC6=CC=CC=C65)CS(=O)(=O)C(C)(C)C)O,,
5481274,CC(C)[C@@H](C(=O)N[C@@H](CC1=CC=CC=C1)[C@H]([C@@H]([C@H](CC2=CC=CC=C2)NC(=O)[C@H](C(C)C)NC(=O)[C@H](CC3=CC=NC=C3)CS(=O)(=O)C(C)(C)C)O)O)NC(=O)[C@H](CC4=CC=NC=C4)CS(=O)(=O)C(C)(C)C,,
5481286,CC(C)[C@@H](C(=O)N[C@@H](CC1=CC=CC=C1)[C@H]([C@@H]([C@H](CC2=CC=CC=C2)NC(=O)[C@H](C(C)C)NC(=O)[C@H](CC3=CC=CC4=CC=CC=C43)CS(=O)(=O)C(C)(C)C)O)O)NC(=O)[C@H](CC5=CC=CC6=CC=CC=C65)CS(=O)(=O)C(C)(C)C,,
5481340,CC(C)(C)NC(=O)[C@@H]1CN(CCN1C[C@H](C[C@@H](CC2=CC=CC=C2)C(=O)N[C@@H]3[C@@H](CC4=CC=CC=C34)O)O)CC5=CC=C(S5)C6=CC(=NN6C)C(F)(F)F,,
5481345,C[C@@H](C(=O)N[C@@H](CC(C)C)[C@H](CC(=O)O)O)NC(=O)C[C@@H]([C@H](CC(C)C)NC(=O)[C@H](C(C)C)NC(=O)[C@H](C(C)C)NC(=O)C)O,,
5481350,C[C@H](CN1C=NC2=C(N=CN=C21)N)OCP(=O)(OCOC(=O)OC(C)C)OCOC(=O)OC(C)C,,
5481481,CC(C)(C)NC(=O)[C@@H]1CN(CCN1C[C@H](C[C@@H](CC2=CC=CC=C2)C(=O)N[C@@H]3[C@@H](CC4=CC=CC=C34)O)O)CC5=CC6=CC=CC=C6O5,,
5481591,COC1=C(C=C(C=C1)C2=C3C4=CC(=C(C=C4C=CN3C5=C2C6=CC(=C(C=C6OC5=O)O)OC)O)OC)O,,
5481646,COC1=C(C2=C(C=C1O)OC(=C(C2=O)OC)C3=CC=CC=C3)O,,
5481647,COC1=C(C2=C(C=C1O)OC(=CC2=O)C3=CC=CC=C3)OC,,
5481663,C[C@H]1[C@@H]([C@H]([C@H]([C@@H](O1)OC[C@@H]2[C@H]([C@@H]([C@H]([C@@H](O2)OC3=C(OC4=CC(=CC(=C4C3=O)O)O)C5=CC(=C(C=C5)O)OC)O)O)O)O)O)O,,
5481665,C[C@H]1[C@@H]([C@H]([C@H]([C@@H](O1)OC[C@@H]2[C@H]([C@@H]([C@H]([C@@H](O2)OC3=C(OC4=CC(=CC(=C4C3=O)O)O[C@H]5[C@@H]([C@H]([C@@H]([C@H](O5)CO)O)O)O)C6=CC(=C(C=C6)O)OC)O)O)O)O)O)O,,
5481713,CN(C[C@@H](CCN1CCC2(CC1)CC(=O)C3=CC=CC=C23)C4=CC(=CC=C4)Cl)S(=O)(=O)C5=CC=CC=C5,,
5481715,CN(C[C@@H](CCN1CCC2(CC1)C3=CC=CC=C3C(=O)N2)C4=CC(=CC=C4)Cl)S(=O)(=O)C5=CC=CC=C5,,
5481840,COC1=C(C=CC2=C1OC3=CC=CC(=C3C2=O)O)O,,
5481857,C1[C@@H]([C@H](OC2=C1C(=CC(=C2C3=C(OC4=CC(=CC(=C4C3=O)O)O)C5=CC=C(C=C5)O)O)O)C6=CC=C(C=C6)O)O,,
5481882,C1[C@@H]([C@@H]([C@H]([C@@H](O1)OC2=C(OC3=CC(=CC(=C3C2=O)O)O)C4=CC=C(C=C4)O)O)O)O,,
5481948,CC1(C=CC2=C(O1)C(=CC(=C2)C3=COC4=CC(=CC(=C4C3=O)O)O)O)C,,
5481949,CC(=CCC1=C(C2=C(C=C1O)OC=C(C2=O)C3=CC4=C(C(=C3)O)OC(C=C4)(C)C)O)C,,
5481958,CC(=CCC1=C2C(=C(C=C1O)O)C(=O)C(=C(O2)C3=C(C=C(C=C3)O)O)CC=C(C)C)C,,
5481959,CC1=CC2C(C(OC3=C2C4=C(C(=C3)O)C(=O)C(=C(O4)C5=C(C=C(C=C5)O)O)CC=C(C)C)C6=C(C=C(C7=C6OC(=C(C7=O)CC=C(C)C)C8=C(C=C(C=C8)O)O)O)O)C(C1)(C)C,,
5481961,CC(=CCC1=C(OC2=CC(=CC(=C2C1=O)O)O)C3=C(C=C(C=C3)O)O)C,,
5481962,CC(=CCC1=C(OC2=C(C1=O)C(=CC3=C2C=CC(O3)(C)C)O)C4=CC(=C(C=C4O)O)O)C,,
5481963,CC(=CCC1=C(C=CC(=C1)C2=C(C(=O)C3=C(O2)C=C(C(=C3O)CC=C(C)C)O)O)O)C,,
5481964,CC(=CCC1=C(C2=C(C=C1O)OC(=C(C2=O)O)C3=CC=C(C=C3)O)O)C,,
5481965,CC(=CCC1=C(C2=C(C=C1O)OC(=C(C2=O)OC)C3=CC=C(C=C3)O)O)C,,
5481966,CC(=CCC1=C(C2=C(C=C1O)OC(=C(C2=O)O)C3=CC(=C(C=C3)O)O)O)C,,
5481967,CC(=CCC1=C(C(=C(C=C1C2=C(C(=O)C3=C(O2)C(=C(C=C3O)O)C(C)(C)C=C)O)O)O)CC=C(C)C)C,,
5481968,CC1(C=CC2=C(O1)C=C(C3=C2OC(=C(C3=O)CCC(C)(C)O)C4=C(C=C(C=C4)O)O)O)C,,
5481969,CC(=CC1C2=C(C3=C(O1)C=C(C=C3)O)OC4=C(C2=O)C(=CC5=C4C=CC(O5)(C)C)O)C,,
5481970,C1=CC(=C(C=C1O)O)C2=CC(=O)C3=C(C=C(C=C3O2)O)O,,
5481973,CC1(C=CC2=C(O1)C=C(C3=C2OC4=C(C3=O)CC(OC5=C4C=CC(=C5)O)C(C)(C)O)O)C,,
5481982,C[C@H]1[C@@H]([C@H]([C@H]([C@@H](O1)OC2=C(OC3=C(C(=CC(=C3C2=O)O)O)CC=C(C)C)C4=CC=C(C=C4)O)O)O)O,,
5481990,CC(C)(C)NC(=O)[C@@H]1CN(CCN1C[C@H](C[C@@H](CC2=CC=CC=C2)C(=O)N[C@@H]3[C@@H](CC4=CC=CC=C34)O)O)CC5=CN=C6C(=C5)C=CO6,,
5482003,CC(C)(C)NC(=O)[C@@H]1CN(CCN1C[C@H](C[C@@H](CC2=CC=CC=C2)C(=O)N[C@@H]3[C@@H](CC4=CC=CC=C34)O)O)CC5=CC6=C(O5)C=CN=C6,,
5482042,C1=CC(=C(C2=C1C3=CC(=C(C=C3C(=O)O2)O)O)O)O,,
5482101,COC1=C(C=CC(=C1)C2=C(C(=O)C3=C(O2)C=C(C=C3)O)O)O,,
5482136,CCN1C=C(C(=O)C2=CC(=C(C=C21)N3CCN(CC3)C/C(=N/O)/C4=CC=CC=C4)F)C(=O)O,,
5482299,CCO/N=C(/C1CCN(CC1)C2(CCN(CC2)C(=O)C3=C(N=CN=C3C)C)C)\C4=CC=C(C=C4)Br,,
5482300,CCO/N=C(/C1CCN(CC1)C2(CCN(CC2)C(=O)C3=C(C=NC=C3Cl)Cl)C)\C4=CC=C(C=C4)Br,,
5482301,CCO/N=C(/C1CCN(CC1)C2(CCN(CC2)C(=O)C3=C(C=NC=C3Br)Br)C)\C4=CC=C(C=C4)Br,,
5482344,COC1=CC2=C(C=C1)NC3=C4C(=C5C(=C23)C(=O)NC5=O)C6=C(N4)C=CC(=C6)OC,,
5482346,C1=CC2=C(C=C1O)NC3=C4C(=C5C(=C23)C(=O)NC5=O)C6=C(N4)C=C(C=C6)O,,
5482348,C1=CC2=C(C=C1Cl)C3=C4C(=C5C6=C(C=CC(=C6)Cl)NC5=C3N2)C(=O)NC4=O,,
5482397,C1[C@@H](C(=O)N([C@H]1CC2=CC=CC=C2)C[C@H](C[C@@H](CC3=CC=CC=C3)C(=O)N[C@@H]4[C@@H](CC5=CC=CC=C45)O)O)CC6=CC=CC=C6,,
5482459,CC1=NC=CC2=C1NC3=C2C=CC(=C3)OC(=O)C,,
5482494,CC1=C(C2=C(C=C1O)OC=C(C2=O)C3=CC=CC=C3OC)O,,
5482932,C1=CC2=C(C(=C1)Cl)NC3=C(C2=O)C(=CC(=C3)O)O,,
5482936,C1[C@H]([C@H](C2=CC=CC=C21)NC(=O)[C@H](CC3=CC=CC=C3)CC(C[C@@H](CC4=CC=CC=C4)C(=O)N[C@@H]5[C@@H](CC6=CC=CC=C56)O)O)O,,
5483090,CCOC(=O)C=C[C@H](C[C@@H]1CCNC1=O)NC(=O)[C@H](CC2=CC=C(C=C2)F)CC(=O)[C@H](C(C)C)NC(=O)C3=NOC(=C3)C,,
5483103,C1=CC=C(C=C1)NC2=C3C(=C(C=C2)O)C(=O)C4=C(C=CC(=C4C3=O)O)[N+](=O)[O-],,
5483640,C([C@@H]([C@@H]1C(=O)C(=C(O1)O)O)O)O,,
5483663,C/C(=C/C(=O)C)/[O-].C/C(=C/C(=O)C)/[O-].C/C(=C/C(=O)C)/[O-].[Fe+3],,
5483666,C/C(=C/C(=O)C)/[O-].C/C(=C/C(=O)C)/[O-].O=[Ti+2],,
5483847,C[C@H](C(=O)O)OC1=CC=C(C=C1)OC2=C(C=C(C=N2)Cl)F,,
5483872,CNC(=O)/C(=N/OC)/C1=CC=CC=C1OC2=CC=CC=C2,,
5483874,CC1=CC=CC=C1OCC2=CC=CC=C2/C(=N/OC)/C(=O)OC,,
5483905,C[C@H]1[C@@H]([C@H]([C@H]([C@@H](O1)O[C@@H]2[C@H]([C@@H]([C@H](O[C@H]2OC3=CC(=C4C(=C3)OC(=C(C4=O)O)C5=CC=C(C=C5)O)O)CO)O)O)O)O)O,,
5483916,CCOC1=C(C=C2C(=C1)N=C3C(=C4C(=NC5=CC(=C(C=C5O4)NC(=O)C6=CC=CC=C6)OCC)C(=C3O2)NC(=O)C)NC(=O)C)NC(=O)C7=CC=CC=C7,,
5484006,C1=CC(=C(C=C1C2=C(C(=O)C3=C(C=C(C=C3O2)O)O)O[C@H]4[C@@H]([C@H]([C@H](O4)[C@@H](CO)O)O)O)O)O,,
5484009,C/C(=C/C(=O)C)/[O-].C/C(=C/C(=O)C)/[O-].C/C(=C/C(=O)C)/[O-].[Cr+3],,
5484010,COC1=CC(=C2C(=C1)OC(=CC2=O)C3=CC(=C(C=C3)O)C4=C(C=C(C5=C4OC(=CC5=O)C6=CC=C(C=C6)O)O)O)O,,
5484066,C1[C@@H]([C@@H]([C@H]([C@@H](O1)OC[C@@H]2[C@H]([C@@H]([C@H]([C@@H](O2)OC3=C(OC4=CC(=CC(=C4C3=O)O)O)C5=CC(=C(C=C5)O)O)O)O)O)O)O)O,,
5484171,CCOC(=O)CCN(CC1=CC=CC=C1)SN(C)C(=O)O/N=C(\C)/SC,,
5484172,C[C@H](C(=O)O)OC1=CC=C(C=C1)OC2=CN=C3C=C(C=CC3=N2)Cl,,
5484202,CC[C@H](CC[C@@H](C)[C@H]1CC[C@@H]2[C@@]1(CC[C@H]3[C@H]2CCC4=CC(=O)CC[C@]34C)C)C(C)C,,
5484238,CC1=CC(=C(C2=C1C(=CC(=O)O2)OC)C3=C(C=C(C4=C3OC(=O)C=C4OC)C)O)O,,
5484289,CCCCCCCCCCCC(=O)O[C@@H]1[C@H]([C@@H]([C@H](O[C@]1([C@@]2([C@H]([C@@H]([C@H](O2)CO)O)O)CO)OC(=O)CCCCCCCCCCC)CO)O)O,,
5484352,C[C@@H](C(=O)N[C@@H](C)C(=O)O)N,,
5484354,C1=CC=C(C=C1)[C@H](C#N)O[C@H]2[C@@H]([C@H]([C@@H]([C@H](O2)C(=O)O)O)O)O,,
5484385,CC(C)C(=C)CC[C@H]([C@H]1[C@@H](C[C@@]2([C@@]1(CCC3=C2CC[C@@H]4[C@@]3(CC[C@@H](C4(C)C)OC(=O)C)C)C)C)O)C(=O)O,,
5484402,CN(CC1=NC2=C(N=C(N=C2NC1=O)N)N)C3=CC=C(C=C3)C(=O)N[C@@H](CCC(=O)O)C(=O)O,,
5484438,CN1CC[C@@]23CCCC[C@@H]2[C@@H]1CC4=C3C=C(C=C4)O.[C@@H]([C@H](C(=O)O)O)(C(=O)O)O,,
5484726,C1CC(=O)C2=C1C3=C(C4=C(C=C3O)O[C@@H]5[C@H]4C=CO5)OC2=O,,
5484727,CCOC(=O)[C@H](CCC1=CC=CC=C1)N[C@@H](C)C(=O)N2[C@H]3CCCC[C@@H]3C[C@H]2C(=O)O,,
5484731,CN1CC[C@]23[C@@H]4[C@H]1CC5=C2C(=C(C=C5)O[C@H]6[C@@H]([C@H]([C@@H]([C@H](O6)C(=O)O)O)O)O)O[C@H]3[C@H](C=C4)O,,
5484735,CO/N=C(\C1=CSC(=N1)N)/C(=O)N[C@H]2[C@@H]3N(C2=O)C(=C(CS3)CSC(=O)C4=CC=CO4)C(=O)O,,
5485193,CCOC(=O)[C@H](CCC1=CC=CC=C1)N[C@@H](C)C(=O)N2[C@@H](CN(C2=O)C)C(=O)O.Cl,,
5485199,C[C@H](C(=O)N[C@@H](CC1=CC=CC=C1)C(=O)NCC(=O)N[C@@H](CC2=CC=C(C=C2)O)C(=O)N3CCC[C@H]3C(=O)N[C@@H](CO)C(=O)N)NC(=O)[C@H](CC4=CC=C(C=C4)O)N,,
5485201,C1CC1CN2CC[C@]34[C@@H]5C(=O)CC[C@]3([C@H]2CC6=C4C(=C(C=C6)O)O5)O.Cl,,
5485221,CC1=C(N2[C@@H]([C@@H](C2=O)NC(=O)/C(=N/OC)/C3=CSC(=N3)N)SC1)C(=O)OCOC(=O)C(C)(C)C.Cl,,
5486173,COC1=C2C(=C3C4CCOC4OC3=C1)OC5=CC=CC(=C5C2=O)O,,
5486180,C[C@@H](CO)NC(=O)[C@@H]1CN([C@@H]2CC3=CNC4=CC=CC(=C34)C2=C1)C,,
5486182,CC1=C(N2[C@@H]([C@@H](C2=O)NC(=O)/C(=N\OC)/C3=CSC(=N3)N)SC1)C(=O)OCOC(=O)C(C)(C)C,,
5486183,C[N+]1(CC[C@]23[C@@H]4C(=O)CC[C@]2([C@H]1CC5=C3C(=C(C=C5)O)O4)O)CC=C,,
5486198,C1=C2C(=C(C(=C1Cl)Cl)[N+](=O)[O-])NC(=O)C(=O)N2,,
5486199,C[C@H]1[C@@H]([C@H]([C@H]([C@@H](O1)OC2=CC(=C3C(=C2)OC(=C(C3=O)O[C@H]4[C@@H]([C@@H]([C@H]([C@@H](O4)C)O)O)O)C5=CC=C(C=C5)O)O)O)O)O,,
5486528,C1COC2C1C3=C(O2)C=C(C4=C3OC5=CC=CC(=C5C4=O)O)O,,
5486546,C[C@H](CC1=CC2=C(C=C1)OC(O2)(C(=O)O)C(=O)O)NC[C@@H](C3=CC(=CC=C3)Cl)O,,
5486547,C1=CN(C=N1)C2=C(C=C3C(=C2)NC(=O)C(=O)N3)[N+](=O)[O-].Cl,,
5486550,CC(=O)O[C@H]1C=C[C@H]2[C@H]3CC4=C5[C@]2([C@H]1OC5=C(C=C4)OC)CCN3C,,
5486615,C1=C(C=C(C(=C1O)O)O[C@H]2[C@@H]([C@H]([C@@H]([C@H](O2)CO)O)O)O)C3=C(C(=O)C4=C(C=C(C=C4O3)O)O)O,,
5486692,C[C@@H](C(=O)N[C@@H](C)C(=O)N1CCC[C@H]1C(=O)N[C@@H](C(C)C)C(=O)CCl)NC(=O)CCC(=O)OC,,
5486699,C[C@H]1[C@@H]([C@H]([C@H]([C@@H](O1)OC[C@@H]2[C@H]([C@@H]([C@H]([C@@H](O2)OC3=C(OC4=CC(=CC(=C4C3=O)O)OCCO)C5=CC(=C(C=C5)OCCO)OCCO)O)O)O)O)O)O,,
5486715,C1=CC=C(C=C1)C[C@@H](C(=O)NCCC(=O)O)N[C@@H](CC2=CC=CC=C2)C(=O)O,,
5486772,[Be+2].C/C(=C/C(=O)C)/[O-].C/C(=C/C(=O)C)/[O-],,
5486773,C/C(=C/C(=O)C)/[O-].C/C(=C/C(=O)C)/[O-].C/C(=C/C(=O)C)/[O-].[V],,
5486778,C/C(=C/C(=O)C)/[O-].C/C(=C/C(=O)C)/[O-].[Pd+2],,
5486799,CCC1=C(C2=CC3=C(C(=C(N3)C=C4[C@H]([C@@H](C(=N4)C(=C5C(=C(C(=N5)C=C1N2)C)C(=O)O)CC(=O)N[C@@H](CC(=O)O)C(=O)O)CCC(=O)O)C)C)C=C)C,,
5486816,C[C@H](C(=O)NCC(=O)N[C@@H](CC1=CC=CC=C1)C(=O)N[C@@H](CC(C)C)C(=O)N)NC(=O)[C@H](CC2=CC=C(C=C2)O)N,,
5486825,C1CC1CN2CC[C@]34[C@@H]5C(=O)C(=CC6=CC=CC=C6)C[C@]3([C@H]2CC7=C4C(=C(C=C7)O)O5)O,,
5486827,C1CC1CN2CC[C@]34[C@@H]5C6=C(C[C@]3([C@H]2CC7=C4C(=C(C=C7)O)O5)O)C8=CC=CC=C8O6,,
5486828,C1=NC(=C2C(=N1)N(C=N2)[C@@H](C=O)O[C@H](COP(=O)(O)OP(=O)(O)OP(=O)(O)O)C=O)N,,
5486830,C[C@H](CN1C=NC2=C(N=CN=C21)N)OCP(=O)(OCOC(=O)OC(C)C)OCOC(=O)OC(C)C.C(=CC(=O)O)C(=O)O,,
5486849,COC1=CC(=C2C(=C1)C=C(OC2=O)CO)O,,
5486896,CC(=O)N[C@@H]\1[C@H]([C@@H]([C@H](O/C1=N\O)CO)O)O,,
5486900,CC(CCl)(C1CC2=C(O1)C=C(C3=C2N(C4=CC=CC=C4C3=O)C)O)O,,
5486924,CO/N=C(/C1=CSC(=N1)N)\C(=O)O,,
5486940,C[C@]12C(=O)CC[C@@]3([C@]14CCN([C@@H]3CC5=C4C(=C(C=C5)O)O2)C)OC,,
5486971,CC(C)C[C@@H](CC(=O)O)CN,,
5487121,CO[C@H]1[C@H]([C@@H](O[C@@H]1[C@H](C(=O)N)O[C@@H]2[C@H]([C@H](C=C(O2)C(=O)N[C@H]3CCCCNC3=O)O)O)N4C=CC(=O)NC4=O)O,,
5487158,C1=CC=C(C=C1)C[C@H](CC(=O)[C@H](CCCN=C(N)N)N)C(=O)O,,
5487163,C1=CC(=CC=C1C[C@H](CC(=O)[C@H](CCCN=C(N)N)N)C(=O)O)O,,
5487248,CCOC(=O)C1CC(=O)C2=C1C3=C(C(=C(C=C3C(=O)O2)O)O)O,,
5487249,C[C@H]1[C@@H]([C@H]([C@H]([C@@H](O1)OC[C@@H]2[C@@H]([C@@H]([C@H]([C@@H](O2)OC3=C(OC4=CC(=CC(=C4C3=O)O)O)C5=CC(=C(C=C5)O)OC)O)O)O)O)O)O,,
5487268,CC(C)(C=C)C1=C(C=C(C(=C1)C2=COC3=CC(=CC(=C3C2=O)O)O)O)O,,
5487269,CC(=CCC1=C(C(=CC(=C1O)C(C)(C)C=C)C2=COC3=CC(=CC(=C3C2=O)O)O)O)C,,
5487281,CC1=C(C2=CC3=C(NC(=O)N3)N=C2C=C1)C,,
5487298,CC(=CCC1=C(C(=CC(=C1)C2=COC3=C(C2=O)C(=CC(=C3)O)OC)O)O)C,,
5487313,CCOC(=O)[C@H](C)NC(=O)[C@H](CC(C)C)NC(=O)[C@H](CC(C)C)CC(=O)NO,,
5487402,CC(=O)C1=C(C(=C2C(=C1)C(=O)C3=C(O2)C=C(C(=C3C(=O)O)O)O)C(=O)C)C4=COC5=C(C4=O)C(=C(C(=C5)O)O)C(=O)O,,
5487407,C[C@H](C(=O)N)NCC1=CC=C(C=C1)OCC2=CC(=CC=C2)F,,
5487413,C1=C(C=C(C(=C1O)O)O)C2=C(C(=O)C3=C(C=C(C=C3O2)O)O)O[C@H]4[C@@H]([C@H]([C@@H]([C@H](O4)C(=O)O)O)O)O,,
5487415,C1CCC(CC1)CN2CCN(CC2)C(=O)CCCOC3=CC4=CC5=C(NC(=O)N5)N=C4C=C3,,
5487426,C[N+]1([C@@H]2CC(C[C@H]1[C@H]3[C@@H]2O3)OC(=O)C(C4=CC=CS4)(C5=CC=CS5)O)C.[Br-],,
5487427,C[N+]1([C@@H]2CC(C[C@H]1[C@H]3[C@@H]2O3)OC(=O)C(C4=CC=CS4)(C5=CC=CS5)O)C,,
5487461,C1[C@H]([C@@H]([C@H]([C@@H](O1)OC2=C(C3=C4C(=C2)C(=O)OC5=C4C(=CC(=C5O)O)C(=O)O3)O)O)O)O,,
5487475,CCCC[C@@H](C(=O)N)NC(=O)[C@@H]1CCCN1C(=O)[C@H]2CCCN2C(=O)[C@H](CC3=CC=CC=C3)NC(=O)[C@@H](CC4=CNC5=CC=CC=C54)NC(=O)[C@H](C)NC(=O)[C@H](C)NC(=O)C6=CC=CC=C6,,
5487591,CC1(C=CC2=C(O1)C=C(C3=C2N(C4=C(C3=O)C=CC(=C4OC)O)C)O)C,,
5487654,CC[C@H]([C@H]([C@@H]([C@@H](C)[C@H]1CC[C@@H]2[C@@]1(CC[C@H]3[C@H]2CC(=O)[C@@H]4[C@@]3(C[C@H]([C@H](C4)O)O)C)C)O)O)C(C)C,,
5487663,C[C@H](C(=O)NCC(=O)N[C@@H](CC1=CC=CC=C1)C(=O)NNC(=O)[C@H](CC2=CC=CC=C2)NC(=O)CNC(=O)[C@@H](C)NC(=O)[C@H](CC3=CC=C(C=C3)O)N)NC(=O)[C@H](CC4=CC=C(C=C4)O)N,,
5487671,COC1=CC(=C2C(=C1)OC3=C2C(=O)OC4=C3C=CC(=C4)O)O,,
5487695,COC1=C2C3=C(C[C@@H]4[C@]5([C@]3(CCN4CC6CC6)[C@@H](O2)C(=O)CC5)O)C=C1,,
5487766,COC1=C(C=CC(=C1)C2=C(C(=O)C3=C(C=C(C=C3O2)O)O)OS(=O)(=O)O)O,,
5487772,CN1C2=C(C=CC=C2O)C(=O)C3=C1C(=C(C=C3O)OC)OC,,
5487785,COC1=C(C(=C2C(=C1)OC=C(C2=O)C3=CC=C(C=C3)O)O)OC,,
5487805,C[C@@H](C(=O)N[C@@H](C(C)C)C(=O)NCC(=O)N[C@@H](CCC(=O)O)C(=O)N[C@@H](CCC(=O)O)C(=O)N1CCC[C@H]1C(=O)NCC(=O)N2CCC[C@H]2C(=O)N[C@@H](CCCN=C(N)N)C(=O)N)NC(=O)[C@H](C(C)C)N,,
5487855,COC1=C(C=C(C=C1)C2=C(C(=O)C3=C(C=C(C=C3O2)O)O)O)OC,,
5487888,CC1=C(N2[C@@H]([C@@H](C2=O)NC(=O)/C(=N\OC)/C3=CSC(=N3)N)SC1)C(=O)O,,
5487923,COC1=CC2=C(C(=C1)O[C@H]3[C@@H]([C@H]([C@@H]([C@H](O3)CO)O)O)O)C(=O)C4=C(C=CC(=C4O2)O)O,,
5488004,C1=CC(=CC=C1C2=CC(=O)C3=C(C=C(C=C3O2)O[C@H]4[C@@H]([C@H]([C@@H]([C@H](O4)C(=O)O)O)O)O[C@H]5[C@@H]([C@H]([C@@H]([C@H](O5)C(=O)O)O)O)O)O)O,,
5488036,CCC1=C(C2=CC3=C(C(=C(N3)C=C4[C@H]([C@@H](C(=N4)C(=C5C(=C(C(=N5)C=C1N2)C)C(=O)[O-])CC(=O)N[C@@H](CC(=O)[O-])C(=O)[O-])CCC(=O)[O-])C)C)C=C)C.[Na+].[Na+].[Na+].[Na+],,
5488186,C1=CC2=C(C=C1O)C(=O)OC3=C2C=CC(=C3)O,,
5488191,C[C@@H](C(=O)O)N(C)C,,
5488192,CC(C)(C)NC(=O)[C@@H]1CN(CCN1C[C@H](C[C@@H](CC2=CC=CC=C2)C(=O)NC3[C@@H](CC4=CC=CC=C34)O)O)CC5=CC6=CC=CC=C6O5,,
5488193,C1=CC=C2C(=C1)C(=O)C3=C(C=C(C=C3O2)O)O,,
5488196,C[C@@H](C(=O)O)NC(=O)[C@H](CC1=CC=CC=C1)N,,
5488283,C1=CC(=CC=C1C2=C(C(=O)C3=C(C=C(C=C3O2)O)O)OC4[C@@H]([C@H]([C@H]([C@H](O4)CO)O)O)O)O,,
5488307,C1=CC(=C(C=C1C2=CC(=O)C3=C(C=C(C=C3O2)OC4[C@@H]([C@H]([C@@H]([C@H](O4)C(=O)O)O)O)O)O)O)O,,
5488537,CC1=CC(=C2C3=C4C5=C6C(=C13)C(=CC(=C6C(=O)C7=C(C(=C(C(=C57)C8=C4C(=C(C(=C8O)C9CCCCN9)O)C2=O)O)C1CCCCN1)O)O)C)O,,
5488543,CC(C)(C(=O)[O-])O/N=C(/C1=CSC(=N1)N)\C(=O)N[C@H]2[C@@H]3N(C2=O)C(=C(CS3)C[N+]4=CC=CC=C4)C(=O)[O-].[Na+],,
5488547,C[C@H]1CN(CC[C@@]1(C)C2=CC(=CC=C2)O)C[C@H](CC3=CC=CC=C3)C(=O)NCC(=O)O.O.O,,
5488548,C[C@H]1CN(CC[C@@]1(C)C2=CC(=CC=C2)O)C[C@H](CC3=CC=CC=C3)C(=O)NCC(=O)O,,
5488563,COC(=O)C(C1=C(OC2=CC=CC(=C2C1=O)O)C=C)C(=O)OC,,
5488588,CC(=O)C1=C2C(=CC(=N1)C(=O)O)C3=CC=CC=C3N2,,
5488619,C1=CC(=CC=C1C2=C(C(=O)C3=C(C=C(C=C3O2)O)O)O[C@H]4[C@@H]([C@H]([C@@H]([C@H](O4)CO)O)O)OC(=O)C5=CC(=C(C(=C5)O)O)O)O,,
5488643,COC1=CC(=CC(=C1OC)O)C2=CC(=O)C3=C(C=C(C=C3O2)O)O,,
5488645,CN1C(=NN=N1)SCC2=C(N3[C@@H]([C@@](C3=O)(NC(=O)[C@@H](C4=CC=C(C=C4)O)C(=O)O)OC)OC2)C(=O)O,,
5488650,COC1=CC2=C(C(=C1)OC)C3=C(O2)C4=C(C=C(C=C4)O)OC3=O,,
5488766,C1=CC(=CC=C1C2=C(C(=O)C3=C(C=C(C=C3O2)O)O)O[C@H]4[C@@H]([C@H]([C@@H]([C@H](O4)CO)O)O)O[C@H]5[C@@H]([C@H]([C@H]([C@H](O5)CO)O)O)O)O,,
5488781,COC1=C(C=C(C=C1)C2=COC3=C(C2=O)C(=C(C(=C3)O)OC)O)O,,
5488801,C[C@]12C[C@H]([C@H]3[C@H]([C@]1(CC[C@@H]2C4=COC(=O)C=C4)O)CC[C@@]56[C@@]3([C@H]7C[C@@H](C5)O[C@](O7)(O6)C)C=O)O,,
5488808,COC1=CC2=C(C=C1)OC3=CC(=CC(=C3C2=O)O)OC,,
5488811,COC1=C(C=CC(=C1)C2=C(C=C3C(=CC(=CC3=[O+]2)O)O[C@H]4[C@@H]([C@H]([C@@H]([C@H](O4)CO)O)O)O)O[C@H]5[C@@H]([C@H]([C@@H]([C@H](O5)CO)O)O)O)O,,
5488822,C[C@H]1[C@@H]([C@H]([C@H]([C@@H](O1)OC2=C(OC3=C(C(=CC(=C3C2=O)O)O)CC=C(C)C)C4=CC=C(C=C4)OC)O)O)O,,
5488829,C/C(=C/C(=O)C)/[O-].C/C(=C/C(=O)C)/[O-].C/C(=C/C(=O)C)/[O-].[Ru+3],,
5488833,CC(=O)/C=C(\[O-])/C1=CC=CC=C1.CC(=O)/C=C(\[O-])/C1=CC=CC=C1.CC(=O)/C=C(\[O-])/C1=CC=CC=C1.[Cr+3],,
5488895,C[C@@H]1C[C@@H]2CC[C@H]3C(=C)C[C@@H](O3)CC[C@]45C[C@@H]6[C@H](O4)[C@H]7[C@@H](O6)[C@@H](O5)[C@@H]8[C@@H](O7)CC[C@@H](O8)CC(=O)O[C@@H]9[C@H]([C@H]3[C@H](C[C@@H]4[C@H](O3)C[C@@]3(O4)C[C@H]4[C@@H](O3)[C@H](C[C@]3(O4)C[C@@H]([C@H]4[C@@H](O3)C[C@H](O4)[C@H](C[C@H](CO)O)O)C)C)O[C@H]9C[C@H](C1=C)O2)C,,
5488919,COC1=C(C=C2C3=C1OC(=O)C4=CC(=C(C(=C43)OC2=O)OC)O)O,,
5488988,CC1=C(C2=C(C=C1)C(=O)C3=C(C2=O)C=C4[C@@H]([C@H](C5=C(C4=C3O)C(=C6C(=C5)C=C(NC6=O)C)O)O)OC)O,,
5489007,C[C@@H](C(=O)NCC(=O)O)NC(=O)CC[C@@H](C(=O)O)N,,
5489012,C[C@@H]([C@@H](C1=CC=CC=C1)O)NCCC(=O)C2=CC(=CC=C2)OC.Cl,,
5489013,C[C@@H]([C@@H](C1=CC=CC=C1)O)NCCC(=O)C2=CC(=CC=C2)OC,,
5489021,CC([O-])C.CC([O-])C.C/C(=C/C(=O)C)/[O-].C/C(=C/C(=O)C)/[O-].[Ti+4],,
5489029,CN1CC[C@]23[C@@H]4[C@H]1CC5=C2C(=C(C=C5)OC)O[C@H]3[C@H](C=C4)O[C@H]6[C@@H]([C@H]([C@@H]([C@H](O6)C(=O)O)O)O)O,,
5489090,COC1=C(C=C(C=C1)C2=C(C(=O)C3=C(C(=C(C=C3O2)O[C@H]4[C@@H]([C@H]([C@@H]([C@H](O4)CO)O)O)O)OC)O)OC)O,,
5489120,COC1=C2C3=C(C[C@@H]4[C@]5([C@]3(CCN4)[C@@H](O2)C(=O)CC5)O)C=C1,,
5489257,CC[O-].CC([O-])C.C/C(=C/C(=O)C)/[O-].C/C(=C/C(=O)C)/[O-].[Ti+4],,
5489369,CC1=CC(=C(C2=C1C(=O)OC3=C(O2)C(=C(C(=C3COC(=O)C)O)C(=O)O)C)C=O)O,,
5489389,C[C@H]1[C@@H]([C@H]([C@H]([C@@H](O1)OC[C@@H]2[C@H]([C@@H]([C@H](C(O2)OC3=C(OC4=CC(=CC(=C4C3=O)O)O)C5=CC(=C(C=C5)O)OC)O[C@H]6[C@@H]([C@@H]([C@H]([C@@H](O6)C)O)O)O)O)O)O)O)O,,
5489410,CC1=C(N2[C@@H]([C@@H](C2=O)NC(=O)/C(=N\OC)/C3=CSC(=N3)N)SC1)C(=O)OCOC(=O)C(C)(C)C.Cl,,
5489450,CCCC[C@@H](C(=O)NCC(=O)N(CC1=CNC2=CC=CC=C21)C(=O)N[C@@H](CCCC)C(=O)NC(=O)C3=CC=CC=C3C[C@@H](C)NC(=O)[C@H](CC(=O)O)NC)NC(=O)CCC4=CC=C(C=C4)OS(=O)(=O)O,,
5489459,C[C@H]1[C@@H]([C@H]([C@H]([C@@H](O1)OC[C@@H]2[C@H]([C@@H]([C@H]([C@@H](O2)OC3=C(OC4=CC(=CC(=C4C3=O)O)O)C5=CC(=C(C=C5)O)O)O)O)O[C@@H]6[C@@H]([C@H]([C@@H]([C@H](O6)CO)O)O)O)O)O)O,,
5489485,COC1=C(C=CC(=C1)C2=C(C(=O)C3=C(O2)C(=C(C=C3O)O)OC)O)O,,
5489486,CC1=CC(=C(C2=C1C(=O)OC3=C(O2)C(=C(C(=C3CO)O)C(=O)O)C)C=O)O,,
5489487,CCCC1=CC(=O)OC2=C1C(=C(C(=C2C(=O)CC(C)C)O)CC=C(C)C)O,,
5489501,COC1=CC(=CC2=C1C(=O)C(=C(O2)C3=CC(=C(C=C3)O)O)OC)O,,
5489605,C1=C(C=C2C(=C1O)C3=C(C4=CC(=C(C=C4O3)O)O)C(=O)O2)O,,
5489638,C[C@@H]([C@@H](C1=CC=CC=C1)O)NCCN2C=NC3=C2C(=O)N(C(=O)N3C)C,,
5490061,C1COCCN1CC2=CC(=O)OC3=C2C=CC(=C3)O,,
5490064,C1=CC(=C(C=C1C2=C(C(=O)C3=C(C=C(C=C3O2)O)O)O[C@H]4[C@@H]([C@H]([C@@H](O4)CO)O)O)O)O,,
5490139,CC1(C=CC2=C(O1)C=C3C(=C2O)C(=O)C(=CO3)C4=CC=C(C=C4)O)C,,
5490298,C1=CC(=C(C=C1C2=CC(=O)C3=C(C=C(C=C3O2)O[C@H]4[C@@H]([C@H]([C@@H]([C@H](O4)CO)O)O)O)O)O[C@H]5[C@@H]([C@H]([C@@H]([C@H](O5)CO)O)O)O)O,,
5490334,C1=CC(=C(C=C1C2=C(C(=O)C3=C(O2)C(=C(C=C3O)O)O[C@H]4[C@@H]([C@H]([C@@H]([C@H](O4)C(=O)O)O)O)O)O)O)O,,
5490349,C[C@@H]1C[C@]2([C@H]3[C@H]4[C@]1([C@@H]5C=C(C(=O)[C@]5(CC(=C4)CO)O)C)O[C@](O3)(O2)CC6=CC=CC=C6)C(=C)C,,
5490373,C[C@H](C(=O)NCC(=O)N[C@@H](CC1=CC=CC=C1)C(=O)N)NC(=O)[C@H](CC2=CC=C(C=C2)O)N,,
5490798,COC1=C(C2=C(C(=C1)O)C(=O)C3=C(O2)C=CC(=C3)O)OC,,
5490884,CC(=CC[C@@H]1C[C@@]2(C(=O)/C(=C(/C3=CC(=C(C=C3)O)O)\O)/C(=O)[C@@](C2=O)(C1(C)C)CC=C(C)C)C[C@H](CC=C(C)C)C(=C)C)C,,
5491255,CCCCC(C[O-])CC.CCCCC(C[O-])CC.C/C(=C/C(=O)C)/[O-].C/C(=C/C(=O)C)/[O-].[Ti+4],,
5491283,CCCCCCCCCCCCCC(CC(=O)NC(CCC(=O)O)C(=O)NC(CCCN)C(=O)NC1CC2=CC=C(C=C2)OC(=O)C(NC(=O)C(NC(=O)C(NC(=O)C3CCCN3C(=O)C(NC(=O)C(NC(=O)C(NC1=O)C(C)O)CCC(=O)O)C)CCC(=O)N)CC4=CC=C(C=C4)O)C(C)CC)O,,
5491287,C[C@H](C(=O)O)OC1=C(C=C(C=C1)Cl)Cl.CNC,,
5491294,C[N+]1(CCCC1)CC2=C(N3[C@@H]([C@@H](C3=O)NC(=O)/C(=N\OC)/C4=CSC(=N4)N)SC2)C(=O)O.Cl.[Cl-],,
5491295,C[N+]1(CCCC1)CC2=C(N3[C@@H]([C@@H](C3=O)NC(=O)/C(=N\OC)/C4=CSC(=N4)N)SC2)C(=O)O,,
5491377,COC1=CC(=C2C(=C1)OC3=CC=CC=C3C2=O)O,,
5491384,C1=CC(=CC=C1C2=CC(=O)C3=C(C=C(C=C3O2)O)O)O[C@H]4[C@@H]([C@H]([C@@H]([C@H](O4)CO)O)O)O,,
5491385,COC1=CC(=C2C(=C1)OC(=C(C2=O)O[C@H]3[C@@H]([C@H]([C@@H]([C@H](O3)CO)O)O)O)C4=CC(=C(C=C4)O)OC)O,,
5491408,C1=C(C=C(C(=C1O)O)O)C2=C(C(=O)C3=C(C=C(C=C3O2)O)O)O[C@H]4[C@@H]([C@H]([C@H]([C@H](O4)CO)O)O)O,,
5491415,CC(=O)NCCC1=CC(=C(C=C1)O)C2=C(C3=C(C(=C2O)O)C(=O)C4=CC(=C(C(=C4C3=O)C(=O)O)C(=O)O)O)O,,
5491616,CC1(C=CC2=C(O1)C=C(C3=C2OC4=C(C3=O)C5=CC(=C(C=C5OC4)OC)OC)O)C,,
5491643,COC1=C(C=C(C=C1)C2=CC(=O)C3=C(O2)C=C(C(=C3OC)OC)O)OC,,
5491648,C1=CC2=C(C=C1O)OC3=C2C(=O)OC4=CC(=CC(=C43)O)O,,
5491665,CN1CC[C@]23[C@@H]4[C@H]1CC5=C2C(=C(C=C5)OC(=O)C6=CN=CC=C6)O[C@H]3[C@H](C=C4)OC(=O)C7=CN=CC=C7.Cl,,
5491688,C1CC1CN2CC[C@]34[C@@H]5C(=O)C6(CC7=CC=CC=C7C6)C[C@]3([C@H]2CC8=C4C(=C(C=C8)O)O5)O,,
5491702,CCCC[C@@H](C(=O)N[C@@H](CC(=O)O)C(=O)N[C@@H](CC1=CC=CC=C1)C(=O)NC(=O)[C@H](CC2=CNC3=CC=CC=C32)NC(=O)C(=O)CN[C@H](CCCC)NC(=O)[C@H](CC4=CC=C(C=C4)OS(=O)(=O)O)NC(=O)CC)NC,,
5491730,COC1=CC(=O)C(=CC1=O)C2=COC3=CC(=CC(=C3C2=O)O)O,,
5491759,CC(C)(C)/C(=N/OC(=O)NC)/CS(=O)C,,
5491760,CC(C)(C)/C(=N/OC(=O)NC)/CS(=O)(=O)C,,
5491783,C[C@H]1[C@@H]([C@H]([C@H]([C@@H](O1)OC[C@@H]2[C@@H]([C@@H]([C@H]([C@@H](O2)OC3=C(OC4=C(C3=O)C(=C(C(=C4)O)OC)O)C5=CC=C(C=C5)O)O)O)O)O)O)O,,
5491798,COC1=C(C2=C(C(=C1)O)C(=O)C(=C(O2)C3=CC=CC=C3)O)OC,,
5491812,CC1=CC2=C(C(=C1OCC=C(C)C)CO)C(=O)C3=C(C=CC(=C3O2)CC=C(C)C)O,,
5491813,C1=CC(=CC=C1C2=C(C(=O)C3=C(C=C(C=C3O2)O)O)O[C@H]4[C@@H]([C@H]([C@@H]([C@H](O4)COC(=O)C5=CC(=C(C(=C5)O)O)O)O)O)O)O,,
5491929,COC1=CC=CC=C1C2=COC3=CC4=C(C(=C3C2=O)O)OCO4,,
5491960,C1=C(C=C2C(=C1CNCP(=O)(O)O)NC(=O)C(=O)N2)[N+](=O)[O-],,
5492110,C1=CC(=CC=C1C2=CC(=O)C3=C(C=C(C=C3O2)O)O)OC4=C(C=CC(=C4)C5=CC(=O)C6=C(C=C(C=C6O5)O)O)O,,
5492231,C[C@H]1[C@@H]([C@H]([C@H]([C@@H](O1)OC[C@@H]2[C@H]([C@@H]([C@H]([C@@H](O2)OC3=CC4=C(C=C(C=C4[O+]=C3C5=CC(=C(C(=C5)O)O)O)O)O)O)O)O)O)O)O,,
5492386,C1=CC=C(C=C1)S(=O)(=O)CCCCOC2=CC3=CC4=C(NC(=O)N4)N=C3C=C2,,
5492457,C[C@@H](C(=O)N[C@@H](C)P(=O)(O)O[C@@H](CC1=CC=CC=C1)C(=O)O)NC(=O)OCC2=CC=CC=C2,,
5492482,C[C@H]1[C@@H]([C@H]([C@H]([C@@H](O1)OC[C@@H]2[C@@H]([C@@H]([C@H]([C@@H](O2)OC3=C(OC4=CC(=CC(=C4C3=O)O)O)C5=CC(=C(C=C5)O)O)O)O)O)O)O[C@H]6[C@@H]([C@H]([C@@H]([C@H](O6)CO)O)O)O)O,,
5492587,C[C@@H](C(=O)O)NC(=O)[C@H](CC(C)C)NP(=O)([C@H](CC1=CC=CC=C1)NC(=O)OCC2=CC=CC=C2)O,,
5492624,CN1CC[C@]23[C@@H]4[C@H]1CC5=C2C(=C(C=C5)OC)O[C@H]3[C@H](CC4)O.[C@@H]([C@H](C(=O)O)O)(C(=O)O)O,,
5492684,COC(=O)C1=CC(=COC2=C1C(=O)C3=C(C=CC=C3O2)O)CO,,
5492688,C[C@@H]([C@@H](C1=CC=CC=C1)O)NCCN2C=NC3=C2C(=O)N(C(=O)N3C)C.Cl,,
5492693,C1C[C@]2([C@H]3CC4=C5[C@@]2(CCN3CCC6=CC=CC=C6)[C@H](C1=O)OC5=C(C=C4)O)O,,
5492831,CN1CC[C@]23CC(=O)CC[C@]2([C@H]1CC4=C3C(=C(C=C4)OC)OC)O,,
5492895,CN1CC[C@]23CC(=O)CC[C@]2([C@H]1CC4=C3C(=C(C=C4)OC)O)O,,
5492944,C1=CC(=CC=C1C2=COC3=C(C2=O)C(=CC(=C3O)O)O)O,,
5493321,C/C(=N/OCC1=CC=CC=C1/C(=N\OC)/C(=O)OC)/C2=CC(=CC=C2)C(F)(F)F,,
5493324,C[C@H](CC1=CNC2=C1C=CC=C2OCC(=O)O)NC[C@@H](C3=CC(=CC=C3)Cl)O,,
5493351,C1CC1CN2CC[C@]34CC(=O)CC[C@]3([C@H]2CC5=C4C=C(C=C5)O)O,,
5493357,CC1=CC(=C2C3=C(CN(CC3)CC4=CC=CC=C4)C(=O)OC2=C1)O,,
5493444,CC(C)[C@@H](CC1=CC(=C(C=C1)OC)OCCCOC)C[C@@H]([C@H](C[C@@H](C(C)C)C(=O)NCC(C)(C)C(=O)N)O)N,,
5493449,COC1=C(C=C(C2=C1OC=C(C2=O)C3=CC(=C(C=C3)O)O)O)O,,
5493470,CC(C1=CC2=CC(=CC(=C2C(=O)O1)O)OC)C(=O)O,,
5493608,CC(C)(C)NC(=O)[C@@H]1CN(CCN1C[C@H](C[C@@H](CC2=CC=CC=C2)C(=O)N[C@@H]3[C@@H](CC4=CC=CC=C34)O)O)C(C)(C)C5=CC6=C(O5)C=CN=C6,,
5493670,CC(=CCC1=C2C(=C(C=C1O)O)OC3=CC(=CC(=C3C2=O)O)O)C,,
5493674,C1=CC(=C2C(=C1)OC3=C(C2=O)C=CC(=C3)O)O,,
5493675,COC1=C(C=CC2=C1OC3=CC(=CC(=C3C2=O)O)O)O,,
5494385,C1[C@H](N(CC2=CC=CC=C21)C(=O)C[C@@H](CC3=CC=CC=C3F)N)C(=O)N,,
5494390,CC(C)C[C@H](C[Si](CNC(=O)CCC1=CC=CC=C1)(O)O)C(=O)N[C@@H](CC(C)C)C(=O)O,,
5494406,C[C@@H](C(=O)O)NC(=O)[C@@H]1CCC[C@H]1[C@@H]([C@H](CC(C)C)NC(=O)[C@H](CC(=O)N)NC(=O)[C@H](C(C)C)NC(=O)[C@H](CCC(=O)O)N)O,,
5494410,CCCCNC(=O)[C@H](C(C)C)NC(=O)[C@@H]1CC(=O)C[C@H]1[C@@H]([C@H](CC(C)C)NC(=O)[C@H](CCSC)NC(=O)[C@H](CC(C)C)NC(=O)C)O,,
5494422,C1C[C@H](N(C1)C(=O)C[C@@H](CC2=CC=CC=C2F)N)CNC(=O)C3=CC=CC=C3,,
5494423,CCCN(CCC)C(=O)C1=CC=CC(=C1)C(=O)N[C@@H](CC2=CC=CC=C2)[C@H](C[C@@H](C)C(=O)NC3=CC=C(C=C3)F)N,,
5494424,COC1=C(C=C2C(=C1)C(=NC=N2)NC3=CN=C(N=C3)NC(=O)C4=CC=CC=C4)OC[C@H](CN5CCCCC5)O,,
5494425,CC(C)(C)C1=NC2=C(N1)C3=C(C=C(C=C3)F)C4=C2C=CNC4=O,,
5494449,CC1=CC(=NN1)NC2=CC(=NC(=N2)SC3=CC=C(C=C3)NC(=O)C4CC4)N5CCN(CC5)C,,
5494506,CCC(C(=O)N1C2=CC=CC=C2SC3=CC=CC=C31)SC4=NC5=C(C6=CC=CC=C6N5)N=N4,,
5494824,CN1C2=C(C(=CC(=C2)O)O)C(=O)C3=C1C(=C(C=C3)O)OC,,
5494827,CN1C2=C(C(=CC(=C2)OC)O)C(=O)C3=C1C(=C(C=C3)O)OC,,
5494828,CN1C2=C(C(=CC(=C2)OC)O)C(=O)C3=C1C(=C(C=C3)OC)OC,,
5494832,CC1(C=CC2=C(O1)C=C(C3=C2N(C4=C(C3=O)C=CC(=C4OC)OC)C)O)C,,
5494864,C1COCCC12C[C@@H](N(C2=O)C[C@H](C[C@@H](CC3=CC=CC=C3)C(=O)N[C@@H]4[C@@H](CC5=CC=CC=C45)O)O)CC6=CC=CC=C6,,
5494865,C1CN(CCC12C[C@@H](N(C2=O)C[C@H](C[C@@H](CC3=CC=CC=C3)C(=O)N[C@@H]4[C@@H](CC5=CC=CC=C45)O)O)CC6=CC=CC=C6)CC7=CC=CC=C7,,
5494866,CC(=CCC1=C(C=CC(=C1)C2=COC3=CC(=CC(=C3C2=O)O)O)O)C,,
5494868,COC1=C(C2=C(C(=C1)O)C(=O)C=C(O2)C3=CC=C(C=C3)O)C4=C(C=CC(=C4)C5=CC(=O)C6=C(C=C(C=C6O5)O)O)O,,
5494869,COC1=C(C=C(C=C1)C2=CC(=O)C3=C(C=C(C=C3O2)O)O)C4=C(C=C(C5=C4OC(=CC5=O)C6=CC=C(C=C6)O)O)OC,,
5495580,CCO/N=C(/C1CCN(CC1)C2(CCN(CC2)C(=O)C3=C(C=[N+](C=C3C)[O-])C)C)\C4=CC=C(C=C4)Br,,
5495581,CCO/N=C(/C1CCN(CC1)C2(CCN(CC2)C(=O)C3=C(C=[N+](C=C3Cl)[O-])Cl)C)\C4=CC=C(C=C4)Br,,
5495582,CCO/N=C(\C1CCN(CC1)C2(CCN(CC2)C(=O)C3=C(C=[N+](C=C3Br)[O-])Br)C)/C4=CC=C(C=C4)Br,,
5495584,CCCO/N=C(\C1CCN(CC1)C2(CCN(CC2)C(=O)C3=C(N=CN=C3C)C)C)/C4=CC=C(C=C4)Br,,
5495588,CC1=C(C(=NC=N1)C)C(=O)N2CCC(CC2)(C)N3CCC(CC3)/C(=N\OC(C)C)/C4=CC=C(C=C4)Br,,
5495589,CCO/N=C(\C1CCN(CC1)C2(CCN(CC2)C(=O)C3=C(N=C(N=C3C)C)C)C)/C4=CC=C(C=C4)Br,,
5495590,CCO/N=C(\C1CCN(CC1)C2(CCN(CC2)C(=O)C3=C(N=C(N=C3C)C(F)(F)F)C)C)/C4=CC=C(C=C4)Br,,
5495591,CCO/N=C(\C1CCN(CC1)C2(CCN(CC2)C(=O)C3=C(N=C(N=C3C)N)C)C)/C4=CC=C(C=C4)Br,,
5495596,CCO/N=C(\C1CCN(CC1)C2(CCN(CC2)C(=O)C3=C(N=C(N=C3C)OC)C)C)/C4=CC=C(C=C4)Br,,
5495605,CC1=C(C(=CC=C1)C)CNC(=O)[C@@H]2C(SCN2C(=O)[C@H](C[C@@H](CC3=CC=CC=C3)C(=O)N[C@@H]4[C@@H](CC5=CC=CC=C45)O)O)(C)C,,
5495606,CC1=C(C(=NO1)C)CNC(=O)[C@@H]2C(SCN2C(=O)[C@H](C[C@@H](CC3=CC=CC=C3)C(=O)N[C@@H]4[C@@H](COC5=CC=CC=C45)O)O)(C)C,,
5495607,CC1=C(C(=NS1)C)CNC(=O)[C@@H]2C(SCN2C(=O)[C@H](C[C@@H](CC3=CC=CC=C3)C(=O)N[C@@H]4[C@@H](COC5=CC=CC=C45)O)O)(C)C,,
5495613,CC1(C=CC2=C(O1)C(=C3C(=C2O)C=CC(=O)O3)C(C)(C)C=C)C,,
5495616,C[C@@H]1CCC[C@@H](C(=O)N1)NC(=O)C2=C[C@@H]([C@@H]([C@H](O2)O[C@H]([C@@H]3[C@H]([C@H]([C@@H](O3)N4C=CC(=O)NC4=O)O)OC)C(=O)N)O)O,,
5495793,C[C@@H]1CN(CCN1C(=O)C(=O)C2=CNC3=C2C=CC=N3)C(=O)C4=CC=CC=C4,,
5495796,C1CN(CCN1C(=O)C2=CC=CC=C2)C(=O)C(=O)C3=CNC4=C3C=CC=N4,,
5495798,C[C@H]1CN(CCN1C(=O)C(=O)C2=CNC3=C2C=CC=N3)C(=O)C4=CC=CC=C4,,
5495818,C[C@@H]1CN(CCN1C(=O)C(=O)C2=CNC3=NC=CC(=C23)OC)C(=O)C4=CC=CC=C4,,
5495819,C[C@H]1CN(CCN1C(=O)C(=O)C2=CNC3=NC=CC(=C23)OC)C(=O)C4=CC=CC=C4,,
5495820,CC1CN(CCN1C(=O)C(=O)C2=CNC3=NC=CC(=C23)OC)C(=O)C4=CC=CC=C4,,
5495828,C[C@@H]1CN(CCN1C(=O)C(=O)C2=CNC3=C(C=CN=C23)C)C(=O)C4=CC=CC=C4,,
5495829,C[C@@H]1CN(CCN1C(=O)C(=O)C2=CNC3=C(C=CN=C23)Cl)C(=O)C4=CC=CC=C4,,
5495866,CC(C)(C)NC(=O)[C@@H]1CN(CCN1C[C@H](C[C@@H](CC2=CC=CC=C2)C(=O)N[C@@H]3[C@@H](CC4=CC=CC=C34)O)O)CC5=CC6=C(C=C5)OCO6,,
5495919,CC1C(C2=C(O1)C=C3C(=C2O)C(=O)C4=C(O3)C(=C(C=C4)O)O)(C)C,,
5495920,CC(=CCC1=C(C2=C(C=C1O)OC3=C(C2=O)C=C(C=C3)O)O)C,,
5495925,CC(=CCC1=C(C=C2C(=C1O)C(=O)C3=C(O2)C=C(C(=C3CC=C(C)C)OC)O)OC)C,,
5495926,CC(=CCC1=C(C2=C(C=C1O)OC3=C(C2=O)C(=C(C(=C3)O)OC)CCC(C)(C)O)O)C,,
5495927,CC(=CCC1=C(C(=CC2=C1C(=O)C3=C(O2)C=C(C(=C3O)CC(C(=C)C)O)O)O)OC)C,,
5495928,CC(=CCC1=C(C2=C(C=C1O)OC3=C(C2=O)C4=C(C(=C3)O)OC(C=C4)(C)C)O)C,,
5495929,CC(=CCC1=C(C(=CC2=C1C(=O)C3=C(C4=C(C=C3O2)OC(C=C4)(C)C)O)O)OC)C,,
5495930,CC(=CCC1=C(C(=CC2=C1C(=O)C3=C(C4=C(C=C3O2)OC(C4)C(C)(C)O)O)O)OC)C,,
5496123,C1=C(C=C(C=C1CN=[N+]=[N-])/C(=C/C(=O)C(=O)O)/O)CN=[N+]=[N-],,
5496126,C1=CC2=C(C=C1Cl)C(=CN2)/C(=C/C(=O)C(=O)O)/O,,
5496203,COC1=CC=CC2=C1NC3=C(C2=O)C(=CC(=C3)O)O,,
5496307,C1=CC=C(C=C1)/C(=C/C(=O)C(=O)O)/O,,
5496455,C[C@@H](C(=O)O)NC(=O)[C@H](CC1=CC=C(C=C1)O)N,,
5496456,C1COCC1OC(=O)N[C@@H](CC2=CC=CC=C2)[C@H](C[C@@H](CC3=CC=CC=C3)C(=O)N[C@@H]4[C@@H](CC5=CC=CC=C45)O)O,,
5496475,COC1=CC(=CC(=C1OC)O)C2=CC(=O)C3=C(O2)C=C(C(=C3O)OC)O,,
5496476,COC1=CC(=C2C(=C1)OC(=CC2=O)C3=CC(=C(C(=C3)OC)OC)O)O,,
5496499,C[C@H]([C@@H](C(=O)N[C@@H](CC(C)C)C(=O)N[C@@H](CC(=O)O)C(=O)N[C@@H](C)C(=O)N[C@@H](CC(=O)O)C(=O)N[C@@H](CC1=CC=CC=C1)C(=O)O)NC(=O)[C@H](CC2=CC=CC=C2)NC(=O)C)O,,
5496532,C[C@@H](C(=O)N[C@@H](CC(C)C)C(=O)O)NC(=O)[C@@H]1CCCN1C(=O)[C@H](CC2=CC=C(C=C2)O)NC(=O)[C@H](CC(=O)N)NC(=O)CNC(=O)[C@@H]3CCCN3C(=O)[C@H](C)NC(=O)[C@H](CC4=CC=CC=C4)N,,
5496538,CC[C@H](C)[C@@H](C(=O)N[C@@H](C)C(=O)N[C@@H](CCC(=O)N)C(=O)N[C@@H](CCCCN)C(=O)N[C@@H](CO)C(=O)N[C@@H](CCC(=O)O)C(=O)O)NC(=O)[C@@H]1CCCN1C(=O)[C@H](C(C)C)NC(=O)[C@H](C)N,,
5496540,CC1=C(N=C(N=C1N)[C@H](CC(=O)N)NC[C@@H](C(=O)N)N)C(=O)N[C@@H]([C@H](C2=CN=CN2)O[C@H]3[C@H]([C@H]([C@@H]([C@@H](O3)CO)O)O)O[C@@H]4[C@H]([C@H]([C@@H]([C@H](O4)CO)O)OC(=O)N)O)C(=O)N[C@H](C)[C@H]([C@H](C)C(=O)N[C@@H]([C@@H](C)O)C(=O)NCCC5=NC(=CS5)C6=NC(=CS6)C(=O)NCCCCN=C(N)N)O,,
5496617,C[C@@H](C(=O)NCC(=O)N)NC(=O)[C@H](CC1=CC=CC=C1)CS,,
5496618,C[C@@H](C(=O)NCC(=O)N)NC(=O)[C@H](CC(C)C)C(=O)NO,,
5496627,C1OC2=C(O1)C=C(C=C2)C[C@@H]([C@H](CC3=CC=CC=C3)C(=O)O)C(=O)O,,
5496628,C1OC2=C(O1)C=C(C=C2)C[C@@H]([C@H](CC3=CC4=C(C=C3)OCO4)C(=O)O)C(=O)O,,
5496641,C[C@H](C1=CC=CC=C1)[C@H](C[C@@H](CN2CCN(C[C@H]2C(=O)NC(C)(C)C)CC3=CN=CC=C3)O)C(=O)N[C@@H]4[C@@H](CC5=CC=CC=C45)O,,
5496642,C[C@H](C1=CC=CC=C1)[C@H](C[C@@H](CN2CCN(C[C@H]2C(=O)NC(C)(C)C)CC3=CC4=C(C=C3)OCO4)O)C(=O)N[C@@H]5[C@@H](CC6=CC=CC=C56)O,,
5496659,C[C@H]([C@@H](CC1=CC(=CC=C1)C(=N)N)C(=O)OC)NC(=O)C2=CC=C(C=C2)C3=CC=[N+](C=C3)[O-],,
5496674,CC(C)[C@@H](C1=NC=CN1)NC(=O)[C@H](CC2=CC=CC=C2)C[C@@H]([C@H](CC3=CC=CC=C3)NC(=O)OC(C)(C)C)O,,
5496796,C[C@@H](C(=O)O)NC(=O)[C@@H](C)O[C@@H]1[C@H]([C@H](O[C@@H]([C@H]1O)CO)OP(=O)(O)OP(=O)(O)OC[C@@H]2[C@H]([C@H]([C@@H](O2)N3C=CC(=O)NC3=O)O)O)NC(=O)C,,
5496910,C[C@H](C1=CC=C(C=C1)Br)NC(=O)C2=C(C=CC(=C2)F)O,,
5496920,CC(C)C[C@H](CC(=O)NO)C(=O)N[C@@H](CC(C)C)C(=O)N[C@@H](CC1=CC=CC=C1)C(=O)N,,
5496925,CC(C)[C@@H](C(=O)N[C@@H](CC1=CC=CC=C1)[C@H]([C@@H]([C@H](CC2=CC=CC=C2)NC(=O)C(C(C)C)NC(=O)[C@H](CC3=CC=CC4=CC=CC=C43)CS(=O)(=O)C(C)(C)C)O)O)NC(=O)[C@@H](CC5=CC=CC6=CC=CC=C65)CS(=O)(=O)C(C)(C)C,,
5496928,C1=CC(=CC(=C1)[C@H](CCCNC2=CC=NC=C2)C(=O)O)C3=CC(=CC=C3)C(=N)N,,
5497044,C[C@@H](C(=O)NC1=CC=C(C=C1)C(F)(F)F)NC(=O)[C@H](CC2=CC=CC=C2)NC(=O)C(F)(F)F,,
5497056,C[C@H]([C@@H](CC1=CC(=CC=C1)C(=N)N)C(=O)OC)NC(=O)C2=CC=C(C=C2)C3=CC=CC(=C3)CN,,
5497090,CC[C@H](C)[C@@H](C(=O)N[C@@H](CC1=CC=CC=C1)C(=O)N2[C@@H](C[C@]3([C@@H]2NC4=CC=CC=C43)C/C=C(\C)/CCC=C(C)C)C(=O)N[C@@H](CCC(=O)O)C(=O)N[C@@H](CCC(=O)N)C(=O)O)NC(=O)CN,,
5497103,CCCCCCCCCCCCCCCC(=O)OC[C@H](COP(=O)([O-])OCC[N+](C)(C)C)OC(=O)CCCCCCC/C=C\CCCCCCCC,,
5497111,CCCCCCCC/C=C\CCCCCCCC(=O)SCCNC(=O)CCNC(=O)[C@@H](C(C)(C)COP(=O)(O)OP(=O)(O)OC[C@@H]1[C@H]([C@H]([C@@H](O1)N2C=NC3=C(N=CN=C32)N)O)OP(=O)(O)O)O,,
5497112,CCCCC/C=C\C/C=C\CCCCCCCC(=O)SCCNC(=O)CCNC(=O)[C@@H](C(C)(C)COP(=O)(O)OP(=O)(O)OC[C@@H]1[C@H]([C@H]([C@@H](O1)N2C=NC3=C(N=CN=C32)N)O)OP(=O)(O)O)O,,
5497113,CCCCC/C=C\C/C=C\C/C=C\C/C=C\CCCC(=O)SCCNC(=O)CCNC(=O)[C@@H](C(C)(C)COP(=O)(O)OP(=O)(O)OC[C@@H]1[C@H]([C@H]([C@@H](O1)N2C=NC3=C(N=CN=C32)N)O)OP(=O)(O)O)O,,
5497122,C1CC(=O)[C@@H]([C@H]1CC(=O)O)C/C=C\CCO,,
5497123,CC/C=C\C[C@@H](/C=C/C=C\CCCCCCCC(=O)O)OO,,
5497124,CCN(CC)C1=CC=C(C=C1)/C=N/NC(=O)C2=CC=C(C=C2)O,,
5497136,CCCCCCCCCCCCC/C=C/[C@H]([C@H](CO)NC(=O)C)O,,
5497143,C/C=C/C(=O)SCCNC(=O)CCNC(=O)[C@@H](C(C)(C)COP(=O)(O)OP(=O)(O)OC[C@@H]1[C@H]([C@H]([C@@H](O1)N2C=NC3=C(N=CN=C32)N)O)OP(=O)(O)O)O,,
5497150,CC/C=C\C[C@@H]1[C@H](CCC1=O)CC(=O)N[C@@H]([C@@H](C)CC)C(=O)O,,
5497152,CCCCCCCC/C=C\CCCCCCCC(=O)OCC(COP(=O)(O)O)O,,
5497158,CCCCCCCCCCCCCCCCCCCCCCCCCC(=O)N[C@@H](CO[C@H]1[C@@H]([C@H]([C@@H]([C@H](O1)CO)O[C@H]2[C@@H]([C@H]([C@H]([C@H](O2)CO)O)O[C@@H]3[C@@H]([C@H]([C@H]([C@H](O3)CO)O)O)O)O)O)O)[C@@H](/C=C/CCCCCCCCCCCCC)O,,
5497163,CCCCCCCC/C=C\CCCCCCCC(=O)OCC(OC(=O)CCCCCCC/C=C\CCCCCCCC)COC(=O)CCCCCCC/C=C\CCCCCCCC,,
5497164,CCCCCCCC/C=C\CCCCCCCC(=O)OCC(CO)OC(=O)CCCCCCC/C=C\CCCCCCCC,,
5497165,CCCCCCCC/C=C\CCCCCCCC(=O)OCC(O)COC(=O)CCCCCCC/C=C\CCCCCCCC,,
5497171,C[C@@H](C(=O)N[C@@H](CC(=O)O)C(=O)CF)NC(=O)[C@H](C(C)C)NC(=O)OCC1=CC=CC=C1,,
5497174,C[C@@H](C(=O)N[C@@H](CC(=O)OC)C(=O)CF)NC(=O)[C@H](C(C)C)NC(=O)OCC1=CC=CC=C1,,
5497181,CCCCC/C=C\C/C=C\C/C=C\C/C=C\CCCCCC(=O)O,,
5497182,CC/C=C\C/C=C\C/C=C\C/C=C\C/C=C\CCCCCC(=O)O,,
5497189,C1C[C@]2([C@H]3CC4=C5[C@@]2(CCN3)[C@H](C1=O)OC5=C(C=C4)O)O,,
5497195,CCC1C(=O)N(CC(=O)N(C(C(=O)NC(C(=O)N(C(C(=O)NC(C(=O)NC(C(=O)N(C(C(=O)N(C(C(=O)N(C(C(=O)N(C(C(=O)N1)[C@H]([C@H](C)C/C=C\C)O)C)C(C)C)C)CC(C)C)C)CC(C)C)C)C)C)CC(C)C)C)C(C)C)CC(C)C)C)C,,
5497727,C1=CC(=C(C=C1O)O)C=C2C(=O)NC(=O)NC2=O,,
5498521,CC1=CCCC([C@H]1/C=C/C(=O)C)(C)C,,
5503194,COC1=C(C=CC(=C1)/C=N\NC(=O)C2=CC3=C(C=C2)OCO3)OCC4=CC=CC=C4,,
5513575,C1=CC=C(C=C1)C2=CSC3=NC(=O)/C(=C/C4=CC=C(O4)C5=CC(=CC=C5)C(=O)O)/C(=N)N23,,
5513692,C1=CC(=C(C2=C1C(=CC(=O)O2)CC(=O)O)O)O,,
5522952,CCOC(=O)C1=C2C3=CC=CC=C3C(=O)C4=C2C(=CC=C4)NC1=O,,
5524007,COC(=O)C1=C(ON=C1C2=C(C=CC=C2Cl)F)/C=C/NC3=CC=CC=C3,,
5524061,C1=CC=C(C=C1)C(=O)NC2=CC3=C(C=C(C=C3)O)OC2=O,,
5538956,C1=CC=C(C=C1)/C(=N\N)/C(=O)C2=CC=CC=C2,,
5574924,CC1=CC[C@@]23[C@H]1[C@@H]4[C@@H](CC[C@@]2(O3)C)C(=C)C(=O)O4,,
5582977,CCOC(=O)/C(=N\OC)/C1=CSC(=N1)N,,
5597903,C1=CC=C(C=C1)/C(=C/C(=O)C(=O)NNC(=O)C2=CC=CC=C2)/O,,
5601088,CC\1=CC(=O)C(=C/C1=N/OS(=O)(=O)C2=CC=CC=C2)C(C)C,,
5601456,CCCCN1C(=O)C2=NC3=C(C=C(C=C3)NC(=O)C)N=C2NC1=O,,
5623626,C[C@@H](C(=O)OC)NC(=O)NCC1=CC=CC=C1,,
5650290,CC1=C/C(=N\OS(=O)(=O)C2=CC=CC=C2)/C(=CC1=O)C(C)C,,
5678845,C1=CSC(=C1)C2=NC3=C(C(=C2)C(F)(F)F)C(=O)NC(=S)N3,,
5689963,COC1=CC(=CC(=C1OC)OC)C2=NN=C(O2)SCC3=CC(=O)OC4=CC(=C(C=C34)O)O,,
5701985,CC(=O)O[C@@H]1CC2[C@](C=CC(=O)C2(C)C)(C3[C@@]1([C@]45[C@H](O4)C(=O)O[C@H]([C@@]5(CC3)C)C6=COC=C6)C)C,,
5701996,CO[C@H]1[C@@H](C[C@@H]2CN3CCC4=C([C@@H]3C[C@@H]2[C@@H]1C(=O)OC)NC5=C4C=CC(=C5)OC)OC(=O)C6=CC(=C(C(=C6)OC)OC)OC,,
5701998,C[C@]12CCC3C(C1CC[C@@H]2O)CCC4=CC(=O)CC[C@]34C,,
5702031,C[C@]12CCC3C(C1CC[C@]2(C#C)O)CCC4=CC5=C(C[C@]34C)C=NO5,,
5702062,CC(=O)O.C1=CC(=C(C(=C1)Cl)/C=N/N=C(N)N)Cl,,
5702068,CC(=O)OCC(=O)[C@]1(CCC2[C@@]1(C[C@@H](C3C2CCC4=CC(=O)CC[C@]34C)O)C)O,,
5702073,CC(C)[N+]1([C@@H]2CCC1CC(C2)OC(=O)C(CO)C3=CC=CC=C3)C.[Br-],,
5702080,C[C@H]1CC2C(CC[C@]3(C2CC[C@@]3(C(=O)C)OC(=O)C)C)[C@@]4(C1=CC(=O)CC4)C,,
5702093,C[C@]12CCC3[C@H]4CCC(=O)C=C4CCC3C1CC[C@]2(C#C)O,,
5702096,CC[C@]12CCC3[C@H]4CCC(=O)C=C4CCC3C1CC[C@]2(C#C)O,,
5702099,C[C@H]1/C=C/C=C/CC/C=C/C=C/C=C/C=C/C(CC2C(C(C[C@](O2)(CC(C(CCC(CC(CC(CC(=O)O[C@H](C([C@@H]1O)C)C)O)O)O)O)O)O)O)C(=O)O)OC3[C@H]([C@H]([C@@H]([C@H](O3)C)O)N)O,,
5702105,CCC(C)CCCCC(=O)NC(CCN)C(=O)NC(C(C)O)C(=O)NC(CCN)C(=O)NC1CCNC(=O)C(NC(=O)C(NC(=O)C(NC(=O)C(NC(=O)C(NC(=O)C(NC1=O)CCN)CC2=CC=CC=C2)CC(C)C)CCN)CCN)C(C)O.OS(=O)(=O)O,,
5702109,CCC(=O)C1=CC2=C(C=C1)SC3=CC=CC=C3N2CC(C)N(C)C.C(=C\C(=O)O)\C(=O)O,,
5702132,CC(C)NNC(=O)C1=CC=NC=C1.OS(=O)(=O)O,,
5702158,C[C@]12CC[C@](C[C@@H]1C3=CC(=O)C4[C@]5(CC[C@@H](C(C5CC[C@]4([C@@]3(CC2)C)C)(C)C)O)C)(C)C(=O)O,,
5702167,CN1CCC(=C2C3=CC=CC=C3SC4=CC=CC=C42)CC1.C(=C\C(=O)O)\C(=O)O,,
5702197,CC(=C)[C@@H]1CCC(=CC1)C(=O)O,,
5702200,CC(C)CC(=O)OC1C(C(C(OC1O[C@@H]2C[C@H]([C@H]3CC[C@@]45CC(CC[C@H]4[C@@]3(C2)C)C(=C)[C@@H]5O)C(=O)O)CO)OS(=O)(=O)[O-])OS(=O)(=O)[O-].[K+].[K+],,
5702214,CCN(CC)CCNC(=O)C1=C(C=CC(=C1)S(=O)(=O)C)OC.Cl,,
5702228,C[C@@H]1[C@H]([C@H](C[C@@H](O1)O[C@H]2CC[C@]3(C(C2)CCC4C3C[C@H]([C@]5([C@@]4(CC[C@@H]5C6=CC(=O)OC6)O)C)O)C)O)O[C@H]7C[C@@H]([C@@H]([C@H](O7)C)O[C@H]8C[C@@H]([C@@H]([C@H](O8)C)O[C@H]9[C@@H]([C@H]([C@@H]([C@H](O9)CO)O)O)O)OC(=O)C)O,,
5702242,C1CN(CCN1)C2=NC3=CC=CC=C3C=C2.C(=C\C(=O)O)\C(=O)O,,
5702243,C[C@H]1C/C=C/C=C/[C@@H]([C@@H](C[C@@H]([C@@H]([C@H]([C@@H](CC(=O)O1)O)OC)O[C@H]2[C@@H]([C@H]([C@@H]([C@H](O2)C)O[C@H]3C[C@@]([C@@H]([C@@H](O3)C)O)(C)O)N(C)C)O)CC=O)C)O[C@H]4CC[C@@H]([C@H](O4)C)N(C)C,,
5702251,C1=CC(=CC=C1C(=O)NCCN)Cl.Cl,,
5702267,C1=CC(=C[N+](=C1)[C@H]2[C@@H]([C@@H]([C@H](O2)COP(=O)([O-])OP(=O)(O)OC[C@@H]3[C@H]([C@H]([C@@H](O3)N4C=NC5=C(N=CN=C54)N)OP(=O)(O)[O-])O)O)O)C(=O)N.[Na+],,
5702276,CC1=C(SC=C1)/C=C/C2=NCCCN2C.C(C(=O)O)C(CC(=O)O)(C(=O)O)O,,
5702277,C[N+]1(CCCC1)CCCCC[N+]2(CCCC2)C.C(C(C(=O)[O-])O)(C(=O)O)O.C(C(C(=O)[O-])O)(C(=O)O)O,,
5702293,C1CC(C2=C(C3=CC=CC=C3N=C2C1)N)O.C(=C\C(=O)O)\C(=O)O,,
5702294,CC(=O)N[C@H]1[C@H](C[C@](O[C@@H]1C([C@@H](CO)O)O)(C(=O)O)O)O,,
5702295,C1=CC=C(C=C1)CN=C(N)NC(=O)C2=C(N=C(C(=N2)Cl)N)N.Cl,,
5702490,CCOC1=CC=C(C=C1)/C=C/2\CCC3=CC=CC=C3C2=O,,
5702492,CN(C)C1=CC=C(C=C1)/C=C(\C#N)/C(=O)N,,
5702529,CCOC(=O)/C=C(/C(F)(F)F)\N,,
5702546,C[C@@H]1C[C@]2([C@H]3[C@H]4[C@]1([C@@H]5C=C(C(=O)[C@]5(CC(=C4)COC(=O)CC6=CC(=C(C=C6)O)OC)O)C)O[C@](O3)(O2)CC7=CC=CC=C7)C(=C)C,,
5702577,C1=CC=C(C=C1)/C=C/C(=O)C2=CC=C(C=C2)F,,
5702580,CO/N=C(/C1=CSC(=N1)N)\C(=O)SC2=NC3=CC=CC=C3S2,,
5702609,CC1=CC(=O)CC([C@]1(/C=C/C(=C/C(=O)O)/C)O)(C)C,,
5702612,CCCCCCCCCCCCC/C=C/[C@H]([C@H](CO)NC(=O)CCC)O,,
5702613,CCCCCCCCCCCCC/C=C/[C@H]([C@H](CO)NC(=O)CCCCC)O,,
5702614,CCCCCCCCCCCCC/C=C/[C@H]([C@H](CO)NC(=O)CCCCCCC)O,,
5702653,C1=CC=C(C=C1)/C=C/C(=O)C2=CC=CS2,,
5702654,CCCCC/C=C/CCC=O,,
5702657,C1CCN(CC1)C(=O)/N=N/C(=O)N2CCCCC2,,
5702659,CCOC1=CC=C(C=C1)C(=O)/C=C/C(=O)O,,
5702661,CCN(C1=CC=C(C=C1)/C=C\2/C(=O)/C(=C/C3=CC=C(C=C3)N(CC)CC)/CC2)CC,,
5702664,CC(C)(C)OOC(=O)/C=C\C(=O)O,,
5702692,CCN\1C2=CC=CC=C2O/C1=C\C=C\C=C\C3=[N+](C4=CC=CC=C4O3)CC.[I-],,
5702695,CCN\1C2=CC=CC=C2O/C1=C\C=C\C=C\C=C\C3=[N+](C4=CC=CC=C4O3)CC.[I-],,
5702702,CCCCCCN\1C2=CC=CC=C2O/C1=C\C=C\C3=[N+](C4=CC=CC=C4O3)CCCCCC.[I-],,
5702703,CCCCCCN\1C2=CC=CC=C2O/C1=C/C=C/C3=[N+](C4=CC=CC=C4O3)CCCCCC,,
5702717,C1=CC=C2C(=C1)N=C(O2)C3=CC=C(C=C3)/C=C/C4=CC=C(C=C4)C5=NC6=CC=CC=C6O5,,
5702743,CCCCN1C(=O)C(=C/C=C/C=C\2/N(C3=CC=CC=C3O2)CCCS(=O)(=O)[O-])C(=O)N(C1=S)CCCC.[Na+],,
5702774,CC(=O)NC1=CC(=C(C=C1)/C=C/C2=C(C=C(C=C2)N=C=S)S(=O)(=O)[O-])S(=O)(=O)[O-].[Na+].[Na+],,
5702795,C1CCC(CC1)C2=CC=C(C=C2)C(=O)/C=C/C(=O)O,,
5702825,CCOC(=O)C1=CC(=O)OC2=C1C=CC(=C2)O,,
5702836,C1=C2C(=CC(=O)OC2=CC(=C1Cl)O)C(F)(F)F,,
5702852,CC(C)C/C=C/C(=O)OC,,
5702854,C1=CC(=C(C(=C1)F)F)/C=C/C(=O)O,,
5702870,CCOC(=O)/C=C(/C)\C(F)(F)F,,
5702885,CN(C)C1=CC=C(C=C1)/C=C/C(=O)C2=CC=C(C=C2)[N+](=O)[O-],,
5702914,COC1=CC=C(C=C1)CNC(=O)/C=C/C(=O)O,,
5702966,COC1=CC=C(C=C1)/C=C/2\CSC3=C(C2=O)C=C(C=C3)Cl,,
5703255,CC(=O)N/C(=C\C1=CC(=C(C(=C1)OC)OC)OC)/C(=O)O,,
5703613,CN1CCN(CC1)C2=CC=CC=C2/C=C/3\C4=CC=CC=C4NC3=O,,
5703619,C1=CC=C2C(=C1)/C(=C/C3=C(NN=C3)C4=CC=CC=C4[N+](=O)[O-])/C(=O)N2,,
5704001,CN(C)/C=C/C(=O)C1=NN(C=CC1=O)C2=CC=C(C=C2)F,,
5704083,CC(C)(C)C1=CC(=NO1)C(=O)/C(=N\NC2=CC(=CC=C2)Cl)/C#N,,
5704241,C1=CC=C(C=C1)/C=C/2\C(=O)N3C(=NC(=N3)C4=CC=CC=C4)S2,,
5705091,CC1=NN(C(=O)C1/C=C/2\C(=NN(C2=O)C3=CC=CC=C3)C)C4=CC=CC=C4,,
5705112,C1=CC=C(C=C1)/C=C/COC(=O)C2=CC=CC=C2,,
5705329,C/C(=C/C(=O)C)/NC1=CC=CC=C1,,
5705709,C1=CC=C(C=C1)/C=C/C(=O)C2=CC=CO2,,
5705744,CC(=O)C1=C(C=C2C(=C1)C=CC(=O)O2)O,,
5706042,C1=CC=C(C=C1)/C=C\2/C(=O)NC(=O)N2,,
5706177,COC1=CC=CC=C1C2=CC=C(O2)/C=N/O,,
5706277,COC1=CC(=C(C=C1)/C=C/C(=O)C2=CC=CC=C2)OC,,
5706406,C1=CC(=CC=C1/C(=C/C=O)/Cl)Cl,,
5706425,C1=CC=C(C=C1)/C(=C/C=O)/Cl,,
5706670,C[C@H](CC(=O)O)N,,
5706674,C1=CC=C(C=C1)C[C@H](CC(=O)O)N,,
5706675,C1C[C@@H](NC1)CC(=O)O,,
5706822,CN(C)/C=C/C(=O)C1=C(C=CS1)Br,,
5707079,CC1=CC=C(C=C1)/C=C/C2=NNC(=O)C=C2,,
5708137,COC1=C(C=CC(=C1)/C=C\2/C(=O)NC(=O)S2)O,,
5708253,CC(=O)N/C(=C\C1=CC=CS1)/C(=O)O,,
5708313,CCOC(=O)/C(=N/NC1=CC=CC=C1)/Cl,,
5708337,C1=CC(=CC(=C1)O)/C(=C/C(=O)C(=O)O)/O,,
5708351,C[C@@]12CC[C@H]([C@@]([C@H]1CCC(=C)[C@H]2/C=C/C3=CCOC3=O)(C)CO)O,,
5708424,C1=CC=C(C=C1)/C=C/C(=O)C2=CC=C(C=C2)C3=CC=CC=C3,,
5708462,C1=C(SC=C1Br)/C=C/C(=O)O,,
5708553,CCOC(=O)/C=C/C(=O)C,,
5708783,CC(=O)/C=C/C=C/C1=CC=CC=C1,,
5708882,C1=CC=C(C(=C1)/C=C/C(=O)C2=CC=CC=C2O)Cl,,
5708903,COC1=C(C=CC(=C1)/C=C/C(=O)C2=CC=C(C=C2)Cl)O,,
5708999,C(C(C(C(C(C(C(C(F)(F)F)(F)F)(F)F)(F)F)(F)F)(F)F)(F)F)OC(=O)/C=C/C(=O)OCC(C(C(C(C(C(C(F)(F)F)(F)F)(F)F)(F)F)(F)F)(F)F)(F)F,,
5709047,CN(C)C1=CC=C(C=C1)/C=C/C(=O)C2=CC=C(C=C2)F,,
5709072,C1=CC=C(C=C1)C2=C(C3=CC=CC=C3N=N2)C(=O)O,,
5709142,COC1=CC=CC=C1/C=C/C(=O)C2=CC=CC=C2O,,
5709222,CCO/C=C/C(=O)C(F)(F)F,,
5709225,C1=CC=C2C(=C1)C(=CN2)/C=C/C(=O)C(F)(F)F,,
5709318,C1=CC=C(C(=C1)C(=O)/C=C/C2=CC(=C(C=C2)O)O)O,,
5709339,C1OC2=C(O1)C=C(C=C2)/C=C/C(=O)C3=CC=CC=C3O,,
5709353,CN(C)C1=CC=C(C=C1)/C=C/C(=O)C2=CC=CS2,,
5709372,CC1=CC=C(C=C1)C(=O)/C=C/C2=CC=C(C=C2)OC,,
5709436,COC1=CC(=CC(=C1OC)OC)/C=C/C(=O)C2=CC=CC=C2O,,
5709609,CCO/C=C/C(=O)O,,
5710221,CCOC(=O)/C(=N\NC1=CC=CC=C1)/C,,
5711223,COC1=CC=C(C=C1)/C=C/C(=O)C2=C(C=C(C=C2)O)O,,
5712057,CCCCC/C=C\C/C=C\C/C=C\C/C=C\CCCC(=O)OCCN,,
5712110,C1=CC=C(C=C1)/C=C/C(=O)C2=CC(=CC=C2)[N+](=O)[O-],,
5712112,COC1=CC(=CC(=C1OC)OC)/C=C/C(=O)C2=CC=CC=C2,,
5712114,C1=CC=C(C=C1)C(=O)/C=C/C2=CC(=C(C=C2)Cl)Cl,,
5712116,COC1=C(C=C(C=C1)/C=C/C(=O)C2=CC=CC=C2O)OC,,
5712120,C1=CC=C(C=C1)C(=O)/C=C/C2=CC3=CC=CC=C3C=C2,,
5712162,C1=CC(=CC=C1/C=C/C(=O)C2=CC=C(C=C2)O)Cl,,
5712222,CC1=CC=C(C=C1)C(=O)/C=C/C2=CC(=CC=C2)[N+](=O)[O-],,
5713290,COC1=CC=C(C=C1)/C=C\2/C(OC3=CC=CC=C3C2=O)C4=CC=CC=C4,,
5713332,C/C(=C\C(=O)O)/C12CC3CC(C1)CC(C3)C2,,
5713687,C1=CC=C(C=C1)/C=C/C2=NC(=NO2)C3=CC=C(C=C3)Cl,,
5713838,CN(C)/C=C/C(=O)C1=C(C=CC=C1F)F,,
5714022,CC1=NC=C(C=C1)C(=O)/C=C/N(C)C,,
5714141,COC1=C(C=C(C=C1)/C=C\2/C(=O)/C(=C/C3=CC(=C(C=C3)OC)OC)/CC2)OC,,
5714537,COC(=O)C1=C(C=C(S1)C2=CC=CS2)NC(=O)/C=C/C(=O)O,,
5714570,CCC1=NC=C(N1)/C=C\2/C3=CC=CC=C3NC2=O,,
5714571,C1=CC=C(C=C1)C2=NC=C(N2)/C=C\3/C4=CC=CC=C4NC3=O,,
5714572,C1=CC=C2C(=C1)/C(=C/C3=CN=CN3)/C(=O)N2,,
5714575,CC1=NC=C(N1)/C=C\2/C3=CC=CC=C3NC2=O,,
5714672,C1=CC=C2C(=C1)C3=C(N2)N=C(N=N3)SCC(=O)C4=CC=C(C=C4)Cl,,
5715188,CC(C)(C)C(=O)/C(=C/C1=CC(=CC=C1)[N+](=O)[O-])/N2C=NC=N2,,
5715192,CC1([C@H](NCS1)C(=O)O)C,,
5715261,C1=CC(=C(C=C1Cl)Cl)/C=C(\C#N)/C(=O)O,,
5715288,C1OC2=C(O1)C=C(C=C2)/C=C(\C#N)/C(=O)O,,
5715582,CC(=O)O/N=C(/C1=C2N=C(C=C(N2N=C1)C(F)(F)F)C(F)(F)F)\N,,
5715945,CN(C)/C=C/C(=O)C1=CC=CC=C1O,,
5716883,C1=CC(=CC=C1CC2=CC=C(C=C2)NC(=O)/C=C/C(=O)O)NC(=O)/C=C/C(=O)O,,
5716900,CC/C=C\C[C@@H]1[C@@H](CCC1=O)CCCC(=O)O,,
5716902,CC/C=C\C[C@@H]1[C@@H](CCC1=O)CCCCCCCC(=O)O,,
5716903,CC(=CCC/C(=C/CC1=C(C2=C(C=C1O)O[C@@H](CC2=O)C3=CC=C(C=C3)O)O)/C)C,,
5717021,CCOC1=CC=C(C=C1)/C=C/C(=O)C2=CC=CC=C2,,
5717022,COC1=CC=C(C=C1)C(=O)/C=C/C2=CN=CC=C2,,
5717084,C1CCC(CC1)OC(=O)/C=C/C(=O)O,,
5717190,C/C=C/C=N\NC(=O)C1=CC=NC=C1,,
5717316,CC(=O)/C=N/NC1=CC=CC=C1,,
5717720,C1=CC=C(C=C1)NC(=S)N/N=C/C2=CC=CO2,,
5717737,C1=CC=C(C=C1)/C=C/C(=O)NC(C(Cl)(Cl)Cl)NC(=S)NC2=CC=C(C=C2)Cl,,
5717801,C1=CC=C(C=C1)/C=C/C(=O)NC(C(Cl)(Cl)Cl)NC(=S)NC2=CC=CC3=C2N=CC=C3,,
5717952,C1=CC=C(C(=C1)C/C(=N\NC2=NC(=CS2)C3=CC(=C(C=C3)Cl)Cl)/C(=O)O)[N+](=O)[O-],,
5718167,CC(=O)OC1=CC=C(C=C1)/C=C/C2=NC3=CC=CC=C3C(=O)O2,,
5718213,COC1=CC=C(C=C1)NC(=O)C2C3C2CC/C=C\CC3,,
5718631,CCN1/C(=C/C=C/C2=[N+](C3=C(O2)C=CC4=CC=CC=C43)CC)/OC5=C1C6=CC=CC=C6C=C5.CC1=CC=C(C=C1)S(=O)(=O)[O-],,
5718958,CC1=C(C2=CC=CC=C2N1)/C=C/C(=O)C3=CC=NC=C3,,
5720182,CC(C1=CC=CC=C1)NC(=O)/C=C/C2=CC=CC=C2,,
5720188,CC(C)C(C(=O)O)N1C(=O)/C(=C/C2=CC=C(C=C2)Br)/SC1=S,,
5720233,C1=CC(=CN=C1)/C=C/C(=O)C2=CC=NC=C2,,
5720628,COC1=CC(=C(C=C1)C(=O)/C=C/C2=CN=CC=C2)OC,,
5720640,COC1=CC(=C(C=C1)/C=C/C(=O)C2=C(C=C(C=C2)OC)OC)OC,,
5720725,C1=CC(=CC=C1C2=CC=C(O2)/C=N/O)[N+](=O)[O-],,
5720743,C/C(=N\NC(=O)C1=CC=C(C=C1)F)/C2=CC=CC=N2,,
5721263,C1=CC=C(C(=C1)/C=C/C(=O)C2=CN=CC=C2)Cl,,
5721447,C1=CC=C2C(=C1)NC(=N2)/C(=C/C3=CC=C(O3)C4=CC=C(C=C4)C(=O)O)/C#N,,
5721553,C1=CC(=C(C=C1Cl)Cl)/C=C/C2=NC(=O)NC(=C2)C(F)(F)F,,
5723719,COC1=CC=C(C=C1)C(=O)/C=C/C2=CC=CC=C2C(F)(F)F,,
5725131,C1=CC(=CC=C1N2C(=O)/C(=C/C3=C(C(=CC(=C3)[N+](=O)[O-])Br)O)/SC2=S)[N+](=O)[O-],,
5725295,CC1=CC(=CC=C1)N2C(=NC3=CC=CC=C3C2=O)/C=C/C4=C(NC5=CC=CC=C54)C,,
5725722,COC1=CC(=C(C=C1)OC)/C=N/NC(=O)C2=NNC(=O)C=C2,,
5726281,C1=CC=C(C(=C1)/C=N/NC(=O)C2=NC=CN=C2)[N+](=O)[O-],,
5727814,CC1=C(C2=CC=CC=C2N1)/C=C(\C#N)/C(=O)NCC3CCCO3,,
5728224,CC1=CC=C(C=C1)/C=C/C(=O)C2=CC=C(C=C2)OC,,
5729232,COC1=CC(=C(C=C1)/C=C/C(=O)C2=CC=C(C=C2)O)OC,,
5729327,CC1=CC=C(C=C1)/C=C/C(=O)C2=CC=C(C=C2)O,,
5729339,C1=CC(=CC=C1C2=CC=C(O2)/C=C\3/C(=O)N=C(S3)N)S(=O)(=O)N,,
5729506,C1=CC=C(C=C1)/C=C/C2=NC3=CC=CC=C3NC2=O,,
5731126,CCOC(=O)C1CCCN(C1)C(=O)/C=C/C2=CC(=CC=C2)[N+](=O)[O-],,
5731430,COC1=CC2=C(C=C1)C3=C(C=C(C=C3)O)OC2=O,,
5734908,C1=CC(=CC(=C1)[N+](=O)[O-])C(=O)OC2=C(C=C(C=C2)F)C(=O)/C=C/C3=CC=CS3,,
5735236,C1=CC=C2C(=C1)C(=O)N(C(=N2)/C=C/C3=CC=C(C=C3)Cl)CCO,,
5735444,C1=CC=C2C(=C1)C=CC(=N2)/C=C/C3=CC=C(O3)[N+](=O)[O-],,
5736340,COC1=C(C=CC(=C1)[N+](=O)[O-])NC(=O)/C=C\C(=O)O,,
5736984,CCN1C=C(C(=N1)C)/C=C/C(=O)C2=CC=C(C=C2)O,,
5737438,CC1CCCN(C1)CC2=C(C=CC3=C2OC(=C(C3=O)C4=NC5=CC=CC=C5S4)N)O,,
5737524,C1COCCN1C(=O)/C(=C\C=C/C2=CC=CC=C2)/NC(=O)C3=CC=C(C=C3)Br,,
5737730,CC\1=NOC(=O)/C1=C\C2=CC=C(O2)C3=C(C=C(C=C3)Cl)Cl,,
5737793,CCN1C(=O)/C(=C\C2=CSC=C2)/SC1=O,,
5738263,C1=CC=C(C=C1)CN2C(=NC3=CC=CC=C3C2=O)/C=C/C4=CN=CC=C4,,
5741460,CC1=CC=CC=C1/C=C/C2=CC(=O)C3=CC=CC=C3N2,,
5742213,C1=CC=C(C=C1)N2C(=NC3=CC=CC=C3C2=O)/C=C/C4=CC=CC=N4,,
5742645,CCC(C)CC(C)CCCCCCCCC(=O)N[C@H]1C[C@H]([C@H](NC(=O)[C@@H]2[C@H](CCN2C(=O)[C@@H](NC(=O)[C@@H](NC(=O)[C@@H]3C[C@H](CN3C(=O)[C@@H](NC1=O)[C@@H](C)O)O)[C@@H]([C@H](C4=CC=C(C=C4)O)O)O)[C@@H](CC(=O)N)O)O)O)O,,
5742647,CCC(C)CC(C)CCCCCCCCC(=O)N[C@H]1C[C@H]([C@H](NC(=O)[C@@H]2[C@H](CCN2C(=O)[C@@H](NC(=O)[C@@H](NC(=O)[C@@H]3C[C@H](CN3C(=O)[C@@H](NC1=O)[C@@H](C)O)O)[C@@H]([C@H](C4=CC=C(C=C4)O)O)O)[C@@H](CCN)O)O)O)O,,
5742673,CC(=O)OCC1=C(N2[C@@H]([C@@H](C2=O)NC(=O)/C(=N\OC)/C3=CSC(=N3)N)SC1)C(=O)O,,
5742801,B(C1=CC(=CC(=C1)[N+](=O)[O-])C(=O)NC2=CC=C(C=C2)NC(=O)C3=CC(=CC(=C3)B(O)O)[N+](=O)[O-])(O)O,,
5742832,C[C@H]1[C@@H](C(=O)N1S(=O)(=O)O)NC(=O)/C(=N\OC(C)(C)C(=O)O)/C2=CSC(=N2)N,,
5742851,CC[C@@H](C)[C@@H](C(=O)N[C@@H](CC1CCCCC1)C(=O)N[C@@H](CS)C(=O)O)NC(=O)[C@H](CC(C)C)NC(=O)[C@H](CCC(=O)O)NC(=O)[C@H](CC(=O)O)NC(=O)C,,
5742968,CC1=C(C(=CC=C1)C)OCC(=O)N[C@@H](CC2=CC=CC=C2)C[C@@H]([C@H](CC3=CC=CC=C3)NC(=O)O[C@H]4CO[C@@H]5[C@H]4CCO5)O,,
5742969,CC1=C(C(=CC=C1)C)OCC(=O)N[C@@H](CC2=CC=CC=C2)[C@H](C[C@H](CC3=CC=CC=C3)NC(=O)O[C@H]4CO[C@@H]5[C@H]4CCO5)O,,
5743014,CC(=O)NC1=CC(=O)C2=C(C1=O)N=C(C=C2)C3=C4C(=CC(=N3)C(=O)O)C5=CC=CC=C5N4,,
5743064,CC(C)(C1=NC=C(O1)C2=CC=C(C=C2)F)N3CCN([C@@H](C3)C(=O)NCC(F)(F)F)C[C@H](C[C@@H](CC4=NN=CO4)C(=O)N[C@@H]5[C@@H](COC6=CC=CC=C56)O)O,,
5743065,CC(C)(C1=NC=C(O1)C2=CC=C(C=C2)Cl)N3CCN([C@@H](C3)C(=O)NCC(F)(F)F)C[C@H](C[C@@H](CC4=NN=CO4)C(=O)N[C@@H]5[C@@H](COC6=CC=CC=C56)O)O,,
5743066,C1CN([C@@H](CN1CC2=CC=C(O2)C3=CC=C(C=C3)Cl)C(=O)NCC(F)(F)F)C[C@H](C[C@@H](CC4=NN=C(O4)C5=CC=CC=C5)C(=O)N[C@@H]6[C@@H](COC7=CC=CC=C67)O)O,,
5743186,CC1=NC(=CS1)COC2=CC=C(C=C2)C[C@@H]([C@@H](CN(CC(C)C)S(=O)(=O)C3=CC4=C(C=C3)OCO4)O)NC(=O)O[C@H]5CO[C@@H]6[C@H]5CCO6,,
5743187,CC(C)(CCCOC(=O)NC)CN(C[C@H]([C@H](CC1=CC=CC=C1)NC(=O)O[C@H]2CO[C@@H]3[C@H]2CCO3)O)S(=O)(=O)C4=CC5=C(C=C4)OCO5,,
5743188,CC(C)CN(C[C@H]([C@H](CC1=CC=C(C=C1)OCCC2=CC=CS2)NC(=O)O[C@H]3CO[C@@H]4[C@H]3CCO4)O)S(=O)(=O)C5=CC6=C(C=C5)OCO6,,
5743189,CC(C)CN(C[C@H]([C@H](CC1=CC=C(C=C1)OCC2=CC=CC=N2)NC(=O)O[C@H]3CO[C@@H]4[C@H]3CCO4)O)S(=O)(=O)C5=CC6=C(C=C5)OCO6,,
5743199,C1[C@@H](C(=O)N([C@H]1CC2=CC=CC=C2)C[C@H](C[C@@H](CC3=CC=C(C=C3)O)C(=O)N[C@@H]4[C@@H](CC5=CC=CC=C45)O)O)CC6=CC=CC=C6,,
5743200,C1[C@@H](C(=O)N([C@H]1CC2=CC=C(C=C2)O)C[C@H](C[C@@H](CC3=CC=CC=C3)C(=O)N[C@@H]4[C@@H](CC5=CC=CC=C45)O)O)CC6=CC=CC=C6,,
5743201,C1COCCN1CCOC2=CC=C(C=C2)C[C@H](C[C@@H](CN3[C@H](C[C@@H](C3=O)CC4=CC=CC=C4)CC5=CC=CC=C5)O)C(=O)N[C@@H]6[C@@H](CC7=CC=CC=C67)O,,
5743202,C1COCCN1CCOC2=CC=C(C=C2)C[C@H]3C[C@@H](C(=O)N3C[C@H](C[C@@H](CC4=CC=CC=C4)C(=O)N[C@@H]5[C@@H](CC6=CC=CC=C56)O)O)CC7=CC=CC=C7,,
5743203,C1[C@@H](C(=O)N([C@H]1CC2=CC=CC=C2)C[C@H](C[C@@H](CC3=CC=C(C=C3)OCCO)C(=O)N[C@@H]4[C@@H](CC5=CC=CC=C45)O)O)CC6=CC=CC=C6,,
5743204,C1[C@@H](C(=O)N([C@H]1CC2=CC=C(C=C2)OCCO)C[C@H](C[C@@H](CC3=CC=CC=C3)C(=O)N[C@@H]4[C@@H](CC5=CC=CC=C45)O)O)CC6=CC=CC=C6,,
5743205,C1COCCN1C(=O)COC2=CC=C(C=C2)C[C@H](C[C@@H](CN3[C@H](C[C@@H](C3=O)CC4=CC=CC=C4)CC5=CC=CC=C5)O)C(=O)N[C@@H]6[C@@H](CC7=CC=CC=C67)O,,
5743206,C1COCCN1C(=O)COC2=CC=C(C=C2)C[C@H]3C[C@@H](C(=O)N3C[C@H](C[C@@H](CC4=CC=CC=C4)C(=O)N[C@@H]5[C@@H](CC6=CC=CC=C56)O)O)CC7=CC=CC=C7,,
5743207,C1[C@@H](C(=O)N([C@H]1CC2=CC=CC=C2)C[C@H](C[C@@H](CC3=CC=C(C=C3)OCC4=CC=CC=N4)C(=O)N[C@@H]5[C@@H](CC6=CC=CC=C56)O)O)CC7=CC=CC=C7,,
5743208,COCCOCCOC1=CC=C(C=C1)C[C@H](C[C@@H](CN2[C@H](C[C@@H](C2=O)CC3=CC=CC=C3)CC4=CC=CC=C4)O)C(=O)N[C@@H]5[C@@H](CC6=CC=CC=C56)O,,
5743209,C1COCCN1C(=O)OCCOC2=CC=C(C=C2)C[C@H](C[C@@H](CN3[C@H](C[C@@H](C3=O)CC4=CC=CC=C4)CC5=CC=CC=C5)O)C(=O)N[C@@H]6[C@@H](CC7=CC=CC=C67)O,,
5743210,CN1CCN(CC1)C(=O)COC2=CC=C(C=C2)C[C@H](C[C@@H](CN3[C@H](C[C@@H](C3=O)CC4=CC=CC=C4)CC5=CC=CC=C5)O)C(=O)N[C@@H]6[C@@H](CC7=CC=CC=C67)O,,
5743211,C1[C@@H](C(=O)N([C@H]1CC2=CC=CC=C2)C[C@H](C[C@@H](CC3=CC=C(C=C3)OCC(=O)N)C(=O)N[C@@H]4[C@@H](CC5=CC=CC=C45)O)O)CC6=CC=CC=C6,,
5743410,CC1C(=O)C(=C(S1)C)O,,
5743442,CCCCCCCCCCCCCCCCCCCCCCCCCCCCOC(=O)/C=C/C1=CC(=C(C=C1)O)OC,,
5743568,C1CC(=O)NC(=O)C1N2C(=O)C3=C(C2=O)C=C(C=C3)O,,
5743585,CCOC(=O)/C=C\1/N(C(=O)C(S1)N2CCCCC2)C,,
5743608,CCCCCCC(C/C=C/CCCCCCCC(=O)OCC(C)O)O,,
5743835,C1CCN(CC1)CCOC2=CC=C(C=C2)C(=O)O.Cl,,
5744267,CC/C=C/CCOC(=O)/C=C/C1=CC=CC=C1,,
5744342,CCCCCCC(=O)OCC.CC(=O)N,,
5745206,CC1=CC(=NC2=C1C3=CC=CC=C3N2CC4=CC(=CC=C4)[C@H](C5CCCC5)C(=O)N[C@@H](CO)C6=CC=CC=C6)C,,
5745207,C[C@@H](C(=O)N)NCC1=CC=C(C=C1)OCC2=CC=CC=C2F,,
5745214,C/C(=N\N=C(N)N)/C1=CC(=CC(=C1)NC(=O)CCCCCCCCC(=O)NC2=CC(=CC(=C2)/C(=N/N=C(N)N)/C)/C(=N/N=C(N)N)/C)/C(=N/N=C(N)N)/C,,
5745466,COC1=C(C=C(C=C1)C2=COC3=C(C2=O)C(=CC(=C3OC)O)O)O,,
5745882,CCC(=O)N([C@@H]1CCN(C[C@H]1C)CCC2=CC=CC=C2)C3=CC=CC=C3,,
5746185,CC1CC(=O)NN=C1C2=CC3=C(C=C2)NC(=O)CC3,,
5746354,CC(=CCC1=C2C(=C(C=C1O)O)C(=O)C(=CO2)C3=C(C=C(C=C3)O)O)C,,
5747382,CN(C)CC1=CC=C(O1)CSCCNC2=CC(=C(C=C2[N+](=O)[O-])[N+](=O)[O-])NN,,
5747511,CC1=CC(=O)C2=C3C(=C(C=C2C1=O)O)C4=C(C3=O)C=CC=C4O,,
5747698,C[C@@H]1[C@H](CC[C@@H](O1)O[C@@H]2C(=O)C(=C([C@@]3([C@]2(CC4=C(C5=C(C(=O)C=C(C5=O)OC)C(=C4C3=O)O)C)O)O)O)C(=O)C)O[C@H]6C[C@@]([C@@H]([C@@H](O6)C)OC(=O)C7=C(C=CC(=C7O)C)C)(C)O,,
5747969,C1=CC=C(C=C1)C(=O)C2=CC(=C(C(=C2)O)O)[N+](=O)[O-],,
5748217,CC(C)C[C@H]([C@H](CSC1=CC=CC=C1)C(=O)NO)C(=O)N[C@@H](CC2=CC=CC=C2)C(=O)NC,,
5748293,COC1=CC=CC2=C1[C@]34CCN([C@H](C2)[C@@]3(CCC(=O)C4)OC)CC5CC5,,
5748345,CC[C@H](C)[C@@H](C(=O)N[C@@H](CC1=CN=CN1)C(=O)N2CCC[C@H]2C(=O)N[C@@H](C)C(=O)O)NC(=O)[C@H](CC3=CC=C(C=C3)O)NC(=O)[C@H](C(C)C)NC(=O)[C@H](CCCN=C(N)N)NC(=O)[C@H](CC(=O)O)N,,
5748380,CC[C@H](C)[C@@H](C(=O)N[C@@H](CC1=CN=CN1)C(=O)N2CCC[C@H]2C(=O)N[C@@H](C)C(=O)O)NC(=O)[C@H](CC3=CC=C(C=C3)O)NC(=O)[C@H](C(C)C)NC(=O)[C@H](CCCN=C(N)N)NC(=O)CNC,,
5748382,C1=CC=C2C(=C1)C(=O)C3=C(O2)C(=C(C=C3)O)O,,
5748393,C[C@H]1[C@@H]([C@H]([C@H]([C@@H](O1)OC2=C(OC3=C(C2=O)C(=CC(=C3CC=C(C)C)O[C@H]4[C@@H]([C@H]([C@@H]([C@H](O4)CO)O)O)O)O)C5=CC=C(C=C5)OC)O[C@H]6[C@@H]([C@H]([C@@H](CO6)O)O)O)O)O,,
5748416,C[C@H]1[C@@H]([C@H]([C@H]([C@@H](O1)O[C@@H]2[C@H]([C@H]([C@H](O[C@H]2OC3=C(OC4=CC(=CC(=C4C3=O)O)O)C5=CC(=C(C=C5)O)O)CO)O)O)O)O)O,,
5748487,CC(C)(CO)[C@@H](C(=O)NCCCO)O,,
5748525,CC(=O)NC1=CC=C(C=C1)O.CN1CC[C@]23[C@@H]4[C@H]1CC5=C2C(=C(C=C5)OC)O[C@H]3C(=O)CC4.[C@@H]([C@H](C(=O)O)O)(C(=O)O)O,,
5748526,C[C@H](C(=O)O)N(C1=CC(=C(C=C1)F)Cl)C(=O)C2=CC=CC=C2,,
5748528,CCCC1=CC(=O)OC2=C1C(=C(C(=C2CC=C(C)C)O)C(=O)CC(C)C)O,,
5748546,CC1=CC(=O)C2=C(O1)C3=C(C=C(C=C3C=C2O)OC)OC,,
5748551,COC1=CC(=CC2=C1C(=O)C(=CO2)C3=CC=C(C=C3)O)O,,
5748553,COC1=C(C=C(C2=C1OC(=C(C2=O)OC)C3=CC(=C(C=C3)O)O)O)O,,
5748554,C1=CC(=CC=C1C2=C(C(=O)C3=C(C=C(C=C3O2)O)O)O[C@H]4[C@@H]([C@H]([C@H](O4)CO)O)O)O,,
5748555,CC(C)CC(=O)C1=C(C(=C(C2=C1OC(=O)C=C2C3=CC=CC=C3)O)CC=C(C)C)O,,
5748556,COC1=C(C=C2C(=C1)C3=C(O2)C4=C(C=C(C=C4)O)OC3=O)OC,,
5748558,COC1=C(C=C(C=C1)C2=C(C(=O)C3=C(C=C(C=C3O2)OC)O)O)OC,,
5748580,COC1=CC(=C2C(=C1)OC(=C(C2=O)OC)C3=CC(=C(C(=C3)OC)OC)O)O,,
5748586,C1=CC2=C(C=C1O)OC3=C2C(=O)OC4=CC(=C(C=C43)O)O,,
5748601,C[C@H]1[C@@H]([C@H]([C@H]([C@@H](O1)OC2=CC(=C3C(=C2)OC(=C(C3=O)O)C4=CC(=C(C=C4)O)O)O)O)O)O,,
5748605,COC1=C(C=C(C=C1)C2=COC3=C(C2=O)C=CC(=C3)O)OC,,
5748697,COC1=CC(=C2C(=C1)OC(=C(C2=O)OC)C3=CC=CC=C3)O,,
5748833,C[C@@H](C(=O)N1[C@@H](SC(=N1)C(C)(C)C)C(=O)O)N[C@@H](CCC2=CC=CC=C2)C(=O)O,,
5748845,CO/N=C(/C1=CSC(=N1)N)\C(=O)N[C@H]2[C@@H]3N(C2=O)C(=C(CS3)C[N+]4=CC=C(N4CCO)N)C(=O)[O-],,
5748957,C1=C(C=C(C(=C1[N+](=O)[O-])O)O)C=O,,
5749322,C1=CC2=C(C=C1O)OC3=C(C2=O)C=CC(=C3)O,,
5750547,C1=CC(=C(C=C1O)O)/C=C/2\C(=O)NC(=O)S2,,
5751075,C1=CC=C(C=C1)COC2=CC=C(C=C2)/C=C/3\C(=O)NC(=O)S3,,
5751334,C/C(=N\NC(=O)C1=CN=CC=C1)/C2=CC=C(C=C2)Br,,
5752025,CC1=CC(=NO1)NS(=O)(=O)C2=CC=C(C=C2)NC(=S)NC(=O)/C=C/C3=CC=C(C=C3)OC,,
5752319,CC(CC/C=C(\C)/CCC=C(C)C)OC(=O)C,,
5753962,C/C(=C\C(=O)C(C(C(F)(F)F)(F)F)(F)F)/NNC(=O)C1=CC(=CC=C1)OC,,
5755140,C1=CC=C(C=C1)C(=O)N/C(=C\C2=CC=CO2)/C(=O)NCC3=CC=CO3,,
5756371,CCN1C2=NC(=O)N(C(=O)C2=NC(=N1)/C=C/C3=CC=CC=C3)C,,
5757257,C1=CC=C2C=C(C=CC2=C1)/C=C\3/C(=O)NC(=S)S3,,
5759815,C1=CC(=CC(=C1)C(=O)O)C2=CC=C(O2)/C=C\3/C(=O)N(C(=S)S3)C4=CC=CC(=C4)C(F)(F)F,,
5760302,C1=CC(=CC(=C1)[N+](=O)[O-])/C=C/C(=O)C2=CC=CO2,,
5760311,COC(=O)C1=CC=CC\2=C1C3=CC=CC=C3/C2=N\O,,
5761588,CC1=CC2=C(C=C1)OC(=N2)C3=CC=C(C=C3)/C=C/C4=CC=C(C=C4)C5=NC6=CC=CC=C6O5,,
5762132,CC1=CC2=C(C=C1)OC(=N2)/N=C(\N)/NC(=O)C,,
5763301,CN1C(=NC2=CC=CC=C2C1=O)/C=C/C3=CC=C(C=C3)Cl,,
5765231,C1CN(CCC1C(=O)N)C(=O)/C(=C/C2=CC=CO2)/NC(=O)C3=CC=CC=C3,,
5765235,C1CCN(C1)C(=O)/C(=C/C2=CC=CO2)/NC(=O)C3=CC=CC=C3,,
5765237,CN1CCN(CC1)C(=O)/C(=C/C2=CC=CO2)/NC(=O)C3=CC=CC=C3,,
5765254,C1=CC=C(C=C1)C(=O)N/C(=C\C2=CC=CO2)/C(=O)NCC3=CC=CC=N3,,
5765256,C1=CC=C(C=C1)C(=O)N/C(=C\C2=CC=CO2)/C(=O)NCCC3=CC=CC=N3,,
5765499,C1=CC=C(C(=C1)C2=CC=C(O2)/C=C/C3=NC(=O)NC(=C3)C(F)(F)F)C(=O)O,,
5765787,C1=CC(=CC=C1/C=C(\C#N)/C(=O)NC2=CC=C(C=C2)S(=O)(=O)N)[N+](=O)[O-],,
5766212,C1=CC=C(C(=C1)/C=C/C(=O)NCCCN2C=CN=C2)Cl,,
5766626,CN1C(=O)/C(=C/C2=CC=CC=C2OCC(=O)O)/SC1=NC3=CC=CC(=C3)C(=O)O,,
5766967,C1=CC(=C(C=C1Cl)C(=O)O)C2=CC=C(O2)/C=C/C3=NC(=O)NC(=C3)C(F)(F)F,,
5768678,CC1=CC2=C(C=C1)N=C(N2)/C(=C/C3=CC=CO3)/C#N,,
5769061,CC1=C(C(N2C(=O)CCSC2=N1)/C=C/C3=CC=CC=C3)C(=O)OCCOC,,
5771261,CC1=CC=C(C=C1)C(=O)NNC(=O)CSC2=NC3=C(C4=C(N3)C=CC(=C4)C)N=N2,,
5771461,CC1=NOC(=C1S(=O)(=O)N2CCC(CC2)C(=O)N3CCC4=CC=CC=C4C3)/C=C/C5=CC=CO5,,
5771529,C1=CC(=CC(=C1)[Sb](=O)(O)O)/C=C\C(=O)O,,
5771758,CCCCCCCCCCCCCCCC(=O)OC[C@H](COP(=O)(O)OC1C([C@@H](C(C(C1O)O)O)O)O)OC(=O)CCCCCCC/C=C\CCCCCCCC,,
5771775,CCCCCCCCCCCCCCCCCC(=O)N[C@@H](CO[C@H]1C(C([C@H]([C@H](O1)CO)O)OS(=O)(=O)O)O)[C@@H](/C=C/CCCCCCCCCCCCC)O,,
5773323,CC1=CC(=C2C=C(C=CC2=N1)NC(=O)/C=C/C3=CC=CC=C3Cl)N,,
5776876,CC1=CC(OC1=O)C/C(=C/COC2=CC3=C(C=C2)C=CC(=O)O3)/C,,
5777336,CC1=C(C(N2C(=O)/C(=C/C3=CC=C(C=C3)OCC(=O)O)/SC2=N1)C4=CC=C(C=C4)Cl)C(=O)OC(C)C,,
5781144,C1=C(C=C(C(=C1O)O)O)C2=COC3=C(C2=O)C(=C(C(=C3)O)O)O,,
5781145,COC1=CC(=C(C=C1)C2=COC3=C(C2=O)C=CC(=C3)O)OC,,
5781779,COC1=CC=CC(=C1OC)/C=C\2/C(=O)/C(=C/C3=C(C(=CC=C3)OC)OC)/CCC2,,
5790752,CC(C)(C)C1=CC=C(C=C1)/C=C(\C#N)/C(=O)NC2CC2,,
5793932,C1=CC=C2C(=C1)C(=O)/C(=C/C3=CC(=C(C=C3)O)O)/O2,,
5795125,CCC1=C(C(=O)NC1CC2=C(C(=C(N2)/C=C\3/C(=C(C(=N3)CC4C(=C(C(=O)N4)CC)C)C)CCC(=O)O)CCC(=O)O)C)C,,
5795340,CC1=C(C(=O)OC2=C1C=CC(=C2Br)O)Br,,
5796182,C1=CC=C2C(=C1)/C(=C/C3=CC=CC=N3)/C(=O)N2,,
5797328,CC1=C(C(CCC1)(C)C)/C=C/C(C)OC(=O)C,,
5798023,CCCCCCCCCCCCCCCCCC(=O)OCC(COC(=O)CCCCCCC/C=C/CCCCCCCC)OC(=O)CCCCCCCCCCCCCCCCC,,
5801435,C1=CC=C(C=C1)/C=C/C(=O)C2=CC(=CC=C2)Br,,
5803450,CCC(=O)/C=C/C1=CC=C(C=C1)OC,,
5803690,C1CCC(C1)C2CC/C(=C\C3=CC=C(C=C3)[N+](=O)[O-])/C2=O,,
5805243,C/C=C(/C(=C/C)/C1=CC=C(C=C1)OC(=O)C)\C2=CC=C(C=C2)OC(=O)C,,
5805298,C1=CC=C(C(=C1)/C=C/C(=O)C2=C(C=CC(=C2)O)O)O,,
5807440,CN(C)/C=C/C1=C(C=C2C(=O)C3=CC=CC=C3OC2=N1)C(=O)OC,,
5808649,CCCCCCCC/C=C/CCCCCCCC(=O)NCC1=CC(=C(C=C1)O)OC,,
5810067,CC(=CCC1=C(C2=C(C=C1O)OC=C(C2=O)C3=CC4=C(C=C3)OCO4)O)C,,
5810451,COCCNC(=O)C(=O)N/N=C/C1=CC=CS1,,
5811529,CCCCCC/C=C/CCCCCCCCCC1=C(C(=CC=C1)O)C(=O)O,,
5811533,C1=CC=C(C(=C1)/C=C/C(=O)C2=C(C=C(C=C2)O)O)O,,
5813717,CN1C(=C(C2=C1C(=O)C=C(C2=O)N3CC3)CO)/C=C/CO,,
5817505,C1=CC=C(C=C1)SC2=CC=C(O2)/C=C(\C#N)/C3=NC4=CC=CC=C4N3,,
5818813,C(/C=C/COC(=O)CBr)OC(=O)CBr,,
5822497,COC1=CC(=C(C=C1)C(=O)/C=C/C2=CC=C(C=C2)Cl)O,,
5823908,CC(=O)C1=CC=C(C=C1)N/N=C(\C2=NC(CC3=CC=CC=C32)(C)C)/C(=O)N,,
5826002,CC1CC(CC(C1)(C)C)NC(=O)/C=C/C(=O)O,,
5827835,C1=CC(=C(C=C1C(F)(F)F)C2=CC=C(O2)/C=C\3/C(=O)N(C(=S)S3)CC(=O)O)Cl,,
5828196,C1=CC(=CC=C1C2=CC=C(O2)/C=C\3/C(=O)NC(=O)S3)S(=O)(=O)N,,
5829079,C1=CC=C(C=C1)/C=C/C(=O)NC2=NC(=CS2)C3=CC=NC=C3,,
5830135,CC1=CC(C(C(C1)C2=C(C=C(C=C2)O)O)C(=O)C3=C(C=C(C=C3)O)O)C4=C(C=C(C5=C4OC(=C(C5=O)CC=C(C)C)C6=C(C=C(C=C6)O)O)O)O,,
5830982,CCCCCCCCCCCCCCCC(=O)OCC(COC(=O)CCCCCCCCCCCCCCC)OC(=O)CCCCCCC/C=C/CCCCCCCC,,
5831509,C1=CC(=CC=C1/C=C/C(=O)C2=CC=C(C=C2)O)/C=C/C(=O)C3=CC=C(C=C3)O,,
5835713,CC1C(C(C(C(O1)OC2=C(OC3=CC(=CC(=C3C2=O)O)O)C4=CC=C(C=C4)O)O)O)O,,
5836164,C1=CC(=C(C(=C1)Cl)/C=C/C(=O)Cl)Cl,,
5837330,COC1=CC(=C(C=C1)C(=O)/C=C/C2=CC=CC=C2)OC,,
5839493,CC1=CC(=C(N1C2=CC=C(C=C2)Br)C)/C=C(\C#N)/C(=O)O,,
5840046,C1C(C(C(O1)OC2C(C(C(OC2OC3=CC(=C4C(=C3)OC(=CC4=O)C5=CC=C(C=C5)O)O)CO)O)O)O)(CO)O,,
5840229,COC1=CC=CC(=C1)/C=C/C(=O)C2=CC=CC=C2O,,
5843291,CC(=O)/C=C/N1CCOCC1,,
5844876,B(C1=CC(=CC=C1)/C=C/C(=O)O)(O)O,,
5849412,C1=C(OC(=C1)Br)/C=C(/[N+](=O)[O-])\Br,,
5849540,B(CNC(=O)/C(=N\OC(C)(C)C(=O)O)/C1=CSC(=N1)N)(O)O,,
5849927,CCCCCCC(C/C=C/CCCCCCCC(=O)OCCO)O,,
5851439,CCOC(=O)/C(=C/C1=C(C=CC(=C1)N2C(=O)C3=C(C2=O)CCCC3)Cl)/Cl,,
5851813,C1=CC=C(C=C1)/C=C/C(=O)C2=C(C=CC(=C2)O)O,,
5852329,C1=CC(=CN=C1)/C=C/C(=O)C2=CC=C(C=C2)F,,
5853527,COC1=CC=CC(=C1O)/C=C/C(=O)C2=CC=CC=C2,,
5853596,CCCC/C(=C/C1=CC=CC=C1)/C=O,,
5855786,C1=CC=C(C(=C1)C2=CC=C(O2)/C=N\NC3=NN=CN3N)[N+](=O)[O-],,
5857489,CC/C=C/CCCCCC=O,,
5857663,C1=CC=C(C=C1)N2C=C(C(=N2)C3=CC=C(C=C3)Cl)/C=C\4/C(=O)N(C(=S)S4)CCS(=O)(=O)O,,
5858790,CO/N=C(/C1=CSC(=N1)NC(=O)CCl)\C(=O)O,,
5860762,COC1=CC(=CC(=C1)/C=C/C(=O)/C=C/C2=CC(=CC(=C2)OC)OC)OC,,
5861116,COC(=O)/C=C/COC1=CC=CC=C1[N+](=O)[O-],,
5862066,C1CS(=O)(=O)CC1NC(=O)/C=C/C(=O)O,,
5863209,COC1=CC=CC(=C1)C(=O)/C=C/C2=CC=CC=C2,,
5864959,C/C=C/C=C/C(=O)NO,,
5866327,C1C\2C1(OC3=CC=CC=C3/C2=N/O)C(=O)NC4=CC=CC=C4,,
5868400,CC(C)(C)OC(=O)O/N=C(/C#N)\C1=CC=CC=C1,,
5869600,C1CCCC/C=C/CCCCC(=O)OCCCC1,,
5872358,C1=CC(=CN=C1)C(=O)/C=C/C2=CC=C(C=C2)[N+](=O)[O-],,
5873067,CNC(=S)N/N=C/C1=CC=C(O1)C2=CC=C(C=C2)C(=O)O,,
5874704,CC1C(C(C(C(O1)OC2C(C(C(OC2C3=C(C=C(C4=C3OC(=CC4=O)C5=CC=C(C=C5)O)O)O)CO)O)O)O)O)O,,
5875601,CCC(=O)N/N=C/C1=CC=C(O1)C2=CC=C(C=C2)Cl,,
5876476,CC1=CC\2=C(C=C1)NC(=O)/C2=C\C3=CC=CC=C3C,,
5876675,C1=CC=C(C=C1)C(=O)/C=C/C2=CC=C(C=C2)N,,
5877292,CCC/C=C/1\C2=C(C=CCC2)C(=O)O1,,
5878179,CCOC1=CC=C(C=C1)/C=C\2/C(=O)NC(=O)S2,,
5878729,C1C(C(C(C(O1)OC2=C(OC3=CC(=CC(=C3C2=O)O)O)C4=CC(=C(C=C4)O)O)O)O)O,,
5879763,CC(=CCOC1=CC(=C(C=C1)C(=O)/C=C/C2=CC=C(C=C2)O)O)C,,
5882143,C(/C=C/P(=O)(O)O)C(C(=O)O)N,,
5882350,COC1=CC=C(C=C1)/C=C/C(=O)NN,,
5885531,CCCCCCCC/C=C/CCCCCCCC(=O)OCC(COP(=O)(O)O)O,,
5885566,CC(C)(C)C1=CC=C(C=C1)/C=C/C(=O)NC2=CC=CC=C2,,
5886965,CC1=CC2=CC=CC=C2N1CCNC(=O)/C=C/C3=CC(=C(C(=C3)OC)OC)OC,,
5889042,CC1(C=CC2=C(O1)C=CC(=C2O)C(=O)/C=C/C3=CC=C(C=C3)O)C,,
5889665,COC1=C(C=C(C=C1)/C(=C/C(=O)N2CCOCC2)/C3=CC=C(C=C3)Cl)OC,,
5892299,CC(C)C/C=C(\C=O)/C(C)C,,
5893006,CC(=O)OC1=C(C=C(C=C1)/C=C/C=O)OC,,
5895404,CC/C(=C/C)/C(=O)NC(=O)N,,
5896580,CC(=O)NC1=CC=C(C=C1)/C=C/C(=O)C2=CC=CC=C2,,
5897379,CC1=C(C2=C(C=C1)C(=O)N3C=C(CC3C(N2)OC)/C=C/C(=O)NC)O,,
5899068,COC1=CC(=O)OC(C1)/C=C/C2=CC3=C(C=C2)OCO3,,
5900716,CN(C)C1=CC=C(C=C1)/C=C/2\C(=O)C3=CC=CC=C3O2,,
5901322,CCCCN1C(=O)C(=C/C=C/C=C/2\N(C3=CC=CC=C3O2)CCCS(=O)(=O)[O-])C(=O)N(C1=S)CCCC.[Na+],,
5901370,COC1=C(C(=C(C(=C1C(=O)/C=C/C2=CC=CC=C2)O)OC)OC)O,,
5901612,CC1(C\2CCC1(C(=O)/C2=C/C3=CC=CC=C3)C)C,,
5901757,COC1=C(C=CC(=C1)C2=C(C(=O)C3=C(C=C(C=C3O2)O)O)OC4C(C(C(C(O4)CO)O)O)O)OC5C(C(C(C(O5)CO)O)O)O,,
5901827,CC(=O)OC(C)(C)/C=C/C(=O)C(C)(C1C(CC2(C1(CC(=O)C3(C2CC=C4C3C=C(C(=O)C4(C)C)OC5C(C(C(C(O5)CO)O)O)O)C)C)C)O)O,,
5902454,C1OC2=C(O1)C=C(C=C2)/C=C/C(=O)CC3(C4=CC=CC=C4NC3=O)O,,
5903252,C1C(CCC(C1)CNC(=O)/C=C/C(=O)O)CNC(=O)/C=C/C(=O)O,,
5903767,COC1=CC=C(C=C1)C(=O)/C=C/C2=CC=C(C=C2)OCC3=CC=CC=C3,,
5904441,C1=CC=C2C(=C1)NC(=N2)/C(=C/C3=CC=C(O3)[N+](=O)[O-])/C#N,,
5904747,COC1=CC(=C(C=C1)C(=O)/C=C/C2=C(C=C(C=C2)OC)OC)O,,
5905206,CN1C=C(C2=CC=CC=C21)/C=C/C(=O)C3=CC=CC=C3,,
5905819,CC1=C(SC(=N1)N2C(=CC(=N2)C3=CC=CC=C3)C4=CC=CC=C4)C(=O)/C=C/C5=CC=C(C=C5)Cl,,
5906152,C1=CC=C(C=C1)C2=NN(C=C2/C=C\3/C(=O)N(C(=S)S3)CC(=O)O)C4=CC=CC=C4,,
5907279,CCOC(=O)/C=C(/C)\NC1=CC=C(C=C1)Cl,,
5908055,CC1=CC=C(C=C1)/C=C/C(=O)C2=C(C=CC(=C2)Cl)O,,
5908088,C1=CC=C2C(=C1)/C(=C/C3=CC=CN3)/C(=O)N2,,
5909099,C1=CC=C(C=C1)CCOC(=O)/C=C/C2=C(C=CC(=C2)O)O,,
5909322,C1=CC=C(C=C1)/C=C/C2=NC3=CC=CC=C3C(=O)N2C4=CC=C(C=C4)O,,
5910585,C/C(=C\COC1=CC2=C(C=C1)C=CC(=O)O2)/C3=CC(=O)C(O3)(C)C,,
5911258,CCN(CC)CC1=C2C(=CC(=C1O)Cl)C3=C(CCCC3)C(=O)O2,,
5911428,CC(=O)NC1=CC=C(C=C1)C(=O)/C=C/C2=CC=CN2,,
5911905,CCN1/C(=C/C(=O)OCC)/SC(C1=O)N2CCCCC2,,
5912039,C/C=C/1\C2CC3=C(C1(CC(=C2)C)N)C=CC(=O)N3,,
5912550,CC1(CCCN(C1)CC2=C(C=CC3=C2OC(=C(C3=O)C4=NC5=CC=CC=C5S4)N)O)C,,
5914490,C1COCCN1C2=CC=C(O2)/C=C(\C#N)/C3=NC4=CC=CC=C4N3,,
5916154,CC(C)/C=C/C=O,,
5916286,CCCCC(CC)/C=C/C(=O)O,,
5917797,CCOC1=CC=C(C=C1)NC(=O)C2C3C2CC/C=C\CC3,,
5918180,C1=CC=C(C=C1)C(=O)/C=C/C2=CC=CC=C2Br,,
5918474,COC1=CC(=C2C(=C1)OC=C(C2=O)C3=CC=C(C=C3)OC4C(C(C(C(O4)CO)O)O)O)O,,
5919576,C1=CC=C(C=C1)COC(=O)/C=C/C2=CC(=C(C=C2)O)O,,
5920835,C1=CC(=CN=C1)/C=C/C(=O)C2=CC=C(C=C2)O,,
5924208,C1=CC2=C(C=C1I)/C(=C/C3=CC(=C(C(=C3)Br)O)Br)/C(=O)N2,,
5924929,C1=CC(=CC=C1/C=C/C=O)Cl,,
5925639,CCCCC(=O)NC1=NN=C(S1)/C=C/C2=CC=C(C=C2)OC,,
5925916,COC1=C(C(=C(C(=C1OC)OC)OC)OC)C(=O)/C=C/C2=CC=CC=C2,,
5926535,C1=CC(=CC=C1C2=CC=C(O2)/C=C\3/C(=O)N(C(=S)S3)C(CCC(=O)O)C(=O)O)[N+](=O)[O-],,
5926607,CC1=CC2=CC(=C(N=C2C=C1)Cl)/C=C/C(=O)C3=CC=CO3,,
5927341,CCOC(=O)N/N=C(/C)\C1=CC=C(C=C1)N2C(=O)C3CCCCC3C2=O,,
5927548,CC1=CC=C(O1)C(=O)/C=C/C2=C(C(=CC(=C2)Br)Br)O,,
5927890,COC1=CC=C(C=C1)C(=O)/C=C/C2=CC=C(C=C2)O,,
5928009,CC1=CC=CN2C1=NC(=C(C2=O)/C=C(\C#N)/C(=O)NC3CCS(=O)(=O)C3)N4CCC(CC4)C(=O)N,,
5928229,CCCCCC/C=C/CCCCCCCCCC1=CC(=O)C=C(C1=O)OC,,
5928432,CCCCCCC(C/C=C/CCCCCCCC(=O)OCC(CO)O)O,,
5928757,C1=CC=C2C(=C1)/C(=C/C3=CC=C(C=C3)[N+](=O)[O-])/C(=O)N2,,
5929780,C1CC(OC1)CN2C(=O)/C(=C/C3=CC=C(C=C3)O)/SC2=S,,
5929854,C1=CC=C(C=C1)C(=O)/C=C/C2=CC=CN2,,
5930260,C1C/C(=N\NC2=CC=C(C=C2)Br)/C(=O)NC1,,
5930483,COC1=CC=C(C=C1)/C=C/C2=NN=C(S2)NC(=O)C3=CC=CO3,,
5931120,COC1=CC=C(C=C1)/C(=N/OC(=O)C2=CC=CS2)/N,,
5933195,C1C(N(N=C1C2=CC=CO2)C(=O)/C=C/C(=O)O)C3=CC=CO3,,
5933483,CC1CC2=C(O1)C=CC(=C2)C3=NN(C=C3/C=C\4/C(=O)N(C(=S)S4)CCS(=O)(=O)O)C5=CC=CC=C5,,
5933485,C1=CC=C(C=C1)N2C=C(C(=N2)C3=CC=CS3)/C=C\4/C(=O)N(C(=S)S4)CC(=O)O,,
5933650,CC1CCCC(CCC/C=C/C2=C(C(=CC(=C2)O)O)C(=O)O1)O,,
5934146,C1COC(C2=CC=CC=C21)CNC(=O)/C=C/C3=CC=CO3,,
5934766,C/C(=N\OC(=O)C1CCCCC1)/C2=NC=CS2,,
5935070,CC(C)(C=C)C12CC3C(=O)N/C(=C/C4=CN=CN4)/C(=O)N3C1NC5=CC=CC=C25,,
5936200,COC1=CC(=C(C=C1)C(=O)/C=C/C2=CC(=C(C=C2)OC)OC)OC,,
5938151,CC1=CC2=C(C=C1)N=C(N2)/C(=C/C3=CC=C(O3)[N+](=O)[O-])/C#N,,
5938473,CC1=CC=C(C=C1)/C=N/NC(=O)CC2=CC=CN2C,,
5938754,COC1=C(C=C(C=C1)/C=C/C(=O)C2=C(C=CC(=C2)F)OC(=O)C3=CC=CC=C3OC)OC,,
5940264,C1C/C(=C\Br)/OC(=O)C1C2=CC=CC3=CC=CC=C32,,
5941094,C1=CC(=CC=C1C2=CC=C(O2)/C=C\3/C(=O)N(C(=S)S3)C(CC(=O)O)C(=O)O)Br,,
5941457,CCOC1=CC(=CC(=C1O)CSC2=CC=CC=C2)/C=C(\C#N)/C(=O)N,,
5941539,CC(C)C1=CC(=CC(=C1O)C(C)C)/C=C(\C#N)/C(=O)NCCCC2=CC=CC=C2,,
5941884,CCC1=C(/C(=C/C2=C(C(=C(N2)CC3=C(C(=C(N3)/C=C\4/C(=C(C(=O)N4)C)CC)C)CCC(=O)O)CCC(=O)O)C)/NC1=O)C,,
5942185,CC1=CC(=CC=C1)NC(=O)CN2C3=CC=CC=C3/C(=C/4\C(=O)N(C(=S)S4)CC(=O)O)/C2=O,,
5946498,COC1=CC2=C(C=C1)C(=O)/C(=C/C3=CC(=C(C=C3)OC)O)/CO2,,
5948316,CC1=CC=CN2C1=NC(=C(C2=O)/C=C(\C#N)/C3=NC4=CC=CC=C4S3)OC5=CC=C(C=C5)F,,
5950212,C/C(=C\C(C(=O)O)N)/CP(=O)(O)O,,
5951499,COC1=CC(=C(C(=C1)OC)C(=O)/C=C/C2=CC(=C(C=C2OC)OC)OC)O,,
5951616,CC(CC/C=C(\C)/C(=O)O)C1CCC2(C1(CCC3C2=CCC4C3(CCC(=O)C4(C)C)C)C)C,,
5951796,C1=CC(=CC=C1C2=CC=C(O2)/C=C\3/C(=O)N=C(S3)N)C(=O)O,,
5953849,COC1=C(C=C(C=C1)/C=C/C(=O)C2=C(C=C(C=C2)O)O)OC,,
5953874,C1=COC(=C1)/C=C\2/C(=O)N(C(=N)S2)C3=NC=CS3,,
5955473,COC1=CC(=C(C(=C1)OC)C(=O)/C=C/C2=CC(=C(C=C2)O)OC)O,,
5956805,CC(=CCC/C(=C/COC(=O)CC(=O)C)/C)C,,
5957728,C1=CC=C(C=C1)/C=C/C(=O)[O-],,
5960065,CC(=O)O/C=C/C1=CC=CC=C1,,
5961410,CC(=CCOC1=CC(=C(C=C1)C(=O)/C=C/C2=CC=CC=C2)O)C,,
5962587,CC(=O)OC1=CC=C(C=C1)/C=C/C2=CC(=CC(=C2)OC(=O)C)OC(=O)C,,
5964319,COC1=CC(=C(C(=C1)OC)C(=O)/C=C/C2=CC=CC=C2O)O,,
5964600,C/C(=C\COC1=CC2=C(C=C1)C=CC(=O)O2)/CCC(C(C)(C)O)O,,
5964636,C1=CC=C2C(=C1)C=CC(=N2)/C=C/C(=O)C3=C(C=CC(=C3)Cl)O,,
5967294,CC1=CC(=C(N1C2=CN=CC=C2)C)/C=C\3/C(=O)N(C(=O)S3)C4=CC=CC=C4,,
5967872,COC\1=CC(=O)C(=C/C1=C\C=C\C2=CC=CC=C2)O,,
5969616,COC1=C(C=CC(=C1)/C=C/C(=O)NCCC2=CNC3=C2C=C(C=C3)O)O,,
5970690,C1=CC=C(C=C1)CC(=O)NC(=O)/C=C/C(=O)N,,
5972666,C1=CC=C(C=C1)/C=C/C=C(\C#N)/C(=O)O,,
5973690,COC1=C(C=CC(=C1)/C=C/C(=O)C2=CC=CC=C2O)O,,
5975659,C1CS(=O)(=O)CC1N(CC2=CC=C(C=C2)F)C(=O)/C=C/C3=CC=CO3,,
5978897,C/C=C/C=C/COC(=O)C(C)C,,
5979754,C1=CC(=CC=C1N/N=C(/CCC(=O)O)\C(=O)O)[N+](=O)[O-],,
5980396,C/C=C/C(=O)OC/C=C(\C)/CCC=C(C)C,,
5980988,C1=CC(=CC=C1/C=C/C(=O)C2=C(C=CC(=C2)O)O)O,,
5981188,C1=CC=C(C=C1)C(=O)/C=C/C2=CC=C(C=C2)C(=O)O,,
5983661,CC1(C=CC2=C(O1)C=C3C(=C2O)C(=O)C(=CO3)C4=CC5=C(C=C4)OCO5)C,,
5983663,CC1=CC=C(C=C1)C(=O)/C=C/C2=CC=C(C=C2)N(C)C,,
5985287,CC1=CC=C(C=C1)/C=C\2/C(=O)NC(=O)S2,,
5986428,C=C/C=C/C=O,,
5986673,COC1=CC(=C(C(=C1)OC)C(=O)/C=C/C2=CC=C(C=C2)O)OC,,
5989034,COC1=CC=C(C=C1)C(=O)/C=C/C2=CC=CC=C2F,,
5992497,COC1=CC(=C(C=C1)O)C(=O)/C=C/C2=C(C(=CC=C2)OC)OC,,
5995953,CCOC(=O)/C=C(\C)/CO,,
5997879,C1=CC(=CN=C1)C(=O)/C=C/C2=CC=C(C=C2)Cl,,
6002001,CC1=NN(C(=C1/C=N\OCC2=CC=C(C=C2)C(=O)OC(C)(C)C)OC3=CC=CC=C3)C,,
6002491,CCC(CC)C(=O)NC1=CC=CC(=C1)/C(=N\NC(=O)C2=CC=C(S2)C)/C,,
6005646,CC1=C(C=CO1)C(=O)N/N=C(/C)\C2=CC(=CC=C2)NC(=O)C3=CC(=C(C=C3)OC)OC,,
6005649,C1=CC=C(C=C1)OC2=CC=CC(=C2)/C=C\3/C(=O)NC(=S)S3,,
6006052,C1=CC=C(C=C1)/C=C/C(=O)C(F)(F)F,,
6006914,C1=CC(=CC=C1/C=C\2/C(=O)NC(=O)S2)C(F)(F)F,,
6008212,CCCCCC(CC)OC(=O)/C(=C/C)/C,,
6015423,CC1=CC=CC=C1N2C(=NC3=CC=CC=C3C2=O)/C=C/C4=CC=CC=N4,,
6018993,C1C/C(=C\C2=CC=NC=C2)/C(=O)/C(=C/C3=CC=NC=C3)/C1,,
6019677,CC/C=C\CCC1CCC(=O)O1,,
6020063,CCCNC(=O)/C=C/C(=O)O,,
6021887,CC/C=C/CCOC(=O)C1=CC=CC=C1O,,
6022229,C1=CC=C(C=C1)/C(=C/C(=O)C2=CC=CC=C2O)/O,,
6026790,CCCCCCCCCCCCCCCC(=O)OCC(CO)OC(=O)CCCCCCC/C=C/CCCCCCCC,,
6026872,C1=CC(=CC(=C1)Cl)/C=C\2/C(=O)NC(=O)S2,,
6028462,C/C=C(/C)\C=O,,
6029647,CC1=C(C(CCC1O)(C)C)/C=C/C(=C/C=C/C(=C/C=O)/C)/C,,
6032438,COC1=C(C=C(C=C1)/C=C/C(=O)C2=CC=CC=C2O)CN3CCOCC3,,
6033664,CC1(C(C1C(=O)OC(C#N)C2=CC(=C(C=C2)F)OC3=CC=CC=C3)/C=C(/C4=CC=C(C=C4)Cl)\Cl)C,,
6035169,CC1=NNC(=O)N(C1)/N=C\C2=CN=CC=C2,,
6035979,COC1=CC=C(C=C1)/C=C/C(=O)C2=CC=CC=N2,,
6040503,CC(=O)/C=C/C1=CC2=C(C=C1)OCO2,,
6041429,COC1=CC(=C(C=C1)/C=C/C(=O)C2=CC=CC=C2O)OC,,
6042891,CC1CCC(C2=C(CCC12)C)/C=C(\C)/C(=O)O,,
6048126,COC1=CC=C(C=C1)/C=C(\C#N)/C(=O)ONC2=NCCCCC2,,
6048619,C1/C(=C\C2=CC(=CC=C2)Br)/C(=O)/C(=C/C3=CC(=CC=C3)Br)/C1,,
6048991,CO/N=C(/C1=CSC(=N1)NC=O)\C(=O)O,,
6049834,C/C=C/C(=O)OC(=O)/C=C/C,,
6052009,CC(=CCC1=C(C=CC(=C1O)C(=O)/C=C/C2=CC=CC=C2)OC)C,,
6054879,CC(C)(C)C1=CC(=CC(=C1O)C(C)(C)C)/C=C\2/C(=O)NC(=O)N2,,
6056260,C1=CC=C2C(=C1)C=CC=C2/C=C\3/C(=O)NC(=O)S3,,
6057678,CC1=CC(=CC=C1)OC2=C(C(=O)N3C=CC=C(C3=N2)C)/C=C(\C#N)/C4=NC5=CC=CC=C5S4,,
6057891,CC(C)OC(=O)/C=C/C(=O)O,,
6059369,C/C(=C\C(=O)C)/O[Si](C)(C)C,,
6059692,CC/C(=C\C1=CC(=CC=C1)[N+](=O)[O-])/C(=O)O,,
6062134,CC1=C/C(=N/NC(=O)COC2=CC=CC=C2OC)/CC1,,
6063287,COC1=CC(=CC(=C1OC)O)C2=COC3=CC(=C(C(=C3C2=O)O)OC)OCC4=CC=CC=C4,,
6063342,COC1=CC=C(C=C1)/C=C/C(=O)C2=C(C=C(C=C2)OC)OC,,
6063386,C1=CC(=CC=C1C2=COC3=C(C2=O)C(=C(C(=C3)O)O)O)O,,
6068946,CCOC(=O)C/C(=N\NC1=NC(=CS1)C2=CC=CC=C2)/C,,
6069552,C1=CSC(=C1)CCOC(=O)/C(=C/C2=CC(=C(C=C2)O)O)/C#N,,
6070143,C1=CC=C(C(=C1)/C=C\2/C(=O)NC(=O)S2)O,,
6070438,C1=CC(=CC=C1/C=C/C(=O)O)OS(=O)(=O)O,,
6071412,CCC(C)C1C(CCC2(O1)CC3CC(O2)C/C=C(/C(C(/C=C/C=C/4\COC5C4(C(C=C(C5O)C)C(=O)O3)O)C)OC6CC(C(C(O6)C)OC7CC(C(C(O7)C)O)OC)OC)\C)C,,
6075631,CC1=CC=C(O1)/C=C/C(=O)C,,
6076476,CCCOC1=CC=C(C=C1)/C=C\2/C(=O)NC(=O)S2,,
6076814,C(=C/C(=O)[O-])\C(=O)O.[Na+],,
6077765,CC(C)(C)C1=CC(=NO1)C(=O)/C(=N/NC2=CC(=CC=C2)Cl)/C#N,,
6079067,COC1=CC(=CC2=C1OC(C2C(=O)O)C3=CC(=C(C=C3)O)OC)/C=C/C(=O)O,,
6079438,C(CCC(=O)O)C/C=C/C(=O)O,,
6080298,CC(C(=O)/C=C/N(C)C)OC1=C(C=C(C=C1)Cl)Cl,,
6083480,C1=CC=C(C=C1)S(=O)(=O)NCC(=O)N/N=C\C2=CC=C(C=C2)Cl,,
6084102,C1=CC(=CN=C1)/C=C/C=O,,
6086514,CC(C)C(=O)OC/C=C(\C)/CCC=C(C)C,,
6087454,C1COCCN1C(=O)/N=N/C(=O)N2CCOCC2,,
6089213,COC1=CC(=C(C(=C1)OC)C(=O)/C=C/C2=CC(=C(C=C2)OCC3=CC=CC=C3)OC)OC,,
6089291,CC(=O)N/N=C\1/N(C2=CC=CC=C2S1)C,,
6091659,COC1=CC(=CC(=C1O)CSC2=NC3=CC=CC=C3S2)/C=C(\C#N)/C(=O)N,,
6092913,CCOC1=C(C=CC(=C1)/C=C/2\C(=O)N(C(=O)N2)CC(=O)OC)O,,
6093160,C1=CC(=CC(=C1)NC(=O)NC2=CC=CC(=C2)C(=O)NC3=C4C(=CC(=CC4=C(C=C3)S(=O)(=O)[O-])S(=O)(=O)[O-])S(=O)(=O)[O-])C(=O)NC5=C6C(=CC(=CC6=C(C=C5)S(=O)(=O)[O-])S(=O)(=O)[O-])S(=O)(=O)[O-].[Na+].[Na+].[Na+].[Na+].[Na+].[Na+],,
6093161,C1=CC(=C(C=C1S(=O)(=O)[O-])S(=O)(=O)[O-])NC(=O)C2=CC(=CC(=C2)NC(=O)NC3=CC(=CC(=C3)C(=O)NC4=C(C=C(C=C4)S(=O)(=O)[O-])S(=O)(=O)[O-])C(=O)NC5=C(C=C(C=C5)S(=O)(=O)[O-])S(=O)(=O)[O-])C(=O)NC6=C(C=C(C=C6)S(=O)(=O)[O-])S(=O)(=O)[O-].[Na+].[Na+].[Na+].[Na+].[Na+].[Na+].[Na+].[Na+],,
6093170,C(CN(CC(=O)[O-])CC(=O)[O-])N(CC(=O)[O-])CC(=O)[O-].[Na+].[Na+].[Ca+2],,
6093407,C([C@@H]1[C@@H]([C@@H]([C@H]([C@@H](O1)O[C@H]([C@@H](CO)O)[C@@H]([C@H](C(=O)[O-])O)O)O)O)O)O.C([C@H]([C@H]([C@@H]([C@H](C(=O)[O-])O)O)O)O)O.[Ca+2],,
6095594,C1=CC=C(C=C1)CCNC(=O)C2=NC(=CC=C2)Br,,
6096207,C1N2C3C4N(C2=O)CN5C6C7N(C5=O)CN8C9C2N(C8=O)CN5C8C%10N(C5=O)CN5C%11C%12N(C5=O)CN5C%13C%14N(C5=O)CN5C%15C(N1C5=O)N1CN3C(=O)N4CN6C(=O)N7CN9C(=O)N2CN8C(=O)N%10CN%11C(=O)N%12CN%13C(=O)N%14CN%15C1=O,,
6096679,CC1=CC=C(C=C1)S(=O)(=O)N2CCC(=O)N(CC2)CCOCC3=CC=C(C=C3)OC,,
6096680,CC1=CC=C(C=C1)S(=O)(=O)N2CCC(=O)N(CC2)CCOCC3=CC=C(C=C3)C(F)(F)F,,
6096793,C1=CC(=CC(=C1)Br)CN2C(=O)C3=C(C2=O)C(=O)C4=C(C3=O)NC=CN4,,
6096802,C1OC2=C(O1)C=C(C=C2)CN3C(=O)C4=C(C3=O)C(=O)C5=C(C4=O)NC=CN5,,
6096804,COC1=CC=CC=C1CN2C(=O)C3=C(C2=O)C(=O)C4=C(C3=O)NC=CN4,,
6096805,COC1=CC=C(C=C1)CN2C(=O)C3=C(C2=O)C(=O)C4=C(C3=O)NC=CN4,,
6096807,COC1=CC=CC(=C1OC)CN2C(=O)C3=C(C2=O)C(=O)C4=C(C3=O)NC=CN4,,
6096808,COC1=CC(=C(C=C1)CN2C(=O)C3=C(C2=O)C(=O)C4=C(C3=O)NC=CN4)OC,,
6096809,COC1=CC(=C(C=C1)OC)CN2C(=O)C3=C(C2=O)C(=O)C4=C(C3=O)NC=CN4,,
6096812,C1=CC(=CC(=C1)C(F)(F)F)CN2C(=O)C3=C(C2=O)C(=O)C4=C(C3=O)NC=CN4,,
6096813,C1=CC(=CC(=C1)F)CN2C(=O)C3=C(C2=O)C(=O)C4=C(C3=O)NC=CN4,,
6096814,C1=CC(=CC=C1CN2C(=O)C3=C(C2=O)C(=O)C4=C(C3=O)NC=CN4)F,,
6096815,C1=CC(=C(C=C1Br)F)CN2C(=O)C3=C(C2=O)C(=O)C4=C(C3=O)NC=CN4,,
6096816,C1=CC(=C(C=C1Br)CN2C(=O)C3=C(C2=O)C(=O)C4=C(C3=O)NC=CN4)F,,
6096817,C1=CNC2=C(N1)C(=O)C3=C(C2=O)C(=O)N(C3=O)CC4=CC(=CC(=C4)F)F,,
6096818,C1=CC(=C(C=C1CN2C(=O)C3=C(C2=O)C(=O)C4=C(C3=O)NC=CN4)Cl)F,,
6096819,C1=CC(=CC(=C1)Cl)CN2C(=O)C3=C(C2=O)C(=O)C4=C(C3=O)NC=CN4,,
6096820,C1=CC(=CC=C1CN2C(=O)C3=C(C2=O)C(=O)C4=C(C3=O)NC=CN4)Cl,,
6096821,C1=CC(=C(C=C1CN2C(=O)C3=C(C2=O)C(=O)C4=C(C3=O)NC=CN4)Cl)Cl,,
6096822,C1=CNC2=C(N1)C(=O)C3=C(C2=O)C(=O)N(C3=O)CC4=CC(=CC(=C4)Cl)Cl,,
6096823,C1=CC=C(C(=C1)CN2C(=O)C3=C(C2=O)C(=O)C4=C(C3=O)NC=CN4)Br,,
6096826,C1=CC=C(C(=C1)C2=CC=CC(=C2)CN3C(=O)C4=C(C3=O)C(=O)C5=C(C4=O)NC=CN5)F,,
6096827,C1=CC=C(C(=C1)C2=CC=C(C=C2)CN3C(=O)C4=C(C3=O)C(=O)C5=C(C4=O)NC=CN5)F,,
6096860,COC1=CN=C(C2=C1C(=CN2)C(=O)C(=O)N3CCN(CC3)C(=O)C4=CC=CC=C4)C5=CNC(=O)C=N5,,
6096868,C\1[C@H](NC(=C/C1=C/C=[N+]2[C@@H](CC3=CC(=C(C=C32)O[C@H]4[C@@H]([C@H]([C@@H]([C@H](O4)CO)O)O)O)O)C(=O)[O-])C(=O)O)C(=O)O,,
6096880,C(CN(CC(=O)[O-])CC(=O)[O-])N(CC(=O)[O-])CC(=O)[O-].O.[Na+].[Na+].[Ca+2],,
6097181,C(=O)(C(C(=O)[O-])(O)O)[O-].[Na+].[Na+],,
6097185,C1=C2C(=C3C=C(C(=O)C(=C3OC2=C(C(=C1Br)[O-])Br)Br)Br)C4=C(C(=C(C(=C4Cl)Cl)Cl)Cl)C(=O)[O-].[Na+].[Na+],,
6097189,C([C@@H](C(=O)[O-])O)C(=O)[O-].[Na+].[Na+],,
6098192,C1CN2CCC1[C@@H](C2)OC(=O)N3CCC4=CC=CC=C4[C@H]3C5=CC=CC=C5,,
6098257,CC1=CC=C(C=C1)S(=O)(=O)N2CCC(=O)N(CC2)C(COCC3=CC(=CC=C3)C(F)(F)F)C(C)C,,
6099959,C(C(=O)[O-])C(CC(=O)[O-])(C(=O)[O-])O.C(C(=O)[O-])C(CC(=O)[O-])(C(=O)[O-])O.[Mg+2].[Mg+2].[Mg+2],,
6100372,C(CC(=O)[O-])CO.C(CC(=O)[O-])CO.[Ca+2],,
6101690,C([C@H]([C@H]([C@@H]([C@@H](C=O)O)O)O)O)OP(=O)(O)O,,
6101730,C([C@H]([C@@H]([C@@H](C(=O)COP(=O)(O)O)O)O)O)O,,
6101749,C1CCN2C[C@H]3C[C@@H]([C@H]2C1)CN4[C@@H]3CCCC4=O,,
6102684,CC1=CC(=C(C=C1)NS(=O)(=O)C2=CC=CC=C2)C(=O)O,,
6102685,C1CCC2=C(C1)C=CC(=C2C(=O)O)NS(=O)(=O)C3=CC=CC=C3,,
6102686,CN(C)C/C=C\C1=C(C=CC(=C1)F)S(=O)(=O)NC2=C(C3=C(CCCC3)C=C2)C(=O)O,,
6102706,CC(C)[C@@H](C(=O)N[C@@H](CC1=CC=CC=C1)[C@@H]([C@H]([C@@H]2CCCN2C(=O)[C@H](C(C)C)NC(=O)[C@H](CC3=CNC4=CC=CC=C43)NC(=O)C)O)O)NC(=O)[C@H](CC5=CNC6=CC=CC=C65)NC(=O)C,,
6102708,CC1([C@@H](N(CCS1)S(=O)(=O)C2=CC=C(C=C2)OCC#CCN)C(=O)NO)C,,
6102731,CC(C)(C)[C@@H](CO)NC(=O)C1=CC(=C(C=C1)C2=C(N=C(C=C2)OC)C(=O)NC3=CC=C(C=C3)C(=N)N)C(=O)O,,
6102761,C[C@H]1CN([C@@H](CN1C(=O)[C@](C)(C(F)(F)F)O)C)C(=O)C2=CC=C(C=C2)C#N,,
6102762,CCN(C1=CC=CC=C1)S(=O)(=O)C2=CC(=C(C=C2)NC(=O)[C@](C)(C(F)(F)F)O)C,,
6102763,CC(C)C1=CC=C(C=C1)COC2=C(C=C(C=C2)CC(=O)NCCN)Cl,,
6102777,C1=CC=C2C(=C1)C(=O)C3=C(O2)C=CC(=C3)S(=O)(=O)NC4=NNN=N4,,
6102781,C1=CC(=CC=C1CP(=O)(C[C@@H](CCC(=O)O)C(=O)O)O)I,,
6102809,C1[C@H]2[C@@H]([C@@H](S1)CCCCCOP(=O)(O)OC[C@@H]3[C@H]([C@H]([C@@H](O3)N4C=NC5=C(N=CN=C54)N)O)O)NC(=O)N2,,
6102812,CCCC1=C(C=CC2=C1C=CC(=C2)C(=O)C3=CC=CC=C3)OCCCOC4=CC5=C(C=C4)N(C=C5)CC(=O)O,,
6102820,C1=CC2=C(C=C1Cl)N=C(O2)NS(=O)(=O)C3=C(C=CC(=C3)Cl)Cl,,
6102821,COC1=NC=C(C=C1)C2=C3C(=CC(=C2)OC)N=C(O3)NS(=O)(=O)C4=C(C=CC(=C4)Cl)Cl,,
6102822,COC1=CC(=C2C(=C1)N=C(O2)NS(=O)(=O)C3=C(C=CC(=C3)Cl)Cl)C4=CC(=CC=C4)N,,
6102824,C1CC1[C@@H](C(=O)N2CC(=C[C@H]2C3=CC=CC=C3)C4=C(C=CC(=C4)F)F)N,,
6102825,CN(C)C(=O)N1CC(C[C@H]1C2=CC=CC=C2)C3=C(C=CC(=C3)F)F,,
6102852,C1CN(CCN(CCN(CCN1CC(=O)[O-])CC(=O)[O-])[C@H](CO)[C@@H](CO)O)CC(=O)[O-].[Gd+3],,
6104993,CC(C)(C)CC(C)(C)NC(=O)/C=C/C(=O)O,,
6105572,C1=CC=C(C=C1)C2=CC(=O)C3=C(N2)N=C(C=C3)Cl,,
6107389,CCN(CC)C(=O)/C=C/C1=CC2=C(C=C1)OCO2,,
6109346,CC(C)/C=C\1/C(=O)N/C(=C\C2=CC=CC=C2)/C(=O)N1,,
6109852,C1CN(CCN1CC2=CC(=O)OC3=C2C=CC(=C3O)O)C4=CC=CC=C4F,,
6112114,CC1=CC=CC=C1OCC2=CC=CC=C2/C(=N\OC)/C(=O)OC,,
6112225,C1=CC=C(C=C1)C(=O)/C=C/C2=CC3=CC=CC=C3N=C2Cl,,
6112709,C/C(=C\CCC(C)(C)OC(=O)C)/C=C,,
6115271,C1=CC=C(C=C1)/C=C/C(=O)C2=CC(=CC=C2)C(F)(F)F,,
6115849,CC/C=C/C=C/CCCCCCCCOC(=O)C,,
6116364,CC(C)CC1=CC=C(C=C1)/C=C/C(=O)N2CCCCC2,,
6116651,C1=CC=C(C=C1)C2/C(=C/C3=CC=NC=C3)/C(=O)C4=CC=CC=C4O2,,
6123144,C1CC(=O)C(C1CC(=O)O)C/C=C/CCOC2C(C(C(C(O2)CO)O)O)O,,
6123890,COC1=C(C=CC(=C1)/C=C/C(=O)C2=CC=CC=C2)O,,
6123893,CC1=CC=C(C=C1)C(=O)/C=C/C2=CC(=C(C=C2)O)OC,,
6124135,C1=CC(=C(C=C1/C=C/C(=O)OC2C(C(C(C(O2)CO)O)O)O)O)O,,
6124136,C1C(C(C(C=C1C(=O)O)O)O)OC(=O)/C=C/C2=CC(=C(C=C2)O)O,,
6124212,C1C(C(C(CC1(C(=O)O)OC(=O)/C=C/C2=CC(=C(C=C2)O)O)OC(=O)/C=C/C3=CC(=C(C=C3)O)O)O)O,,
6124299,C1=CC(=C(C=C1/C=C/C(=O)OC(CC(=O)O)C(=O)O)O)O,,
6124753,CC1=C(C(=O)C2=CC=CC=C2N1)C/C=C(\C)/CC/C=C(\C)/CCC=C(C)C,,
6125184,C/C(=N\NC(=O)NC1=CC(=CC(=C1)F)F)/C2=C(C=CC=N2)C(=O)O,,
6138419,CC1=CC(C(C(C1)C2=C(C=C(C=C2)O)O)C(=O)C3=C(C(=C(C=C3)O)CC=C(C)C)O)C4=C(C=C(C5=C4OC(=C(C5=O)CC=C(C)C)C6=C(C=C(C=C6)O)O)O)O,,
6142841,CC(=O)NC1=CC=C(C=C1)/C=C/2\CCC3=CC=CC=C3C2=O,,
6143785,C/C(=C\C1=CC=C(C=C1)OC)/C(=O)C,,
6145900,COC1=CC(=CC(=C1OC)OC)/C=C/C(=O)C2=CC(=C(C(=C2)OC)OC)OC,,
6145931,CCCCCC(/C=C/C1C=CC(=O)C1C/C=C/CCCC(=O)OC)OC(=O)C,,
6147378,C1=CC(=CC(=C1)[N+](=O)[O-])/C=C/C(=O)C2=CC(=CC=C2)[N+](=O)[O-],,
6148082,C1=CC(=C(C=C1/C=C/C(=O)O)O)OC2C(C(C(C(O2)CO)O)O)O,,
6148417,COC1=CC=C(C=C1)NC(=O)CN2C3=CC=CC=C3/C(=C/4\C(=O)N(C(=S)S4)C5CCS(=O)(=O)C5)/C2=O,,
6151183,C1=CC(=CC=C1/C=C/2\C(=O)C3=C(O2)C=C(C=C3)O)O,,
6151363,CC1=C(C(CCC1=O)(C)C)/C=C/C(=C/C=C/C(=C/C=O)/C)/C,,
6154037,COC1=CC(=CC(=C1OC)OC)/C=C/C(=O)N,,
6154317,COC1=CC(=C(C(=C1)OC)C(=O)/C=C/C2=CC=CC=C2)OC,,
6154324,CC/C=C/CCOC(=O)CC(C)C,,
6155526,C(/C=C/C(=O)O)O,,
6156423,CN(C)C1=CC=C(C=C1)/C=C/C(=O)C2=CC(=C(C=C2)OC)OC,,
6157056,COC1=CC(=CC2=C1OC(C2C(=O)OC)C3=CC(=C(C=C3)O)OC)/C=C/C(=O)OC,,
6160690,CN(C)CCC1=CNC2=C1C=C(C=C2)/C=C/C(=O)NCC3=CC=C(C=C3)OC,,
6161281,C1=CC=C(C=C1)N2C=C(C(=N2)C3=CC=C(C=C3)OCC4=CC=C(C=C4)Cl)/C=C\5/C(=O)N(C(=S)S5)CCS(=O)(=O)O,,
6161490,CCCC/C=C/CCCCCCCCCCCC(=O)O,,
6161915,COC1=CC=CC=C1/C=C/C(=O)C2=C(C=C(C=C2)O)O,,
6162622,CC1=CC(=CC=C1)/C=C/C(=O)C2=CC=CC=C2,,
6165105,CC1C2=NC(=CS2)/C=C\C=C/C(=O)C(/C=C(\CCC3(CC(=O)N1)C(C(=O)SS3=O)(C)O)/C)O,,
6165177,C/C(=N\OC(=O)N(C)SN(C)C(=O)O/N=C(/C)\SC)/SC,,
6165447,C1=C(OC(=C1)[N+](=O)[O-])/C=N/NC(=O)C(=O)N,,
6166563,C1CCN(CC1)S(=O)(=O)C2=CC=C(C=C2)C3=NN(C=C3/C=C\4/C(=O)N(C(=S)S4)CCS(=O)(=O)O)C5=CC=CC=C5,,
6168296,COC1=CC(=CC(=C1O)OC)/C=C/C(=O)OC2C(C(C(C(O2)CO)O)O)O,,
6171845,COC1=CC(=C(C=C1)C(=O)/C=C/C2=CC=C(C=C2)O)OC,,
6172473,C1=CC=C(C=C1)COC2=CC=C(C=C2)/C=C/C(=O)C3=CC=CC=C3O,,
6172511,C1=CC(=C(C=C1C(=O)/C=C/C(=O)O)Cl)Cl,,
6173840,C1COC2=C(O1)C=CC(=C2)/C=C/C(=O)O,,
6175900,CC1=CC=C(C=C1)/C=C/C(=O)/C=C/C2=CC=CC=C2,,
6179462,C1=CC=C2C(=C1)C=CC(=N2)/C=C/C3=CC=CO3,,
6180381,C1=CC(=CC=C1/C=C/C#N)C(=O)O,,
6181239,C/C(=N\NC1=NC2=C(N1CCO)C(=O)NC(=O)N2C)/C=C/C3=CC=CC=C3,,
6181860,COC1=CC=C(C=C1)/C=C/C2=CC(=O)C3=CC=CC=C3O2,,
6183479,C(=C/C(=O)[O-])\C(=O)O,,
6184351,C1=C(OC(=C1)[N+](=O)[O-])/C=N\NC(=O)C2=C(C(=CC(=C2)[N+](=O)[O-])[N+](=O)[O-])O,,
6184667,CC(C)(C)C1=CC(=CC(=C1)C(=O)/C=C/C2=CC=C(C=C2)C(=O)O)C(C)(C)C,,
6193964,C1=CC=C2C(=C1)N=C(O2)/C=C/C(=O)O,,
6198157,CC1=C(C=CC2=C1OC=C(C2=O)C3=CC=C(C=C3)Cl)O,,
6210220,C/C(=C\C1=CC=CO1)/C=O,,
6211262,COC1=CC(=C(C=C1)/C=C/C(=O)C2=CC3=C(C=C2)OCO3)OC,,
6211950,COC1=CC(=C(C=C1)O)C(=O)/C=C/C2=CC=CC=C2OC,,
6213999,COC1=CC=CC(=C1)/C=C/C(=O)C2=CC(=CC=C2)OC,,
6214038,COC1=C(C=C(C=C1)/C=C/C(=O)C2=CC(=C(C(=C2)OC)OC)OC)OC,,
6220280,CC1CCN(CC1)CC2=C(C=CC3=C2O/C(=C\C4=CC=CO4)/C3=O)O,,
6223069,CC1C(C(C(C(O1)OCC2C(C(C(C(O2)OC3=C(OC4=CC(=CC(=C4C3=O)O)O)C5=CC(=C(C=C5)O)OC)O)O)O)O)O)O,,
6229410,COC1=CC=CC(=C1)/C=C\2/C(=O)N(C(=O)S2)CC(=O)O,,
6232217,C1CC(OC1)COC(=O)/C=C/C2=CC=CC=C2,,
6235482,CN1C=CC=C1/C=C/C(=O)O,,
6236106,CC1=C(SC2=C1C(=O)NC(=N2)/C=C/C3=CC(=CC=C3)O)C(=O)O,,
6241452,CCN1C(=NC2=CC=CC=C2C1=O)/C=C/C3=CC=CC=C3C,,
6242497,CC(C)(C)OC(=O)C(C)(C)O/N=C(/C1=CSC(=N1)N)\C(=O)O,,
6243506,CC(=O)NC1=NN=C(S1)/C=C/C2=CC=C(C=C2)OC,,
6246154,CCCCC/C=C\CC1C(O1)CCCCCCCC(=O)O,,
6246448,CN\1CCC/C1=C\C=C\2/C(=O)N(C(=S)N2C)C,,
6247103,COC1=CC(=CC(=C1OC)OC)/C=C/2\CCC3=C(C4=CC=CC=C4N=C23)C(=O)O,,
6247184,CCN1C(=NC2=CC=CC=C2C1=O)/C=C/C3=CC=CC=C3Cl,,
6250403,COC1=CC(=CC(=C1OC)OC)C2=C(C(=O)C3=C(O2)C=C(C=C3)O)O,,
6251270,CC(=CCC1=C(C=CC(=C1O)C(=O)/C=C/C2=CC=CC=C2)O)C,,
6251866,C1=C(C=C2C(=C1[N+](=O)[O-])C(=O)NS2=O)[N+](=O)[O-],,
6252910,C1=C(OC(=C1)[N+](=O)[O-])/C=C/C(=NN=C(N)N)/C=C/C2=CC=C(O2)[N+](=O)[O-],,
6253276,COC1=CC=C(C=C1)/C=C/C(=O)C2=C(C(=C(C=C2O)OC)OC)OC,,
6253344,COC1=CC(=CC(=C1C(=O)/C=C/C2=CC=C(C=C2)O)O)O,,
6255227,C1=CC=C(C=C1)CNC(=O)/C(=C/C2=CN(C3=CC=CC=C32)CC(=O)O)/C#N,,
6257035,CC1C2C(NC(=O)C2(C(C(C1=C)O)/C=C/CC(C)CCCC3CCC(=O)O3)O)CC4=CC=CC=C4,,
6257227,CC(C)(C)C(=O)/C=C/C1=CC(=C(C=C1)OC)OC,,
6259976,CC/C=C/1\C2=CC=CC=C2C(=O)O1,,
6260040,COC1=CC=CC2=C1C(=O)C3=C(O2)C=C(C=C3)O,,
6260974,CCC1C(/C=C(/C=C/C(=O)C(CC(C(C(C(CC(=O)O1)O)C)OC2C(C(C(C(O2)C)OC3CC(C(C(O3)C)O)(C)O)N(C)C)O)CC=O)C)\C)COC4C(C(C(C(O4)C)O)OC)OC,,
6261723,C/C=C/C1=CC2=C(C=C1)OC(=C2C)C3=CC=C(C=C3)O,,
6263372,C1COCCN1S(=O)(=O)C2=CC=C(C=C2)C3=NN(C=C3/C=C\4/C(=O)N(C(=S)S4)CCS(=O)(=O)O)C5=CC=CC=C5,,
6263552,C1CCC2=C(C1)C(=NN2)C(=O)N/N=C\C3=CC(=CC=C3)Cl,,
6263734,CCOC1=CC2=C(C=C1)C(=O)/C(=C\3/C(=O)C4=C(S3)C=C(C=C4)OCC)/S2,,
6278000,CCOC(=O)C12CC1/C(=N\O)/C3=CC=CC=C3O2,,
6280959,C1=CC(=C(C=C1O)O)/C=C\2/C(=O)NC(=O)S2,,
6283138,CC1=CC=C(C=C1)C(=O)N/C(=C/C2=CC=C(O2)C3=CC(=C(C=C3)Cl)Cl)/C(=O)NCC4=CC=CC=C4,,
6283743,CC1(C=CC2=C(O1)C=CC(=C2O)C(=O)/C=C/C3=CC=CC=C3)C,,
6284052,COC1=CC=CC=C1/C=C/C(=O)/C=C/C2=CC=CC=C2O,,
6284920,COC1=CC(=CC(=C1)/C=C/C(=O)OC)OC,,
6285035,C1=CC(=CC=C1/C=C/C=O)Br,,
6285057,CC1CC(=CC(C1/C=C/C(=O)C)C)C,,
6285114,C1=CC(=C(C=C1Cl)Cl)/C=C/C(=O)C2=C(C=C(C=C2)Cl)Cl,,
6289935,CC1=C(C(=O)C2=CC=CC=C2C1=O)C/C=C(\C)/CC/C=C(\C)/CC/C=C(\C)/CC/C=C(\C)/CC/C=C(\C)/CC/C=C(\C)/CC/C=C(\C)/CC/C=C(\C)/CCC=C(C)C,,
6290103,C1C(OC2=CC(=CC(=C2C1=O)O)OC3C(C(C(C(O3)COC(=O)/C=C/C4=CC=C(C=C4)O)O)O)O)C5=CC=C(C=C5)O,,
6293081,COC1=CC(=C(C(=C1)OC)C(=O)/C=C/C2=CC=C(C=C2)O)O,,
6293976,CCCCCC(=O)/C=C/C(=O)O,,
6295617,C1CC(=O)N(C1)C/C(=N/OC(=O)C2=CC=C(C=C2)Cl)/N,,
6296545,COC1=CC=CC(=C1OC)/C=C/C(=O)C2=CC=CC=C2O,,
6297117,COC1=CC=C(C=C1)C2=NN(C=C2/C=C\3/C(=O)N(C(=S)S3)CCS(=O)(=O)O)C4=CC=CC=C4,,
6303480,CN(CCO)C(=O)/C=C/C1=CC=CC=C1,,
6305574,COC1=C(C=CC(=C1)/C=C/C(=O)O)OS(=O)(=O)O,,
6306482,C1C/C(=N/NC2=CC=C(C=C2)Cl)/CC(=O)C1,,
6306732,CC/C=C/CCOC=O,,
6312351,C/C=C/C(=O)C1=C(OC(=O)C=C1OC)C,,
6312649,C1=C(NC(=C1Br)Br)C(=O)NC/C=C/C2=CN=C(N2)N,,
6314185,CCNC(=O)/C=C(\C)/C=C/C=C(\C)/C=C/C1=C(C(=C(C=C1C)OC)C)C,,
6320331,C1OC2=C(O1)C=C(C=C2)C3=C4C(=CC5=C3C(=O)NNC5=O)C=CC6=C4OCO6,,
6320435,CC(C)CN(C[C@H]([C@H](CC1=CC=CC=C1)NC(=O)O[C@@H]2CO[C@H]3[C@@H]2CCO3)O)S(=O)(=O)C4=CC=C(C=C4)N,,
6320438,CC(C)CN(C[C@H]([C@H](CC1=CC=CC=C1)NC(=O)O[C@H]2CO[C@@H]3[C@H]2CCO3)O)S(=O)(=O)C4=CC=C(C=C4)O,,
6320439,CC(C)CN(C[C@H]([C@H](CC1=CC=CC=C1)NC(=O)O[C@H]2CO[C@@H]3[C@H]2CCO3)O)S(=O)(=O)C4=CC=C(C=C4)C#N,,
6320440,CC(C)CN(C[C@H]([C@H](CC1=CC=CC=C1)NC(=O)O[C@H]2CO[C@@H]3[C@H]2CCO3)O)S(=O)(=O)C4=CC=C(C=C4)CN,,
6320441,CC(C)CN(C[C@H]([C@H](CC1=CC=CC=C1)NC(=O)O[C@H]2CO[C@@H]3[C@H]2CCO3)O)S(=O)(=O)C4=CC=C(C=C4)[N+](=O)[O-],,
6320551,CCC1=C(NC(=O)C(=C1C(=O)C2=CC(=CC(=C2)C)C)N(C)C)CO,,
6320569,CC(C)CN(C[C@H]([C@H](CC1=CC=CC=C1)NC(=O)O[C@H]2CO[C@@H]3[C@H]2CCO3)O)S(=O)(=O)C4=CC5=C(C=C4)N=CS5,,
6320582,CC(C)(C)OC(=O)N1CCC2C1CCN(C2)CCC(C)(CN(C)S(=O)(=O)C3=CC=CC=C3)C4=CC=CC=C4,,
6320746,CC(C)(C)[C@@H](C(=O)N1C[C@@H](C[C@H]1C(=O)N[C@@]2(C[C@H]2C=C)C(=O)NS(=O)(=O)C3=CC=CC=C3)OC4=CC(=NC5=C4C=CC(=C5)OC)C6=CC=CC=C6)NC(=O)OC(C)(C)C,,
6320987,CCCCCCCC(=O)CCCCCCCC[C@H](C(=O)N[C@@H](CC1=CC=C(C=C1)OCCC(C)C)C(=O)O)[C@@](CC(=O)O)(C(=O)O)O,,
6321046,COC1=CC=C(C=C1)S(=O)(=O)N(C[C@H]([C@H](CC2=CC=CC=C2)NC(=O)O[C@H]3CO[C@@H]4[C@H]3CCO4)O)OC5CCCC5,,
6321047,C1CCC(C1)ON(C[C@H]([C@H](CC2=CC=CC=C2)NC(=O)O[C@H]3CO[C@@H]4[C@H]3CCO4)O)S(=O)(=O)C5=CC=CC(=C5)N,,
6321048,C1CCC(C1)ON(C[C@H]([C@H](CC2=CC=CC=C2)NC(=O)O[C@H]3CO[C@@H]4[C@H]3CCO4)O)S(=O)(=O)C5=CC=C(C=C5)N,,
6321049,C1CCC(C1)ON(C[C@H]([C@H](CC2=CC=CC=C2)NC(=O)O[C@H]3CO[C@@H]4[C@H]3CCO4)O)S(=O)(=O)C5=CC=C(C=C5)O,,
6321050,C1CCC(C1)ON(C[C@H]([C@H](CC2=CC=CC=C2)NC(=O)O[C@H]3CO[C@@H]4[C@H]3CCO4)O)S(=O)(=O)C5=CC6=C(C=C5)OCO6,,
6321051,C1CCC(C1)ON(C[C@H]([C@H](CC2=CC=CC=C2)NC(=O)O[C@H]3CO[C@@H]4[C@H]3CCO4)O)S(=O)(=O)C5=CC6=C(C=C5)OCCO6,,
6321052,COC1=CC=C(C=C1)S(=O)(=O)N(C[C@H]([C@H](CC2=CC=CC=C2)NC(=O)O[C@H]3CO[C@@H]4[C@H]3CCO4)O)OC5CCCCC5,,
6321053,C1CCC(CC1)ON(C[C@H]([C@H](CC2=CC=CC=C2)NC(=O)O[C@H]3CO[C@@H]4[C@H]3CCO4)O)S(=O)(=O)C5=CC=CC(=C5)N,,
6321054,C1CCC(CC1)ON(C[C@H]([C@H](CC2=CC=CC=C2)NC(=O)O[C@H]3CO[C@@H]4[C@H]3CCO4)O)S(=O)(=O)C5=CC=C(C=C5)N,,
6321055,C1CCC(CC1)ON(C[C@H]([C@H](CC2=CC=CC=C2)NC(=O)O[C@H]3CO[C@@H]4[C@H]3CCO4)O)S(=O)(=O)C5=CC=C(C=C5)O,,
6321056,C1CCC(CC1)ON(C[C@H]([C@H](CC2=CC=CC=C2)NC(=O)O[C@H]3CO[C@@H]4[C@H]3CCO4)O)S(=O)(=O)C5=CC6=C(C=C5)OCO6,,
6321057,C1CCC(CC1)ON(C[C@H]([C@H](CC2=CC=CC=C2)NC(=O)O[C@H]3CO[C@@H]4[C@H]3CCO4)O)S(=O)(=O)C5=CC6=C(C=C5)OCCO6,,
6321070,CC(C)CN(C[C@H]([C@H](CC1=CC=C(C=C1)OCCN)NC(=O)O[C@H]2CO[C@@H]3[C@H]2CCO3)O)S(=O)(=O)C4=CC5=C(C=C4)OCO5,,
6321071,CC(C)CN(C[C@H]([C@H](CC1=CC=C(C=C1)OCCCN)NC(=O)O[C@H]2CO[C@@H]3[C@H]2CCO3)O)S(=O)(=O)C4=CC5=C(C=C4)OCO5,,
6321072,CC(C)CN(C[C@H]([C@H](CC1=CC=C(C=C1)OCCCCN)NC(=O)O[C@H]2CO[C@@H]3[C@H]2CCO3)O)S(=O)(=O)C4=CC5=C(C=C4)OCO5,,
6321073,CC(C)CN(C[C@H]([C@H](CC1=CC=C(C=C1)OCCNC(=O)C)NC(=O)O[C@H]2CO[C@@H]3[C@H]2CCO3)O)S(=O)(=O)C4=CC5=C(C=C4)OCO5,,
6321076,CC(C)CN(C[C@H]([C@H](CC1=CC=C(C=C1)OCCNC(=O)OC)NC(=O)O[C@H]2CO[C@@H]3[C@H]2CCO3)O)S(=O)(=O)C4=CC5=C(C=C4)OCO5,,
6321079,CC(C)CN(C[C@H]([C@H](CC1=CC=C(C=C1)OCCNC(=O)NC)NC(=O)O[C@H]2CO[C@@H]3[C@H]2CCO3)O)S(=O)(=O)C4=CC5=C(C=C4)OCO5,,
6321085,CC(C)CN(C[C@H]([C@H](CC1=CC=C(C=C1)OCCNS(=O)(=O)C)NC(=O)O[C@H]2CO[C@@H]3[C@H]2CCO3)O)S(=O)(=O)C4=CC5=C(C=C4)OCO5,,
6321193,COC1=CN=C(C2=C1C(=CN2)C(=O)C(=O)N3CCN(CC3)C(=O)C4=CC=CC=C4)C5=CN=NC=C5,,
6321297,CC1=C(N=C(N=C1N)[C@H](CC(=O)N)NC[C@@H](C(=O)N)N)C(=O)N[C@@H]([C@H](C2=CN=CN2)O[C@H]3[C@H]([C@H]([C@@H]([C@@H](O3)CO)O)O)O[C@@H]4[C@H]([C@H]([C@@H]([C@H](O4)CO)O)OC(=O)N)O)C(=O)N[C@H](C)[C@H]([C@H](C)C(=O)N[C@@H]([C@@H](C)O)C(=O)NCCC5=NC(=CS5)C6=NC(=CS6)C(=O)NCCCN[C@@H](C)C7=CC=CC=C7)O.OS(=O)(=O)O,,
6321351,CCCCC/C=C\C/C=C\C/C=C\C/C=C\CCCC(=O)N[C@H](C)CO,,
6321356,CCCCCCCCCCCCCCC[C@H]([C@H](CO[C@H]1C(C([C@@H]([C@H](O1)CO)O)O)O)NC(=O)CCCCCCCCCCCCCCC)O,,
6321360,CCCCCCCCCCCCC/C=C/[C@H]([C@H](CO[C@H]1C(C([C@@H]([C@H](O1)CO)O)O)O)NC(=O)CCCCCCCCCCCCC/C=C\CCCCCCCC)O,,
6321361,CCCCCCCCCCCCCCCCCCCCCCCC(=O)N[C@@H](CO[C@H]1C(C([C@@H]([C@H](O1)CO)O)O)O)[C@@H](/C=C/CCCCCCCCCCCCC)O,,
6321364,CCCCCCCCCCCCCCCCCC(=O)N[C@@H](CO[C@H]1C(C([C@@H]([C@H](O1)CO)O)O)O)[C@@H](CCCCCCCCCCCCCCC)O,,
6321365,CCCCCCCCCCCCCCCCCCCC(=O)N[C@@H](CO[C@H]1C(C([C@@H]([C@H](O1)CO)O)O)O)[C@@H](CCCCCCCCCCCCCCC)O,,
6321366,CCCCCCCCCCCCCCCCCCCCCC(=O)N[C@@H](CO[C@H]1C(C([C@@H]([C@H](O1)CO)O)O)O)[C@@H](CCCCCCCCCCCCCCC)O,,
6321368,CCCCCCCCCCCCCCCCCCCCCCCC(=O)N[C@@H](CO[C@H]1C(C([C@@H]([C@H](O1)CO)O)O)O)[C@@H](CCCCCCCCCCCCCCC)O,,
6321389,CC1=NC=C(C=C1)CC2=CN=C(NC2=O)NCCSCC3=CC=C(O3)CN(C)C.Cl.Cl.Cl,,
6321414,CC(C)OC(=O)OC(C)OC(=O)C1=C(CS[C@H]2N1C(=O)[C@H]2NC(=O)/C(=N/OC)/C3=CSC(=N3)N)COC,,
6321416,CC(OC(=O)C)OC(=O)C1=C(CS[C@H]2N1C(=O)[C@H]2NC(=O)/C(=N\OC)/C3=CC=CO3)COC(=O)N,,
6321424,CC[C@H](C)[C@@H]1[C@H](CC[C@@]2(O1)C[C@@H]3C[C@H](O2)C/C=C(/[C@H]([C@H](/C=C/C=C/4\CO[C@H]5[C@@]4([C@@H](C=C([C@H]5O)C)C(=O)O3)O)C)O[C@H]6C[C@@H]([C@H]([C@@H](O6)C)O[C@H]7C[C@@H]([C@H]([C@@H](O7)C)O)OC)OC)\C)C,,
6321425,C[C@H]1CC[C@]2(C[C@@H]3C[C@H](O2)C/C=C(/[C@H]([C@H](/C=C/C=C/4\CO[C@H]5[C@@]4([C@@H](C=C([C@H]5O)C)C(=O)O3)O)C)O[C@H]6C[C@@H]([C@H]([C@@H](O6)C)O[C@H]7C[C@@H]([C@H]([C@@H](O7)C)O)OC)OC)\C)O[C@@H]1C(C)C,,
6321429,CCOC(=O)[C@H](CCC1=CC=CC=C1)N[C@@H](C)C(=O)N2[C@H]3CCCC[C@H]3C[C@H]2C(=O)O,,
6321940,COC1=CC(=CC(=C1OC)OC)/C=N/NC(=O)C2=CC=NC=C2,,
6323178,C1C[C@@H]([C@H](C1)O)[C@@H](CCCCC(=N)N)C=O,,
6323182,CC(C)(C)NC(=O)N1CCN(CC1)C(=O)N[C@@H]([C@@H](CCCN=C(N)N)C=O)C(=O)O,,
6323191,CC1=CC(=NO1)C(=O)N[C@@H](C)C(=O)N[C@@H](C(C)C)C(=O)N[C@@H](CC(C)C)C(=O)N[C@@H](C[C@@H]2CCNC2=O)/C=C/C(=O)OCC3=CC=CC=C3,,
6323208,CCOC(=O)CC[C@H](C[C@@H]1CCNC1=O)NC(=O)[C@H](CC2=CC=C(C=C2)F)CC(=O)[C@H](C(C)C)NC(=O)C3=NOC(=C3)C,,
6323218,C[C@H](C(=O)O)O[C@@H]1[C@H]([C@H](O[C@@H]([C@H]1O)CO)O)NC(=O)C,,
6323222,C[C@@H]1CC[C@H]2C[C@H](/C(=C/C=C/C=C/[C@H](C[C@H](C(=O)[C@@H]([C@@H](/C(=C/[C@H](C(=O)C[C@H](OC(=O)[C@@H]3CCCCN3C(=O)C(=O)[C@@]1(O2)O)[C@H](C)C[C@@H]4CC[C@H]([C@@H](C4)OC)O)C)/C)O)OC)C)C)/C)C5=CC=C(S5)C,,
6323266,C1CC(=N)N(C1)CC2=C(C(=O)NC(=O)N2)Cl,,
6323285,C[C@@H](C1=CC=CC=C1)N(CC(=O)N(C)C)C(=O)C[C@@H](CC2=CSC(=N2)N)C(=O)N[C@@H](CC3CCCCC3)[C@H]([C@H](CC(C)C)O)O,,
6323289,CCN(CC)CCS(=O)(=O)[C@@H]1CCN2[C@H]1C(=O)O[C@@H]([C@@H](/C=C/C(=O)NC/C=C/C(=C/[C@H](CC(=O)CC3=NC(=CO3)C2=O)O)/C)C)C(C)C,,
6323324,C[C@@H](C1=C[C@H](CN(CC1)[C@@H](C)C(=O)N[C@@H](C(C)C)C(=O)N[C@@H](C(C)C)C(=O)OC)CC2=CC=CC=C2)NC(=O)[C@H](C)N,,
6323453,CC(C)C[C@H](C[C@@H]([C@H](CC1CCCCC1)NC(=O)[C@H](CC2=CN=CN2)NC(=O)[C@H](CC3=CC=CC=C3)NC(=O)OC(C)(C)C)O)C(=O)NC,,
6323454,C[C@H]1C2=C([C@@H]3[C@@H](O1)CC(=O)O3)C(=O)C4=C(C2=O)C(=CC=C4)O,,
6323478,CC(C)C[C@@H]([C@@H]([C@H](CC1CCCCC1)NC(=O)[C@H](CC2CC2)C[C@@H]([C@H](CC3=CC=CC=C3)O)O)O)O,,
6323481,CCCC(=O)O[C@H](COC(=O)CC)COP(=O)(O)OC[C@@H](C(=O)O)N,,
6323491,C[C@@H]1C[C@@H]2[C@H](O2)/C=C\C=C\C(=O)CC3=C(C(=CC(=C3Cl)O)O)C(=O)O1,,
6323519,CCCC[C@@H](C)[C@H]([C@H]1C(=O)N[C@H](C(=O)N([C@@H](C(=O)N([C@H](C(=O)N[C@H](C(=O)N([C@H](C(=O)N[C@H](C(=O)N[C@@H](C(=O)N([C@H](C(=O)N([C@H](C(=O)N([C@H](C(=O)N1C)C(C)C)C)CC(C)C)C)CC(C)C)C)C)C)CC(C)C)C)C(C)C)CC(C)C)C)SC)C)C(C)C)O,,
6323526,CC[C@H](C=O)[C@@H](CNS(=O)(=O)C1=CC=C(C=C1)C)C(=O)O,,
6323527,CC[C@H](C=O)[C@@H](CNS(=O)(=O)C1=CC=C(C=C1)[N+](=O)[O-])C(=O)O,,
6323531,C[C@@H](C(=O)N[C@H](CCC(=O)N[C@@H](CCC[C@H](C(=O)O)N)C(=O)O)C(=O)O)NC(=O)[C@@H](C)O[C@@H]1[C@H]([C@H](O[C@@H]([C@H]1O)CO)OP(=O)(O)OP(=O)(O)OC[C@@H]2[C@H]([C@H]([C@@H](O2)N3C=CC(=O)NC3=O)O)O)NC(=O)C,,
6324103,C1=CC=C(C=C1)CNC2=NC3=CC=CC=C3NC2=O,,
6324404,CC1=CC(=CC2=C1NC(=O)C=C2C)S(=O)(=O)N3CCCCC3,,
6324455,CCN(CC)S(=O)(=O)C1=CC2=C(C=C1)NC(=O)C3=CC=CC=C32,,
6324595,C[C@H](C1=CC(=CC=C1)C(=O)O)NC[C@@H](CP(=O)(CCCCCNC(=O)C2=CC(=C(C=C2O)N=[N+]=[N-])I)O)O,,
6324606,C[C@H]([C@@H](C(=O)NCC(=O)N[C@@H](CC1=CN=CN1)C(=O)N[C@@H](CC2=CC=CC=C2)C(=O)N[C@@H](CCSC)C(=O)N)NC(=O)[C@H](C)NC(=O)[C@H](CC3=CNC4=CC=CC=C43)NC(=O)[C@H](CC(C)C)NC(=O)[C@H](CC(=O)N)NC(=O)CN)O,,
6324613,CC[C@]12CCN([C@H]([C@H]1C)C(=O)C3=C2C=C(C=C3)O)CC4CC4,,
6324614,C[C@@H]1C[C@]2([C@H]3[C@H]4[C@]1([C@@H]5C=C(C(=O)[C@]5(CC(=C4)COC(=O)CC6=CC(=C(C(=C6)I)O)OC)O)C)O[C@](O3)(O2)CC7=CC=CC=C7)C(=C)C,,
6324616,C[C@H]1/C=C/C=C(\C(=O)NC2=CC(=C3C(=C2O)C(=C(C4=C3C(=O)[C@](O4)(O/C=C/[C@@H]([C@H]([C@H]([C@@H]([C@@H]([C@@H]([C@H]1O)C)O)C)OC(=O)C)C)OC)C)C)O)O)/C,,
6324617,C[C@@H]1C(=O)O[C@@H]2[C@]1([C@@]34C(=O)O[C@H]5[C@]3([C@H]2O)[C@@]6([C@@H](C5)C(C)(C)C)[C@H](C(=O)O[C@H]6O4)O)O,,
6324620,CC[C@H](C)[C@@H](C(=O)N)NC(=O)[C@@H]1CCCN1C(=O)[C@H]2CCCN2C(=O)[C@H](CC3=CC=CC=C3)NC(=O)[C@@H](CC4=CNC5=CC=CC=C54)NC(=O)[C@H](C)NC(=O)[C@H](C)NC(=O)C6=CC=CC=C6,,
6324633,CC[C@H](C)[C@@H](C(=O)N[C@@H](CC(=O)N)C(=O)N[C@@H](CC(C)C)C(=O)N[C@@H](CCCCN)C(=O)N[C@@H](C)C(=O)N[C@@H](CC(C)C)C(=O)N[C@@H](C)C(=O)N[C@@H](C)C(=O)N[C@@H](CC(C)C)C(=O)N[C@@H](C)C(=O)N[C@@H](CCCCN)C(=O)N[C@@H](CCCCN)C(=O)N[C@@H]([C@@H](C)CC)C(=O)N[C@@H](CC(C)C)C(=O)N)N,,
6324638,C[C@H]([C@@H](C(=O)N[C@@H](CC(C)C)C(=O)N[C@@H](CC(=O)N)C(=O)N[C@@H](CO)C(=O)N[C@@H](C)C(=O)NCC(=O)N[C@@H](CC1=CC=C(C=C1)O)C(=O)N[C@@H](CC(C)C)C(=O)N[C@@H](CC(C)C)C(=O)N)NC(=O)[C@H](CC2=CNC3=CC=CC=C32)N)O,,
6324645,C[C@H]([C@@H](C(=O)NCC(=O)N[C@@H](C)C(=O)N[C@@H](CCCN=C(N)N)C(=O)N[C@@H](CCCCN)C(=O)N[C@@H](CO)C(=O)N[C@@H](C)C(=O)N[C@@H](CCCN=C(N)N)C(=O)N[C@@H](CCCCN)C(=O)N)NC(=O)[C@H](CC1=CC=CC=C1)NC(=O)CNC(=O)CNC(=O)[C@H](CC2=CC=CC=C2)N)O,,
6324647,CC1=CNC(=C1C(=O)O[C@@H](C)C2=CC[C@@]34[C@@]2(C[C@H]([C@@]56C3=CC[C@H]7[C@@]5(CC[C@](C7)(O6)O)C)O)CN(CCO4)C)C,,
6324648,CS(=O)(=O)N[C@@H](CCCCN)C(=O)NC[C@H](CC1(CCCC1)C(=O)N[C@@H](CC2=CC=C(C=C2)O)C(=O)O)C(=O)O,,
6324659,CC(C)(C)S(=O)(=O)C[C@@H](CC1=CC=CC=C1)C(=O)N[C@@H](CC2=CN=CN2)C(=O)N[C@@H](CC3CCCCC3)[C@H]([C@H](C4CC4)O)O,,
6324663,C[C@@H](C(=O)O)NC(=O)[C@@H]1CCCN1C(=O)[C@H](CC2=CN=CN2)NC(=O)[C@H](C(C)C)NC(=O)[C@H](CC3=CC=C(C=C3)O)NC(=O)[C@H](C(C)C)NC(=O)[C@H](CCCN=C(N)N)NC(=O)CNC,,
6324973,COC(=O)C1=CO[C@H]([C@H]2[C@@H]1CC=C2CO)O[C@H]3[C@@H]([C@H]([C@@H]([C@H](O3)CO[C@H]4[C@@H]([C@H]([C@@H]([C@H](O4)COC(=O)/C=C/C5=CC=C(C=C5)O)O)O)O)O)O)O,,
6325021,COC(=O)C1=CO[C@H]([C@H]2[C@@H]1[C@H](C=C2CO)O)O[C@H]3[C@@H]([C@H]([C@@H]([C@H](O3)CO)O)O)O,,
6325047,CC1(C=CC2=C3C(=C(C=C2O1)OC)C(=O)C4=CC=CC=C4N3)C,,
6325056,C/C/1=C\[C@@H]2[C@@H]([C@H](CC3=C[C@@H](C1)OC3=O)OC(=O)C(=C)C)C(=C)C(=O)O2,,
6325284,C\1[C@H](NC(=C/C1=C/C=[N+]2[C@@H](CC3=CC(=C(C=C32)O)O[C@H]4[C@@H]([C@H]([C@@H]([C@H](O4)CO)O)O)O[C@H]5[C@@H]([C@H]([C@@H]([C@H](O5)C(=O)O)O)O)O)C(=O)[O-])C(=O)O)C(=O)O,,
6325373,C1=C(N=C2C(=N1)NC(=O)NC2=O)CO,,
6325422,C[C@@]12C[C@H]([C@@H]([C@]1(CC(=O)[C@@]3([C@H]2CC=C4[C@H]3CC(=O)[C@H](C4(C)C)O)C)C)[C@](C)(C(=O)/C=C/C(C)(C)O)O)O,,
6325460,C1=CC(=CC=C1C2=C(C(=O)C3=C(C=C(C=C3O2)O[C@H]4[C@@H]([C@H]([C@@H]([C@H](O4)CO)O)O)O)O)O[C@H]5[C@@H]([C@H]([C@@H]([C@H](O5)CO)O)O)O)O,,
6325507,C/C=C(/C)\C(=O)O[C@H]1CCN2[C@@H]1C(=CC2)COC(=O)[C@@]([C@@H](C)OC)(C(C)(C)O)O,,
6325603,C[C@@H]1[C@@H]2C[C@]([C@@H](/C=C/C=C(/CC3=CC(=C(C(=C3)OC)Cl)N(C(=O)C[C@@H]([C@]4([C@H]1O4)C)OC(=O)[C@H](C)N(C)C(=O)C(C)C)C)\C)OC)(NC(=O)O2)O,,
6325610,CC1=C2C3=C(C4=CNC5=C(C(=O)C(=O)C(=C45)C3=CN2)C)C(=O)C1=O,,
6325617,C[C@H]1[C@@H]([C@H]([C@H]([C@@H](O1)O[C@H]2CC[C@@]3([C@H]4C[C@H]([C@@]5([C@H](CC[C@@]5([C@@H]4CC[C@@]3(C2)O)O)C6=CC(=O)OC6)C)O)C=O)O)O)O,,
6325654,C1OC2=C(O1)C=C(C=C2)CCCCC3=CC(=O)C4=CC=CC=C4N3,,
6325870,C[C@H]1[C@@H]([C@H]([C@H]([C@@H](O1)OC2=C(OC3=CC(=CC(=C3C2=O)O)O[C@H]4[C@@H]([C@H]([C@@H]([C@H](O4)CO)O)O)O)C5=CC(=C(C=C5)O)O)O)O)O,,
6326016,COC1=CC(=CC(=C1O)OC)/C=C/C(=O)OC[C@@H]2[C@H]([C@@H]([C@H]([C@H](O2)O[C@]3([C@H]([C@@H]([C@H](O3)CO)O)O)CO)O)O)O,,
6326020,COC1=C(C=CC(=C1)/C=C/C(=O)O[C@H]2[C@@H]([C@H](O[C@@]2(CO)O[C@@H]3[C@@H]([C@H]([C@@H]([C@H](O3)CO)O)O)O)CO)O)O,,
6326021,COC1=CC(=CC(=C1O)OC)/C=C/C(=O)O[C@H]2[C@@H]([C@H](O[C@@]2(CO)O[C@@H]3[C@@H]([C@H]([C@@H]([C@H](O3)CO)O)O)O)CO)O,,
6326363,CC(C)[C@@H](C(=O)NC)NC(=O)[C@H](CCC1=CC=CC=C1)[C@H]([C@H]([C@@H](CCC2=CC=CC=C2)C(=O)N[C@@H](C(C)C)C(=O)NC)O)O,,
6326364,CC(C)[C@@H](C(=O)NC)NC(=O)[C@H](CCC1=CC=CC=C1)[C@H]([C@@H]([C@@H](CCC2=CC=CC=C2)C(=O)N[C@@H](C(C)C)C(=O)NC)O)O,,
6326365,CC(C)(C)OC(=O)N[C@@H](CC1=CC=CC=C1)[C@H](C[C@@H](CC2=CC=CC=C2)C(=O)NC3[C@@H](CC4=CC=CC=C34)O)O,,
6326366,C1COC[C@H]1OC(=O)N[C@@H](CC2=CC=CC=C2)[C@H](C[C@@H](CC3=CC=CC=C3)C(=O)NC4[C@@H](CC5=CC=CC=C45)O)O,,
6326367,CC(C)CC(C(=O)NCCC1=CC=CC=C1)NC(=O)[C@H](CC2=CC=CC=C2)C[C@@H]([C@H](CC3=CC=CC=C3)NC(=O)OC(C)(C)C)O,,
6326368,CC(C)CC(C(=O)NCC1=CC=CC=C1)NC(=O)[C@H](CC2=CC=CC=C2)C[C@@H]([C@H](CC3=CC=CC=C3)NC(=O)OC(C)(C)C)O,,
6326369,CC(C)CC(C(=O)N)NC(=O)[C@H](CC1=CC=CC=C1)C[C@@H]([C@H](CC2=CC=CC=C2)NC(=O)OC(C)(C)C)O,,
6326370,CC(C)(C)OC(=O)N[C@@H](CC1=CC=CC=C1)[C@H](C[C@@H](CC2=CC=CC=C2)C(=O)NCC3=CC=CC=C3)O,,
6326372,CCC(C)C(C(=O)NCC(CO)O)NC(=O)[C@H](CC1=CC=CC=C1)C[C@@H]([C@H](CC2=CC=CC=C2)NC(=O)OC(C)(C)C)O,,
6326373,CC(C)(C)OC(=O)N[C@@H](CC1=CC=CC=C1)[C@H](C[C@@H](CC2=CC=CC=C2)C(=O)NC3CCCC4=CC=CC=C34)O,,
6326374,CC(C)(C)OC(=O)N[C@@H](CC1=CC=CC=C1)[C@H](C[C@@H](CC2=CC=CC=C2)C(=O)NC3CC4=CC=CC=C34)O,,
6326375,CC(C)(C)OC(=O)N[C@@H](CC1=CC=C(C=C1)O)[C@H](C[C@@H](CC2=CC=CC=C2)C(=O)N[C@@H]3[C@@H](CC4=CC=CC=C34)O)O,,
6326376,CC(C)(C)OC(=O)N[C@@H](CC1=CC=CC=C1)[C@H](C[C@@H](CC2=CC=C(C=C2)OCCN3CCCCC3)C(=O)N[C@@H]4[C@@H](CC5=CC=CC=C45)O)O,,
6326377,CC(C)(C)OC(=O)N[C@@H](CC1=CC=CC=C1)[C@H](C[C@@H](CC2=CC=C(C=C2)OCCN3CCCC3)C(=O)N[C@@H]4[C@@H](CC5=CC=CC=C45)O)O,,
6326378,CC(C)(C)OC(=O)N[C@@H](CC1=CC=CC=C1)[C@H](C[C@@H](CC2=CC=C(C=C2)OCCN3CCN(CC3)C)C(=O)N[C@@H]4[C@@H](CC5=CC=CC=C45)O)O,,
6326379,CC(C)(C)OC(=O)N[C@@H](CC1=CC=CC=C1)[C@H](C[C@@H](CC2=CC=C(C=C2)OCCN(CCOC)CCOC)C(=O)N[C@@H]3[C@@H](CC4=CC=CC=C34)O)O,,
6326380,CC(C)(C)OC(=O)N[C@@H](CC1=CC=CC=C1)[C@H](C[C@@H](CC2=CC=C(C=C2)OCCN3CCSCC3)C(=O)N[C@@H]4[C@@H](CC5=CC=CC=C45)O)O,,
6326381,CC(C)(C)OC(=O)N[C@@H](CC1=CC=CC=C1)[C@H](C[C@@H](CC2=CC=C(C=C2)OCCN3CCS(=O)CC3)C(=O)N[C@@H]4[C@@H](CC5=CC=CC=C45)O)O,,
6326382,CC(C)(C)OC(=O)N[C@@H](CC1=CC=CC=C1)[C@H](C[C@@H](CC2=CC=C(C=C2)OCCN3CCS(=O)(=O)CC3)C(=O)N[C@@H]4[C@@H](CC5=CC=CC=C45)O)O,,
6326383,CC(C)(C)OC(=O)N[C@@H](CC1=CC=CC=C1)[C@H](C[C@@H](CC2=CC=C(C=C2)OCC[N+]3(CCOCC3)O)C(=O)N[C@@H]4[C@@H](CC5=CC=CC=C45)O)O,,
6326384,CC(C)(C)OC(=O)N[C@@H](CC1=CC=CC=C1)[C@H](C[C@@H](CC2=CC=C(C=C2)OCCO)C(=O)N[C@@H]3[C@@H](CC4=CC=CC=C34)O)O,,
6326385,CC(C)(C)OC(=O)N[C@@H](CC1=CC=CC=C1)[C@H](C[C@@H](CC2=CC=C(C=C2)OCC(=O)N3CCOCC3)C(=O)N[C@@H]4[C@@H](CC5=CC=CC=C45)O)O,,
6326387,CC(C)(C)OC(=O)N[C@@H](CC1=CC=CC=C1)[C@H](C[C@@H](C/C=C/C2=CC=C(C=C2)O)C(=O)N[C@@H]3[C@@H](CC4=CC=CC=C34)O)O,,
6326390,C1=CC(=CC(=C1)/C(=N\O)/N)CN2[C@@H]([C@H]([C@H](N(C2=O)CC3=CC(=CC=C3)/C(=N\O)/N)CC4=CC=C(C=C4)F)O)CCC5=CC=C(C=C5)F,,
6326397,CC(C)C[C@H](C(=O)N)NC(=O)[C@H](CC1=CC=CC=C1)C[C@@H]([C@H](CC2=CC=CC=C2)NC(=O)OC(C)(C)C)O,,
6326398,CCC(C)[C@@H](C(=O)N[C@@H](CC1=CC=CC=C1)C(=O)N)NC(=O)[C@H](CC2=CC=CC=C2)C[C@@H]([C@H](CC3=CC=CC=C3)NC(=O)OC(C)(C)C)O,,
6326399,CC(C)C[C@@H](C(=O)NC(CC1=CC=CC=C1)CO)NC(=O)[C@H](CC2=CC=CC=C2)C[C@@H]([C@H](CC3=CC=CC=C3)NC(=O)OC(C)(C)C)O,,
6326406,CCCN(C(=O)N[C@@H](C)C1=CC=CC2=CC=CC=C21)NC(=O)[C@@H]3C[C@H](CN3C(=O)[C@H](C(C)C)NC(=O)[C@H]([C@@H](C)CC)NC(=O)[C@@H](CCC(=O)O)NC(=O)[C@H](CC(=O)O)NC(=O)C)OCC4=CC=CC=C4,,
6326658,C[C@@H]1CCOC(=O)/C=C/C=C\C(=O)O[C@@H]2C[C@@H]3[C@]4([C@]2([C@]5(CCC(=C[C@H]5O3)C)COC(=O)[C@H]1O)C)CO4,,
6326668,CC[C@H](C)[C@H]1C(=O)N2CCC[C@H]2C(=O)O[C@@H](C[C@H](C[C@@H]([C@@H](C3=N[C@H](CS3)/C=C(/C(=O)N[C@H](C(=O)N([C@H](C(=O)N1C)C)C)CC4=CC=C(C=C4)OC)\C)C)O)C)C(C)(C)C,,
6326776,C([C@@H](C(=O)O)O)O,,
6326972,C(C(C(=O)O)N)[Se],,
6326983,C([C@@H](C(=O)O)N)[Se],,
6328154,CC(=O)O.C(C(C(C(C(C=O)O)O)O)O)O.[Na],,
6328163,C(C[NH+](CC(=O)[O-])CC(=O)[O-])[NH+](CC[NH+](CC(=O)[O-])CC(=O)[O-])CC(=O)[O-].[Na+].[Na+].[Na+].[Ca+2],,
6328182,C/C(=N\N=C(N)N)/C1=CC=C(C=C1)NC(=O)NC2=CC=C(C=C2)/C(=N/N=C(N)N)/C,,
6328250,C1=CC=C2C(=C1)C3=CC=CC=C3[P+](=O)O2,,
6328657,CO/N=C(/C1=CSC(=N1)N)\C(=O)N[C@H]2[C@@H]3N(C2=O)C(=C(CS3)CSC(=O)C4=CC=CO4)C(=O)O,,
6335613,C(C(=O)O)C(CC(=O)O)(C(=O)O)O.[Na],,
6335986,COCC1=C(N2[C@@H]([C@@H](C2=O)NC(=O)/C(=N\OC)/C3=CSC(=N3)N)SC1)C(=O)O,,
6336480,CO/N=C(/C1=CSC(=N1)N)\C(=O)N[C@H]2[C@@H]3N(C2=O)C(=C(CS3)[C@@H]4CCCO4)C(=O)O,,
6336539,CCCCCCCCCCCCCCCCCC(=O)O.CCCCCCCCCCCCCCCCCC(=O)O.CCCCCCCCCCCCCCCCCC(=O)O.CCCCCCCCCCCCCCCCCC(=O)O.[Ca].[Ba],,
6336690,C(=O)(O)[O-].[OH-].[OH-].[OH-].[O-2].[Na+].[Mg+2].[Al+3].[Si],,
6337614,C1C[C@@H]2CN(C(=O)C3=CC=CC(=C23)C1)[C@@H]4CN5CCC4CC5,,
6338045,CCOC(=O)C1=CN=CN1[C@@H](C)C2=CC=CC=C2,,
6338099,C1CCN2[C@H](C1)C34C[C@H]2C=CC3=CC(=O)O4,,
6338102,C[C@H]1C(=O)C[C@@H](O1)C[N+](C)(C)C,,
6341368,C/C(=C\CN1C2=C(N=C1N3CCCC3)N(C(=O)N(C2=O)C)C)/Cl,,
6342445,C/C(=C\C1=CC=CO1)/C=N\NC(=O)CN2CCN(CC2)CC3=CC=CC=C3,,
6347547,C1[C@@H]2[C@H]([C@@H](S1)CCCCC(=O)O)NC(=O)N2,,
6351946,C1C[C@H](NC1)C(=O)N[C@@H](CC2=CC=CC=C2)C(=O)O,,
6353493,CC1=C2[C@@H]3[C@@H](CC[C@]2(C=CC1=O)C)[C@@H](C(=O)O3)CN4CCN(CC4)C5=CC=C(C=C5)OC,,
6353496,CC1=C2[C@@H]3[C@@H](CC[C@]2(C=CC1=O)C)[C@@H](C(=O)O3)CN4CCCC(C4)(C)C,,
6364534,C[C@H]1[C@@H]([C@H]([C@H]([C@@H](O1)O[C@H]2C[C@H]([C@@]3([C@@H]4[C@@H](CC[C@@]3(C2)O)[C@]5(CC[C@@H]([C@]5(C[C@H]4O)C)C6=CC(=O)OC6)O)CO)O)O)O)O.O.O.O.O.O.O.O.O,,
6364539,CCCCCCCC/C=C\CCCCCCCCOC(=O)O[C@H]1CC[C@@]2([C@H]3CC[C@]4([C@H]([C@@H]3CC=C2C1)CC[C@@H]4[C@H](C)CCCC(C)C)C)C,,
6364607,C(=C/C(=O)[O-])\C(=O)[O-].[Na+].[Na+],,
6364608,C(=C\C(=O)[O-])\C(=O)[O-].[Na+].[Na+],,
6364615,C[C@@H]1CCC[C@@H](/C=C/C(=O)O[C@]23[C@@H](/C=C/C1)[C@@H](C(=C)[C@H]([C@H]2[C@@H](NC3=O)CC4=CC=CC=C4)C)O)O,,
6364626,CCCCC[C@@H](/C=C/[C@H]1[C@@H](C[C@H]2[C@@H]1C/C(=C/CCCC(=O)[O-])/O2)O)O.[Na+],,
6364642,C[C@@H](C(=O)O)NC(=O)OCC1C2=CC=CC=C2C3=CC=CC=C13,,
6364799,C1/C(=C\C2=CC=CC=C2)/C(=O)C3=CC=CC=C3O1,,
6364802,CC1=CC=C(C=C1)/C=C/2\CSC3=CC=CC=C3C2=O,,
6364803,COC1=CC=C(C=C1)/C=C/2\CSC3=CC=CC=C3C2=O,,
6365139,C1=CC=C(C(=C1)/C=C/C=O)Cl,,
6365140,CCCCC/C=C/CCCCCCCC(=O)O,,
6365142,CCCCCCCC/C=C/CCCCCC(=O)O,,
6365145,CCC(=O)/C=C/C=O,,
6365152,C1CCC/C=C/CCCCCCC(=O)CCC1,,
6365389,C1CCCCCC(=O)CC/C=C\CCCC1,,
6365451,CCCCCC/C=C/COC(=O)C,,
6365474,CCCCCCCCCCCCCCCCCCCCCCOC(=O)/C=C/C(=O)OCCCCCCCCCCCCCCCCCCCCCC,,
6365696,CCCCCCCC(=O)OC/C=C(\C)/CCC=C(C)C,,
6365761,C/C=C/CC/C=C/C=O,,
6365813,CC(/C(=C(\C)/C(=O)C)/C)C(C)(C)C,,
6365985,CC/C=C/CCOC(=O)C(C)C,,
6366138,C/C(=C\C1=CC=C(C=C1)C(=O)O)/C2=CC3=C(C=C2)OCCC3(C)C,,
6366207,CCCCNC(=O)/C=C/C1=CC(=C(C(=C1)OC)OC)OC,,
6366381,CC/C=C/CCOC(=O)C(CC)CC,,
6366434,CCCC/C=C/COC(=O)CC(C)C,,
6366700,C1CCC(CC1)/C(=N\OCCCCC(=O)O)/C(CC2=CC=CC=C2)N3C=CN=C3,,
6366723,COC1=CC(=C(C=C1)OC)C(=O)/C=C/C2=CC(=C(C=C2)O)O,,
6366726,CC1=CC2=C(C=C1/C(=C/C3=CC=C(S3)C(=O)O)/C)C(CCC2(C)C)(C)C,,
6366727,CC1=CC2=C(C=C1/C(=C/C3=CC=C(O3)C(=O)O)/C)C(CCC2(C)C)(C)C,,
6366732,CC1=CC2=C(C=C1/C(=C/C3=CC(=CC=C3)C(=O)O)/C)C(CCC2(C)C)(C)C,,
6366733,CC1=CC2=C(C=C1/C(=C/C3=CSC(=C3)C(=O)O)/C)C(CCC2(C)C)(C)C,,
6367013,CN1C2=C(C(=O)N(C1=O)C)NC(=N2)/C=C/C3=CC=CC=C3,,
6368126,C/C(=C\CC(=O)O)/C(=O)O,,
6370756,CN1C(=O)/C(=C\C2=CC=CC=C2)/SC1=S,,
6370943,C/C(=C\C=C\C=C(\C=C\C=C(\C(=O)OC1OC(C(C(C1O)O)O)COC2OC(C(C(C2O)O)O)CO)/C)/C)/C=C/C=C(/C(=O)OC3OC(C(C(C3O)O)O)COC4OC(C(C(C4O)O)O)CO)\C,,
6371716,CC/C=C/C/C=C/C/C=C/CCCCCCCC(=O)OCC,,
6372334,CCOC(=O)C(/C=C(\C)/CP(=O)(O)O)N,,
6373854,CCCCCCCCCCCCCCCC(=O)OC1CC(=C(C(C1)(C)C)/C=C/C(=C/C=C/C(=C/C=C/C=C(\C)/C=C/C=C(\C)/C=C/C2C(=CC(CC2(C)C)OC(=O)CCCCCCCCCCCCCCC)C)/C)/C)C,,
6374432,COC1=CC=C(C=C1)/C=C/2\C(=O)NCC(=O)N2,,
6376223,CC1C/C=C\C=C\C(C(CC(C(C(C(CC(=O)O1)O)OC)OC2C(C(C(C(O2)C)OC3CC(C(C(O3)C)O)(C)O)N(C)C)O)CC=O)C)OC4CCC(C(O4)C)N(C)C,,
6376322,CC(/C=C(\C)/C=C/C(=O)NO)C(=O)C1=CC=C(C=C1)N(C)C,,
6376436,C/C(=C\C=C\C=C(/C)\C=C\C=C(/C)\C=C\C(=O)OC)/C=C/C=C(\C)/C=C/C(=O)O,,
6380917,C1=CC=C(C=C1)C(=O)/C=C/Cl,,
6382486,CN(C1=CC=C(C=C1)/C=C\2/C(=O)/C(=C/C3=CC=C(C=C3)N(C)C)/CC2)C,,
6383665,CCCC/C=C/CCCCCCCCCCCCCC1=C(C(=O)C(=C(C1=O)O)C)O,,
6384266,CCCCCCCCCCCCCCCC(=O)OC1CC(C(=C(C1)C)/C=C/C(=C/C=C/C(=C/C=C/C=C(/C=C/C=C(/C=C/C2=C(CC(CC2(C)C)OC(=O)CCCCCCCCCCCCCCC)C)\C)\C)/C)/C)(C)C,,
6385721,CCCCC/C=C/1\CCCC1=O,,
6386037,C/C=C(\C)/C(=O)OCCC(C)CCC=C(C)C,,
6386111,C/C(=N/NC(=O)C1=CC=CS1)/C2=CC=CS2,,
6386307,C/C(=N/OC(=O)N(SN(C(=O)O/N=C(\SC)/C)C)C)/SC,,
6386353,CCCC/C=C(/CCC)\C=O,,
6386721,CCC(=O)OC/C=C/C=C/C,,
6387008,CC(C1=CC=CC=C1)NC(=O)C(=O)N/N=C(/C)\CCC2=CC=CC=C2,,
6390880,C1=CC=C(C=C1)/C(=N/NC(=O)C2=CC=NC=C2)/CCC(=O)O,,
6391647,CCOC(=O)/C(=C/C=C/C(=C/C=C/C=C(\C)/C=C/C=C(\C)/C=C/C1=C(CCCC1(C)C)C)/C)/C,,
6391814,CC1=CC(OC1=O)O/C=C/2\C3CC4=C(C3OC2=O)C(CCC4O)(C)C,,
6393804,C1=CC=C(C=C1)S(=O)(=O)NN2C(=O)/C(=C/C=C/C3=CC=CO3)/SC2=S,,
6394572,CCC(=O)OC/C=C(\C)/C=C/C=C(\C)/C=C/C1=C(CCCC1(C)C)C,,
6397984,C/C=C/C=C/C1C(=C)C=C(C(=O)O1)CCC(=O)O,,
6398538,CC(C)C[C@H]1C(=O)N[C@H](C(=O)N2CCC[C@H]2C(=O)N[C@H](C(=O)N[C@H](C(=O)N[C@H](C(=O)N[C@H](C(=O)N[C@H](C(=O)N1)CCS(=O)C)C(C)C)CC3=CNC4=CC=CC=C43)CC5=CC=CC=C5)CC6=CC=CC=C6)CCS(=O)C,,
6398764,C[C@H](CN1C=NC2=C(N=CN=C21)N)OCP(=O)(OCOC(=O)OC(C)C)OCOC(=O)OC(C)C.C(=C/C(=O)O)\C(=O)O,,
6398883,C1=CC=C(C(=C1)C(=O)NC2=CC=CC(=C2)C(F)(F)F)NCC3=CC=NC=C3,,
6398888,CC(=O)N(CC1=C(C=CC(=C1)OC)OCC[18F])C2=C(C=CC(=C2)F)OC3=CC=CC=C3,,
6398956,C([C@@H](C(=O)O)N)S(=O)[O-],,
6398969,CC(=NO)C(=O)C,,
6398970,C=CC1=C(N2[C@@H]([C@@H](C2=O)NC(=O)C(=NO)C3=CSC(=N3)N)SC1)C(=O)O,,
6398997,C/C(=N/O)/C(=O)C,,
6399014,C1=CC=C(C=C1)/C(=N\O)/C(=O)C2=CC=CC=C2,,
6399024,CC(=NO)C(=O)C1=CC=CC=C1,,
6399090,CC(=O)/C=N\O,,
6399095,CC(=O)/C=N/O,,
6399255,CN(C)C(=O)/C(=N/O)/SC,,
6399301,CN(C)CCCOC1=C(C=C(C=C1Br)CCNC(=O)/C(=N/O)/CC2=CC(=C(C=C2)OC)Br)Br,,
6399465,C1=CC=C(C=C1)C/C(=N\O)/C(=O)O,,
6399482,CC1(C\2CCC1(C(=O)/C2=N\O)C)C,,
6399489,C\1C2=CC=CC=C2C(=O)/C1=N\O,,
6400441,C[C@H]([C@@H](CO)NC(=O)[C@@H]1CSSC[C@@H](C(=O)N[C@H](C(=O)N[C@@H](C(=O)N[C@H](C(=O)N[C@H](C(=O)N1)C(C)O)CCCCN)CC2=CNC3=CC=CC=C32)CC4=CC=CC=C4)NC(=O)[C@@H](CC5=CC=CC=C5)N)O,,
6400537,CCOC(=O)/C(=N/O)/C#N,,
6400741,C1=CC(=C(C=C1C/C(=N\O)/C(=O)NCCSSCCNC(=O)/C(=N/O)/CC2=CC(=C(C=C2)O)Br)Br)O,,
6401431,COC1=CC=CC=C1NC(=O)C2=CC(=NN=C2Cl)Cl,,
6402754,CCN(CC)C(=O)CSC1=NC(=C(N=N1)C2=CC=CC=C2)C3=CC=CC=C3,,
6403448,C1=CC=C(C=C1)C2=NN=C(C=C2)OC(=O)C3=CC=CS3,,
6404486,C(#N)/C(=N\O)/C(=O)N,,
6404576,C1=CC(=CC(=C1)SC2=NN3C(=NNC3=O)C=C2)C(F)(F)F,,
6407374,C1CN(CCN1C2=NN=C(C3=CC=CC=C32)C4=CC=CC=C4)C(=O)C5=CC=CC=C5,,
6407401,CC1=CC=C(C=C1)C2=NN=C(C3=CC=CC=C32)N4CCN(CC4)C(=O)COC5=CC=C(C=C5)C,,
6409633,C/C(=N\O)/C(=O)C,,
6409739,CCOC(=O)C1CCN(CC1)C2=NN=C(C=C2)Cl,,
6409880,CC1=NN=C(C=C1)NNC(=O)C2=CC=C(C=C2)Cl,,
6410002,C1=CC=C(C(=C1)C(=O)O)NC(=O)/C=N/O,,
6410685,CN(C)CC1=CC=C(O1)CSCCNC2=C(C=CN=N2)[N+](=O)[O-],,
6410757,CC(CO)O.C1C(=C(N2[C@H](S1)[C@@H](C2=O)NC(=O)[C@@H](C3=CC=C(C=C3)O)N)C(=O)O)CSC4=NNN=C4,,
6410758,C1C(=C(N2[C@H](S1)[C@@H](C2=O)NC(=O)[C@@H](C3=CC=C(C=C3)O)N)C(=O)O)CSC4=NNN=C4,,
6411017,COC1=CC=C(C=C1)NC(=O)/C=N/O,,
6411696,CN(C)CCCOC1=C(C=C(C=C1Br)CCNC(=O)/C(=N\O)/CC2=CC(=C(C=C2)OC)Br)Br,,
6413514,C1CNC(=O)/C(=N/O)/CC2=CC(=C(C(=C2)Br)OC3=C(C(=CC(=C3)C/C(=N\O)/C(=O)NCCC4=CC(=C(C(=C4)Br)O)OC5=C(C=C1C=C5)Br)Br)O)Br,,
6413529,CC/C(=C\C(=N\O)\C(=O)N)/C(C)[N+](=O)[O-],,
6414792,C1=C(OC(=C1)[N+](=O)[O-])/C=C/C2=CN=C(N=N2)N(CO)CO,,
6416112,C1=CC=C(C=C1)C/C(=N/O)/C(=O)O,,
6416725,CC(C(=O)NCC1CCCO1)SC2=NC(=C(N=N2)C3=CC=CC=C3)C4=CC=CC=C4,,
6419417,C[C@H]1C/C=C/[C@H]2[C@@H](C(=C)[C@H]([C@@H]3[C@@]2(C(/C=C/[C@@](C1=O)(C)O)OC(=O)C)C(=O)N[C@H]3CC4=CC=CC=C4)C)O,,
6419427,C/C(=N\O)/C(=O)O,,
6419701,CCCCCCCCCCCCCCCC(=O)OC[C@H](COP(=O)(O)O)O,,
6419706,C([C@H]([C@H]([C@@H]([C@H](C(=O)[O-])O)O)O)O)O,,
6419707,CC1=C(C(CCC1)(C)C)/C=C/C(=C/C=C/C(=C/C(=O)[O-])/C)/C,,
6419708,CC1=C(C(CCC1)(C)C)/C=C/C(=C\C=C\C(=C/C(=O)O)\C)/C,,
6419710,CSC[C@H]([C@H]([C@H](C=O)O)O)O,,
6419721,C([C@H](C(=O)[O-])[NH3+])S,,
6419722,C([C@@H](C(=O)[O-])[NH3+])S,,
6419747,CN1C=C(C2=CC=CC=C21)/C=C\3/C4=C(C=CC(=C4)S(=O)(=O)N)NC3=O,,
6419753,C1COC2=C(O1)C=CC(=C2)C3=C(NC(=N3)C4=CC=C(C=C4)C(=O)N)C5=CC=CC=N5,,
6419755,C1=CC=C(C=C1)NC2=C(C(=O)NC2=O)C3=CN(C4=CC=CC=C43)CCCN5C=CN=C5,,
6419765,C1=CC=C(C=C1)C2=CC(=C(S2)NC(=O)N)C(=O)N,,
6419833,C1=CC=C2C(=C1)/C(=C\C3=CN=CN3)/C(=O)N2,,
6419834,CCOC(=O)C1=C(NC(=C1C)/C=C\2/C3=CC=CC=C3NC2=O)C,,
6419835,C1[C@H]([C@@H](OC2=CC(=CC(=C21)O)O)C3=CC(=C(C=C3)O)O)OC(=O)C4=CC(=C(C(=C4)O)O)O,,
6419883,COC1=C(C=C2C(=C1O)C3C(C(C(C(O3)CO)O)O)OC2=O)O.O,,
6419888,C[N+]1([C@@H]2CC[C@H]1CC(C2)OC(=O)C(CO)C3=CC=CC=C3)[O-].Cl,,
6419898,C[C@@H]1C/C=C/C=C/[C@@H]([C@@H](C[C@@H]([C@@H]([C@H]([C@@H](CC(=O)O1)O)OC)OC2C(C(C(C(O2)C)OC3CC(C(C(O3)C)O)(C)O)N(C)C)O)CC=O)C)OC4CCC(C(O4)C)N(C)C,,
6419902,CC(CN1C2=CC=CC=C2SC3=CC=CC=C31)CN(C)C.CC(CN1C2=CC=CC=C2SC3=CC=CC=C31)CN(C)C.C(C(C(=O)O)O)(C(=O)O)O,,
6419915,COC1=CC(=CC(=C1OC)OC)C(=O)OCCCN2CCCN(CC2)CCCOC(=O)C3=CC(=C(C(=C3)OC)OC)OC.Cl.Cl,,
6419928,C[C@@]12CCN([C@@H]1N(C3=C2C=C(C=C3)OC(=O)NC)C)C.C[C@@]12CCN([C@@H]1N(C3=C2C=C(C=C3)OC(=O)NC)C)C.OS(=O)(=O)O,,
6419931,C[C@H]1C(=O)NC(=O)N1,,
6419941,CN1[C@@H]2CC[C@H]1CC(C2)OC(=O)C(C3=CC=CC=C3)O.Br,,
6419944,CCC[C@@H]1C[C@H](N(C1)C)C(=O)N[C@@H]([C@@H]2[C@H]([C@@H]([C@H]([C@H](O2)SC)O)O)O)[C@@H](C)O.Cl,,
6419950,C[C@@H]1CC[C@@]2(CC[C@@]3(C(=CCC4[C@]3(CCC5[C@@]4(CC[C@@H](C5(C)C)O)C)C)[C@@H]2[C@H]1C)C)C(=O)O,,
6419954,CC(=O)[N-]S(=O)(=O)C1=CC=C(C=C1)N.O.[Na+],,
6419957,C[C@H]1[C@@]([C@H]([C@@H](O1)O[C@H]2[C@@H]([C@H]([C@@H]([C@H]([C@@H]2O)O)N=C(N)N)O)N=C(N)N)O[C@H]3[C@H]([C@@H]([C@H]([C@@H](O3)CO)O)O)NC)(C=O)O.C[C@H]1[C@@]([C@H]([C@@H](O1)O[C@H]2[C@@H]([C@H]([C@@H]([C@H]([C@@H]2O)O)N=C(N)N)O)N=C(N)N)O[C@H]3[C@H]([C@@H]([C@H]([C@@H](O3)CO)O)O)NC)(C=O)O.OS(=O)(=O)O.OS(=O)(=O)O.OS(=O)(=O)O,,
6419962,C1C[C@@H]([C@@H]([C@@H]2[C@@H]1CN3CCC4=C([C@@H]3C2)NC5=CC=CC=C45)C(=O)O)O.O,,
6419965,CC1=C(SC=C1)/C=C/C2=NCCCN2C.C(C(C(=O)O)O)(C(=O)O)O,,
6419971,CC[C@H](C)[C@@H]1[C@H](CC[C@@]2(O1)C[C@@H]3C[C@H](O2)C/C=C(/C([C@H](/C=C/C=C/4\CO[C@H]5[C@@]4([C@@H](C=C([C@H]5O)C)C(=O)O3)O)C)O[C@H]6C[C@@H]([C@H]([C@@H](O6)C)O[C@H]7C[C@@H]([C@H]([C@@H](O7)C)O)OC)OC)\C)C,,
6419975,COC1=C(C=C(C=C1)C(=O)NCC2=CN=CC=C2)C(=O)NCC3=CN=CC=C3.O,,
6419978,C[N+]1([C@@H]2CC(C[C@H]1[C@H]3[C@@H]2O3)OC(=O)[C@H](CO)C4=CC=CC=C4)[O-].Br,,
6419987,CC(C(C1=CC=C(C=C1)O)O)N2CCC(CC2)CC3=CC=CC=C3.C(C(C(=O)O)O)(C(=O)O)O,,
6419997,C1=C(NC=N1)CCNC(=O)CCN.Cl.Cl,,
6420006,C[C@@]1(C(=O)N2[C@H](C(=O)N3CCC[C@H]3[C@@]2(O1)O)CC4=CC=CC=C4)NC(=O)[C@@H]5CC6[C@@H](CC7=CNC8=CC=CC6=C78)N(C5)C.CS(=O)(=O)O,,
6420009,CCN(CC)CCOC1=CC=C(C=C1)/C(=C(\C2=CC=CC=C2)/Cl)/C3=CC=CC=C3.C(C(=O)O)C(CC(=O)O)(C(=O)O)O,,
6420010,COC1=CC(=C(C=C1C(=O)NC2CCN(CC2)CC3=CC=CC=C3)Cl)N.C(=C\C(=O)O)\C(=O)O,,
6420013,COC1=CC(=C(C(=C1)OC)C(=O)CCCN2CCCC2)OC.Cl,,
6420023,C[C@H]1[C@H]([C@@](C[C@@H](O1)O[C@@H]2[C@H]([C@@H]([C@H](O[C@H]2OC3=C4C=C5C=C3OC6=C(C=C(C=C6)[C@H]([C@H](C(=O)N[C@H](C(=O)N[C@H]5C(=O)N[C@@H]7C8=CC(=C(C=C8)O)C9=C(C=C(C=C9O)O)[C@H](NC(=O)[C@H]([C@@H](C1=CC(=C(O4)C=C1)Cl)O)NC7=O)C(=O)O)CC(=O)N)NC(=O)[C@@H](CC(C)C)NC)O)Cl)CO)O)O)(C)N)O.Cl,,
6420032,C[C@H]1/C=C/C=C/CC/C=C/C=C/C=C/C=C/C(CC2C(C(C[C@](O2)(CC(C(CCC(CC(CC(CC(=O)O[C@H]([C@@H]([C@@H]1O)C)C)O)O)O)O)O)O)O)C(=O)O)OC3C(C(C(C(O3)C)O)N)O,,
6420038,CC(=O)C1=CC2=C(C=C1)SC3=CC=CC=C3N2CCCN(C)C.C(=C\C(=O)O)\C(=O)O,,
6420039,CC1=CC(=C(C=C1OC(=O)C)C(C)C)OCCN(C)C.Cl,,
6420040,CCCCOC1=C(C=CC(=C1)C(=O)OCCN(CC)CC)N.Cl,,
6420042,C[C@@]12C3=CC=CC=C3C[C@@H](N1)C4=CC=CC=C24.C(=C\C(=O)O)\C(=O)O,,
6420045,CCCCCC[C@@H]1[C@H]([C@@H](OC(=O)C([C@H](OC1=O)C)NC(=O)C2=C(C(=CC=C2)NC=O)O)C)OC(=O)CC(C)C,,
6420048,C1(=C(C(=O)C(=C(C1=O)O)O)O)O.O,,
6420057,CC(C)NCC(COC1=CC=C(C=C1)CCOC)O.CC(C)NCC(COC1=CC=C(C=C1)CCOC)O.C(C(C(=O)O)O)(C(=O)O)O,,
6420114,C[C@H]([C@@H](C(=O)NCC(=O)N[C@@H](CCC(=O)O)C(=O)N[C@@H](CC1=CC=CC=C1)C(=O)N[C@@H](CC(C)C)C(=O)O)NC(=O)[C@H](CCC(=O)O)NC(=O)[C@H](CCC(=O)O)NC(=O)[C@H](CC(=O)O)NC(=O)[C@H](CC(C)C)N)O,,
6420118,CC1=C(OC2=C1C=C(C=C2)Cl)S(=O)(=O)C3=NNC(=O)C=C3,,
6420119,C1CCC(CC1)NC(=O)NCCCC(=O)O,,
6420120,C1CCC(CC1)NC(=O)NCCCCCC(=O)O,,
6420121,C1CCC(CC1)NC(=O)NCCCCCCC(=O)O,,
6420136,COC1=C(C=C(C=C1)C(=O)NCC2CCN(CC2)C3=CC=NC=C3)OCCC4=C(C=C(C=C4)Cl)Cl,,
6420149,C1=CC=C(C(=C1)C(=O)CCC(=O)O)N,,
6420159,COC1=CC=C(C=C1)NCCNC(=O)[C@H](CC2CCCCC2)NC3=NC4=CC=CC=C4O3,,
6420160,CC1=CN(C(=O)N(C1=O)CC2=C(SC=C2)C(=O)O)C[C@@H](C(=O)O)N,,
6420161,C1=CC=C(C(=C1)CN2C(=O)C=CN(C2=O)C[C@@H](C(=O)O)N)C(=O)O,,
6420173,CCCCCCCCCCCCCCC[C@H]([C@H](CO[C@@H]1[C@@H]([C@H]([C@H]([C@H](O1)C(=O)O)O)O)O)NC(=O)CCCCCCCCCCCCC)O,,
6420193,C/C=C/C(=O)C[C@H]1CC[C@@H]([C@@H](O1)CC(=O)NC[C@@H]([C@H](C)C(=O)NCCC[C@@H]2[C@H](CC[C@@]3(O2)CCC[C@H](O3)CC[C@H](C)/C=C(\C)/[C@H](C)O)C)O)C,,
6420258,CCOC(=O)CCCC=C,,
6420388,CC(=O)OCCC(C)(C)S,,
6420605,CC1C2CC3=C(C1(CCN2CC4CC4)C)C=C(C=C3)NC=O,,
6420999,C/C=C/C(=O)C1=C(CC(CC1(C)C)O)C,,
6421204,CCCCCCCC/C=C\CCCCCCCC(=O)N[Si](C)(C)C,,
6421258,CCCCC/C=C\C/C=C\C/C=C\C/C=C\CCCC(=O)OC,,
6421261,CC/C=C\C/C=C\C/C=C\C/C=C\C/C=C\CCCC(=O)OC,,
6421281,CCCCC/C=C\C/C=C\C=C\C=O,,
6422124,C1CC1C(=O)C2=CC=C(C=C2)OCCCC3=CN=CN3,,
6422843,COC(=O)N(C1=CC=CC=C1COC2=NN(C=C2)C3=CC=C(C=C3)Cl)OC,,
6422912,C1=CC(=CC=C1C=O)OCCCOC2=CC=C(C=C2)C=O,,
6422930,C1=CC(=CC=C1C=O)OCCCCOC2=CC=C(C=C2)C=O,,
6423085,CCCCC(C(=O)C1=CC=C(C=C1)C)N2CCCC2,,
6423795,CCCCCCCCCCCOC(=O)C1=CC=CC=C1C(=O)OCCCCCCC,,
6423816,CCCCCCCCCCCCOC(=O)C1=CC=CC=C1C(=O)OCCCCCCCCCC,,
6424809,C1CN(CCN1CCCN2C(=O)C3=CC=CC=C3C2=O)C4=CC=CC=C4,,
6424827,CSC1=NCC2(S1)C3=CC=CC=C3NC2=O,,
6425322,C1CN(CCN1CCCCN2C(=O)C3=CC=CC=C3C2=O)C4=CC=CC=C4Cl,,
6425419,CC(C)(C)C1=CC=C(C=C1)NC(=O)C2=C(N=CN2C)NCC3=CC=NC=C3,,
6425761,CCC(=O)N(C1CCN(CC1)CC(C)C2=CC=CC=C2)C3=CC=CC=C3,,
6426350,C12=C(C(=C(C(=C1F)F)F)F)C(=O)C3=C(C2=O)C(=C(C(=C3F)F)F)F,,
6426678,CCCCCCCC[C@H]1CCC(=O)C2=C1C(=O)C(=C(N2)C)OC,,
6426709,C1C[C@H](NC1)C(=O)NCC(=O)O,,
6426722,CC1=CC(=C(C(=C1Cl)O)C=O)O,,
6426739,CC1([C@@H](N2[C@H](S1)[C@@H](C2=O)NC(=O)COC3=CC=CC=C3)C(=O)[O-])C,,
6426740,CC1=C(C(=NO1)C2=CC=CC=C2)C(=O)N[C@H]3[C@@H]4N(C3=O)[C@H](C(S4)(C)C)C(=O)[O-],,
6426773,CC[C@H]([C@@H]1[C@H](C[C@@](O1)(CC)[C@H]2CC[C@@]([C@@H](O2)C)(CC)O)C)C(=O)[C@@H](C)[C@H]([C@H](C)CCC3=C(C(=C(C=C3)C)O)C(=O)[O-])O.[Na+],,
6426822,CC1=CC(=NC(=C1CNC(=O)CN2C(=CN=C(C2=O)NCCC3=CC=CC=C3)C)C)N,,
6426848,CCC1=CC=CC(=C1N(COCC)C(=O)CS(=O)(=O)O)C,,
6426849,CCC1=CC=CC(=C1N(C(C)COC)C(=O)CS(=O)(=O)O)C,,
6426850,CC1=CSC(=C1N(C(C)COC)C(=O)CS(=O)(=O)O)C,,
6426851,CC(C)CC(=O)OC(CC(=O)[O-])C[N+](C)(C)C,,
6426855,CCCCCCCCCCCCCCCCCC(=O)OC(CC(=O)[O-])C[N+](C)(C)C,,
6426860,C1=CC(=C(C=C1C2=CC(=O)C3=C(O2)C=C(C(=C3O)C4C(C(C(C(O4)CO)O)O)O)O)O)O,,
6426896,CCCCCCC(=O)OC(CC(=O)[O-])C[N+](C)(C)C,,
6426901,CCC(C)C(=O)OC(CC(=O)[O-])C[N+](C)(C)C,,
6426949,CSCC[C@@H](C(=O)O)NC(=O)[C@H](CCC(=O)O)N,,
6427003,C(CCN)C[C@@H](C(=O)O)NC(=O)[C@H](CC(=O)O)N,,
6427004,C[C@H]([C@@H](C(=O)O)NC(=O)[C@H](C)N)O,,
6427006,C(CCN)C[C@@H](C(=O)O)NC(=O)[C@H](CCCN=C(N)N)N,,
6427033,C(C(=O)NCC(=O)NCC(=O)N)N,,
6427052,C(CC(=O)O)[C@@H](C(=O)NCC(=O)O)N,,
6427057,CCC(C)C1C(CC[C@@]2(O1)C[C@@H]3CC(O2)C/C=C(/C(C(/C=C/C=C/4\COC5C4([C@@H](C=C([C@H]5O)C)C(=O)O3)O)C)O[C@H]6C[C@@H](C([C@@H](O6)C)O[C@H]7C[C@@H](C([C@@H](O7)C)O)OC)OC)\C)C,,
6427076,CC1C2CCC(=CC2OC1=O)C,,
6427080,CCCCC/C=C\C=O,,
6427087,CCCCC/C=C\C=C\C=O,,
6427097,CC(C)CCCCCCOC(=O)CCCCC(=O)OCCCCCCC(C)C,,
6427102,CC(=O)O[C@@H]1C(C2CCC1(C2)C)(C)C,,
6427105,C[C@@H]1[C@@H]2C[C@@H](C2(C)C)CC1=O,,
6427118,CCSSC1=C(OC=C1)C,,
6427119,CCC(C)COC(=O)/C(=C\C)/C,,
6427127,CCCCCCCC/C=C\CC=O,,
6427130,CCCCC/C=C/C=C/C(=O)C,,
6427141,CC(=C)C(C=C)/C=C(\C)/COC(=O)C,,
6427491,CC(=O)O[C@H]1C[C@H]2C[C@@H](C1=C)C2(C)C,,
6427493,CC(C)[C@@]12CC[C@@](C1C2)(C)OC(=O)C,,
6427771,C1C[C@H]2C(=O)N[C@@H](C(=O)N2C1)CC3=CC=CC=C3,,
6427789,CC/C=C\C=C\C(=O)C,,
6427970,CC/C=C\C[C@H]1[C@H](CCC1=O)CC(=O)OC,,
6428089,CC/C=C\C[C@H]1[C@@H](CCC1=O)CC(=O)OC,,
6428138,C1CC2=CC=C(N2C1)C=O,,
6428420,CCCC[C@@H]1[C@H](O1)/C=C/C=O,,
6428458,COC(=O)/C=C\C1=CC=CC=C1,,
6428538,CC(C)CCCC(C)CCCC(C)CCC/C(=C/COC(=O)C)/C,,
6428543,CCCCCC(C(=O)C)O,,
6428555,CCCC/C=C/C=C\C=O,,
6428774,CCCCCC(=O)CC=C,,
6428782,CCC/C=C\C=O,,
6428844,CCC(=O)C1=CC=C2N1CCC2,,
6428928,CC(=CC/C=C(\C)/CC=O)C,,
6428929,CC(=O)C(CC1=CC=CC=C1)O,,
6428935,CC1=CC=C(O1)CSC,,
6428938,CC(CC(=O)C)SC,,
6428969,C/C=C/C1=CC(=C(C=C1)OC(=O)CC(C)C)OC,,
6428987,CC1C(=O)N2CCCC2C(=O)N1,,
6428988,CCC(C)C1C(=O)N2CCCC2C(=O)N1,,
6428990,CCC(=O)C1=NCCS1,,
6428995,C1=CC=C(C=C1)/C=C\C=O,,
6429039,CC(C)CC(=O)OC/C=C(/C)\CCC=C(C)C,,
6429059,CSSSCC1=CC=CO1,,
6429110,CC(=O)C1=C(C(=CC=C1)O)O,,
6429112,CC(C)C1=CCC(=CC1)C=O,,
6429123,C1CCN(C1)C2=CCCC2=O,,
6429195,CC1(C2CC=C(C1C2)COC=O)C,,
6429209,CC1=C[C@H]([C@@H](CC1=O)C(C)C)O,,
6429306,CC1=C(C(=O)CCO1)O,,
6429310,CC1C(=O)C=CO1,,
6429316,CCCC(=O)OCCC(=C)C,,
6429333,C/C=C(/C=O)\C1=CC=CC=C1,,
6429343,CC/C=C\CC(=O)C=C,,
6429536,COC(=O)CI,,
6429599,COC(=O)[C@@H]1C[C@H]1C(=O)OC,,
6429708,CCOC(=O)C(CC1=CC=CC=C1)O,,
6429810,CCCCCCCCCCCCC1=CC(=C(C=C1)O)C=O,,
6429811,CCC1=CC(=C(C=C1)O)C=O,,
6430106,CCCCCCCC/C=C\CCCCCCC=O,,
6430107,CC/C=C\C/C=C\C/C=C\CCCCCCC=O,,
6430180,CCCCCCC/C=C\CCC=O,,
6430188,CCCCC/C=C\CCCCCCC=O,,
6430189,CC/C=C\CCCCCCCC=O,,
6430515,C1=CC2=C(C=CC(=O)O2)C=C1C(=O)O,,
6430518,CCC(C)CCCCCCCCCCCCC(=O)N1CCCC1,,
6430548,CCCCCCCCC/C=C/CCC=O,,
6430713,CC(=O)CSC,,
6430722,C1=CSC(=C1)CC=O,,
6430759,CCCCC/C=C\CC/C=C/C=O,,
6430788,CCCCCCC/C=C/CCCCCCC(=O)O,,
6430804,CCCCCOC(=O)/C(=C\C)/C,,
6430826,CC(=CC(=O)CC(=C)C=C)C,,
6430878,CC(CCOC(=O)C)S,,
6430879,CCCCC(CCOC(=O)C)S,,
6431022,C[C@H]1CC[C@@H]2[C@H]1C(=O)OC=C2C,,
6431042,CCCCC/C=C\CC=O,,
6431148,C/C=C/CCCCCCCC=O,,
6431911,CC(C)C1=C(C=CC(=C1)OC2=C(C=C(C=C2I)CC(C(=O)O)N)I)O,,
6432030,COC(=O)C1=CC=C(C=C1)S(=O)(=O)F,,
6432113,COC(=O)[C@H]1[C@H](CCC2C1CC3C4=C(CCN3C2)C5=CC=CC=C5N4)O,,
6432173,C[C@@]12CCCC(C1=CC(=O)O2)(C)C,,
6432223,CC(=C[C@@H]1[C@H](C1(C)C)C=O)C,,
6432249,C[C@H]1CC[C@@H]([C@@H](C1)OC(=O)C)C(C)C,,
6432305,C[C@H]1CC[C@@H](C(=O)C1)C(=C)C,,
6432387,C(=O)(C(=O)[O-])O.C(=O)(C(=O)[O-])O.[NH4+].[NH4+].O,,
6432394,CCOC(=O)C1(CCN(CC1)CCC(C#N)(C2=CC=CC=C2)C3=CC=CC=C3)C4=CC=CC=C4.Cl,,
6432459,CN1C2CCC1C([C@@H](C2)OC(=O)C3=CC=CC=C3)C(=O)OC,,
6432469,C[C@H]1CC[C@H](C(=O)C1)C(C)C,,
6432474,C[C@H]1CC[C@@H](CC1=O)C(C)C,,
6432475,CC1=CC[C@@H](CC1=O)C(C)C,,
6432481,CN1C2CCC1[C@@H]([C@@H](C2)OC(=O)C3=CC=CC=C3)C(=O)OC,,
6432494,CN1C2CC(CC1[C@@H]3[C@H]2O3)OC(=O)C(CO)C4=CC=CC=C4,,
6432604,C[C@]12CCC(=O)C=C1CCC3C2CC[C@]4(C3CCC4=O)C,,
6432696,CC1(C2CCC1([C@@H](C2)OC=O)C)C,,
6432852,CCC/C=C\CCCCC=O,,
6432902,C/C=C(/C)\C(=O)OC(C)C,,
6432903,C/C=C(/C)\C(=O)OCCC1=CC=CC=C1,,
6432923,CCCC(CCCC(=O)OCC)O,,
6433037,CCCCCCCC/C=C\CCCCCCCC(=O)OCC(CCCCCC)CCCCCCCC,,
6433082,CCCCCCOC(=O)CCC(=O)CN.Cl,,
6433083,CCCCCCOC(=O)CCC(=O)CN,,
6433090,CC1=NC=CN1CCC(C2=CC=CC=C2)(C3=CC=CC=C3)C(=O)N,,
6433092,CC1=CC(=C(C=C1C(=O)N=C(N)N)S(=O)(=O)C)N2C=CC=C2,,
6433107,CCC1=CC(=C(C=C1)NC2=C(C(=CC(=C2F)F)F)F)CC(=O)O,,
6433109,CCN(CC1=CC=CC=C1)C(=O)CN2C3=NC(=NC=C3N(C2=O)C)C4=CC=CC=C4,,
6433110,C1CC1C2=C(C=NN2C3=CC=CC4=C3C=CC=N4)C(=O)N=C(N)N,,
6433117,CCC1=C(C=C2CC(CC2=C1)NCC(C3=C4C=CC(=O)NC4=C(C=C3)O)O)CC,,
6433118,CS(=O)(=O)OC1=CC2=C(C=C1)C(=C(O2)C(=O)C3=C(C=C(C=C3)Cl)Cl)NC(=O)N,,
6433119,C1COCC(=O)N1C2=CC=C(C=C2)N3CC(OC3=O)CNC(=O)C4=CC=C(S4)Cl,,
6433122,C1CN(CCN1CCC2=CC=C(C=C2)F)C(=O)C3=CC=CC4=C3NC=C4C#N,,
6433141,CN(C)CCCSC1=CC=CC=C1NC(=O)/C=C/C2=CC=CC=C2.Cl,,
6433149,CC(C)CC(C)OC(=O)/C=C\C(=O)OC(C)CC(C)C,,
6433151,CN(C)CCC(C1=CC=C(C=C1)Cl)C2=CC=CC=N2.C(=C/C(=O)O)\C(=O)O,,
6433164,C(=C/C(=O)[O-])\C(=O)[O-].[Fe+2],,
6433175,C/C(=C/C(=O)OC)/OP(=O)(OC)OC,,
6433185,CCC(=O)N1C2CCC1CN(C2)C/C=C/C3=CC=CC=C3,,
6433188,C(=C/C(=O)O)\C#CC#CC#N,,
6433194,CCCCC[C@H]([C@@H]1[C@H](C[C@H](C[C@H](C[C@H](C[C@H](C[C@H](C[C@@H](/C(=C/C=C/C=C/C=C/C=C/[C@@H]([C@H](OC1=O)C)O)/C)O)O)O)O)O)O)O)O,,
6433207,C([C@@H](C(=O)O)N)S/C(=C/Cl)/Cl,,
6433210,CCCCCCCC/C=C\CCCCCCCC(=O)[O-].CCCCCCCC/C=C\CCCCCCCC(=O)[O-].CCCCCCCC/C=C\CCCCCCCC(=O)[O-].[Al+3],,
6433214,CCCC/C=C/1\C(=C(C(=O)O1)C)C,,
6433251,CCCCCCCC/C=C\CCCCCCCC(=O)[O-].CCCCCCCC/C=C\CCCCCCCC(=O)[O-].[Hg+2],,
6433266,CCCCCC[C@H](C/C=C\CCCCCCCC(=O)OCC(CO)O)O,,
6433272,C[C@H]1/C=C/C=C/CC/C=C/C=C/C=C/C=C/C(CC2C(C(C[C@](O2)(CC(C(CCC(CC(CC(CC(=O)O[C@H]([C@@H]([C@@H]1O)C)C)O)O)O)O)O)O)O)C(=O)O)O[C@@H]3[C@H]([C@H]([C@@H]([C@H](O3)C)O)N)O,,
6433282,CCCCCCCC/C=C\CCCCCCCC(=O)[O-].CCCCCCCC/C=C\CCCCCCCC(=O)[O-].[Mg+2],,
6433293,C1=CC=C(C=C1)C(=O)/C=C/C2=C(C=C(C=C2)O)O,,
6433297,CCC(=O)N1CC2CCC(C1)N2C/C=C/C3=CC=CC=C3,,
6433298,CCC1=C(C(=O)N[C@H]1CC2=C(C(=C(N2)/C=C\3/C(=C(C(=N3)C[C@H]4C(=C(C(=O)N4)CC)C)C)CCC(=O)O)CCC(=O)O)C)C,,
6433334,CN(C)CC[C@@H](C1=CC=C(C=C1)Br)C2=CC=CC=N2.C(=C\C(=O)O)\C(=O)O,,
6433340,C1=CC(=CC=C1/C=C\C=C\C=O)[N+](=O)[O-],,
6433344,CCCCCCCC/C=C\CCCCCCCC(=O)O.C(CO)N(CCO)CCO,,
6433345,CCN(CC)C(=O)COC1=C2C3=C(C(=C1)NC(=O)/C(=C\C=C\[C@@H]([C@@H]([C@H]([C@H]([C@H]([C@@H]([C@@H]([C@H](/C=C/O[C@@]4(C(=O)C2=C(O4)C(=C3O)C)C)OC)C)OC(=O)C)C)O)C)O)C)/C)O,,
6433346,CCCCC/C=C\C/C=C\CCCCCCCC(=O)NCC(=O)O,,
6433353,CCCCCCCCOC(=O)/C=C\C(=O)OCCCCCCCC,,
6433355,C1=CC(=C(C=C1Cl)Cl)OCC(=O)OC/C=C/CCl,,
6433356,CCC(=O)C1=CC2=C(SC3=CC=CC=C3N2CCCN4CCN(CC4)CCO)C=C1.C(=C\C(=O)O)\C(=O)O.C(=C\C(=O)O)\C(=O)O,,
6433382,CN(C)CC(CN1C2=CC=CC=C2SC3=CC=CC=C31)N(C)C.C(=C/C(=O)O)\C(=O)O,,
6433427,CSCC1CN(C(=O)O1)/N=C/C2=CC=C(O2)[N+](=O)[O-],,
6433458,CCCCCCCC/C=C\CCCCCCCC(=O)O.CN1CC[C@]23[C@@H]4[C@H]1CC5=C2C(=C(C=C5)O)O[C@H]3[C@H](C=C4)O,,
6433481,C/C(=C\C1=CC(=C(C=C1)O[C@H]2[C@H]([C@@H]([C@H](O2)C(=O)C)O)O)O)/C(=O)N[C@@H]3[C@@H]([C@H]([C@@H]4[C@H]([C@@H]3O)OCO4)O)O,,
6433489,C/C=C(\C)/C(=O)O[C@H]1[C@@H]([C@@]2([C@@H](C[C@@]3(C(=CCC4[C@]3(CCC5[C@@]4(CCC([C@]5(C)CO)O[C@H]6[C@@H]([C@H]([C@@H]([C@H](O6)C(=O)O)O[C@H]7[C@@H]([C@H]([C@@H]([C@H](O7)CO)O)O)O)O)O[C@H]8[C@@H]([C@H]([C@@H]([C@H](O8)CO)O)O)O)C)C)C2CC1(C)C)C)O)CO)OC(=O)C.C/C=C(/C)\C(=O)O[C@H]1[C@@H]([C@@]2([C@@H](C[C@@]3(C(=CCC4[C@]3(CCC5[C@@]4(CCC([C@]5(C)CO)O[C@H]6[C@@H]([C@H]([C@@H]([C@H](O6)C(=O)O)O[C@H]7[C@@H]([C@H]([C@@H]([C@H](O7)CO)O)O)O)O)O[C@H]8[C@@H]([C@H]([C@@H]([C@H](O8)CO)O)O)O)C)C)C2CC1(C)C)C)O)CO)OC(=O)C,,
6433506,C/C=C/C=C/C(=O)[O-].C/C=C/C=C/C(=O)[O-].[Ca+2],,
6433510,C(=C/C(=O)[O-])\C(=O)[O-].[Mg+2],,
6433511,C(=C/C(=O)[O-])\C(=O)[O-].[K+].[K+],,
6433512,C(=C/C(=O)[O-])\C(=O)[O-].[Ca+2],,
6433515,CCCCCCCC/C=C\CCCCCCCC(=O)O.CCCCCCCC/C=C\CCCCCCCC(=O)O.CCCCCCCC/C=C\CCCCCCCC(=O)O.C(O)[C@@H](O)[C@@H](O)[C@H](O)[C@@H](O)CO.C(O)[C@@H](O)[C@@H](O)[C@H](O)[C@@H](O)CO,,
6433525,CCCCC(CC)/C=C/C(=O)C,,
6433554,C[C@@H]1[C@H]([C@@H]([C@H]([C@@H](O1)O[C@@H]2[C@H](O[C@H]([C@@H]([C@H]2O)NC(=O)C)O[C@@H]3[C@H]([C@]([C@H](O[C@@H]3OP(=O)(O)OC[C@H](C(=O)OCC/C=C(\C)/CC/C=C/C(C)(C)CCC(=C)C/C=C(\C)/CCC=C(C)C)O)C(=O)O)(C)O)OC(=O)N)CO[C@H]4[C@@H]([C@H]([C@@H]([C@H](O4)CO)O)O)O)NC(=O)C)O)O[C@H]5[C@@H]([C@H]([C@H]([C@H](O5)C(=O)NC6=C(CCC6=O)O)O)O)O,,
6433556,C[C@@H](C/C=C/CC/C=C/C=C\C[C@H](/C(=C\C=C(/C)\C(=O)O)/C)OC)/C=C/C(=C\C(=O)O)/CC(=O)O,,
6433563,CC1=C2[C@H](C(=O)[C@]3(C/C(=C\[C@@H](C(C2(C)C)C[C@@H]1OC(=O)C)OC(=O)C)/[C@H](C[C@@H]3O)OC(=O)[C@@H]([C@H](C4=CC=CC=C4)N(C)C)O)C)O,,
6433573,C1=CC=C(C(=C1)/C=N/NC(=O)C2=CC=NC=C2)OCC(=O)O,,
6433584,CCC(=O)N(C1=CC=CC=N1)C(C)CN2CCCCC2.C(=C/C(=O)O)\C(=O)O,,
6433588,CCCCCCCC/C=C\CCCCCCCC(=O)O.C(CO)NCCO,,
6433596,COC1=CC=C(C=C1)/C(=C/C=O)/Cl,,
6433601,C/C(=C/C(=O)C)/[O-].C/C(=C/C(=O)C)/[O-].C/C(=C/C(=O)C)/[O-].[In+3],,
6433658,CCCC/C=C/C=C/C=C/CCCCCCCC(=O)OC,,
6433689,CC/C=C/C=C/C(=O)O,,
6433715,CCC/C=C/CCC(=O)O,,
6433718,C1=C2C(=C(C(=C1Br)[O-])Br)OC3=C(C(=C(C=C3C24C5=C(C(=C(C(=C5Cl)Cl)Cl)Cl)C(=O)O4)Br)[O-])Br.[Na+].[Na+],,
6433734,COC1=C(C=CC(=C1)/C=C/C(=O)N)O,,
6433883,COC1=CC=C(C=C1)/C=C/C(=O)NO,,
6433892,CCCCCCCCCC/C=C/C1CC(=O)OC1=O,,
6433893,CCCCCCCCCCCCCCCCCCC/C=C/C(=O)O,,
6433933,CCCCCCCC/C=C/CCCCCCCC(=O)OCC(COC(=O)CCCCCCC/C=C\CCCCCCCC)O,,
6433951,CC1=C(SC=C1)/C=C/C2=NCCCN2C.[C@@H]([C@H](C(=O)O)O)(C(=O)O)O,,
6434009,CCCCCC(CCC1C(CC(C1C/C=C/CCCC(=O)O)O)O)O,,
6434070,C/C=C/C/C=C/C(=O)C,,
6434080,CC(C)(CO)NC(=O)/C=C/C1=CC=CC=C1,,
6434082,COC1=CC(=CC(=C1OC)OC)/C=C/C(=O)NCCO,,
6434084,CC(CNC(=O)/C=C/C1=CC=CC=C1)O,,
6434086,CC(CO)NC(=O)/C=C/C1=CC=CC=C1,,
6434100,CCCCCCCCCC(=O)OCCN1CCN(CC1)CC/C=C/2\C3=CC=CC=C3SC4=C2C=C(C=C4)C(F)(F)F,,
6434144,CN1CCCN=C1/C=C/C2=CC=CS2.[C@@H]([C@H](C(=O)O)O)(C(=O)O)O,,
6434191,C[C@@H]1[C@H]([C@]2([C@H]3[C@H]4[C@]1([C@@H]5C=C(C(=O)[C@]5([C@@H](C6([C@H]4O6)CO)O)O)C)OC(O3)(O2)C7=CC=CC=C7)C(=C)C)OC(=O)/C=C/C=C/C8=CC=CC=C8,,
6434217,CC1=CC=C(C=C1)/C=C/2\C3CCC(C2=O)(C3(C)C)C,,
6434236,CC(C)CCCC(C)C/C=C/C(=C/C(=O)OCC#C)/C,,
6434242,CC1=C(C(=C(C(=C1Cl)O)C/C=C(\C)/CC/C=C(\C)/[C@@H]2CC(=O)C(O2)(C)C)O)C=O,,
6434359,C1=CC=C(C(=C1)/C=C/C(=O)NCCO)Cl,,
6434365,C1=CC(=CC=C1/C=C/C(=O)NCCO)F,,
6434395,CCOC(=O)CN1CCN(CC1)C(=O)/C=C/C2=CC(=C(C(=C2)OC)OC)OC,,
6434451,CC1(C\2CCC1(C(=O)/C2=C\C3=CC=C(C=C3)[N+](C)(C)C)C)C.CS(=O)(=O)[O-],,
6434488,CC/C=C(\C)/C(C#C)OC(=O)C1C(C1(C)C)C=C(C)C,,
6434513,CC(=CCC/C(=C\CC[C@@](C)(C=C)OC(=O)C)/C)C,,
6434622,C1C(C(C(C1O)SCC(COC2=CC(=CC=C2)Cl)O)C/C=C/CCCC(=O)O)O,,
6434672,CC/C(=C/CCC(C)(C=C)OC(=O)C)/C,,
6434889,CC[C@H](C)[C@@H]1[C@H](C=C[C@@]2(O1)C[C@@H]3C[C@H](O2)C/C=C(/[C@H]([C@H](/C=C/C=C/4\CO[C@H]5[C@@]4([C@@H](C=C([C@H]5O)C)C(=O)O3)O)C)O[C@H]6C[C@@H]([C@H]([C@@H](O6)C)O[C@H]7C[C@@H]([C@H]([C@@H](O7)C)O)OC)OC)\C)C,,
6435040,CC(C)CCOC(=O)/C=C(\C)/CCC=C(C)C,,
6435059,CCCCC/C(=C\C1=CC=CC=C1)/C=NC2=CC=CC=C2C(=O)OC,,
6435252,CNC(=O)/C=C/C1=CC(=C(C(=C1)OC)OC)OC,,
6435286,CCCCC/C=C\C/C=C\C=C\C=C\[C@H]([C@H](CCCC(=O)O)O)SCC(C(=O)NCC(=O)O)N,,
6435335,CCOC(=O)NC1=C(N=C(C=C1)NCC2=CC=C(C=C2)F)N.C(=C\C(=O)O)\C(=O)O,,
6435375,CSC1=CC2=C(C=C1)N=CN(C2=O)/C=C/C(=O)O,,
6435378,CC#CCC(C)[C@@H](/C=C/C1[C@@H](C[C@H]2[C@@H]1C/C(=C/CCCC(=O)O)/C2)O)O,,
6435402,C1COCCN1C2C(C(CC2=O)OCC3=CC=C(C=C3)C4=CC=CC=C4)CC/C=C/CCC(=O)O,,
6435415,CC1(C[C@@H]1C(=O)N/C(=C\CCCCSC[C@@H](C(=O)O)N)/C(=O)O)C,,
6435432,CCCCCC(/C=C/C=O)OO,,
6435500,CC1([C@H]([C@H]1C(=O)OC(C#N)C2=CC(=CC=C2)OC3=CC=CC=C3)/C=C(/C(F)(F)F)\Cl)C,,
6435635,C/C(=C\C1=CC=CC=C1)/C(=O)NCC=C,,
6435801,C1CN(C[C@@H](N1)C(=O)O)C/C=C/P(=O)(O)O,,
6435808,C1=CN(C(=O)N=C1N)[C@H]2/C(=C/F)/[C@@H]([C@H](O2)CO)O,,
6435820,COC1=CC=C(C=C1)CCCCCCCCOC2=C(N=C(C=C2)CSCC3=CC(=CC=C3)C(=O)O)/C=C/C(=O)O,,
6435824,C/C=C\C(=O)OCC(C)C,,
6435826,CC/C(=C\C1=CC=CO1)/C=O,,
6435829,CCCCCCCC/C=C\CCCCCCCC(=O)[O-].CCCCCCCC/C=C\CCCCCCCC(=O)[O-].[Pb+2],,
6435833,C/C=C/C=C/C(=O)OCC=C,,
6435834,CCCCC/C(=C/C1=CC=CC=C1)/COC=O,,
6435835,CCCCC/C(=C/C1=CC=CC=C1)/COC(=O)CC(C)C,,
6435836,C(C(=O)O)C(CC(=O)O)(C(=O)O)O.N,,
6435838,CCCC/C=C(\CC)/C=O,,
6435839,CCCCCCCOC(=O)/C=C/C1=CC=CC=C1,,
6435858,CCCCCCCC/C=C\CCCCCCCC(=O)OC(CO)COC(C)C(=O)O,,
6435861,CCCCCCOC(=O)/C=C/CCC,,
6435866,C/C=C/C(C)C(=O)O,,
6435869,CC/C=C\CCCC=O,,
6435876,C1=CC=C(C=C1)/C(=C\C2=CC=CO2)/C=O,,
6435882,CC/C=C\CCOC(=O)C/C=C\CC,,
6435886,CCCCCCCC/C=C\CCCCCCCC(=O)O.CCCCCCCC/C=C\CCCCCCCC(=O)O.CCCCCCCC/C=C\CCCCCCCC(=O)O.CCCCCCCC/C=C\CCCCCCCC(=O)O.C(O)COCC(OCCO)C(OCCO)C(OCCO)C(OCCO)COCCO,,
6435890,CCC(C)[C@@H]1[C@H](C=C[C@@]2(O1)C[C@@H]3C[C@H](O2)C/C=C(/[C@H]([C@H](/C=C/C=C/4\CO[C@H]5[C@@]4([C@@H](C=C([C@H]5O)C)C(=O)O3)O)C)O[C@H]6C[C@@H]([C@H]([C@@H](O6)C)O[C@H]7C[C@@H]([C@H]([C@@H](O7)C)O)OC)OC)\C)C.C[C@H]1/C=C/C=C/2\CO[C@H]3[C@@]2([C@@H](C=C([C@H]3O)C)C(=O)O[C@H]4C[C@@H](C/C=C(/[C@H]1O[C@H]5C[C@@H]([C@H]([C@@H](O5)C)O[C@H]6C[C@@H]([C@H]([C@@H](O6)C)O)OC)OC)\C)O[C@]7(C4)C=C[C@@H]([C@H](O7)C(C)C)C)O,,
6435893,CCC1C(=O)N(CC(=O)N(C(C(=O)NC(C(=O)N(C(C(=O)NC(C(=O)NC(C(=O)N(C(C(=O)N(C(C(=O)N(C(C(=O)N(C(C(=O)N1)[C@@H]([C@H](C)C/C=C/C)O)C)C(C)C)C)CC(C)C)C)CC(C)C)C)C)C)CC(C)C)C)C(C)C)CC(C)C)C)C,,
6435894,C/C=C(\C=C(/C)\C=C(/C)\C=C\C=C(/C)\C(=O)[C@@]12[C@@H](O1)[C@](NC2=O)(CCO)O)/C(=O)OC,,
6435897,CCCCCCCC/C=C\CCCCCCCC(=O)O.N,,
6435901,CCCCC/C=C\C/C=C\CCCCCCCC(=O)N,,
6435903,C/C=C/CCCCCCCC(=O)OC,,
6435921,C1CNC[C@H]([C@@H]1C2=CC=C(C=C2)F)COC3=CC4=C(C=C3)OCO4.C(=C\C(=O)O)\C(=O)O,,
6435922,CCOC(=O)C1=C(NC(=C(C1C2=CC=CC=C2Cl)C(=O)OC)C)COCCN.C(=C\C(=O)O)\C(=O)O,,
6435924,CC1([C@@H](N2[C@H](S1)[C@@H](C2=O)NC(=O)[C@@H](C3=CC=C(C=C3)O)N)C(=O)O)C.C1[C@@H]2N(C1=O)[C@H](/C(=C/CO)/O2)C(=O)O,,
6435925,C/C=C(\CSC)/C=O,,
6435926,CCOC(=O)[C@@H](CCC1=CC=CC=C1)N[C@@H](C)C(=O)N2CCC[C@H]2C(=O)O.C(=C\C(=O)O)\C(=O)O,,
6435992,CN1CCC2(C1)C3CC4CC(C3)CC2C4.C(=C\C(=O)O)\C(=O)O,,
6436002,CC1=C(C=CC(=C1)C2=C(C(CC(C2)(C)C)(C)C)/C=C/[C@H]3C[C@@H](CC(=O)O3)O)F,,
6436010,C[C@@H](CCC1=CC=CC=C1)/C=C(\C)/[C@@H]([C@H](C)/C=C(\C)/C=C/C=C\C=C\C=C(/C)\C(=O)N[C@@H](C)CO)O,,
6436015,CC[C@H](C)/C=C(\C)/C=C/C1=CC2=C(C(=O)[C@](C(=O)C2=CO1)(C)OC(=O)C)Cl,,
6436017,CCCCCCCCCCCCCCCC(=O)OCC(COP(=O)([O-])OCC[N+](C)(C)C)OC(=O)CCCCCCC/C=C\CCCCCCCC,,
6436023,C[C@@H]1[C@]([C@H]([C@](O1)(C)/C=C(\C)/C=C/C=C/C=C/C2=C(C(=CC(=O)O2)OC)C)O)(C)O,,
6436029,CCCC/C=C/CC/C=C\CCCCCCOC(=O)C,,
6436031,CCCCC[C@](C)(/C=C/[C@H]1[C@@H](C[C@@H]([C@@H]1CC=C=CCCC(=O)OC)O)O)O,,
6436036,CN1/C(=C/C(=O)O)/SC(C1=O)N2CCCCC2,,
6436040,CCCCC[C@@H](/C=C/[C@H]1[C@@H](C[C@H]2[C@@H]1CC(=C2)CCCCC(=O)OC)O)O,,
6436048,CC1=C(C(C(=C(N1)C)C(=O)OC/C=C/C2=CC=CC=C2)C3=CC(=CC=C3)[N+](=O)[O-])C(=O)OC,,
6436051,CC1=NC=C(C=C1)/C=C/C(=O)NCCCCN2CCN(CC2)C(C3=CC=CC=C3)C4=CC=CC=C4,,
6436055,CC/C=C(/C1=CSC(=N1)N)\C(=O)N[C@H]2[C@@H]3N(C2=O)C(=C(CS3)COC(=O)N)C(=O)O,,
6436059,CC(=O)/C=C/C=C\1/C2CCC(C2)C1(C)C,,
6436061,C1=CC(=NC(=C1)/C=C/C2=CC=C(O2)[N+](=O)[O-])CO,,
6436062,CCCCCCCC/C=C\CCCCCCCC(=O)OCCOCCO,,
6436063,CCCCCCCC/C=C\CCCCCCCC(=O)NCCCN(C)C,,
6436065,CCCCCCCC/C=C\CCCCCCCC(=O)NCCNC(=O)CCCCCCC/C=C\CCCCCCCC,,
6436066,CCCCCCCC/C=C\CCCCCCCC(=O)NCC(C)O,,
6436079,CC1=C(C(CCC1)(C)C)/C=C/C(=C/C=C/C(=C\C=O)/C)/C,,
6436082,CC1=C(C(CCC1)(C)C)/C=C/C(=C\C=C\C(=C\C=O)\C)/C,,
6436086,CCCCCCCC/C=C\CCCCCCCC(=O)[O-].CCCCCCCC/C=C\CCCCCCCC(=O)[O-].[Zn+2],,
6436102,C1=C(OC(=C1)[N+](=O)[O-])/C=C/C2=CN=C(N=N2)N,,
6436106,CC(C)OC(=O)/C=C\C(=O)O,,
6436113,C1=CC(=NN=C1/C=C/C2=CC=C(O2)[N+](=O)[O-])N,,
6436118,CC1=C(C(=CC=C1)Cl)NC(=O)/C=C\2/N(C(=O)CS2)C,,
6436122,C1CCC(C1)[C@@H](/C=C/[C@H]2[C@@H](C[C@H]3[C@@H]2C/C(=C/CCCC(=O)O)/C3)O)O,,
6436123,CCCCCCCCC/C=C\C=C\[C@H]([C@H](C1=CC=CC(=C1)C2=NNN=N2)O)SCCC(=O)O,,
6436134,C[C@H]1[C@@H]2C[C@H](CC1=O)[C@](OO2)(C)/C=C\C3=C(C=C(C=C3)C(F)(F)F)C(F)(F)F,,
6436135,CCC(CC)(CC(=O)NC1=CC=CC(=C1)/C=C/C2=NC(=CS2)C3CCC3)C(=O)O,,
6436140,C1C(=C(N2[C@H](S1)[C@@H](C2=O)NC(=O)CC3=CC=CS3)C(=O)O)/C=C/C4=C(C=C(C=C4)[N+](=O)[O-])[N+](=O)[O-],,
6436143,CC1=CC2=C(C=C1C)N(C=N2)[C@@H]3C(C([C@H](O3)CO)OP(=O)([O-])OC(C)CNC(=O)CC[C@@]\4([C@H](C5[C@]6([C@@]([C@@H](C(=N6)/C(=C\7/[C@@]([C@@H](C(=N7)/C=C\8/C([C@@H](C(=N8)/C(=C4\[N-]5)/C)CCC(=O)N)(C)C)CCC(=O)N)(C)CC(=O)N)/C)CCC(=O)N)(C)CC(=O)N)C)CC(=O)N)C)O.[CH2-]C1[C@@H]([C@@H]([C@H](O1)N2C=NC3=C(N=CN=C32)N)O)O.[Co+3],,
6436153,CC[C@H]1C(=O)N(CC(=O)N([C@H](C(=O)N[C@H](C(=O)N([C@H](C(=O)N[C@H](C(=O)N[C@@H](C(=O)N([C@H](C(=O)N([C@H](C(=O)N([C@H](C(=O)N([C@H](C(=O)N1)[C@@H]([C@H](C)C/C=C/C)O)C)C(C)C)C)CC(C)C)C)CC(C)C)C)COCCO)C)CC(C)C)C)C(C)C)CC(C)C)C)C,,
6436173,C[C@H]1/C=C/C=C(\C(=O)NC2=C(C3=C(C4=C(C(=C3O)C)O[C@@](C4=O)(O/C=C/[C@@H]([C@H]([C@H]([C@@H]([C@@H]([C@@H]([C@H]1O)C)O)C)OC(=O)C)C)OC)C)C5=C2N6C=CC(=CC6=N5)C)O)/C,,
6436187,C[C@H]1CCC/C=C/C2C[C@@H](C[C@H]2[C@@H](/C=C/C(=O)O1)O)O,,
6436188,CC1=C(OC(=C(C1=O)C)OC)[C@H]2CC/C(=C/C(=C/C3=CC=C(C=C3)[N+](=O)[O-])/C)/O2,,
6436198,CCC(C)CC/C=C/C=C(\C)/C(C/C=C/C=C/C(=O)O[C@H]1[C@@H]([C@H](O[C@]2([C@@H]1O)C3=C(CO2)C=C(C=C3O)O)CO)O[C@H]4[C@@H]([C@H]([C@H]([C@H](O4)COC(=O)/C=C/C=C/C=C/C(CC)O)O)O)O)O,,
6436208,C/C=C(\C)/C(=O)N[C@@H](C1=CC=CC=C1)[C@H](C(=O)O[C@H]2C[C@]3([C@H]([C@H]4[C@@]([C@H](C[C@@H]5[C@]4(CO5)OC(=O)C)O)(C(=O)[C@@H](C(=C2C)C3(C)C)OC(=O)C)C)OC(=O)C6=CC=CC=C6)O)O,,
6436218,C[C@@H]1CO[C@]2(C[C@@H]1OC(=O)/C=C/C3=CC=CC=C3)[C@]4(CO4)[C@@H]5CC[C@@H](C[C@@H]5O2)C(=O)O[C@H]6[C@@H]([C@H]([C@@H]([C@H](O6)C)O)OC(=O)C)O[C@H]7[C@@H]([C@H]([C@@H]([C@H](O7)C)O)OC(=O)C)O,,
6436219,C[C@H]/1CC[C@@H]2C[C@H](C[C@@](O2)([C@@H]3CSC(=O)N3)O)OC(=O)/C=C(\CC/C=C1)/C,,
6436223,C[C@H]1C/C(=C/C=C/[C@@H]([C@H](OC(=O)/C(=C/C(=C/[C@H]([C@H]1O)C)/C)/OC)[C@@H](C)[C@H]([C@H](C)[C@]2(C[C@H]([C@@H]([C@H](O2)C(C)C)C)O)O)O)OC)/C,,
6436232,[CH3-].CC1=CC2=C(C=C1C)N(C=N2)C3C(C(C(O3)CO)OP(=O)([O-])OC(C)CNC(=O)CCC\4(C(C5C6(C(C(C(=N6)/C(=C\7/C(C(C(=N7)/C=C\8/C(C(C(=N8)/C(=C4\[N-]5)/C)CCC(=O)N)(C)C)CCC(=O)N)(C)CC(=O)N)/C)CCC(=O)N)(C)CC(=O)N)C)CC(=O)N)C)O.[Co+3],,
6436243,CC1=CCC/C(=C/[C@@H]2[C@@H](CC1)C(=C)C(=O)O2)/C,,
6436246,C/C=C(/C)\C(=O)OC(C)(C)[C@@H]1CC2=C(O1)C=CC3=C2OC(=O)C=C3,,
6436247,C[C@H]1C[C@@H]([C@@H]([C@H](/C=C(/[C@@H]([C@H](/C=C/C=C(/C(=O)NC2=CC(=O)C=C([C@@H]1OC)C2=O)\C)OC)OC(=O)N)\C)C)OC)OC,,
6436260,C[C@H]1C[C@@H](O[C@H]1[C@@H](C)CC(=O)O)C[C@H](C[C@H]2[C@H](CC[C@H]3[C@H](O2)C[C@H]4[C@](O3)(C[C@]5([C@H](O4)CC[C@H]6[C@H](O5)C/C=C\[C@@H]([C@H]7[C@H](O6)C[C@H]8[C@](O7)([C@H]([C@H]9[C@H](O8)C[C@]1([C@H](O9)CC(=C)[C@H](O1)C/C(=C/[C@@H](C)CO)/C)C)O)C)C)C)C)O)O,,
6436263,C[C@H]1CC([C@H]([C@@H](/C=C(/C([C@H](/C=C\C=C(\C(=O)NC2=CC(=O)C=C([C@@H]1OC)C2=O)/C)C)OC(=O)N)\C)C)OC)OC,,
6436265,C[C@H]1CCC[C@@H](N1C)/C=C/[C@@H]2[C@H]3CCCC[C@@H]3C[C@H]4[C@@H]2[C@@H](OC4=O)C,,
6436272,C(CO/C=C/[C@@H](C(=O)O)N)N,,
6436278,CC1=CC[C@]23CC[C@H]([C@]2(CC1)OC(=O)C)[C@@](OC3=O)(C)/C=C/C=C(\C)/C(=O)O,,
6436279,CC1=C(COC1=O)/C=C/CCCCCC(=O)C,,
6436280,CC1=C(COC1=O)/C=C/CCCCCC(C)O,,
6436285,C[C@@](/C=C/[C@@H]1CC=CC(=O)O1)([C@@H](C[C@H](/C=C\C=C/C=C/CO)O)OP(=O)(O)O)O,,
6436294,C/C=C(/C)\C(=O)O[C@H]1[C@@H]([C@@H]2[C@@H]([C@]3(C(=CC(=O)C3=C1C)C)O)OC(=O)C2=C)O,,
6436311,CC/C=C(\C)/C(=O)OCC,,
6436336,CCCCC/C=C\C=C\C(=O)OC,,
6436339,C1CCCCCC(=O)OCC/C=C/CCCC1,,
6436344,CC/C=C(/C)\C(=O)O,,
6436346,CCCCCCCCCCCCCOC(=O)/C=C/C(=O)OCCCCCCCCCCCCC,,
6436348,C/C/1=C\CC(=C(C)C)C(=O)C/C(=C/CC1)/C,,
6436351,CCCCCCCCCCCCCCCCCCOC(=O)/C=C/C(=O)OCCCCCCCCCCCCCCCCCC,,
6436361,CCCCCCCC/C=C\CCCCCCCC(=O)OCC(C)C,,
6436363,CCCCCCCCCCCCCCCCCCNC(=O)CCCCCCCCCCC/C=C\CCCCCCCC,,
6436364,CCCCCCCC/C=C\CCCCCCCC(=O)OCCOCCOCCO,,
6436366,CCCCCCCC/C=C\CCCCCCCC(=O)OCC(CO)(CO)CO,,
6436367,CCCCCCCC/C=C\CCCCCCCC(=O)NO,,
6436374,CC(=CCC/C(=C\COC(=O)CC1=CC=CC=C1)/C)C,,
6436375,CCCCC(=O)OC/C=C(/C)\CCC=C(C)C,,
6436377,CCCCCCCC/C=C\CCCCCCCC(=O)NC(C)C,,
6436393,CCCCC[C@@H](/C=C/[C@H]1[C@@H](C[C@H]2[C@@H]1C/C(=C/CCCC(=O)O)/C2)O)O,,
6436406,CCCCC(C)(C/C=C/[C@H]1[C@@H](CC(=O)[C@@H]1CCCCCCC(=O)O)O)O,,
6436431,CCCOC(=O)/C=C/C(=O)O,,
6436436,CCCCCCCCCCCCCCCC(=O)NCCCCCCCC/C=C\CCCCCCCC,,
6436439,CC/C=C/CCC1(CCC(=O)O1)C,,
6436473,C1CN(CC1)CC#CCN2C(=O)CCC2.C1CN(CC1)CC#CCN2C(=O)CCC2.C(=C/C(=O)O)\C(=O)O.C(=C/C(=O)O)\C(=O)O.C(=C/C(=O)O)\C(=O)O,,
6436474,CCCCCCCCCCCCCCCCCCOC(=O)CCCCCCC/C=C\C/C=C\CCCCC,,
6436475,CCCCCCCC/C=C\CCCCCCCCCCCC(=O)OCCCCCCCC/C=C\CCCCCCCC,,
6436476,CCCCCCCC/C=C\CCCCCCCCOC(=O)CCCCCCC/C=C\C/C=C\CCCCC,,
6436478,CCCCCCCC/C=C\CCCCCCCC(=O)N(C)CC(=O)O.C(CO)N(CCO)CCO,,
6436482,CCCCCCCC/C=C\CCCCCCCCCCCC(=O)NCCO,,
6436485,CCCCCCCCCCCCCCCCCCCCCCOC(=O)CCCCCCCCCCC/C=C\CCCCCCCC,,
6436498,CC/C=C/CCC(=O)C,,
6436501,C=CC(=O)OCCOC(=O)/C=C\C(=O)O,,
6436502,C/C=C(\C)/COC(=O)C,,
6436503,CCCCCCCC/C=C\CCCCCCCC(=O)OCC(COC(=O)CCCCCCC/C=C\CCCCCCCC)(COC(=O)CCCCCCC/C=C\CCCCCCCC)COC(=O)CCCCCCC/C=C\CCCCCCCC,,
6436522,CCCCCCCC/C=C\CCCCCCCC(=O)NCCOCCO,,
6436523,CCCCCC[C@H](C/C=C\CCCCCCCC(=O)NCCCN(C)C)O,,
6436542,CCCCCCCCCCCCCCCCCCCCOC(=O)CCCCCCC/C=C\CCCCCCCC,,
6436544,CCCCCC[C@@H](O)C/C=C\CCCCCCCC(=O)[O-].CCCCCC[C@@H](O)C/C=C\CCCCCCCC(=O)[O-].[Mg+2],,
6436548,C/C=C\C(=O)C1C(=CCCC1(C)C)C,,
6436550,C[C@H]1[C@@H]([C@H]([C@H]([C@@H](O1)OC[C@@H]2[C@H]([C@@H]([C@H]([C@@H](O2)OC3=CC(=C(C(=C3)OC)C(=O)/C=C/C4=CC(=C(C=C4)OC)O)O)O)O)O)O)O)O,,
6436555,CCCCCCCC/C=C\CCCCCCCC(=O)NCCC[N+](C)(C)CC(=O)[O-],,
6436557,CCCCCCCC/C=C\CCCCCCCC(=O)OCC(COC(=O)CCCCCCC/C=C\CCCCCCCC)(CO)CC,,
6436561,CCCCCCCCCCC(CCCCCCCC)COC(=O)CCCCCCC/C=C\CCCCCCCC,,
6436590,CCCCCCCC/C=C/CCCCCCCC(=O)OCC(COC(=O)CCCCCCC/C=C/CCCCCCCC)(CO)CO,,
6436598,C/C=C(/C)\C(=O)O[C@@H]1CC(C[C@@H]2[C@]1(CC[C@@]3(C2=CC[C@H]4[C@]3(CC[C@@H]5[C@@]4(CCC(=O)C5(C)C)C)C)C)C(=O)O)(C)C,,
6436606,CC1([C@H]([C@H]1C(=O)O[C@H](C#N)C2=CC(=CC=C2)OC3=CC=CC=C3)/C=C\C(=O)OC(C(F)(F)F)C(F)(F)F)C,,
6436608,CCCCCCCC/C=C\CCCCCCCC(=O)NCCOCCOC(=O)C(CC(=O)[O-])S(=O)(=O)[O-].[Na+].[Na+],,
6436618,CCCCCCCC/C=C\CCCCCCC=C1C(C(=O)O1)CCCCCC/C=C\CCCCCCCC,,
6436624,CCCCCC/C=C\CCCCCCCC(=O)OCC,,
6436625,CC/C=C\C=C/C=C\C=O,,
6436628,C/C=C/C1=C(N2[C@@H]([C@@H](C2=O)NC(=O)[C@@H](C3=CC=C(C=C3)O)N)SC1)C(=O)O.O,,
6436629,C(=C(\C(=O)O)/Cl)\C(=O)O,,
6436630,CCCCC/C=C\C/C=C\CCCCCCCC(=O)OC[C@H](CO)O,,
6436633,C/C=C\C/C=C/CCCCCCCCOC(=O)C,,
6436640,CC(=O)OCCN1CCN(CC1)CC/C=C\2/C3=CC=CC=C3SC4=C2C=C(C=C4)Cl,,
6436661,CCCCCCCC/C=C\CCCCCCCC(=O)[O-].CCCCCCCC/C=C\CCCCCCCC(=O)[O-].[Cu+2],,
6436668,CC/C=C\C=C\CCCCCCCCOC(=O)C,,
6436670,CCCCCCCC/C=C\CCCCCCCC(=O)OCCS[Sn](SCCOC(=O)CCCCCCC/C=C\CCCCCCCC)(SCCOC(=O)CCCCCCC/C=C\CCCCCCCC)C,,
6436686,CCCCCCCC/C=C\CCCCCCCC(=O)OCC(COC(=O)CCCCCCC/C=C\CCCCCCCC)(COC(=O)CCCCCCC/C=C\CCCCCCCC)CC,,
6436710,CC/C=C\CCCCCCC=O,,
6436724,CC1=C(C(CCC1)(C)C)/C=C/C(=C/C=C/C(=C/C=C/C=C(\C)/C=C/C=C(\C)/C=C/C(=O)C)/C)/C,,
6436726,C[C@H]1/C=C/C=C(\C(=O)NC2=CC(=O)C3=C(C2=O)C(=C(C4=C3C(=O)[C@](O4)(O/C=C/[C@@H]([C@H]([C@H]([C@@H]([C@@H]([C@@H]([C@H]1O)C)O)C)OC(=O)C)C)OC)C)C)O)/C,,
6436729,CCCCCCCC/C=C\CCCCCCCC(=O)OCCCCCCCC,,
6436730,CN(CCN(C1=CC=CC=N1)CC2=CC=CS2)C.CN(CCN(C1=CC=CC=N1)CC2=CC=CS2)C.C(=C/C(=O)O)\C(=O)O.C(=C/C(=O)O)\C(=O)O.C(=C/C(=O)O)\C(=O)O,,
6436737,CCCCCCCC/C=C\CCCCCCCC(=O)OCCCCCCCC(C)C,,
6436739,CC/C=C\C=C/CCCCCCCCCC=O,,
6436744,C1=COC(=C1)/C=N/NC(=S)N,,
6436801,C[C@H]1C[C@H](C[C@@H]([C@H](/C(=C\C=C\C[C@H](OC(=O)C[C@@H]([C@H](C1)C)O)[C@@H]2CCC[C@H]2C(=O)O)/C#N)O)C)C,,
6436805,C/C/1=C\CC[C@]2([C@@H](O2)CC/C(=C/[C@H]3C(=C(C(=O)O3)C)CC1)/C)C,,
6436820,CC[C@@H](C)[C@H]([C@H](C)C(=O)[C@H](C)/C=C(\C)/C[C@H](C)[C@H]1[C@@H](C(=O)O1)C)O,,
6436821,CC[C@H]1[C@@H](OC1=O)[C@@H](C)C/C(=C/[C@@H](C)C(=O)[C@@H](C)[C@@H]([C@H](C)CC)O)/C,,
6436828,C/C=C\1/CN2CCC3=C([C@@H]2C[C@@H]1[C@H](CO)C(=O)OC)NC4=CC=CC=C34,,
6436830,C/C=C/C1=CC(=O)[C@@H]([C@H]1O)O,,
6436831,CC(C)(C=C)[C@@]12C[C@H]3C(=O)N/C(=C\C4=CN=CN4)/C(=O)N3[C@@H]1NC5=CC=CC=C25,,
6436848,CCCCCCCC/C=C\CCCCCCCC(=O)OCCS,,
6436863,CCCCCCCC/C=C\CCCCCCCC(=O)OCC(C)OC(=O)CCCCCCC/C=C\CCCCCCCC,,
6436877,C/C(=C\C(=O)O)/CC[C@H]1C(=C)CC[C@@H]2[C@@]1(CCC[C@]2(C)C(=O)O)C,,
6436882,CCCCCCCC/C=C\CCCCCCCC[N+](C)(C)CC(=O)[O-],,
6436885,CC(C)COC(=O)/C=C\C(=O)O,,
6436890,CC(=CCC/C(=C/C=C(\C)/C(=O)C)/C)C,,
6436901,CC1=CC2=C(C=C1)OC(=N2)C3=CC=C(C=C3)/C=C/C4=CC=C(C=C4)C5=NC6=C(O5)C=CC(=C6)C,,
6436903,C[C@H](/C=C/[C@H](C)C(C)C)[C@H]1CC[C@@H]2[C@@]1(CC[C@H]3C2=CC=C4[C@@]3(CC[C@@H](C4)OC(=O)C)C)C,,
6436905,CCCCCCCCCCCCCCCCCCOC(=O)/C=C\C(=O)O,,
6436907,CC/C=C\C/C=C\C/C=C\CCCCCCCC(=O)O[C@H]1CC[C@@]2([C@H]3CC[C@]4([C@H]([C@@H]3CC=C2C1)CC[C@@H]4[C@H](C)CCCC(C)C)C)C,,
6436908,CCCCCCCC/C=C\CCCCCCCC(=O)NCC(=O)O,,
6436925,CC(CC/C=C(/C)\CCC=C(C)C)OC(=O)C,,
6436951,CCCCCCCC/C=C/CCCCCCCC(=O)OC(C)CN(CC[N+](C)(CC(C)O)CC(C)OC(=O)CCCCCCCC/C=C/CCCCCCC)CC(C)O.COS(=O)(=O)[O-],,
6436984,CCCCCCC(C/C=C/CCCCCCCC(=O)NCCOC(=O)C(CC(=O)[O-])S(=O)(=O)[O-])O.[Na+].[Na+],,
6436989,CC(=CCC/C(=C/COCC=O)/C)C,,
6437002,CC/C=C/CC1CCCC1=O,,
6437020,CCC(C)CCOC(=O)/C(=C\C)/C,,
6437024,CCCCCCCC/C=C\CCCCCCCC(=O)N[C@@H](CCSC)C(=O)O,,
6437030,CC(=C)C(=O)OCCOC(=O)/C=C\C(=O)O,,
6437038,CCCCCCCC/C=C\CCCCCCCC(=O)[O-].CCCCCCCC/C=C\CCCCCCCC(=O)[O-].CCCCCCCC/C=C\CCCCCCCC(=O)[O-].[Bi+3],,
6437044,CCCOC(=O)/C(=C\C)/C,,
6437053,CCCCCCCCCCCCCCCC(=O)OC/C=C(\C)/CCC[C@H](C)CCC[C@H](C)CCCC(C)C,,
6437055,CCCCCCCC/C=C\CCCCCCCC(=O)OC[C@H](CO)OC(=O)C,,
6437058,CC1CCC2(C(CCCO2)C)OC1C(C)CC(C3C(=C)C(C4C(O3)CCC5(O4)CCC(O5)/C=C/C(C)C6CC(=CC7(O6)C(CCC(O7)CC(C)(C(=O)O)O)O)C)O)O,,
6437063,CC1=C(C(CCC1=O)(C)C)/C=C/C(=C/C=C/C(=C/C(=O)O)/C)/C,,
6437065,C[C@@H](CO)NC(=O)[C@H]1CN([C@@H]2CC3=CNC4=CC=CC(=C34)C2=C1)C.C(=C\C(=O)O)\C(=O)O,,
6437066,C/C=C(\C)/C(=O)O[C@H]1C[C@H]([C@]2(CO[C@@H]3[C@@H]2[C@]1([C@H]([C@]4([C@@H]3O[C@H]5C4=C([C@@H](C5)C6=COC=C6)C)C)CC(=O)OC)C)C)OC(=O)C,,
6437068,CCC/C(=C\CC)/C(=O)O,,
6437070,C[C@@H](CC1=CC=C(C=C1)OC)NC[C@H](C2=CC(=C(C=C2)O)NC=O)O.C(=C/C(=O)O)\C(=O)O,,
6437074,C1C[C@H]2[C@H]([C@H]([C@@H]1O2)C/C=C\CCCC(=O)O)CNNC(=O)NC3=CC=CC=C3,,
6437075,CC1([C@@H](N2[C@H](S1)[C@@H](C2=O)NC(=O)[C@@H](C3=CSC=C3)C(=O)O)C(=O)O)C.C1[C@@H]2N(C1=O)[C@H](/C(=C/CO)/O2)C(=O)O,,
6437076,CCOC(=O)C1=CC=C(C=C1)/C=C(\C)/C2=CC3=C(C=C2)C(CCC3(C)C)(C)C,,
6437081,CCCCCCCC/C=C\CCCCCCCC(=O)OCC(COP(=O)([O-])OCC[N+](C)(C)C)OC(=O)CCCCCCC/C=C\CCCCCCCC,,
6437082,CC1CCCOC12CCCC(O2)C(C)CC(C3C(=C)C(C4C(O3)CCC5(O4)CCC(O5)/C=C/C(C)C6CC(=CC7(O6)C(CCC(O7)CC(C)(C(=O)O)O)O)C)O)O,,
6437084,CCCCCC(/C=C/C=C\C/C=C\C/C=C\CCCC(=O)O)OO,,
6437087,CC1=C(C(CCC1=O)(C)C)/C=C/C(=C/C=C/C(=C\C(=O)O)/C)/C,,
6437088,C[C@H]1[C@@H](NC(=O)[C@@H](NC(=O)[C@H]([C@@H](NC(=O)[C@@H](NC(=O)[C@H](NC(=O)C(=C)N(C(=O)CC[C@@H](NC1=O)C(=O)O)C)C)CC2=CC=C(C=C2)O)C(=O)O)C)CCCN=C(N)N)/C=C/C(=C/[C@H](C)[C@H](CC3=CC=CC=C3)OC)/C,,
6437101,CCCCCCCCCCCCCCCCCCCCCC(=O)OCCCCCCCC/C=C\CCCCCCCC,,
6437137,CCC/C=C/CCOC(=O)C(C)C,,
6437163,CC(=CCC/C(=C/COC(=O)C1=CC=CC=C1N)/C)C,,
6437169,CCCCCCCC/C=C/CCCCCCCC1=NCC[N+]1(CCC(=O)[O-])CCO,,
6437194,CCCCCCCC/C=C\CCCCCCCC(=O)OCC(C)(C)CO,,
6437207,CCCCCCCCC(=O)OC/C=C(\C)/CCC=C(C)C,,
6437269,CC1CC(=CC(C1/C=C(\C)/C(=O)C)C)C,,
6437274,CCCCCCCC/C=C/CCCCCCCC(=O)NCC(C)OC(=O)CC(C(=O)[O-])S(=O)(=O)[O-].[Na+].[Na+],,
6437285,CC(C)CC(C)OC(=O)/C=C/C(=O)OC(C)CC(C)C,,
6437300,CCCCCCOC(=O)/C=C/C1=CC=CC=C1,,
6437306,C1=CC(=CC=C1/C=C/C(=O)/C=C/C2=CC=C(C=C2)O)O,,
6437331,CCCCOC(=O)/C=C/C1=CC(=C(C=C1)O)OC,,
6437335,CCCCCCC(O)C/C=C\CCCCCCCC(=O)[O-].CCCCCCC(O)C/C=C\CCCCCCCC(=O)[O-].[Ba+2],,
6437349,C/C=C\C=C\1/C(=CC(=O)CC1(C)C)C,,
6437352,C[C@H]1CCC[C@H](CCC/C=C/C2=C(C(=CC(=C2)O)O)C(=O)O1)O,,
6437356,C1CN(CC(N1)C(=O)O)C/C=C/P(=O)(O)O,,
6437358,C[C@@H]1/C=C/[C@@H]2[C@](O2)([C@H](C[C@H](OC(=O)[C@H]3[C@@H](O3)C[C@@H]4C[C@H]1OC(=O)C4)[C@H](C)[C@H](/C(=C/C=C/C(=C/C5=COC(=N5)C)/C)/C)OC)O)C,,
6437359,C(CC(=O)N[C@@H](CS/C(=C\Cl)/Cl)C(=O)NCC(=O)O)[C@@H](C(=O)O)N,,
6437361,C/C=C/C1=CN2[C@@H](C1)[C@H](NC3=C(C(=C(C=C3C2=O)O[C@H]4[C@@H]([C@]([C@H]([C@@H](O4)C)NC)(C)O)O)C)O)O,,
6437363,CC1=C[C@@H]2[C@@]3(CC1)COC(=O)/C=C(/CCOC(=O)/C=C/C=C/C(=O)O[C@H]4[C@]3([C@]5(CO5)[C@@H](C4)O2)C)\C,,
6437365,C[C@@H]1[C@@]2([C@@H](O2)[C@](O1)(C)/C=C(\C)/C=C(\C)/[C@H]3[C@](O3)(C)C4=C(C(=C(C(=O)O4)C)OC)C)C,,
6437368,CC1=C(C(CCC1)(C)C)CC/C(=C/CCC2=CC[C@@H](O[C@H]2O)C3=CC(=O)O[C@H]3O)/C,,
6437371,CCCCCCCC/C=C\CCCCCCCC(=O)OCC(C[N+](C)(C)C)OC(=O)CCCCCCC/C=C\CCCCCCCC,,
6437377,CC(C)N1C=C2C[C@@H]3[C@H](C[C@H](CN3C)C(=O)OC(C)C(C)O)C4=C2C1=CC=C4.C(=C\C(=O)O)\C(=O)O,,
6437379,C/C(=C/C=C/C1=CC=CC=C1)/C(=C\OC)/C(=O)OC,,
6437382,C[C@H]1[C@@H](NC(=O)[C@@H](NC(=O)[C@H]([C@@H](NC(=O)[C@@H](NC(=O)[C@H](NC(=O)C(=C)N(C(=O)CC[C@@H](NC1=O)C(=O)O)C)C)CC(C)C)C(=O)O)C)C)/C=C/C(=C/[C@H](C)[C@H](CC2=CC=CC=C2)OC)/C,,
6437385,C[C@@H]1CCO[C@@]([C@@H]1O)([C@@H]2C[C@@H]3[C@H](O2)/C=C/C(=C/[C@@H](C[C@]4(CC[C@@H](O4)[C@]56CC[C@](O5)(C[C@@H](O6)[C@@H]7C(=O)C[C@@](O7)([C@H]([C@@H]8CC[C@]9(O8)CCC[C@H](O9)[C@H](C(=O)O3)C)O)C)C)C)C)/C)O,,
6437388,C/C(=C\C1=CC=C(C=C1)CC2=CN=CC=C2)/C(=O)O,,
6437401,CC/C=C/C=C\CCCCCCOC(=O)C,,
6437405,CCCCCC[C@H](C/C=C\CCCCCCCC(=O)OCC)O,,
6437419,C/C=C/C=C/C(=O)OCC(C)C,,
6437420,CC[C@@H]1[C@H](/C=C(/C=C/C(=O)[C@@H](C[C@@H]([C@@H]([C@H]([C@@H](CC(=O)O1)O)C)O[C@H]2[C@@H]([C@H]([C@@H]([C@H](O2)C)O)N(C)C)O)CC=O)C)\C)CO,,
6437425,C/C=C(/C)\C(=O)OCC(=C)C,,
6437426,C/C=C(\C)/C(=O)OCC(=C)C,,
6437427,CCCCCCCCCCCCCOC(=O)/C=C\C(=O)OCCCCCCCCCCCCC,,
6437428,CC(=CCC/C(=C/CC1CCCC1=O)/C)C,,
6437467,CC1=CCCC(C1/C=C(\C)/C(C)OC(=O)C)(C)C,,
6437471,CC/C=C/CCOCC=O,,
6437472,CC/C=C/CCC1CCCC1=O,,
6437473,CCC/C=C/COC(=O)C1=CC=CC=C1O,,
6437535,CCCCCCCCCCCCOC(=O)CCCCCCC/C=C\CCCCCCCC,,
6437599,C/C=C/C=C/1\C(=CC(=O)CC1(C)C)C,,
6437648,CCC(C)C(=O)OC/C=C(\C)/CCC=C(C)C,,
6437673,CCCCCCCC/C=C\CCCCCCCCNCCCN.CC(=O)O,,
6437720,CC(CCC=C(C)C)CCOC(=O)/C=C/C1=CC=CC=C1,,
6437724,CCCCCCCC/C=C\CCCCCCCC(=O)OCCOCCOCCOCCO,,
6437731,CCCCCCCCCCCCCCCCOC(=O)CCCCCCC/C=C\C[C@@H](CCCCCC)O,,
6437733,CCCCCCCC/C=C\CCCCCCCCN.CC(=O)O,,
6437734,CCCCCCCC/C=C\CCCCCCCC(=O)[O-].CCCCCCCC/C=C\CCCCCCCC(=O)[O-].[Cd+2],,
6437737,C/C=C/1\CC2CC1C3C2OC(=O)CC3,,
6437767,CCCCCCCC/C=C\CCCCCCCC1=NCCN1CCNC(=O)CCCCCCC/C=C\CCCCCCCC,,
6437801,CCCCCCC/C=C/C(=O)C,,
6437804,CC[C@@H]1[C@H](/C=C(/C=C/C(=O)[C@@H](C[C@@H]([C@@H]([C@H]([C@@H](CC(=O)O1)O)C)O[C@H]2[C@@H]([C@H]([C@@H]([C@H](O2)C)O)N(C)C)O)CC=O)C)\C)CO[C@H]3[C@@H]([C@@H]([C@@H]([C@H](O3)C)O)OC)OC,,
6437808,CCCCCC[C@@H](O)C/C=C\CCCCCCCC(=O)[O-].CCCCCC[C@@H](O)C/C=C\CCCCCCCC(=O)[O-].[Zn+2],,
6437822,C/C(=C\C(=O)OCCSCCOC(=O)/C=C(/C)\N)/N,,
6437832,C/C=C\C(=O)O[C@@H]1C[C@@H]2[C@]3(C1([C@@]4([C@H](O2)C=C([C@H]5[C@@H]4O5)C)C)C)CO3,,
6437836,CC(=CCC/C(=C/CC/C(=C/C=C/C(=C/C(=O)O)/C)/C)/C)C,,
6437837,CCC/C(=C\C(C(=O)O)N)/CP(=O)(O)O,,
6437838,C/C=C(\C)/[C@@H]([C@H](C)/C=C(\C)/C=C/C/C(=C/CC1=C(C(=O)C(=C(N1)OC)OC)C)/C)O,,
6437840,CC1=C(C(CCC1)(C)C)/C=C/C(=C/C=C/C(=C/C(=O)NCCO)/C)/C,,
6437841,CC1=CC(=C(C(=C1/C=C/C(=C/C=C/C(=C\C(=O)O)/C)/C)C)C)OC,,
6437847,CCCCCC(/C=C/C=C\CCCCCCCC(=O)O)OO,,
6437849,C1CN(CCN1CCC2=CC=C(C=C2)C(=O)O)C/C=C/C3=CC=C(C=C3)Cl,,
6437860,C[C@@H]1CCO[C@@]([C@@H]1O)([C@@H]2C[C@@H]3[C@H](O2)/C=C/C(=C/[C@@H](C[C@]4(CC[C@@H](O4)[C@]56CC[C@](O5)(C[C@@H](O6)[C@@H]7C(=O)C[C@@](O7)([C@H]([C@@H]8CC[C@]9(O8)CCC[C@H](O9)[C@H](C(=O)O3)C)O)C)CO)C)C)/C)O,,
6437864,CCCCCC1=CC=CC=C1CCC(=O)NC2C(OC(=O)C(NC(=O)C(NC(=O)C(NC(=O)C(NC(=O)C(NC(=O)/C(=C/C3=CC=C(C=C3)O)/N(C2=O)C)CC(C)C)CC4=CC=CC=C4)C(C)O)CC(=O)N)CO)C,,
6437875,CC/C(=C\C(=N/O)\C(=O)N)/C(C)[N+](=O)[O-],,
6437877,CC1=C(SC=N1)/C=C\C2=C(N3[C@@H]([C@@H](C3=O)NC(=O)/C(=N\OC)/C4=CSC(=N4)N)SC2)C(=O)OCOC(=O)C(C)(C)C,,
6437968,C1=CC=C(C=C1)/C=C/C(=O)NNC(=O)C2=CC=CC=C2O,,
6438023,CC(CCC=C(C)C)C/C=C/C(=O)C,,
6438028,CCCCCCCC/C=C\CCCCCCCC(=O)OCC(CC)CCCC,,
6438029,CC/C=C/CCCCCCCCC1CC(=O)OC1=O,,
6438037,CCCCCCCC/C=C\CCCCCCCC(=O)OC[C@@H]1[C@H]([C@@H]([C@](O1)(CO)O[C@@H]2[C@@H]([C@H]([C@@H]([C@H](O2)CO)O)O)O)O)O,,
6438067,C/C=C/C(=O)C1CCC(C=C1C)(C)C,,
6438070,CC/C=C/CC1CCCC(=O)O1,,
6438092,COC1=C(C=CC(=C1)/C=C/C(=O)C2=C(C=C(C=C2)O)O)O,,
6438130,C1=CC(=CC=C1CN2C=CN=C2)/C=C/C(=O)O.Cl,,
6438131,CCC/C=C/C=C/C(=O)O[C@H]1/C(=C/C(=O)OC)/C[C@H]2C[C@@H](OC(=O)C[C@@H](C[C@@H]3C[C@@H](C([C@@](O3)(C[C@@H]4C/C(=C/C(=O)OC)/C[C@@H](O4)/C=C/C([C@@]1(O2)O)(C)C)O)(C)C)O)O)[C@@H](C)O,,
6438134,COC1=C(C=C(C=C1)CCNCCC(=O)N2CCCSC3=CC=CC=C32)OC.C(=C/C(=O)O)\C(=O)O,,
6438138,C/C(=C\CO)/CC[C@H]1C(=C)CC[C@@H]2[C@@]1(CCC[C@]2(C)C(=O)O)C,,
6438142,C[C@@H]1C[C@]2([C@@H](O2)C)C(=O)O[C@@H]3CCN(C/C=C(\C3=O)/COC(=O)[C@]1(C)O)C,,
6438143,C[C@H]1CCC/C=C/C(=O)C2=C(CC(=O)O1)C=C(C=C2O)O,,
6438150,CC[C@@H]1[C@]([C@]2([C@H]([C@H](O[C@H]2O1)/C=C/C=C/C=C/C3=C(C(=CC(=O)O3)OC)C)O)C)(C)O,,
6438151,CC[C@H]1[C@H]([C@@H](C/C(=C/C=C/[C@@H]([C@H](OC(=O)/C(=C/C(=C/[C@H]([C@H]1O)C)/C)/OC)[C@@H](C)[C@H]([C@H](C)[C@]2(C[C@H]([C@@H]([C@H](O2)/C=C/C)C)O[C@H]3C[C@H]([C@@H]([C@H](O3)C)OC(=O)N)O)O)O)OC)/C)C)O,,
6438163,CC(=O)N[C@@H](CS/C(=C\Cl)/Cl)C(=O)O,,
6438164,CC(C)(C)C1=CC(=CC(=C1O)C(C)(C)C)/C=C/2\CCN(C2=O)OC,,
6438168,CC1=CC2=C(C=C1/C(=C/C3=CC(=CS3)C(=O)O)/C)C(CCC2(C)C)(C)C,,
6438175,CCCCCCC(O)C/C=C/CCCCCCCC(=O)OCC(O)COC(=O)CCCCCCC/C=C/CC(O)CCCCCC,,
6438186,CCCCCCCC/C=C\CCCCCCCCCCCC(=O)OC(CO)CO,,
6438187,CCCCCCCC/C=C\CCCCCCCCN.CCCCCCCC/C=C\CCCCCCCC(=O)O,,
6438200,CCCCC/C=C\C=C\C(=O)OCCC,,
6438203,CCCCC/C=C\C=C\C(=O)OCCCC,,
6438206,CCCCC/C=C\CC/C=C/C(=O)OCC,,
6438216,CCCCCCCC/C=C\CCCCCCCCCCCC(=O)OCC(CO)OC(=O)CCCCCCCCCCC/C=C\CCCCCCCC,,
6438291,C1CC2C(C1)C\3CC2C/C3=C\CCC=O,,
6438297,CCCCC/C=C\C/C=C\CCCCCCCC(=O)OCC(CO)OC(=O)CCCCCCC/C=C\C/C=C\CCCCC,,
6438319,C/C=C/CCC1CCCC(=O)O1,,
6438330,CCCC[C@@H](C)/C=C(\C)/C=C(\C)/C(=O)NC1=C[C@]([C@H]2[C@@H](C1=O)O2)(/C=C/C=C/C=C/C(=O)NC3=C(CCC3=O)O)O,,
6438331,C[C@@H](CC1=CC=C(C=C1)C(=O)OC)NC[C@H](C2=CC=CC=C2)O.CC(=O)/C=C/C(=O)O,,
6438332,CCCCC/C=C\C/C=C\C/C=C\C/C=C\CCCC(=O)NC(C)CO,,
6438338,C/C=C(\C)/C(=O)O[C@H]1C[C@H]([C@]2(CO[C@@H]3[C@@H]2[C@]1([C@H]4C[C@@H](O[C@H]5C[C@H](C(=C5[C@@]4([C@@H]3O)C)C)C6=COC=C6)O)C)C)OC(=O)C,,
6438347,C[C@@H]1CCC[C@H](CCC(=O)O[C@]23[C@@H](/C=C/C1)[C@@H](C(=C)[C@H]([C@H]2[C@@H](NC3=O)CC4=CC=CC=C4)C)O)O,,
6438352,CN1CCN(CC1)C2=NC3=C(C=CC(=C3)C(F)(F)F)N4C2=CC=C4.C(=C\C(=O)O)\C(=O)O,,
6438353,C1CC1CN2CC[C@]34[C@@H]5C(=O)/C(=C\C6=CC=CC=C6)/C[C@]3([C@H]2CC7=C4C(=C(C=C7)O)O5)O,,
6438354,CC(=O)N(C/C=C/C1=CC(=CC=C1)OC2=CC=CC=C2)O,,
6438355,CC[C@H](C)C[C@H](C)/C=C/C(=O)O[C@@H]1[C@H]([C@]2(O[C@@H]([C@]([C@@]1(O2)C(=O)O)(C(=O)O)O)C(=O)O)CCC(=C)[C@H]([C@H](C)CC3=CC=CC=C3)OC(=O)C)O,,
6438357,C[C@H]1[C@@H](NC(=O)[C@@H](NC(=O)[C@H]([C@@H](NC(=O)[C@@H](NC(=O)[C@H](NC(=O)C(=C)N(C(=O)CC[C@@H](NC1=O)C(=O)O)C)C)CCCN=C(N)N)C(=O)O)C)CCCN=C(N)N)/C=C/C(=C/[C@H](C)[C@H](CC2=CC=CC=C2)OC)/C,,
6438358,COC1=CC=C(C=C1)/C=C/CCCCOC2=C(C(=CC=C2)OCCCCC(=O)O)CCC(=O)O,,
6438359,CCCCCCCCCCCCCCCC(=O)OCC(COP(=O)([O-])OCC[N+](C)(C)C)OC(=O)CCCCCCC/C=C\C/C=C\CCCCC,,
6438368,C[C@H](C[C@H]1C[C@@](C(=O)O1)(C)O)[C@H]2CC[C@@H]\3[C@@]2(CCC/C3=C\C=C/4\C[C@H](C[C@@H](C4=C)O)O)C,,
6438372,CC(=CCC/C(=C/CC/C(=C/CSC[C@@H](C(=O)O)N)/C)/C)C,,
6438378,CCCC[C@H](C)C[C@@H](/C=C/[C@H]1[C@@H](CC(=O)[C@@H]1CCCC/C=C/C(=O)O)O)O,,
6438381,CC(=CCC/C(=C/CC/C(=C/CSC[C@@H](C(=O)O)NC(=O)C)/C)/C)C,,
6438389,CCCCCC1=CC=C(C=C1)/C=C/C(=O)NC2=C(C=CC(=C2)Cl)C(=O)O,,
6438394,CCCCCCC(=O)CCCCCC/C=C/C[C@H]([C@@H]([C@@](CO)(C(=O)O)N)O)O,,
6438397,CCCCCC(/C=C/C1C(CC2C1CC(=C2)CCCCC(=O)O)O)O,,
6438399,C1[C@@H]([C@@H](O[C@@H](O1)C2=CC=CC=C2Cl)C3=CC=CC=C3O)C/C=C\CCC(=O)O,,
6438401,C[C@@H]1CNC(=O)[C@H](NC(=O)/C=C/C[C@H](OC(=O)[C@@H](OC1=O)CC(C)C)[C@H](C)[C@@H]2[C@H](O2)C3=CC=CC=C3)CC4=CC(=C(C=C4)OC)Cl,,
6438402,CC(CCC[C@@H](/C=C/[C@H]1[C@@H](CC(=O)[C@@H]1CCCCCCC(=O)O)O)O)O,,
6438414,CC(C/C=C/C=C/CC/C=C\C=C\CCC(C)(C)C)C(C(C(C(C(C1C(C(C(=O)O1)O)O)O)O)O)O)O,,
6438429,CC(=O)CC1OC(=O)/C=C\C(=O)CCC(OC(=O)/C=C\C(=O)CC1)CC(=O)C,,
6438437,C[C@H]\1C/C=C/[C@H]2[C@H]3[C@](O3)([C@H]([C@@H]4[C@@]2(C(=O)/C=C/C(=O)[C@@H](/C(=C1)/C)O)C(=O)N[C@H]4CC5=CNC6=CC=CC=C65)C)C,,
6438444,C[C@H]1/C=C/C=C(\C(=O)NC2=C(C(=C3C(=C2O)C(=C(C4=C3C(=O)[C@](O4)(O/C=C/[C@@H]([C@H]([C@H]([C@@H]([C@@H]([C@@H]([C@H]1O)C)O)C)OC(=O)C)C)OC)C)C)O)O)C=O)/C,,
6438453,CC[C@H]1/C(=C/C(=C)C[C@@H](/C=C(/CC(C(=O)[C@H](C(=O)O1)C)(CO)O)\OC)C)/C,,
6438461,C1=C(OC(=C1)Br)/C=C(\[N+](=O)[O-])/Br,,
6438478,CC1=C[C@@H]2[C@@]3(CC1)COC(=O)C=C4CCO[C@](C4O)(/C=C/C=C/C(=O)O[C@H]5[C@]3([C@]6(CO6)[C@@H](C5)O2)C)[C@H](C)O,,
6438496,C[C@H]1CC[C@@H](O[C@@H]1/C(=C/C=C/[C@@H](C)C[C@@]2([C@H](O2)[C@H](C)[C@H]([C@@H](C)O)OC)C)/C)CC(=O)O,,
6438503,CC(=CCC1=C(C=CC(=C1O)C(=O)/C=C/C2=CC=C(C=C2)O)OC)C,,
6438504,C1=CC=C(C=C1)N2C=C(C3=CC=CC=C32)/C=C(\C#N)/C(=O)O,,
6438556,C/C=C/C(=O)OCC1=C[C@H]([C@H]([C@H](C1=O)O)O)O,,
6438568,CC(=CCCC1(CC(C2=C(C3=C(C(=C2O1)CC=C(C)C)OC45C6CC(C=C4C3=O)C(=O)C5(OC6(C)C)C/C=C(\C)/C(=O)O)O)O)C)C,,
6438572,C/C=C(/C)\C(=O)O[C@H]1C2=CC(=C(C(=C2C3=C(C4=C(C=C3C[C@@H]([C@]1(C)O)C)OCO4)OC)OC)OC)OC,,
6438581,CC/C(=C(\C(=O)N/C(=C/C(=O)O)/C(=O)O)/NC(=O)[C@@H]1C=CCN1C(=O)[C@@H]2[C@@](OC3=C(C(=CC(=C3)[C@@H]([C@@H](C(=O)N[C@H](C(=O)N2)C(=C)C)NC)O)Cl)O)(C)CC)/C,,
6438583,CC1=CC(=C(C(=C1/C=C/C(=C/C=C/C(=C/C(=O)O)/C)/C)C)C)O,,
6438587,CCCCCCCCCCCCCCCCCC(=O)OC[C@H](CO)OC(=O)CCC/C=C\C/C=C\C/C=C\C/C=C\CCCCC,,
6438629,CC1=C(C(CCC1O)(C)C)/C=C/C(=C/C=C/C(=C/C(=O)O)/C)/C,,
6438636,CCCC(C)/C=C(\C)/C(C(C)/C=C/CCC(C(C)C(C(C)C(C(C)C1C(CCC(O1)C(C)C(=O)O)C)O)O)O)O,,
6438639,CCCCCCCC/C=C\CCCCCCCC(=O)OC[C@H](COP(=O)(O)OC[C@@H](C(=O)O)N)OC(=O)CCCCCCC/C=C\CCCCCCCC,,
6438668,COC(=O)C(CF)(/C=C/CN)N,,
6438678,COC(=O)/C=C/C(=O)NC[C@@H](C(=O)O)N,,
6438704,CC(=CCC1=C(C=CC(=C1)/C=C/C(=O)OC)O)C,,
6438715,C1[C@@H]([C@@H]([C@H]([C@@H]1O)SC[C@H](COC2=CC(=CC=C2)Cl)O)C/C=C\CCCC(=O)O)O,,
6438757,CCCCC[C@@H](/C=C/C=C\C/C=C\C=C\C(=O)CCCC(=O)O)O,,
6438758,CCCCC/C=C\C/C=C\[C@@H](CCCCCCC(=O)O)OO,,
6438761,C1=CC=C(C=C1)/C=C\2/C(=O)OC3=CC=CC(=C3N2)C(=O)O,,
6438788,CCCCC/C=C/C=C/C(=O)OC1C(OC(CC1O)C2=C(C3=C(C=C2)C(=O)C4=C(C3=O)C=CC5(C4(C(=O)C=C(C5)C)O)O)O)C,,
6438814,CC1C(C/C=C\C=C\C=C\C(CC(=O)NC2=CC(=CC(=C2)CC/C=C(/C1O)\C)O)OC)OC(=O)C(C)NC(=O)C3CCCCC3,,
6438825,CC(=CCC1=CC(=C(C=C1O)O)C(=O)/C=C/C2=CC(=C(C=C2)O)O)C,,
6438888,C[C@H]1CC/C=C/C=C(/C/C(=C/C[C@@H]([C@H](/C=C/C=C/C(=O)NC1)C)O[C@H]2C[C@@H]([C@@H]([C@H](O2)C)NC)O)/C)\C,,
6438891,CC[C@@H]1C=CC(=O)O[C@@H]1C[C@H]([C@H](C)[C@@H]([C@@H](C)C/C=C/C)OC)O,,
6438895,CCCCCCCC/C=C/CCCCCCCC(=O)OC[C@@H]1[C@H]([C@@H]([C@@H](O1)N2C=CC(=NC2=O)N)O)O,,
6438903,COC1=CC(=CC(=C1OC)OC)/C=C/2\C(=C/C3=CC=CC=C3)\C(=O)NC2=O,,
6438938,C(C[C@@H](/C=C\C=C\C=C\[C@@H](C/C=C\CCC(=O)O)O)O)CC(=O)O,,
6438953,CC(=CCC/C(=C/C[C@]12C(=O)C3=C(C(=CC(=C3)O)O)C(=O)[C@]1(C[C@H](C(O2)(C)C)Cl)Cl)/C)C,,
6439027,CC/C=C/CCCC/C=C/CCCCCCCC(=O)O,,
6439034,CC(=CC(=O)C/C(=C/CC/C(=C/CC/C(=C/CO)/C)/C)/C)C,,
6439037,CC/C(=C\C(=O)CC(C)CC(C)CCC(C(C)C(=O)CC(C(C)C(C)OC(=O)CC(C1=C(C(=O)OC1=O)C)O)O)O)/C=C,,
6439058,CCCCC/C=C\C/C=C\CCCCCCCC(=O)NCCC1=CC(=C(C=C1)O)O,,
6439060,CCCCC/C(=C\C=C\C(=O)N[C@H](C)CCCC1=CN=CC=C1)/C2=CC=C(C=C2)OC,,
6439089,CCCN1C2=C(C(=O)N(C1=O)CCC)NC(=N2)C3=CC=C(C=C3)/C=C/C(=O)O,,
6439091,C1CCN([C@H](C1)CCO)C(=O)/C=C/C2=C3C=CC=CN3N=C2C4=CC=CC=C4,,
6439099,C1=C(NC=C1Br)C(=O)NC/C=C/C2=CN=C(N2)N,,
6439115,CC(=O)OC1CC(=CO1)/C=C/C(=O)NC2=C(CCC2=O)O,,
6439143,CCCCCCCC/C=C\CCCCCCCCNC(=O)CC1=CC(=C(C=C1)O)OC,,
6439149,CN1C(=NN=N1)C(=C(C2=CC=C(C=C2)F)C3=CC=C(C=C3)F)/C=C/[C@H]4C[C@@H](CC(=O)O4)O,,
6439171,CC1=C(C(=O)C2=CC=CC=C2N1O)C/C=C(\C)/CC/C=C(\C)/CCC=C(C)C,,
6439179,CC/C=C\CC(/C=C/C=C\C/C=C\C/C=C\C/C=C\CCC(=O)O)O,,
6439190,C1[C@@H](C[C@H]([C@@H]1CO)O)N2C=C(C(=O)NC2=O)/C=C/Br,,
6439215,CS/C=C/C(=O)NCCO,,
6439225,CC(=CCC/C(=C/CC/C(=C/CSC[C@@H](C(=O)OC)N)/C)/C)C,,
6439232,CCOC(=O)OC1=C(C=C(C=C1)/C=C/C=C/C(=O)NCCN2CCC(CC2)OC(C3=CC=CC=C3)C4=CC=CC=C4)OC,,
6439259,CC(C)(C)C1=CC(=CC(=C1O)C(C)(C)C)/C=C/2\CCON(C2=O)C,,
6439292,C/C(=C/C=C\C=C\CC1=CN=CO1)/[C@H](C(C)(C)C(=O)N)O,,
6439337,CCC(C)C(C(=O)NCC1=NC2=CC=CC=C2N1)NC(=O)[C@H](C/C=C/C3=CC=CC=C3)C[C@@H]([C@H](CC4=CC=CC=C4)NC(=O)OC(C)(C)C)O,,
6439389,C1CCN(CC1)CC2=CC=C(O2)CNCCN3CCNC3=C(C#N)C#N.C(=C/C(=O)O)\C(=O)O,,
6439397,CCCCCCCCC/C(=C\C1=C(C(=O)C(=C(C1=O)OC)OC)C)/C(=O)O,,
6439403,C[C@H]1C(=O)C(=O)N[C@H](C(=O)NCCC[C@@H](C(=O)N1)NC(=O)/C=C/CCC(C)C)CC(C)C,,
6439404,CCC(C)CC/C=C/C(=O)NC1CCCNC(=O)C(NC(=O)C(=O)C(NC1=O)C)CC(C)C,,
6439414,C[C@@](CC1=CNC2=CC=CC=C21)(C(=O)NC[C@@H](C3=CC=CC=C3)NC(=O)/C=C/C(=O)O)NC(=O)OC4C5CC6CC(C5)CC4C6,,
6439420,CC(C)(C)C1=CC(=CC(=C1O)C(C)(C)C)/C=C\2/C(=O)N=C(S2)N.CS(=O)(=O)O,,
6439424,C/C=C(/C)\C1=CC(=C(C2=C1C(=O)OC3=C(O2)C(=CC(=C3C)O)/C(=C\C)/C)C)O,,
6439426,CCC/C=C/CC1C/C=C\C=C(/C=C\C=C/C(C(/C=C(\C=C/C=C\C(=O)N1)/C)O)O)\C,,
6439576,CC(=C)[C@@H]1CC[C@]2([C@H]1[C@H]3CC[C@@H]4[C@]5(CC[C@@H](C([C@@H]5CC[C@]4([C@@]3(CC2)C)C)(C)C)OC(=O)/C=C/C6=CC(=C(C=C6)O)O)C)C(=O)O,,
6439585,CC1CCC(C2=C(CC(C12)OC(=O)C)C)/C=C(\C)/C(=O)O,,
6439586,CC1CCC(C2=C(CC(C12)O)C)/C=C(\C)/C(=O)O,,
6439592,CCCCC/C=C\C/C=C\C/C=C\C=C\C1CCCC(=O)O1,,
6439596,C[C@H]1CC/C=C(\CC2=C(CC1=O)C(=CO2)C)/C,,
6439607,C(/C=C/C(CF)(C(=O)O)N)N,,
6439618,C1=C(/C(=C\C=O)/OC1=O)N,,
6439644,CC1=C(C(=C(C(=C1Cl)O)C/C=C(\C)/CCC=C(C)C)O)C=O,,
6439677,C=CCC1=CC=C(C=C1)OC2=CC(=CC(=C2O)O)/C=C/C=O,,
6439678,CC/C=C\C/C=C\C/C=C\C/C=C\C=C\C(CCCC(=O)O)O,,
6439708,CCSC(=O)/C=C(\C)/C=C/CC(C)CCCC(C)(C)OC,,
6439709,CC1=CC(=C(C(=C1)C2=CC(=C(C=C2)F)C)/C=C/[C@@H]3C[C@H](CC(=O)O3)O)C,,
6439717,CC(=CCC1=C(C(=CC(=C1)/C=C/C(=O)O)C/C=C(\C)/CO)O)C,,
6439770,CC1(CCC(C2=C1C=CC(=C2)/C=C/C3=CC=C(C=C3)C(=O)O)(C)C)C,,
6439819,CCCCC[C@@H](/C=C/[C@H]1[C@@H](C[C@@H]([C@@H]1CC(C(CCCC(=O)O)O)O)O)O)O,,
6439835,C/C=C(\C)/C(C(C)/C=C(\C)/C=C/C/C(=C/CC1=C(C(=O)C(=C(O1)OC)C)C)/C)O,,
6439846,CN(C)CCC(=O)/C=C/C1=CC=CC=C1.Cl,,
6439847,CCCCC/C=C\C=C\C(CCCCCCCC(=O)O)OO,,
6439848,CCCCC/C=C\C/C=C\CCCCCCCCCC(=O)O,,
6439873,CC/C=C\C/C=C\C=C\[C@H](CCCCCCCC(=O)O)O,,
6439889,CCCCC/C=C\C/C=C\C/C=C\CCCCC(=O)OC,,
6439891,C1=CC(=CC=C1/C=C\NC=O)O,,
6439929,C/C=C\1/C(=O)C[C@@H]2[C@@]1(CC[C@H]3[C@H]2CCC4=CC(=O)CC[C@]34C)C,,
6439941,C1=CC(=CC=C1/C=C/C(=O)OC[C@@H]2[C@H]([C@@H]([C@H]([C@@H](O2)OC3=CC(=C4C(=C3)OC(=CC4=O)C5=CC=C(C=C5)O)O)O)O)O)O,,
6439947,C1CCN(CC1)C(=O)/C=C/C=C/CC/C=C/C2=CC3=C(C=C2)OCO3,,
6439954,C/C=C\1/CC2C(NC3=CC(=C(C=C3C(=O)N2C1)OC)OC)OC,,
6439956,CCCCCCC(/C=C/C=O)O,,
6439969,CC(/C=C/C=O)O,,
6440013,CC(C)(COP(=O)(O)OP(=O)(O)OC[C@@H]1[C@H]([C@H]([C@@H](O1)N2C=NC3=C(N=CN=C32)N)O)OP(=O)(O)O)[C@H](C(=O)NCCC(=O)NCCSC(=O)/C=C/C4=CC=C(C=C4)O)O,,
6440079,CCCCCCCCCCCCCCCCOC(=O)/C=C/C1=CC(=C(C=C1)O)OC,,
6440080,CCCCCCCCCCCCCCCCCCCCOC(=O)/C=C/C1=CC(=C(C=C1)O)OC,,
6440090,C/C=C/C1=CN(C(=O)NC1=O)[C@H]2C[C@@H]([C@H](O2)CO)O,,
6440103,C1[C@@H]([C@H](O[C@H]1N2C=C(C(=O)NC2=O)/C=C/C(F)(F)F)CO)O,,
6440124,C1[C@@H]([C@H](O[C@H]1N2C=C(C(=O)NC2=O)/C=C/I)CO)O,,
6440160,CC1=C(C(CCC1)(C)C)/C=C/C(=C/C=C/C(=C\C(=O)NC2=CC=C(C=C2)O)/C)/C,,
6440172,CCCCCCCCCCCCCCCCCC(=O)OC(COC(=O)CCCCCCC/C=C\CCCCCCCC)COC(=O)CCCCCCC/C=C\CCCCCCCC,,
6440176,CCCCCCCCC/C=C/C=C/C(=O)NCC(=O)N[C@@H]1[C@H]([C@H]([C@H](O[C@H]1[C@H](CO)O)NC2=NC=NC3=C2NC=N3)O)O,,
6440177,CCCCCCCCCCCCCCCC(=O)OCC(CO)OC(=O)CCCCCCC/C=C\CCCCCCCC,,
6440180,COC(=O)[C@@H]1[C@H]2CC[C@H](N2C/C=C/I)C[C@@H]1C3=CC=C(C=C3)F,,
6440185,C[C@H]/1C/C=C/[C@H]2[C@@H](C(=C)[C@H]([C@@H]3[C@@]2(C(=O)/C=C/C(=O)[C@@H](/C(=C1)/C)O)C(=O)N[C@H]3CC4=CNC5=CC=CC=C54)C)O,,
6440189,COC1=CC=C(C=C1)/C=C/C(=O)O.C(CO)NCCO,,
6440205,CCCCC/C=C/C=C/C12O[C@@H]3[C@@H]4[C@H]5[C@](O5)([C@H]([C@]6([C@H]([C@@]4(O1)[C@@H]([C@H]([C@@]3(O2)C(=C)C)OC(=O)C7=CC=CC=C7)C)C=C(C6=O)C)O)O)CO,,
6440260,CCCCCCCCCCCCCCCCCCCCC/C=C/C(=O)O,,
6440329,C1=CC=C(C=C1)/C=C/C(=O)O[C@H](C2=CC=CC=C2)[C@H]([C@H]3[C@H](C=CC(=O)O3)O)O,,
6440346,C/C(=C\C1=CC2=C(C=C1)C(CCC2(C)C)(C)C)/C3=CC=C(C=C3)C(=O)O,,
6440352,CCOC(=O)/C=C/[C@H](C[C@@H]1CCNC1=O)NC(=O)[C@H](CC2=CC=C(C=C2)F)CC(=O)[C@H](C(C)C)NC(=O)C3=NOC(=C3)C,,
6440361,CC(=CCC1=C(C=CC(=C1)/C=C/C(=O)O)O)C,,
6440365,COC1=C(C=CC(=C1)/C=C/C(=O)CCCCC2=CC=CC=C2)O,,
6440397,C1=CC(=C(C=C1/C=C/C(=O)O[C@H]([C@H](C(=O)O)O)C(=O)O)O)O,,
6440408,CC(=CCC/C(=C/CC1=CC(=C(C=C1O)O)[C@@H]2CC(=O)C3=C(C=C(C=C3O2)O)O)/C)C,,
6440422,CC(=CCC/C(=C/COC1=C2C=COC2=C(C3=C1C=CC(=O)O3)OC)/C)C,,
6440459,C1COCCN1C(=O)NCCNCC(COC2=CC=C(C=C2)O)O.C1COCCN1C(=O)NCCNCC(COC2=CC=C(C=C2)O)O.C(=C/C(=O)O)\C(=O)O,,
6440474,CC1([C@H]([C@H]1C(=O)O)/C=C(/C(F)(F)F)\Cl)C,,
6440491,CC(C)(C=C)C12CC(C(=O)N\3C1(NC(=O)/C3=C\C4=CN=CN4)N(C5=CC=CC=C25)OC)O,,
6440493,C/C=C(\C)/C(=O)O[C@H]1[C@@H]([C@H](O[C@H]2[C@]1(O[C@H]3[C@@H](C2)O[C@H]([C@@H]3OC)N4C=NC5=C(N=CN=C54)N)O)C(=O)OC)O,,
6440498,C/C(=C\COC1=C2C=CC(=O)OC2=CC3=C1C=CO3)/CCC(C(C)(C)O)O,,
6440522,CC1(C(C1C(=O)O)/C=C(/C(F)(F)F)\Cl)C,,
6440539,C/C=C/C=C\CC/C=C/C=C/C(=O)NCC(C)C,,
6440548,C/C=C(\C)/C(=O)N[C@@H](C1=CC=CC=C1)[C@H](C(=O)O[C@H]2C[C@]3([C@H]([C@H]4[C@@]([C@H](C[C@@H]5[C@]4(CO5)OC(=O)C)O)(C(=O)[C@@H](C(=C2C)C3(C)C)O)C)OC(=O)C6=CC=CC=C6)O)O,,
6440554,CC1([C@H]([C@H]1C(=O)O[C@H](C#N)C2=CC(=CC=C2)OC3=CC=CC=C3)/C=C(/C(F)(F)F)\Cl)C,,
6440557,CC1([C@@H]([C@@H]1C(=O)O[C@@H](C#N)C2=CC(=CC=C2)OC3=CC=CC=C3)/C=C(/C(F)(F)F)\Cl)C,,
6440561,C[C@@H]1C[C@@H]2[C@H](O2)/C=C\C=C\C(=O)CC3=C(C(=CC(=C3)O)O)C(=O)O1,,
6440572,CCCCC/C=C/C=C/[C@]12O[C@@H]3[C@@H]4[C@H]5[C@](O5)([C@H]([C@]6([C@H]([C@@]4(O1)[C@@H]([C@H]([C@@]3(O2)C(=C)C)OC(=O)C)C)C=C(C6=O)C)O)O)CO,,
6440579,C[C@H]1CC[C@]2(C[C@@H]3C[C@H](O2)C/C=C(/C[C@H](/C=C/C=C/4\CO[C@H]5[C@@]4([C@@H](C=C([C@H]5O)C)C(=O)O3)O)C)\C)O[C@@H]1C(C)C,,
6440616,CCCCC/C=C/C=C/C(=O)N1CCCC1,,
6440620,C[C@@H]1CC(=O)[C@H]([C@]2([C@H]1C[C@@H]3[C@]45[C@@H]2[C@H]([C@@H]([C@]([C@@H]4[C@H](C(=O)O3)OC(=O)/C=C(\C)/C(C)(C)OC(=O)C)(OC5)C(=O)OC)O)O)C)O,,
6440651,CC(C)NCC(COC1=CC=C(C=C1)CCOC)O.CC(C)NCC(COC1=CC=C(C=C1)CCOC)O.C(=C/C(=O)O)\C(=O)O,,
6440659,COC1=C(C=CC(=C1)/C=C\C(=O)NCCC2=CC=C(C=C2)O)O,,
6440685,C/C=C/[C@@H]1[C@H]([C@@H](C[C@@](O1)([C@@H](C)[C@@H]([C@H](C)[C@@H]2[C@H](/C=C/C=C(/C[C@H]([C@@H]([C@@H]([C@@H]([C@@H](/C=C(/C=C(/C(=O)O2)\OC)\C)C)O)C)O)C)\C)OC)O)O)O[C@H]3C[C@H]([C@@H]([C@H](O3)C)OC(=O)N)O)C,,
6440704,C/C(=C\C=C\[C@@]1([C@@H]2CC[C@@]3([C@@]2(CCC(=CC3)C(=O)OC)O)C(=O)O1)C)/C(=O)O,,
6440717,C[C@@H]1C/C=C/C=C/[C@@H]([C@@H](C[C@@H]([C@@H]([C@H]([C@@H](CC(=O)O1)O)OC)O[C@H]2[C@@H]([C@H]([C@@H]([C@H](O2)C)O[C@H]3C[C@@]([C@H]([C@@H](O3)C)O)(C)O)N(C)C)O)CC=O)C)O[C@H]4CC[C@@H]([C@@H](O4)C)N(C)C,,
6440764,C[C@@H](C(=O)OC)NP(=O)(OC[C@@H]1[C@H](C[C@@H](O1)N2C=C(C(=O)NC2=O)/C=C/Br)O)OC3=CC=CC=C3,,
6440783,C1C(C[C@H](C([C@@H]1OC(=O)/C=C/C2=CC(=C(C=C2)O)O)OC(=O)/C=C/C3=CC(=C(C=C3)O)O)OC(=O)/C=C/C4=CC(=C(C=C4)O)O)(O)C(=O)O,,
6440792,CN1CCC2=CC(=C(C=C2[C@H](C1)C3=CC=CC=C3)O)Cl.C(=C\C(=O)O)\C(=O)O,,
6440794,C[N+](C)(C)CCOC(=O)/C=C/C1=CC(=C(C=C1)O)O,,
6440810,C[C@H]1[C@@H](C[C@@H]([C@@H]([C@H](C[C@@H]2CC=C[C@H](O2)C[C@H](C/C=C(/C=C/C(=O)O[C@@H]1[C@@H](C)[C@H]([C@@H](C)CCC(=O)[C@H](C)[C@@H]([C@H](C)/C=C/N(C)C=O)OC)O)\C)O)OC)CO)OC)OC,,
6440826,CC1C(NC(=O)C(NC(=O)C(C(NC(=O)C(NC(=O)C(NC(=O)C(=C)N(C(=O)CCC(NC1=O)C(=O)O)C)C)CC(C)C)C(=O)O)C)CC2=CC=C(C=C2)O)/C=C\C(=C\C(C)C(CC3=CC=CC=C3)OC)\C,,
6440827,C[C@H]1[C@@H](C[C@@H]([C@]2(CO2)[C@H](C[C@@H]3CC=C[C@H](O3)C[C@H]([C@H](/C=C(/C=C/C(=O)O[C@@H]1[C@@H](C)[C@H]([C@@H](C)CCC(=O)[C@H](C)[C@@H]([C@H](C)/C=C/N(C)C=O)OC)O)\C)O)OC)OC)OC)OC,,
6440839,CC(=CCOC1=C(C=C(C=C1)/C=C/C=C(/C)\C(=C/OC)\C(=O)OC)O)C,,
6440844,CC[C@@H]1[C@H](/C=C(/C=C/C(=O)[C@@H](C[C@@H]([C@@H]([C@H]([C@@H](CC(=O)O1)O)C)O[C@H]2[C@@H]([C@H]([C@@H]([C@H](O2)C)O[C@H]3C[C@@]([C@H]([C@@H](O3)C)O)(C)O)N(C)C)O)CC=O)C)\C)CO[C@H]4[C@@H]([C@@H]([C@@H]([C@H](O4)C)O)OC)OC.OP(=O)(O)O,,
6440850,CCCCCCCC/C=C\CCCCCCCC(=O)O.[Co+2],,
6440856,C1C=CC(=O)O[C@H]1/C=C/C2=CC=CC=C2,,
6440857,CCC1C(C2=CC3=C(C(=C([N-]3)C=C4C(C(C(=N4)C5=C6C(=C(C(=CC1=N2)[N-]6)C)C(=O)C5C(=O)OC)CCC(=O)OC/C=C(\C)/CCCC(C)CCCC(C)CCCC(C)C)C)C)C(=O)C)C.[Mg+2],,
6440865,CC1=COC(=[N+]1C)/C=C/NC2=CC=CC=C2.[I-],,
6440868,C[C@H]1C/C=C\[C@H]2[C@@H](C(=C([C@@H]3[C@@]2([C@@H](/C=C\[C@@](C1=O)(C)O)OC(=O)C)C(=O)NC3CC4=CC=CC=C4)C)C)O,,
6440871,C[C@@H]1[C@H]2C[C@@H](/C=C/C(=C/C[C@@H](/C=C/C(=C/[C@H]([C@@](C1=O)(C(=O)O2)C)NC(=O)C(=O)C)/C)O)/C)O,,
6440878,C/C=C/C(=O)O.CC(=O)OC=C,,
6440887,C[C@@H]1[C@H](C/C=C/C=C/C=C/[C@@H](CC(=O)NC2=CC(=O)C=C(C2=O)CC/C=C(/[C@@H]1O)\C)OC)OC(=O)[C@@H](C)NC(=O)C3CCCCC3,,
6440888,C[C@@H]1[C@H](C/C=C/C=C/C=C/[C@@H](CC(=O)NC2=CC(=CC(=C2O)CC/C=C(/[C@@H]1O)\C)O)OC)OC(=O)[C@@H](C)NC(=O)C3CCCCC3,,
6440892,C1=CC=C(C=C1)/C=C/C(=O)OC[C@@H]2[C@H]([C@@H]([C@H]([C@@H](O2)O[C@H]3[C@H]4[C@@H](C=CO3)[C@@H]([C@H]5[C@@]4(O5)CO)O)O)O)O,,
6440895,C[C@H](CCCC[C@@H]1[C@H](C(=O)O1)CO)C/C(=C/C(=C/C(=O)O)/C)/C,,
6440900,C1=C(/C(=C\CO)/OC1=O)CO,,
6440917,C[C@H]1C/C(=C\C=C/[C@@H](C(OC(=O)/C(=C\C(=C/[C@H]([C@H]1O)C)\C)/OC)[C@@H](C)[C@H]([C@H](C)[C@]2(C[C@H]([C@@H]([C@H](O2)C(C)C)C)OC(=O)/C=C/C(=O)NC3=C(CCC3=O)O)O)O)OC)/C,,
6440940,C[C@@H]1CC[C@H](C2=C(CC[C@H]12)C)/C=C(\C)/C(=O)O,,
6440944,CCCCC/C=C\C/C=C\CCCCCCCC(=O)OCC(COP(=O)([O-])OCC[N+](C)(C)C)OC(=O)CCCCCCC/C=C\C/C=C\CCCCC,,
6440956,CC1=C(C(CCC1)(C)C)/C=C/C(=C\C=C\C(=C/CO[C@H]2[C@@H]([C@H]([C@@H]([C@H](O2)C(=O)O)O)O)O)\C)/C,,
6440958,CC1=CC=C(C=C1)S(=O)(=O)[O-].CC1=CC=C(C=C1)S(=O)(=O)[O-].C[N+]1=CC=CC(=C1)NC(=O)C2=CC=C(C=C2)NC(=O)/C=C/C3=CC=C(C=C3)C(=O)NC4=CC=C(C=C4)C(=O)NC5=C[N+](=CC=C5)C,,
6440973,C[C@H]1CC/C=C(/[C@H](/C=C/[C@@](/C=C/C(=O)O[C@@H]1C)(C)O)OC)\C,,
6440980,C1=CC=C(C=C1)NC2=NC(=NC(=N2)N(CCC(=O)N)CCO)NC3=CC(=C(C=C3)/C=C/C4=C(C=C(C=C4)NC5=NC(=NC(=N5)NC6=CC=CC=C6)N(CCC(=O)N)CCO)S(=O)(=O)[O-])S(=O)(=O)[O-].[Na+].[Na+],,
6440993,C/C=C/C(=O)OC(C)CC(C)C,,
6440999,C/C=C\1/[C@@H](OC=C(C1CC(=O)OC[C@@H]2[C@H]([C@@H]([C@H]([C@@H](O2)OCCC3=CC=C(C=C3)O)O)O)O)C(=O)OC)O[C@H]4[C@@H]([C@H]([C@@H]([C@H](O4)CO)O)O)O,,
6441014,C1CCC(CC1)/C=C/C=C/C=C/C(=O)NC2=C[C@]([C@H]3[C@@H](C2=O)O3)(/C=C/C=C/C=C/C(=O)NC4=C(CCC4=O)O)O,,
6441018,CC[C@H]1CC[C@@H]2[C@@H]1C=C[C@@H]([C@H]2C(=O)C3=CC=CN3)/C=C/C=C(\CC)/[C@H]4[C@H](CCC(O4)[C@@H](C)C(=O)O)C,,
6441020,CCCCCCCC/C=C\CCCCCCCC(=O)O.CC(CO)O,,
6441022,CC1=C2COC(=O)C2=C(C(=C1OC)C/C=C(\C)/CCC(=O)OCCN3CCOCC3)O.Cl,,
6441035,CCCCCC/C=C/1\CCCC1=O,,
6441057,CC/C=C/C=C\CCCCCCCCOC(=O)C,,
6441059,C1=CC(=C(C=C1C[C@@]([C@@H](C(=O)O)OC(=O)/C=C/C2=CC(=C(C=C2)O)O)(C(=O)O)O)O)O,,
6441067,CCCCCCCCCCCCCCC/C=C/C=C/C(=O)NCC(C)C,,
6441094,CC[C@@H]1[C@H](/C=C(/C=C/C(=O)[C@@H](C[C@@H]([C@@H]([C@H]([C@@H](CC(=O)O1)OC(=O)C)C)O[C@H]2[C@@H]([C@H]([C@@H]([C@H](O2)C)O[C@H]3C[C@@]([C@H]([C@@H](O3)C)OC(=O)CC(C)C)(C)O)N(C)C)O)CC=O)C)\C)CO[C@H]4[C@@H]([C@@H]([C@@H]([C@H](O4)C)O)OC)OC,,
6441095,C/C=C\1/CN(C[C@@H]2[C@H]1CC(=O)C3=C(C2)C4=CC=CC=C4N3)C,,
6441102,C/C(=C/C=C/C1=CC(=C(C=C1)Cl)OC)/C(=C\OC)/C(=O)OC,,
6441103,CC[C@H](C)[C@@H]1[C@H]([C@H](C[C@@]2(O1)C[C@@H]3C[C@H](O2)C/C=C(/[C@H]([C@H](/C=C/C=C/4\CO[C@H]5[C@@]4([C@@H](C=C([C@H]5O)C)C(=O)O3)O)C)O[C@H]6C[C@@H]([C@H]([C@@H](O6)C)O[C@H]7C[C@@H]([C@H]([C@@H](O7)C)O)OC)OC)\C)O)C,,
6441116,CC(=O)O/C=C/C(=C\CC1C(=C)CCCC1(C)C)/C=O,,
6441204,CCC(C)C1C(/C=C/C(CC(CC(CC(CC(CC(CC(C(C(C/C=C/C=C/C=C/C=C/C=C/C(=O)O1)O)C)O)O)O)O)O)O)O)C,,
6441225,CC(=CCO[C@H]1COC2=C(C=C(C=C2)/C=C/C=C(/C)\C(=C/OC)\C(=O)OC)OC1(C)C)C,,
6441226,C/C(=C/C=C/C1=CC(=CC=C1)OC)/C(=C\OC)/C(=O)OC,,
6441236,CC1=C(C(CCC1)(C)C)/C=C/C#CC2=CC=C(C=C2)C(=O)O,,
6441239,CC(C)[C@H]1C(=O)N[C@@H](CC2=CNC3=C(C=CC(=C23)N1C)[C@](C)(C/C=C/C(C)(C)O)C=C)CO,,
6441265,C[C@H]1[C@@H](NC(=O)[C@@H](NC(=O)[C@H]([C@@H](NC(=O)[C@@H](NC(=O)C(NC(=O)C(=C)N(C(=O)CC[C@@H](NC1=O)C(=O)O)C)C)CC(C)C)C(=O)O)C)CC(C)C)/C=C/C(=C/[C@H](C)[C@H](CC2=CC=CC=C2)OC)/C,,
6441266,C/C=C/C(C/C=C/CC(C)C(CC(=O)NCC(C(C)C(=O)NCCCC1C(CCC2(O1)CCCC(O2)CCC(C)/C=C(\C)/C(C)O)C)O)O)O,,
6441269,C1=CC(=C(C=C1/C=C/C(=O)C2=C(C(=C(C=C2)O[C@H]3[C@@H]([C@H]([C@@H]([C@H](O3)CO)O)O)O)O)O)O)O,,
6441280,C1[C@H]([C@H]([C@@H](C[C@@]1(C(=O)O)O)OC(=O)/C=C/C2=CC=C(C=C2)O)O)O,,
6441300,CC1=C(C(=O)C(=C(C1=O)N)OC)C/C=C(\C)/CC/C=C(\C)/CC/C=C(\C)/CC/C=C(\C)/CC/C=C(\C)/CC/C=C(\C)/CC/C=C(\C)/CC/C=C(\C)/CC/C=C(\C)/CCC=C(C)C,,
6441326,CCC1/C=C/C=C/C=C/C=C/C(CC2C(C(CC(O2)(CC(CC(C/C=C/C(=O)OC1C)O)O)O)O)C(=O)O)OC3C(C(C(C(O3)C)O)N)O,,
6441344,CCC(=O)/C(=C/C1C(=CCCC1(C)C)C)/C,,
6441377,CC(=CCC/C(=C/COC1=CC(=CC2=C1C=CC(=O)O2)OC)/C)C,,
6441391,C[C@H]1CC/C=C(/CC(=O)[C@@H](CC1=O)C(C)C)\C,,
6441406,CCCCCCCC/C=C\CCCCCCCC(=O)O.CCNCC,,
6441410,CCCCCCCC/C=C\CCCCCCCC(=O)O.C(CNCCN)N,,
6441416,C[C@H](/C=C/[C@H](C)C(C)C)[C@H]1CCC2=C3C=CC4=CC(=O)CC[C@@]4([C@H]3CC[C@]12C)C,,
6441419,CC(=O)OC1=C(C=C(C=C1)/C=C/C(=O)CC(=O)/C=C/C2=CC(=C(C=C2)OC(=O)C)OC)OC,,
6441438,CCCCCCCC/C=C/CCCCCCCC(=O)[O-].CCCCCCCC/C=C/CCCCCCCC(=O)[O-].CCCCCCCC/C=C\CCCCCCCC(=O)[O-].[Fe+3],,
6441454,CCCCC/C=C\C/C=C\C/C=C\C/C=C\C/C=C\CCC(=O)O,,
6441458,C[C@@H]1CC[C@@]2([C@@H]([C@@]1(C)CC/C(=C/C(=O)O)/C)CCC=C2C)C,,
6441475,CS/C=C/C(=O)O,,
6441479,CCCCCCCC/C=C/CCCCCCCC(=O)OCCCOC(=O)CCCCCCC/C=C/CCCCCCCC,,
6441487,CCCCCCCCCCCCCCCCCC(=O)OC[C@H](COP(=O)([O-])OCC[N+](C)(C)C)OC(=O)CCCCCCC/C=C\C/C=C\CCCCC,,
6441498,C1=CC(=C(C=C1C[C@H](C(=O)O)OC(=O)/C=C/C2=C3[C@@H]([C@H](OC3=C(C=C2)O)C4=CC(=C(C=C4)O)O)C(=O)O)O)O,,
6441519,C[C@@]12C[C@H]([C@@H]([C@]1(CC(=O)[C@@]3([C@H]2CC=C4[C@H]3C=C(C(=O)C4(C)C)O[C@H]5[C@@H]([C@H]([C@@H]([C@H](O5)CO)O)O)O)C)C)[C@](C)(C(=O)/C=C/C(C)(C)O)O)O,,
6441554,CCOC(=O)/C=C/C1=CC=C(C=C1)/C=C/C(=O)OCC,,
6441562,CCCCCCCCCCCCCCCCCC(=O)OC[C@H](CO)OC(=O)CCCCCCC/C=C\C/C=C\CCCCC,,
6441567,C/C=C(\C)/C(=O)NCC(=O)O,,
6441595,C[C@@H]1CCC(=O)[C@@H]([C@@]1(C)/C=C/C(=C/CC2=C(C(=C(C(=C2OC)Cl)C)C=O)O)/C)C,,
6441596,CCCCCCCC/C=C\CCCCCCCC(=O)O.CC(CNCC(C)O)O,,
6441607,CCCCC(C)(C)[C@@H](/C=C/[C@H]1[C@@H](C[C@@H]([C@@H]1C/C=C\CCCC(=O)O)O)O)O,,
6441609,CCCCCCCC/C=C/CCCCCCCC(=O)OCC(COC(=O)CCCCCCC/C=C\CCCCCCCC)(COC(=O)CCCCCCC/C=C/CCCCCCCC)CO,,
6441611,CCCCCCCC/C=C\CCCCCCCCNCCCN.CCCCCCCC/C=C\CCCCCCCC(=O)O,,
6441619,C1=CC=C(C=C1)CCOC2=C(N=C(C=C2)CSC3=C(C=CC=C3Cl)Cl)/C=C/C(=O)O,,
6441625,CCCCCC[C@H](C/C=C\CCCCCCCC(=O)N(CCO)CCO)O,,
6441636,C1[C@H]([C@@H]([C@H]([C@H]1O)C/C=C\CCCC(=O)O)CC[C@H](CCC2=CC=CC=C2)O)O,,
6441644,CCCCCCCCCCCCCC/C=C\1/C(C(=O)O1)CCCCCCCCCCCCCC,,
6441669,C[C@@H]1CC[C@@H](O[C@@]12[C@H](C[C@@H](O2)[C@@H]3[C@H](C[C@H]([C@@](O3)(CO)O)C)C)C)[C@@]4(CC[C@@]5(O4)[C@@H]([C@@H](C[C@H](O5)[C@@H](C)/C=C(\C)/C(=O)[C@H](C)C[C@H](C)C(=O)O)O[C@H]6CC[C@@H]([C@H](O6)C)OC)C)C,,
6441679,CC/C=C\C/C=C\C=C\O/C=C/CCCCCCC(=O)O,,
6441681,CCCCC/C=C\C=C\O/C=C/CCCCCCC(=O)O,,
6441692,C/C=C(\C)/[C@H]([C@@H](C)C1=CC(=O)C2=C(C1=O)O[C@@]3(CC[C@@H]4[C@@]([C@H]3[C@@H]2O)(CC[C@@H](O4)C(C)(C)O)C)C)OC(=O)C,,
6441694,C/C=C(\CO)/C(=O)O[C@H]1[C@@H]([C@H](O[C@H]2[C@]1(O[C@H]3[C@@H](C2)O[C@H]([C@@H]3OC)N4C=NC5=C(N=CN=C54)N)O)C(=O)OC)O,,
6441712,C1[C@H]([C@H]([C@@H]([C@H]1O)SC[C@@H](COC2=CC(=CC=C2)Cl)O)C/C=C\CCCC(=O)O)O,,
6441727,CCCCCCCC/C=C\CCCCCCCC(=O)O.CCN(CC)CCO,,
6441802,CCCCCC[C@H](C/C=C\CCCCCCCC(=O)OC(C)C)O,,
6441809,CCC/C(=C\C=C)/C(=O)O,,
6441885,CCCCC/C=C\C/C=C\CCCCCCCC(=O)O.C(CO)NCCO,,
6441886,CCCCCCCCCCCCCCCC(=O)OC[C@H](COP(=O)([O-])OCC[N+](C)(C)C)OC(=O)CC/C=C\C/C=C\C/C=C\C/C=C\C/C=C\C/C=C\CC,,
6441894,C[C@H]1[C@@H]([C@H]([C@H]([C@@H](O1)O[C@@H]2[C@H]3[C@H](OCC(O3)C4=CC(=C(C=C4)O)O)O[C@@H]([C@H]2OC(=O)/C=C/C5=CC(=C(C=C5)O)O)CO)O)O)O,,
6441899,C1[C@@H]([C@@H]([C@H]([C@@H]1O)/C=C/C(COC2=CSC=C2)O)C/C=C\CCCC(=O)O)O,,
6441941,CCCCCCCCCC/C=C/C(CC(=O)O)C(=O)O.C(CO)N(CCO)CCO,,
6441956,CC(C)C(=O)C(C)(C)C/C=C(\C)/C=C,,
6441985,CC1=CC2=C(C=C1/C(=C/C3=CC=C(C=C3)C(=O)O)/C)C(CCC2(C)C)(C)C,,
6442040,CCCCCCCC/C=C/CCCCCCCCNC(=O)CCCCCCC/C=C\CCCCCCCC,,
6442095,C[C@@H]1C[C@@H]([C@@H]2[C@H](C[C@H]([C@@](O2)(C(=O)C(=O)N3CCCC[C@H]3C(=O)O[C@@H]([C@@H]([C@H](CC(=O)[C@@H](/C=C(/C1)\C)C)O)C)/C(=C/[C@@H]4CC[C@H]([C@@H](C4)OC)O)/C)O)C)OC)OC,,
6442177,C[C@@H]1CC[C@H]2C[C@@H](/C(=C/C=C/C=C/[C@H](C[C@H](C(=O)[C@@H]([C@@H](/C(=C/[C@H](C(=O)C[C@H](OC(=O)[C@@H]3CCCCN3C(=O)C(=O)[C@@]1(O2)O)[C@H](C)C[C@@H]4CC[C@H]([C@@H](C4)OC)OCCO)C)/C)O)OC)C)C)/C)OC,,
6442185,CCCCCCC/C=C\C(C#CC#CC(=O)C=C)O,,
6442194,CC[C@H](/C=C/[C@@H](C)[C@H]1CC[C@@H]2[C@@]1(CC[C@H]3[C@H]2CCC4=CC(=O)CC[C@]34C)C)C(C)C,,
6442223,CCCOC1=CC2=C(C=C1/C(=C\C=C\C(=C\C(=O)O)\C)/C)C(CCC2(C)C)(C)C,,
6442224,CCOC(=O)CN(CC=C)C(=O)/C(=C/C1=CC=C(C=C1)C(=O)OC2=CC=C(C=C2)C(=N)N)/C.CS(=O)(=O)O,,
6442269,CCCCCCCCCCCC(=O)CC(=O)N[C@@H]1[C@H]([C@@H]([C@H](O[C@@H]1OP(=O)(O)O)CO[C@H]2[C@@H]([C@H]([C@@H]([C@H](O2)COC)OP(=O)(O)O)OCC[C@@H](CCCCCCC)OC(=O)CCC/C=C\CCCCCC)NC(=O)CC(=O)CCCCCCCCCCC)O)OCC[C@@H](CCCCCCC)O,,
6442272,C/C=C(\C=C(/C)\C=C\CC/C=C(\C)/C(=O)[C@@]12[C@@H](O1)C(NC2=O)(C)O)/C(=O)OC,,
6442328,C1=CC=C(C=C1)OCCCCOC2=CC=C(C=C2)C/C=C\[C@H](CCC(=O)O)SC3=CC=C(C=C3)C(=O)O,,
6442351,C[C@H]1[C@@H](C[C@@]2(C([C@H]([C@H](O2)[C@H](C[C@@H]([C@H](C)[C@@H]([C@H](C)/C=C(\C)/C(=C\C=C\C(=C/C#N)\C)/C)O)O)OC)OP(=O)(O)O)(C)C)O[C@H]1C/C=C/C3=COC(=N3)[C@@H](C)CCNC(=O)[C@H]([C@H]([C@H](COC)N(C)C)O)O)O,,
6442352,C[C@H]1[C@@H](C[C@@]2(C([C@H]([C@H](O2)[C@H](C[C@@H]([C@H](C)[C@@H]([C@H](C)/C=C(\C)/C(=C\C=C\C(=C\C#N)\C)/C)O)O)OC)OP(=O)(O)O)(C)C)O[C@H]1C/C=C/C3=COC(=N3)[C@@H](C)CCNC(=O)[C@H]([C@H]([C@H](COC)N(C)C)O)O)O,,
6442384,CCCCCCCCCCCCCCCC(=O)OC[C@H](COC(=O)CCCCCCC/C=C\CCCCCCCC)OC(=O)CCCCCCC/C=C\CCCCCCCC,,
6442395,CCCCC/C=C\C/C=C\CCCCCCCC(=O)OC1=C(C2=C(C(=C1C)C)O[C@](CC2)(C)CCC[C@H](C)CCC[C@H](C)CCCC(C)C)C,,
6442401,CCCCCCCCCCCCCCCC(C(CO)NC(=O)CCCCCCC/C=C\CCCCCCCC)O,,
6442405,CC(C)CNC(=O)/C=C/C=C/CCCCCC/C=C/C1=CC2=C(C=C1)OCO2,,
6442433,C1[C@@]([C@H]([C@@H](O1)O[C@@H]2[C@H]([C@@H]([C@H](O[C@H]2OC3=CC=C(C=C3)/C=C/C(=O)C4=C(C=C(C=C4)O)O)CO)O)O)O)(CO)O,,
6442493,CCCCCCCCCCCCC/C=C/1\[C@@H](C(=C)OC1=O)O,,
6442498,C/C=C/1\C[C@H]([C@@](C(=O)OC/C/2=C/CN(CC[C@H](C2=O)OC1=O)C)(C)O)C,,
6442560,CCCCCCC/C=C/C(=O)CCC1=CC(=C(C=C1)O)OC,,
6442566,CC(C)/C=C/CCCCCC(=O)NCC1=CC(=C(C=C1)O)OC,,
6442577,CC(C)/C=C/CCCC(=O)NCC1=CC(=C(C=C1)O)OC,,
6442578,CC(C)/C=C/CCC(=O)NCC1=CC(=C(C=C1)O)OC,,
6442612,CCCCCCCCC/C=C/C(=O)CCC1=CC(=C(C=C1)O)OC,,
6442636,CC/C=C\C/C=C\C=C\C=O,,
6442642,CC/C=C\C/C=C/C=C/C=O,,
6442661,CC1=C2COC(=O)C2=C(C(=C1OC)C/C=C(\C)/CCC(=O)O)O[C@H]3[C@@H]([C@H]([C@@H]([C@H](O3)C(=O)O)O)O)O,,
6442675,COC1=C(C=CC(=C1)O)/C=C/C(=O)C2=CC=C(C=C2)O,,
6442676,CCCCCCCCCCCCCCC[C@H]([C@H](CO)NC(=O)CCCCCCC/C=C\CCCCCCCC)O,,
6442679,COC1=C(C(=C2C(=C1)C(=NC=N2)NCCCCCO[N+](=O)[O-])OC)OC.C(=C\C(=O)O)\C(=O)O,,
6442730,CCCCCCCCCCCCCCCCCC(=O)OC(CC=C(C)C)/C(=C/COC1=CC=C(C=C1)CCNC(=O)C2=CC=CC=C2)/C,,
6442740,CCCC(C/C=C\C/C=C\C/C=C\C/C=C\CCCC(=O)O)O,,
6442778,CCC(CC/C=C\C/C=C\C/C=C\C/C=C\CCCC(=O)O)O,,
6442840,COC(=O)N1CCN(C(C1)CN2CCCC2)C(=O)CC3=CC(=C(C=C3)Cl)Cl.C(=C/C(=O)O)\C(=O)O,,
6442842,CC1=C(C=CC=C1C2=CC=CC=C2)COC(=O)[C@@H]3[C@@H](C3(C)C)/C=C(/C(F)(F)F)\Cl,,
6442843,C[C@H]1[C@@H](C[C@@]2(C([C@H]([C@H](O2)[C@H](C[C@@H]([C@H](C)[C@@H]([C@H](C)/C=C(\C)/C(=C/C=C/C(=C\C#N)/C)/C)O)O)OC)OP(=O)(O)O)(C)C)O[C@H]1C/C=C/C3=COC(=N3)[C@@H](C)C[C@@H](C)NC(=O)[C@H]([C@H]([C@H](COC)N(C)C)O)O)O,,
6443006,CCCCCCC/C=C/C=C/C(=O)NCC(C)C,,
6443013,CCCCC[C@@H](/C=C/C=C\CCCCCCCC(=O)O)O,,
6443019,C1=CC=C(C(=C1)C(=O)O)NC(=O)/C=C/C2=CC=C(C=C2)O,,
6443027,CCCCC/C=C\C/C=C\CCCCCCCC(=O)C[C@H](COC(=O)C)O,,
6443032,C[C@@H]1[C@@H]2C[C@]([C@@H](/C=C/C=C(/CC3=CC(=C(C(=C3)OC)Cl)N(C(=O)C[C@@H]([C@]4([C@H]1O4)C)OC(=O)C)C)\C)OC)(NC(=O)O2)O,,
6443033,CCC(=O)O[C@H]1CC(=O)N(C2=C(C(=CC(=C2)C/C(=C/C=C/[C@H]([C@]3(C[C@@H]([C@H]([C@H]4[C@]1(O4)C)C)OC(=O)N3)O)OC)/C)OC)Cl)C,,
6443046,C/C=C\1/CN2CCC3=C([C@@H]2C[C@@H]1/C(=C/OC)/C(=O)OC)NC4=CC=CC=C34,,
6443065,CCCCCCCCCCCCCCCCCCOC[C@H](COP(=O)([O-])OCC[N+](C)(C)C)OC(=O)CCC/C=C\C/C=C\C/C=C\C/C=C\CCCCC,,
6443070,CCCCCCCCCCCCCCCCCCOC[C@H](COP(=O)([O-])OCC[N+](C)(C)C)OC(=O)CCCCCCC/C=C\C/C=C\CCCCC,,
6443119,CCCCCCCCCCCCCCCC(=O)O[C@H](COCCCCCCCC/C=C\CCCCCCCC)COP(=O)([O-])OCC[N+](C)(C)C,,
6443139,CCCCCCCCCCCCCCCCOC[C@H](COP(=O)([O-])OCC[N+](C)(C)C)OC(=O)CCC/C=C\C/C=C\C/C=C\C/C=C\CCCCC,,
6443140,COC1=C(C=CC(=C1)/C=C/C(=O)O)O[C@H]2[C@@H]([C@H]([C@@H]([C@H](O2)C(=O)O)O)O)O,,
6443157,CCCCCCCCCCCCCCCCOC[C@H](COP(=O)([O-])OCC[N+](C)(C)C)OC(=O)CCCCCCC/C=C\C/C=C\CCCCC,,
6443159,CCCCCCCC/C=C\CCCCCCCCOC[C@H](COP(=O)([O-])OCC[N+](C)(C)C)OC(=O)CCCCCCC/C=C\C/C=C\CCCCC,,
6443207,CC(C)CC1=N/C(=C\C(C)C)/C(=O)N(C1=O)O,,
6443217,C[C@H]1[C@@H](C[C@@]2(C([C@H]([C@H](O2)[C@H](C[C@@H]([C@H](C)[C@@H]([C@H](C)/C=C(\C)/C(=C/C=C/C(=C/C#N)/C)/C)O)O)OC)OP(=O)(O)O)(C)C)O[C@H]1C/C=C/C3=COC(=N3)[C@@H](C)CCNC(=O)[C@H]([C@H]([C@H](COC)N(C)C)O)O)O,,
6443234,CC(C)(C#C/C=C/CN(C)CC1=CC=CC2=CC=CC=C21)C(=O)O,,
6443267,CC1CC/C=C\C2=NC(=CO2)C3=NC(=CO3)C4=NC(=CO4)C(C(C(=O)/C=C/CC(CC(=O)OC1CC(C(C)CCC(=O)C(C)C(C/C=C/N(C)C=O)OC)OC)O)C)OC,,
6443296,C#CC(/C=C/CCCCCC#CC/C=C\CCCCCCCCCCC/C=C\C#CC(=O)O)O,,
6443333,CC(C)(C1=NC(=CS1)C/C=C/CC=C)[C@@H](C/C=C\C(=C)CCNC(=O)OC)O,,
6443339,CC(=CCC1=C(C(=C(C=C1O)O)C(=O)/C=C/C2=CC=C(C=C2)O)O)C,,
6443357,CC(=CCOC1=CC=C(C=C1)C(=O)/C=N/O)C,,
6443547,CCCCCCCCCCCCCCCCCC(=O)OC[C@H](CO)OC(=O)CCCCCCC/C=C\CCCCCCCC,,
6443564,CC(=CCC/C(=C/C=C/C(=C/C=C/C=C(\C)/C=C/C=C(\C)/C=C/C=C(\C)/C=O)/C)/C)C,,
6443570,CC[C@H](C)/C=C(\C)/C=C/C1=CC2=C(C(=O)[C@](C(=O)C2=CN1CCO)(C)OC(=O)C)Cl,,
6443609,CCCCC/C=C/CCC(=O)SCCNC(=O)CCNC(=O)[C@@H](C(C)(C)COP(=O)(O)OP(=O)(O)OC[C@@H]1[C@H]([C@H]([C@@H](O1)N2C=NC3=C(N=CN=C32)N)O)OP(=O)(O)O)O,,
6443665,C1=CC(=CC=C1/C=C/C(=C\2/C(=C(C(=O)C(C2=O)([C@H]3[C@@H]([C@H]([C@@H]([C@H](O3)CO)O)O)O)O)[C@H]4[C@@H]([C@H]([C@@H]([C@H](O4)CO)O)O)O)O)/O)O,,
6443694,CC(=CCC1=C(C=CC(=C1)/C=C/C=O)O)C,,
6443706,CCCC(=O)NCCC1=CNC2=C1C=C(C=C2)OC,,
6443734,CC1=C(C(CCC1=O)(C)C)/C=C/C(=C/C=C/C(=C/C=C/C=C(\C)/C=C/C=C(\C)/C=C/C=C(\C)/C=C/CC(C)(C)O)/C)/C,,
6443760,C/C=C(\C)/C(=O)SCCNC(=O)CCNC(=O)[C@@H](C(C)(C)COP(=O)(O)OP(=O)(O)OC[C@@H]1[C@H]([C@H]([C@@H](O1)N2C=NC3=C(N=CN=C32)N)O)OP(=O)(O)O)O,,
6443767,C/C(=C\C(=O)N(O)CCCC1NC(=O)C(NC1=O)CCCN(O)C(=O)/C=C(/CCO)\C)/CCO,,
6443769,C1=C(C=C(C=C1O)O)/C=C/C(=O)O,,
6443783,C/C=C/C1=CC2=C(C=C1)OC(=C2C)C3=CC(=C(C=C3)O)OC,,
6443788,CCCCCCCCCCCCCCCC(=O)OC[C@H](COP(=O)([O-])OCC[N+](C)(C)C)OC(=O)CCCCCCC/C=C\CCCCCC,,
6443815,CCCCC/C=C\C/C=C\C/C=C\CC#CCCCC(=O)O,,
6443825,CCCCCCCCCCCCCCCCOC(=O)CCCCCCC/C=C\CCCC,,
6443882,CCCCCCCCCCCCC/C=C/[C@H]([C@H](COP(=O)([O-])OCC[N+](C)(C)C)NC(=O)CCCCCCC/C=C\CCCCCCCC)O,,
6443968,C1CC(=O)[C@H]([C@H]1CC(=O)O)C/C=C\CCO,,
6444037,CC(C)(COP(=O)(O)OP(=O)(O)OC[C@@H]1[C@H]([C@H]([C@@H](O1)N2C=NC3=C(N=CN=C32)N)O)OP(=O)(O)O)[C@H](C(=O)NCCC(=O)NCCSC(=O)/C=C/C4=CC=CC=C4)O,,
6444117,CCCCC/C=C\C=C\C(=O)SCCNC(=O)CCNC(=O)[C@@H](C(C)(C)COP(=O)(O)OP(=O)(O)OC[C@@H]1[C@H]([C@H]([C@@H](O1)N2C=NC3=C(N=CN=C32)N)O)OP(=O)(O)O)O,,
6444128,CCCCCCCCCCCCCC(=O)O[C@H]1CC[C@@H](C(=O)N(C1)C)NC(=O)[C@@H]([C@@H]([C@H]([C@@H](/C=C/C(C)C)O)O)O)OC,,
6444155,CC(C)/C=C/[C@H]([C@@H]([C@H]([C@H](C(=O)N[C@H]1CCCCNC1=O)OC)O)O)O,,
6444189,CCCCC/C=C\C/C=C\CCCCCCCC(=O)N[C@@H](CCC(=O)O)C(=O)O,,
6444206,CC[C@H]1[C@@H](C[C@](O[C@@H]1C)(O)[C@H]([C@H](O)[C@@H]([C@H]2OC(=O)/C=C/C=C/[C@@H]([C@H](OC(=O)/C=C/C=C/[C@@H]2C)[C@H]([C@@H](O)[C@@H]([C@@]3(O[C@@H]([C@H]([C@@H](C3)O[C@@H]4O[C@H]([C@H]([C@H](C4)O)O)C)CC)C)O)C)C)C)C)C)O[C@@H]5O[C@H]([C@H]([C@H](C5)O)O)C,,
6444274,CCC(CCCC/C=C/C1=C(C(=O)OC1)C)O,,
6444289,CC(=CCC/C(=C/COC1=C(C=C(C=C1)C=O)OC)/C)C,,
6444290,C[C@]12CC[C@@H](C([C@@H]1CC[C@@]3([C@@H]2CC=C4[C@]3(CC[C@@]5([C@H]4CC(CC5)(C)C)C(=O)O)COC(=O)/C=C/C6=CC=C(C=C6)O)C)(C)C)OC(=O)/C=C/C7=CC=C(C=C7)O,,
6444313,COC(=O)[C@@H]1C(=N1)/C=C/CCCCCCCCCC=C(Br)Br,,
6444386,COC1=C(C=C(C=C1)C(=O)/C=C/C(=O)O)OC,,
6444397,CC[C@H](C)[C@@H]1[C@H](C=C[C@@]2(O1)C[C@@H]3C[C@H](O2)C/C=C(/[C@H]([C@H](/C=C/C=C/4\CO[C@H]5[C@@]4([C@@H](C=C([C@H]5O)C)C(=O)O3)O)C)O[C@H]6C[C@@H]([C@H]([C@@H](O6)C)O[C@H]7C[C@@H]([C@@H]([C@@H](O7)C)NC(=O)C)OC)OC)\C)C,,
6444403,CCN1/C(=C/C2=CC=CC=[N+]2CC)/S/C(=C/3\N(C4=CC=CC=C4S3)C)/C1=O.[Cl-],,
6444575,COC1=CC(=CC(=C1OC)OC)/C=C/C(=O)NCC=C,,
6444688,COC1=CC=C(C=C1)/C=C/CCCCOC2=C(C=C(C=C2)C(=O)C3=CC(=CC=C3)C(=O)O)CCC(=O)O,,
6444692,C1=CC(=CC=C1CCCCN2C=CN=N2)OCC3=COC(=N3)/C=C/C4=CC=C(C=C4)C(F)(F)F,,
6444746,CCCCC/C=C\C/C=C\CCCCCCCC(=O)NCC1=CC(=C(C=C1)O)OC,,
6444826,CC(C)(C)C1=CC(=CC(=C1O)C(C)(C)C)/C=C\2/C(=O)N=C(S2)N,,
6444879,CC1=CC=C(C=C1)S(=O)(=O)[O-].CC1=CC=C(C=C1)S(=O)(=O)[O-].C[N+]1=CC=C(C=C1)NC2=CC=C(C=C2)NC(=O)/C=C/C3=CC=C(C=C3)NC4=C5C=C(C=CC5=[N+](C=C4)C)N,,
6444903,C1=CC(=CC(=C1)Br)/C=C\2/C(=O)NC(=O)N2,,
6445007,C/C(=C\C(=O)O)/C1=C(C=C(C=C1)OC)OC,,
6445070,C1=CC=C(C=C1)/C=C/C(=O)C2=NC3=CC=CC=C3N2,,
6445074,CC1=CC=C(C=C1)S(=O)(=O)[O-].CC1=CC=C(C=C1)S(=O)(=O)[O-].C[N+]1=CC=C(C=C1)NC2=CC=C(C=C2)NC(=O)/C=C/C3=CC=C(C=C3)C(=O)NC4=CC=C(C=C4)NC5=CC=[N+](C=C5)C,,
6445091,C[C@H]1CC[C@]2(C[C@@H]3C[C@H](O2)C/C=C(/[C@H]([C@H](/C=C/C=C/4\CO[C@H]\5[C@@]4([C@@H](C=C(/C5=N\O)C)C(=O)O3)O)C)O[C@H]6C[C@@H]([C@H]([C@@H](O6)C)O)OC)\C)O[C@@H]1C7CCCCC7,,
6445097,C/C=C\1/CN2[C@H]3CC1C4([C@@H]2CC5([C@@H]4O)C3NC6=CC=CC=C56)C(=O)OC,,
6445117,CC1=C(C(=C(C(=C1Cl)O)C/C=C(\C)/CC/C=C(\C)/CCC=C(C)C)O)C=O,,
6445118,COC1=CC(=CC(=C1OC)OC)/C=C/C(=O)N2CCN(CC2)C3=CC=CC=N3,,
6445226,CCCCCCOC(=O)/N=C(/C1=CC=C(C=C1)NCC2=NC3=C(N2C)C=CC(=C3)C(=O)N(CCC(=O)OCC)C4=CC=CC=N4)\N,,
6445230,CN([C@@H]1CC[C@]2([C@H]3CC4=C5[C@]2([C@H]1OC5=C(C=C4)O)CCN3CC6CC6)O)C(=O)/C=C/C7=COC=C7,,
6445256,C1COCCN1C(=O)/C=C/C=C/C2=CC3=C(C=C2)OCO3,,
6445465,CCC(=O)O[C@@H]1CC(=O)O[C@@H](C/C=C/C=C/C(=O)[C@@H](C[C@@H]([C@@H]([C@H]1OC)O[C@H]2[C@@H]([C@H]([C@@H]([C@H](O2)C)O[C@H]3C[C@@]([C@H]([C@@H](O3)C)OC(=O)CC)(C)O)N(C)C)O)CC=O)C)C,,
6445533,C1=CC=C2C(=C1)C(=CN2)CCN(CCO)CC3=CC=C(C=C3)/C=C/C(=O)NO,,
6445537,CCCCCC(=O)/C=C/C=O,,
6445539,CN1CCCC[C@H]1CCC2=CC=CC=C2NC(=O)/C=C/C3=CC=CC=C3,,
6445540,C[C@H]1CCC[C@@]2([C@@H](O2)C[C@H](NC(=O)C[C@@H](C(C(=O)[C@@H]([C@H]1O)C)(C)C)O)/C(=C/C3=CSC(=N3)C)/C)C,,
6445562,CCOC1=C(C=C2C(=C1)N=CC(=C2NC3=CC(=C(C=C3)F)Cl)C#N)NC(=O)/C=C/CN(C)C,,
6445781,CC\1=C(C2=C(/C1=C\C3=CC=NC=C3)C=CC(=C2)F)CC(=O)NCC4=CC=CC=C4.Cl,,
6445782,CC\1=C(C2=C(/C1=C\C3=CC=NC=C3)C=CC(=C2)F)CC(=O)NCC4=CC=CC=C4,,
6445783,CN(C)C(=N)N=C(N)N.CN(CCOC1=CC=C(C=C1)CC2C(=O)NC(=O)S2)C3=CC=CC=N3.C(=C\C(=O)O)\C(=O)O.Cl,,
6445788,CCN1C2=C(C(=O)N(C1=O)CC)NC(=N2)/C=C/C3=CC(=C(C=C3)OC)OC,,
6445882,CN1C(=NC2=C1C(=O)N(C(=O)N2C)C)/C=C/C3=CC(=C(C(=C3)OC)OC)OC,,
6446027,CCCCCC(=O)/C=C/C=C\CCCCCCCC(=O)O,,
6446270,C[C@H](CCC(=O)[O-])C[C@H](C)C[C@H](C)C(=O)/C=C(/[C@H](C)C[C@H](C)C/C=C/[C@@H](C)[C@H]([C@@H](C)[C@H](C[C@@H]1CC[C@@](O1)(C)[C@H]2CC[C@@](O2)(C)[C@@H](C)O)O)O)\[O-].[Ca+2],,
6446435,C[C@@H](CN1C=CC2=CC(=C(C=C21)Cl)F)N.C(=C/C(=O)O)\C(=O)O,,
6446612,C1CCN(CC1)C2=CC=C(C=C2)C(=O)/C=C/C3=CC=C(O3)[N+](=O)[O-],,
6446788,CCOC(=O)/C(=C/C1=NC=C(N1C)[N+](=O)[O-])/C(=O)C,,
6446960,C[N+]1=CC=C(C=C1)NC2=CC=C(C=C2)NC(=O)/C=C/C3=CC=C(C=C3)NC4=CC=[N+](C5=CC=CC=C45)C.[Br-].[Br-],,
6447063,COC1=C(C=C2C(=C1)C(=NC(=N2)N3CCN(CC3)C(=O)/C=C/C4=CC=CC=C4)N)OC,,
6447111,CCN(CC)C(=O)/C=C/C=C/C1=CC2=C(C=C1)OCO2,,
6447135,C/C(=C\C1=CC=C(C=C1)OC)/C(=O)C2=CC=C(C=C2)OC,,
6447311,CC[C@@H]1[C@H](/C=C/C=C/C(=O)[C@@H](C[C@@H]([C@@H]([C@H](/C=C/C(=O)O1)C)O[C@H]2[C@@H]([C@H](C[C@H](O2)C)N(C)C)O)C)C)CO[C@H]3[C@@H]([C@@H]([C@@H]([C@H](O3)C)O)OC)OC,,
6447392,CN1CCC2=C(C1)C(=CC=C2)C3=CC=CC=C3.C(=C/C(=O)O)\C(=O)O,,
6447871,CCC1/C=C(/C(C/C=C/C=C(\C(=O)OC(C/C=C(/C=C(/C1OC2C(C(C(C(O2)(C)C)O)O)OC(=O)C(C)C)\C)\C)C(C)O)/COC3C(C(C(C(O3)C)OC(=O)C4=C(C(=C(C(=C4O)Cl)O)Cl)CC)O)OC)O)\C,,
6447926,COC1=CC(=CC(=C1O)CSC2=CC=CC=C2)/C=C(\C#N)/C(=O)N,,
6448583,CCCN1C2=C(C(=O)N(C1=O)CCC)N(C(=N2)/C=C/C3=CC=CC=C3)C,,
6448584,CCCN1C2=C(C(=O)N(C1=O)CCC)N(C(=N2)/C=C/C3=CC=C(C=C3)OC)C,,
6448585,CCCN1C2=C(C(=O)N(C1=O)CCC)N(C(=N2)/C=C/C3=CC(=C(C=C3)OC)OC)C,,
6448586,CCCN1C2=C(C(=O)N(C1=O)CCC)NC(=N2)/C=C/C3=CC(=C(C(=C3)OC)OC)OC,,
6448587,CCCN1C2=C(C(=O)N(C1=O)CCC)N(C(=N2)/C=C/C3=CC(=C(C(=C3)OC)OC)OC)C,,
6448588,CCN1/C(=C/C2=CC=CC=[N+]2CC)/S/C(=C/3\N(C4=CC=CC=C4S3)C)/C1=O.CC(=O)[O-],,
6448604,COC1=CC(=CC(=C1OC)OC)/C=C/C2=NC3=C(N2)C(=O)N(C(=O)N3CC=C)CC=C,,
6448605,CN1C(=NC2=C1C(=O)N(C(=O)N2CC=C)CC=C)/C=C/C3=CC(=C(C(=C3)OC)OC)OC,,
6448606,CCCCN1C2=C(C(=O)N(C1=O)CCCC)NC(=N2)/C=C/C3=CC(=C(C(=C3)OC)OC)OC,,
6448607,CCCCN1C2=C(C(=O)N(C1=O)CCCC)N(C(=N2)/C=C/C3=CC(=C(C(=C3)OC)OC)OC)C,,
6448746,CCN1/C(=C/C2=[N+](C3=CC=CC=C3C=C2)CC)/S/C(=C/4\N(C5=CC=CC=C5S4)C)/C1=O.CC(=O)[O-],,
6448749,CN1C(=NC2=C1C(=O)N(C(=O)N2C)C)/C=C/C3=C(C(=CC=C3)OC)OC,,
6448750,CN1C2=C(C(=O)N(C1=O)C)NC(=N2)/C=C/C3=C(C(=C(C=C3)OC)OC)OC,,
6448751,CN1C(=NC2=C1C(=O)N(C(=O)N2C)C)/C=C/C3=C(C(=C(C=C3)OC)OC)OC,,
6448752,CCN1C2=C(C(=O)N(C1=O)CC)N(C(=N2)/C=C/C3=CC(=C(C(=C3)OC)OC)OC)C,,
6448753,CCCN1C2=C(C(=O)N(C1=O)CCC)NC(=N2)/C=C/C3=CC(=CC=C3)F,,
6448754,CCCN1C2=C(C(=O)N(C1=O)CCC)N(C(=N2)/C=C/C3=CC(=CC=C3)F)C,,
6448755,CCCN1C2=C(C(=O)N(C1=O)CCC)NC(=N2)/C=C/C3=CC(=CC=C3)Cl,,
6448756,CCCN1C2=C(C(=O)N(C1=O)CCC)N(C(=N2)/C=C/C3=CC(=CC=C3)Cl)C,,
6448757,CCCN1C2=C(C(=O)N(C1=O)CCC)NC(=N2)/C=C/C3=C(C(=C(C=C3)OC)OC)OC,,
6448758,CCCN1C2=C(C(=O)N(C1=O)CCC)N(C(=N2)/C=C/C3=C(C(=C(C=C3)OC)OC)OC)C,,
6448759,CCCN1C2=C(C(=O)N(C1=O)CCC)NC(=N2)/C=C/C3=CC(=C(C=C3OC)OC)OC,,
6448760,CCCN1C2=C(C(=O)N(C1=O)CCC)N(C(=N2)/C=C/C3=CC(=C(C=C3OC)OC)OC)C,,
6448763,CC1=C(C=C(OC1=O)/C(=C/C=C/C=C/C=C/C2=C(C=CN2)Cl)/C)OC,,
6448777,CCCN1C2=C(C(=O)N(C1=O)CCC)N(C(=N2)/C=C/C3=C(C(=C(C=C3)OC)C)C)C,,
6448779,CCCN1C2=C(C(=O)N(C1=O)CCC)N(C(=N2)/C=C/C3=C(C(=C(C=C3)OC)C)OC)C,,
6448781,CCCN1C2=C(C(=O)N(C1=O)CCC)N(C(=N2)/C=C/C3=C(C=C(C=C3)OC)OC)C,,
6448794,CCCN1C2=C(C(=O)N(C1=O)CCC)N(C(=N2)/C=C\C3=CC(=C(C=C3)OC)OC)C,,
6448854,CCN1C2=C(C(=O)N(C1=O)CC)N(C(=N2)/C=C/C3=C(C=C(C=C3)OC)OC)C,,
6448856,CCN1C2=C(C(=O)N(C1=O)CC)N(C(=N2)/C=C/C3=C(C(=C(C=C3)OC)OC)OC)C,,
6448858,CCN1C2=C(C(=O)N(C1=O)CC)N(C(=N2)/C=C/C3=C(C(=C(C=C3)OC)C)C)C,,
6448862,CCN1C2=C(C(=O)N(C1=O)CC)N(C(=N2)/C=C/C3=C(C(=C(C=C3)OC)C)OC)C,,
6448933,CCN1C2=C(C(=O)N(C1=O)CC)N(C(=N2)/C=C/C3=CC(=CC=C3)C(F)(F)F)C,,
6448946,CCN1C2=C(C(=O)N(C1=O)CC)N(C(=N2)/C=C/C3=CC4=C(C(=C3)OC)OCO4)C,,
6449107,CC1=CC(=CN=C1)CN2CCC(=C3C4=C(CCC5=C3N=CC=C5)C=C(C=C4)Cl)CC2.C(=C/C(=O)O)\C(=O)O,,
6449193,COC1=CC=CC=C1/C=C/2\COC3=C(C2=O)C=C(C=C3)C4=CC=CC=C4,,
6449251,CC1(CC2=CC(=C(C=C2/C(=C/C(=O)N3CCOCC3)/N1)OC)OC)C.Cl,,
6449266,COC1=C(C=CC(=C1)/C=C/2\COC3=CC=CC=C3C2=O)O,,
6449278,C1=CC(=CN=C1)/C(=C\CCCC(=O)O)/C2=CC=C(C=C2)CCNS(=O)(=O)C3=CC=C(C=C3)C(F)(F)F,,
6449488,CC/C=C\C/C=C\C/C=C\C/C=C\CCCCCCC(=O)OCC,,
6449725,COC(=O)[C@H](CC1=CC=CC=C1)NC(=O)/C=C/C2=CC=CC=C2,,
6449732,CC(C)C[C@H](C(=O)OC)NC(=O)/C=C/C1=CC=CC=C1,,
6449767,CCCCC/C=C\C/C=C\C/C=C\C/C=C\CCCC(=O)NCC1=CC(=C(C=C1)O)OC,,
6449780,CCCCC[C@@H]1[C@@H](O1)C/C=C\CCCCCCCC(=O)O,,
6449829,CC(=CCC/C(=C/CC1=C(C=CC(=C1O)O)CCC(=O)C2=C(C=C(C=C2)O)O)/C)C,,
6449839,C(CCC=O)C/C=C\C[C@H](/C=C/C=C/C=C\[C@H](CCCC(=O)O)O)O,,
6449855,C1=CC(=C(C=C1C[C@H](C(=O)O)OC(=O)/C=C/C2=C3[C@@H]([C@H](OC3=C(C=C2)O)C4=CC(=C(C=C4)O)O)C(=O)OC(CC5=CC(=C(C=C5)O)O)C(=O)O)O)O,,
6449873,C1=CC(=C2C(=O)C3=C(C(=O)C2=C1NCCN)C=CN=C3)NCCN.C(=C/C(=O)O)\C(=O)O.C(=C/C(=O)O)\C(=O)O,,
6449876,CC(C)(C)N=C(NC#N)NC1=CC=CC(=C1)/C(=C\CCCC(=O)O)/C2=CN=CC=C2,,
6449879,COC1=C(C=CC(=C1)/C=C/C(=O)O[C@H](C(=O)O)[C@](CC2=CC(=C(C=C2)O)O)(C(=O)O)O)O,,
6449880,COC1=C(C=C(C=C1)/C=C/C(=O)O[C@H](C(=O)O)[C@](CC2=CC(=C(C=C2)O)O)(C(=O)O)O)O,,
6449933,C1=C(C(=O)NC(=O)N1[C@H]2[C@H]([C@@H]([C@H](O2)CO)O)F)/C=C/I,,
6449974,CCCCCCCC/C=C\CCCCCCCC(=O)OCC(COP(=O)([O-])OCC[N+](C)(C)C)O,,
6449989,C/C=C(/C(=O)O)\N,,
6449999,CCCCCC1=CC(=C(C(=C1C(=O)O)O)C/C=C(\C)/CCC=C(C)C)O,,
6450015,CCCCC/C=C\C/C=C\CCCCCCCC(=O)O[C@H](CC(=O)[O-])C[N+](C)(C)C,,
6450018,COC1=C(C=CC(=C1)/C=C/C(=O)N2CCCCC2)O,,
6450029,CC/C=C\C/C=C\C=C\[C@H](CCCCCCCC(=O)O)OO,,
6450144,C[C@]12CCC(=O)C([C@@H]1CC[C@@]3([C@@H]2CC=C4[C@]3(CC[C@@]5([C@H]4CC(CC5)(C)C)C(=O)O)COC(=O)/C=C/C6=CC(=C(C=C6)O)O)C)(C)C,,
6450158,COC1=CC=C(C=C1)/C=C/CCCCOC2=C(C3=C(C=C2)C(=O)C4=C(O3)C=CC(=C4)C(=O)O)CCC(=O)O,,
6450172,CCC(C)/C=C/C(=O)C(=O)/C=C/C=C/C=C/C=C/C=C/C=C/[C@@H]1C[C@H]([C@@H](O1)C(=O)O)O,,
6450173,CCCCCCCCCCCC(=O)CC(=O)N[C@@H]1[C@H]([C@@H]([C@H](O[C@@H]1OP(=O)([O-])[O-])CO[C@H]2[C@@H]([C@H]([C@@H]([C@H](O2)COC)OP(=O)([O-])[O-])OCC[C@@H](CCCCCCC)OC)NC(=O)CCCCCCCCC/C=C\CCCCCC)O)OCCCCCCCCCC.[Na+].[Na+].[Na+].[Na+],,
6450190,CC1=C(C(CCC1)(C)C)/C=C/C(=C/C=C/C(=C/C=C/C=C(\C)/C=C/C=O)/C)/C,,
6450191,C/C/1=C\CCC2=C[C@H](C3=C(C1)OC=C3C)OC2=O,,
6450195,C/C=C(\C)/C1=C2C(=C(C(=C1Cl)OC)C)OC(=O)C3=C(C(=C(C(=C3O2)Cl)O)Cl)C,,
6450203,C/C=C(/C)\C(=O)OC1C(OC2=C1C3=C(C=C2)C=CC(=O)O3)C(C)(C)OC(=O)/C(=C\C)/C,,
6450216,CC1CCC(C(C(CC(C(/C=C/C=C(/C(=O)OC(C(/C=C/C=C(/C(CC(CC(CC(CC2CC(C(C(O2)(CC1O)O)O)O)OC(=O)CC(=O)O)O)O)O)\C)C)C(C)CCC/C=C/CCCN=C(N)N)\C)C)O)O)C)O,,
6450230,C/C(=C\COC1=CC2=C(C=C1)C=CC(=O)O2)/CC[C@H](C(C)(C)O)O,,
6450249,CNC1=C2CCCCC2=NN1C.C(=C\C(=O)O)\C(=O)O,,
6450278,C/C=C/1\C(=O)C[C@@H]2[C@@]1(CC[C@H]3[C@H]2CCC4=CC(=O)CC[C@]34C)C,,
6450333,CCCCCCCCCC(=O)OCCN1CCN(CC1)CC/C=C\2/C3=CC=CC=C3SC4=C2C=C(C=C4)Cl,,
6450453,C/C=C(/C)\C(=O)OC1C(C(OC2=C1C3=C(C=C2)C=CC(=O)O3)(C)C)OC(=O)/C(=C\C)/C,,
6450531,C[C@H]1/C=C\C=C/2\CO[C@H]3[C@@]2([C@@H](C=C([C@H]3O)C)C(=O)O[C@H]4C[C@@H](C/C=C(\[C@H]1O[C@H]5C[C@@H]([C@@H]([C@@H](O5)C)O[C@H]6C[C@H]([C@@H]([C@@H](O6)C)NC(=O)C)OC)OC)/C)O[C@]7(C4)C=C[C@@H]([C@H](O7)C(C)C)C)O,,
6450533,CC[C@H](C)/C=C/C1=CC2=C(C(=O)[C@@]3(C(=C(C(=O)O3)C(=O)[C@@H](C)[C@@H](C)O)C2=CO1)C)Cl,,
6450546,C1=CC=C(C=C1)NC(=O)/C=C/C2=C(NC3=C2C(=CC(=C3)Cl)Cl)C(=O)O,,
6450548,CC[C@H](C)/C=C(\C)/C=C/C1=CC2=C(C(=O)[C@]([C@@H]([C@H]2CO1)O)(C)O)Cl,,
6450551,CNC(=O)C1=CC=CC=C1SC2=CC3=C(C=C2)C(=NN3)/C=C/C4=CC=CC=N4,,
6450798,CC/C=C\C/C=C\C/C=C\C/C=C\CCCCC(=O)OCC,,
6450806,COC(=O)C1=CN=C2N1CCC3=CC=CC=C3C2=C4CCN(CC4)CCC5=CC=C(C=C5)OCC6=NC7=CC=CC=C7C=C6,,
6450808,CC(C)CC(=O)C1=C(C(=C(C(=C1O)CC=C(C)C)O)CC=C(C)C)O,,
6450813,CC(=O)N(C)C1=CC=CC(=C1)C2=CC=NC3=C(C=NN23)C(=O)C4=CC=CS4,,
6450815,CC1=CC=CC=C1C2=CC(=NC=C2N(C)C(=O)C(C)(C)C3=CC(=CC(=C3)C(F)(F)F)C(F)(F)F)N4CCOCC4,,
6450819,C1=CC=C(C=C1)CN2C=C(C3=C2C=CC(=C3)C4=CC=C(C=C4)OC(F)(F)F)C(=O)C(=O)O,,
6450826,CCOCCN(C(=O)CCl)C(=C(C)C)C1=CC=CC=C1,,
6450830,CC(C)(C(=O)N[C@H](COCC1=CC=CC=C1)C(=O)N2CCC3(CC2)CN(C4=CC=CC=C34)S(=O)(=O)C)N.CS(=O)(=O)O,,
6450842,CN(C)C1=CC=C(C=C1)/C=C\2/C3=CC=CC=C3NC2=O,,
6450878,C/C/1=C/2\[C@@]([C@@H](C(=N2)/C=C\3/C([C@@H](C(=N3)/C(=C\4/[C@]([C@H](C([N-]4)[C@]5([C@@]([C@@H](C1=N5)CCC(=O)N)(C)CC(=O)N)C)CC(=O)N)(C)CCC(=O)NCC(C)O)/C)CCC(=O)N)(C)C)CCC(=O)N)(C)CC(=O)N.[C-]#N.[C-]#N.[Co],,
6450879,CC(=CCC1=CC(=C(C=C1O)O)C(=O)/C=C/C2=CC=C(C=C2)O)C,,
6450924,CC(=CCC/C(=C/CC1=C(C=CC(=C1)C2=CC(=O)C3=C(C=C(C=C3O2)O)O)O)/C)C,,
6450947,CC1=CN(C(=O)N(C1=O)/C=C/C=O)[C@H]2C[C@@H]([C@H](O2)CO)N=[N+]=[N-],,
6450959,C/C(=C\CC1=C2C(=C(C=C1O)O)C(=O)C(=CO2)C3=CC=C(C=C3)O)/CO,,
6450976,C1=CC(=C(C=C1/C=C/C(=O)O[C@@H](C(=O)O)[C@H](OC(=O)/C=C/C2=CC(=C(C=C2)O)O)C(=O)O)O)O,,
6450981,C1[C@@H]([C@H](S[C@H]1N2C=C(C(=O)NC2=O)/C=C/Br)CO)O,,
6451017,CC[C@H](C)/C=C(\C)/C=C/C1=CC2=C(C(=O)[C@]([C@@H](C2=CO1)O)(C)O)Cl,,
6451027,C/C=C/C=C/C1=CC2=C(CO1)C(=O)[C@]([C@@H](C2)O)(C)O,,
6451047,C1=CC(=CC=C1CC2=CC=C(O2)C(=O)/C=C(/C3=NC=NN3)\O)F,,
6451053,CCC[C@@](C)([C@@H]([C@H]1[C@@H](C[C@@H](N1)C(=O)O)/C=C\C)NC(=O)C)OC,,
6451057,CC1=CC(=C(C(=C1C(=O)C2=C(C=CC(=C2C)Br)OC)OC)OC)OC,,
6451060,C/C/1=C\CCC2=C[C@@H](C/C(=C/[C@H]3[C@H](CC1)C(=C)C(=O)O3)/C)OC2=O,,
6451074,CC[C@H](C)/C=C(\C)/C=C/C1=CC2=CC(=O)[C@]3([C@@H](C2=CO1)[C@@H](C(=O)O3)C(=O)C)C,,
6451084,C1=CC(=C(C=C1C[C@H](C(=O)O)OC(=O)/C=C/C2=C3[C@@H]([C@H](OC3=C(C=C2)O)C4=CC(=C(C=C4)O)O)C(=O)O[C@H](CC5=CC(=C(C=C5)O)O)C(=O)O)O)O,,
6451113,C[C@H]1[C@@H]([C@H]([C@H]([C@@H](O1)OC2=C(OC3=CC(=CC(=C3C2=O)O)O)C4=CC=C(C=C4)O)OC(=O)/C=C/C5=CC=C(C=C5)O)OC(=O)/C=C/C6=CC=C(C=C6)O)O,,
6451119,CC1=C(N=C(O1)[C@@]2(CSC(=N2)[C@@]3(CSC(=N3)[C@@]4(CSC(=N4)/C=C/C5=CC=CC=C5)C)C)C)C(=O)NC,,
6451121,CCCCCCCCCCCCCCCCCCCCCCCC(=O)N[C@@H](CO[C@H]1[C@@H]([C@H]([C@H]([C@H](O1)CO)O)OS(=O)(=O)O)O)[C@@H](/C=C/CCCCCCCCCCCCC)O,,
6451122,CC[C@H](C)/C=C(\C)/C=C/C1=CC2=C(C(=O)[C@]([C@@H]([C@H]2CO1)OC(=O)C)(C)O)Cl,,
6451130,CCC(C)CC(C)/C=C(/C=C(\C)/C=C/C=C/C=C/C=C/C=C/C1=CC2=C([C@@H]([C@H]([C@@H](O2)C(C(CO)O)O)O)O)C(=O)O1)\C(=O)O,,
6451134,C1CC1/C=C/[C@]2(C3=C(C=CC(=C3F)F)NC(=O)N2)C(F)(F)F,,
6451140,CC(C)(C)OC(=O)C1=C2C3CCCN3C(=O)C4=C(N2C=N1)C=CC(=C4Cl)F,,
6451144,CN1CCN2[C@H](C1)C3=CC=CC=C3CC4=C2N=CC=C4.C(=C\C(=O)O)\C(=O)O,,
6451149,CC1=CC=CC=C1C2=CC(=NC=C2N(C)C(=O)C(C)(C)C3=CC(=CC(=C3)C(F)(F)F)C(F)(F)F)N4CCN(CC4)C,,
6451150,C1CN2C(=NN=C2C(F)(F)F)CN1C(=O)C[C@@H](CC3=CC(=C(C=C3F)F)F)N.OP(=O)(O)O,,
6451155,CCOC(=O)C1=NOC(C1)(C2=CC=CC=C2)C3=CC=CC=C3,,
6451159,CCC(C(=O)NCC1=CC=CC=C1)OC2=CC(=C(C=C2)F)C(F)(F)F,,
6451165,C[C@H]1CN(CCN1[C@@H](COC)C2=CC=C(C=C2)C(F)(F)F)C3(CCN(CC3)C(=O)C4=C(N=CN=C4C)C)C.C(=C\C(=O)O)\C(=O)O,,
6451168,CCCCCCCCCCCCCCCCCC(=O)[O-].CCCCCCCCCCCCCCCCCC(=O)[O-].[Co+2],,
6451257,CN1[C@@H]2CC(C[C@H]1[C@H]3[C@@H]2O3)OC(=O)C(CO)C4=CC=CC=C4,,
6451291,CCCCCCCC(=O)[O-].CCCCCCCC(=O)[O-].[Co+2],,
6451325,C1[C@H]([C@H](CN1C(=O)[C@@H]([C@H](CC2=CC=CC=C2)NC(=O)C3=CC4=C(N3)C=CC(=C4)Cl)O)O)O,,
6451337,CC(C)[C@H](CCC(=O)C)/C=C/C(=C)C,,
6451372,CC1=C[C@@H]2[C@](CC1)([C@]3(C(CC(C34CO4)O2)OC(=O)C)C)COC(=O)C,,
6451408,CC1(CC(CC(N1[O])(C)C)OC(=O)CCCCCCCCC(=O)OC2CC(N(C(C2)(C)C)[O])(C)C)C,,
6451435,CC[C@@]1(C(=O)NC(=O)N(C1=O)C)C2=CC=CC=C2,,
6451493,C[C@]12CCC(=O)C[C@@H]1CC[C@@H]3[C@@H]2CC[C@]4([C@H]3CC[C@@H]4C(=O)CO)C,,
6451522,[Be+2].C(=O)(C(=O)[O-])[O-],,
6451600,C([C@H]([C@H]([C@@H]([C@H](C(=O)[O-])O)O)O)O)O.C([C@H]([C@H]([C@@H]([C@H](C(=O)[O-])O)O)O)O)O.[Co+2],,
6451771,CCC1=CC=CC(=C1NC2=C3C(=C(C=C2)NC4=C(C=CC=C4CC)C)C(=O)C5=CC=CC=C5C3=O)C,,
6451798,C1=CC(=CC=C1CCC(=O)C2=C(C=C(C=C2O)O[C@H]3[C@@H]([C@H]([C@@H]([C@H](O3)CO)O)O)O)O)O,,
6451814,CN1C=NC=C1CC(=O)O,,
6451827,CC(C)CCCCCCCCCCOC(=O)CCCCCC(C)C,,
6451828,CC(C)CCCCCCCCCCCCCCCOC(=O)C(C)O,,
6451875,CC1(CC(CC(C1)(C)CNC(=O)OCCOC(=O)C=C)NC(=O)OCCOC(=O)C=C)C,,
6451888,CCCCCCCCCCCC(=O)N[C@@H](CCCN=C(N)N)C(=O)O,,
6451891,CN[C@@H](CCSC)C(=O)O,,
6451919,CC1(CC(CC(N1)(C)C)NC(=O)C2=CC(=CC=C2)C(=O)NC3CC(NC(C3)(C)C)(C)C)C,,
6451984,CC(=C)[C@@H]1CC[C@]2([C@H]1[C@H]3CC[C@@H]4[C@]5(CC[C@@H](C([C@@H]5CC[C@]4([C@@]3(CC2)C)C)(C)C)OC(=O)C)C)C(=O)OC,,
6452010,C1[C@H]2[C@@H]([C@@H](S1)CCCCC(=O)O)NC(=O)N2.C1(C(=O)NC(=O)N1)NC(=O)N,,
6452032,CCCCCCCCCCCCCCCCOC(=O)CC(CC(=O)OCCCCCCCCCCCCCCCC)(C(=O)OCCCCCCCCCCCCCCCC)O,,
6452133,COC1=C(C=CC(=C1)C=O)O[C@H]2[C@@H]([C@H]([C@@H]([C@H](O2)CO)O)O)O,,
6452154,C(CCN)C[C@@H](C(=O)O)N.C([C@@H](C(=O)O)N)SCC(=O)O,,
6452180,C1=CC=C2C(=C1)C(=CN2)C[C@@H](C(=O)N)N.Cl,,
6452313,[Li+].[Li+].C(=C\C(=O)[O-])\C(=O)[O-],,
6452356,CC1=C(C=CC=C1CC(COC(=O)C=C)(COC(=O)C=C)C2(NC(=O)O2)OC(=O)C=C)CC(COC(=O)C=C)(COC(=O)C=C)C3(NC(=O)O3)OC(=O)C=C,,
6452445,CCCCCC(=O)C1=C2C=C3C=C(OC=C3C(=O)[C@@]2(OC1=O)C)/C=C/C,,
6452457,CC(CC/C=C(\C)/CCC=C(C)C)CC=O,,
6452487,C1=C(C=C(C=C1Cl)Cl)CC(=O)O,,
6452491,CC1=C(C(=C(C(=C1Cl)O)C/C=C(\C)/CC/C=C(\C)/[C@@H]2C[C@@H](C(O2)(C)C)O)O)C=O,,
6452499,CCCCCCCC/C=C\CCCCCCCCCCCCCC(=O)OC[C@H](COP(=O)([O-])OCC[N+](C)(C)C)OC(=O)CCCCCCCCCCCCC/C=C\CCCCCCCC,,
6452564,CCCCCCCC(=O)[O-].CCCCCCCC(=O)[O-].CCCCCCCC(=O)[O-].CCCCCCCC(=O)[O-].[Zr+4],,
6452574,CC(=O)[C@H]1[C@@H](C[C@@H]2[C@@]1(CC[C@H]3[C@H]2CC=C4[C@@]3(CC[C@@H](C4)O)C)C)O,,
6452860,CCCCCCCCCCCCCCCCCCCCCCCC(=O)N[C@@H](CO[C@H]1[C@@H]([C@H]([C@H]([C@H](O1)CO)O)O)O)[C@@H](/C=C/CCCCCCCCCCCCC)O,,
6452934,CC(C)N(C1=CC=C(C=C1)F)C(=O)CO,,
6452961,CC(C(=O)[O-])S.C(CO)[NH3+],,
6453052,CCCCCCCCCCCCCCCCCCOC(=O)CCCCCCCCCCC(CCCCCC)OC(=O)CCCCCCCCCCCCCCCCC,,
6453238,CCC(=O)[O-].CCC(=O)[O-].[Mg+2],,
6453359,C1=CC(=C(C=C1C2=C(C(=O)C3=C(C=C(C=C3O2)O)O)O[C@H]4[C@@H]([C@H]([C@H]([C@H](O4)CO)O)O)OC(=O)C5=CC(=C(C(=C5)O)O)O)O)O,,
6453365,CNC1=NC(=O)N(C(=O)N1C)C2CCCCC2,,
6453423,CC1(CCCC(C1)C(=O)CCC=C)C,,
6453431,C(C(=O)[O-])C(CC(=O)[O-])(C(=O)[O-])O.[Cr+3],,
6453535,COC1=C(C=CC(=C1)C2=C(C(=O)C3=C(C(=C(C=C3O2)OC)OC)O)O)O,,
6453580,CC(C)OC(=O)[C@@H]([C@H](C(=O)OC(C)C)O)O,,
6453725,CCCCCCCCCCCCCCCCCC(=O)N[C@@H](COP(=O)([O-])OCC[N+](C)(C)C)[C@@H](/C=C/CCCCCCCCCCCCC)O,,
6453747,C[C@H]1CC2=C(C[C@@]1(C)C(=O)C)C(CCC2)(C)C,,
6453798,CC(C)(C)CCCCC(=O)O,,
6453902,C1C2=CC(=C(C=C2C3=C4C=CC(=O)C=C4OCC31O)O)O,,
6453919,C1CCC(CC1)(CC(=O)O)CN.Cl,,
6453952,C(CCCC(=O)O)CCC(=O)NCC(=O)O,,
6453965,C1=CC(=CC(=C1)OCCO)C=O,,
6453994,C1CNC(=O)C=C1,,
6453998,C(CN(CC(=O)O)CC(=O)O)N(CC(=O)O)CC(=O)O.C(CO)N(CCO)CCO,,
6454008,C1=C(C=C(C=C1C(=O)[O-])[N+](=O)[O-])C(=O)[O-].[Zn+2],,
6454094,CC(CO)[C@H]1CC[C@@H]2[C@@]1(CC[C@H]3[C@H]2CCC4=CC(=O)CC[C@]34C)C,,
6454191,C[C@H](C(=O)N1CCC[C@H]1C(=O)O)N,,
6454349,CCOC(=O)CC(=O)C1=NC=CN=C1,,
6454351,CCS(=O)(=O)C1=CC(=C(C=C1)OC)C(=O)OC,,
6454489,C1C(=O)CC(=O)C=CC1=O,,
6454490,C1=CC2=NNN=C2C(=C1)C(=O)O,,
6454686,CC(=CCC/C(=C/CC/C(=C/CC/C(=C/CC/C(=C/CC/C(=C/CC/C(=C/CC/C(=C/CC/C(=C/CC/C(=C/CC1=C(C=CC(=C1)C(=O)O)O)/C)/C)/C)/C)/C)/C)/C)/C)/C)C,,
6454819,CC(CCOC(=O)C=C)CCOC(=O)C=C,,
6454827,COC1=C(C=C(C=C1)CC2C3=CC(=C(C=C3CCN2CCC(=O)OCCCCCOC(=O)CCN4CCC5=CC(=C(C=C5C4CC6=CC(=C(C=C6)OC)OC)OC)OC)OC)OC)OC,,
6454950,C([C@@H](C(=O)[O-])N)C(=O)[O-].[K+].[K+],,
6454987,CC(=C)C(=O)OCCN(C)C.OS(=O)(=O)O,,
6455034,CC1=CCC(C1(C)C)CCC(C)C=O,,
6455048,C(=O)(C(C(F)(F)F)(OC(C(C(F)(F)F)(OC(C(C(F)(F)F)(OC(C(C(F)(F)F)(OC(C(C(F)(F)F)(OC(C(C(F)(F)F)(OC(C(C(F)(F)F)(OC(C(C(F)(F)F)(OC(C(C(F)(F)F)(OC(C(C(F)(F)F)(F)F)(F)F)F)(F)F)F)(F)F)F)(F)F)F)(F)F)F)(F)F)F)(F)F)F)(F)F)F)(F)F)F)F,,
6455111,C(C(=O)[O-])C(CC(=O)[O-])(C(=O)[O-])[O-].[Na+].[Na+].[Cu+2],,
6455146,CCCCCCC1COC(=O)CO1,,
6455379,CC1([C@@H]([C@H]1C(=O)O[C@@H](C#N)C2=CC(=CC=C2)OC3=CC=CC=C3)C=C(Cl)Cl)C,,
6455477,COC1=C(C=CC(=C1)C2=C(C(=O)C3=C(C=C(C=C3O2)O[C@H]4[C@@H]([C@H]([C@@H]([C@H](O4)CO)O)O)O)O)O)O,,
6455515,CC1([C@@H]([C@H]1C(=O)OCC2=C(C(=C(C(=C2F)F)F)F)F)C=C(Cl)Cl)C,,
6455809,C(C(=O)[O-])SSCC(=O)[O-].[NH4+].[NH4+],,
6455953,C(CN(CCN)CCOCCC(=O)[O-])C(=O)[O-].[Na+].[Na+],,
6455972,CCCCCCCC/C=C\CCCCCCCC(=O)O.C(CNCCNCCN)N,,
6455975,CCCCCCCCCCCCCCCCCC(=O)O.C(CNCCNCCN)N,,
6456014,CC[C@@]1(C2=C(COC1=O)C(=O)N3CC4=C(C5=CC=CC=C5N=C4C3=C2)CCNC(C)C)O,,
6456015,CCN(CC)CCNC(=O)C1=C(NC(=C1C)/C=C\2/C3=C(C=CC(=C3)F)NC2=O)C.C([C@@H](C(=O)O)O)C(=O)O,,
6456344,CN(CCC1=CC=CC=C1)CC2=CNC3=CC=CC=C32.C(=O)(C(=O)O)O,,
6456890,CN1CCN(CC1)C2=C(C=C(C=C2)C(=O)OC)NC(=O)COC3=CC=CC=C3Cl,,
6457069,CN1CCN(CC1)C2=C(C=C(C=C2)C(=O)OC)NC(=O)C3=CC(=CC=C3)OC,,
6457658,CC1=C(C=C(C=C1)S(=O)(=O)NCCCN2C=CN=C2)C(=O)NC(C)C,,
6458024,CCOC(=O)C1CCN(CC1)C(=O)COC2=CC3=C(C=C2)OCO3,,
6458152,C1CCC2=C(C1)C3=C(S2)N=CN(C3=O)CC4=NNN=N4,,
6459022,CC1=CC=C(C=C1)C2=NN(C3=NC(=O)N(C(=O)C3=N2)C)C,,
6459037,C1CCN(C1)C(=O)NCC2=CC=CC=C2,,
6460089,CS(=O)(=O)N1CCCC(C1)C(=O)NC2=CC=CC=C2Cl,,
6460146,C1=CC=C(C=C1)C(C2=CC=CC=C2)S(=O)(=O)CC(=O)N,,
6460530,CN1C=CN=C1SCC(=O)NC2CCCC2,,
6461823,C1=CC=C(C=C1)NC(=O)CSC2=NNC(=N2)C3=CC=CC=N3,,
6463470,C1=CC=NC(=C1)C2=NOC(=N2)C3=CC(=CC=C3)F,,
6463949,CC1=CC=C(C=C1)NC(=O)C2CCN(CC2)C(=O)C3=CC=CO3,,
6464232,CCOC1=CC=C(C=C1)C(=O)NC2=CC3=C(C=C2)NN=C3,,
6464582,CC(C)C1=CC=C(C=C1)NC(=O)NC2=NC=CN=C2,,
6465185,CC1=CC(=CC=C1)CC(=O)N2CCCC2,,
6465251,COC1=CC=CC(=C1)C(=O)NC2=CC3=C(C=C2)NN=C3,,
6465440,COC1=C(C=C(C=C1)NC(=O)NC2=CC3=C(CCC3)C=C2)OC,,
6465484,C1COCCN1C(=O)C2=CC(=CC=C2)OC3=CC=CC=C3,,
6465738,CC1=CC(=CC=C1)CC(=O)NCCN2CCCCC2,,
6466029,C1CC(C1)C(=O)NC2=CC3=C(C=C2)NN=C3,,
6466040,COC1=CC=C(C=C1)NC(=O)NC2=NC=CN=C2,,
6466120,CC1=C(C=C(C=C1)NC(=O)NCC2=CC3=C(C=C2)OCO3)C,,
6466450,C1=CC(=CC(=C1)F)C(=O)NC2=CC3=C(C=C2)NN=C3,,
6466657,C1=CC=C(C(=C1)C(=O)NC2=CC3=C(C=C2)NN=C3)Br,,
6467010,CN1C(=CC=N1)C(=O)NC2=C(SC=C2)C(=O)OC,,
6467110,C1CC(=O)N(C1)CCCNS(=O)(=O)C2=CC=CC=C2,,
6467207,COC1=C(C=C(C=C1)C(=O)NC2=CC3=C(C=C2)NN=C3)OC,,
6467227,CC1=CC(=CC=C1)CC(=O)NC2=CN=CC=C2,,
6467231,CC1=CC(=CC=C1)CC(=O)NC2=NOC=C2,,
6468066,CCOC1=CC=CC(=C1)C(=O)NC2=CC3=C(C=C2)NN=C3,,
6468841,CN1CCCN(CC1)C(=O)C2=CC=C(C=C2)Cl,,
6469044,COC1=CC=CC(=C1OC)C(=O)NC2=CC3=C(C=C2)NN=C3,,
6469540,CC1=CC(=CC=C1)NC(=O)NC2=CC=NC=C2,,
6470079,C1=CC(=CC=C1S(=O)(=O)NC2=NOC=C2)Br,,
6470129,COC1=CC=C(C=C1)NC(=O)C#CC2=CC=CC=C2,,
6470636,CC1=CC(=CC=C1)CC(=O)N2CCOCC2,,
6470990,C1=CC(=CC(=C1)NC(=O)C2=CC(=CC=C2)F)C3=NNN=N3,,
6471268,CC1=C(C=CC(=C1)C(=O)O)NCC2=CC=NC=C2,,
6471578,CC1=CC=C(S1)CNC2=C(C=CC(=C2)C(=O)O)OC,,
6472157,COC(=O)C1=CC(=NN1)C2=C(C=C(C=C2)Cl)Cl,,
6472386,C1=CC=C(C=C1)CN2C3=CC=CC=C3N(C2=O)CC(=O)O,,
6472426,COC1=CC=C(C=C1)C2=NN(C(=O)C=C2)CC3=CC=CC=C3,,
6472450,C1=CC=C(C=C1)CC2C(=O)NC3=C(C=C(C=C3)Br)C(=O)N2,,
6472454,C1CCC(CC1)C(CNC(=O)N)C2=CC=CC=C2,,
6472686,COC1=CC=CC2=C1OC(=C2)C(=O)NCCN3CCOCC3,,
6473490,C1=CC=C(C(=C1)C(=O)NCCNC2=C3C=CC(=CC3=NC=C2)Cl)F,,
6473740,CCCC(=O)O[C@H]1C[C@H]2C[C@H](CC(=O)O[C@H](C[C@@H]3C/C(=C\C(=O)OC)/C[C@@](O3)(C(/C=C/[C@H]4C/C(=C\C(=O)OC)/C[C@H](O4)C[C@@](C1(C)C)(O2)O)(C)C)O)[C@H](C)O)O,,
6473741,CC1=C(C(=O)C(=C(C1=O)OC)OC)C/C=C(\C)/CC/C=C(\C)/CC/C=C(\C)/CC/C=C(\C)/CC/C=C(/C)\CC/C=C(\C)/CC/C=C(\C)/CC/C=C(\C)/CC/C=C(\C)/CCC=C(C)C,,
6473762,C[C@@]12CC[C@H]([C@@]([C@H]1CCC(=C)[C@H]2C/C=C/3\C=COC3=O)(C)CO)O,,
6473766,C/C=C\1/CN[C@H]2CC3=C(C(=O)C[C@@H]1[C@@H]2C(=O)OC)NC4=CC=CC=C34,,
6473767,CC(=C)[C@@H]1[C@@H]2[C@@H]3[C@@]4([C@]([C@H]1C(=O)O2)(C[C@@H]5[C@]4(O5)C(=O)O3)O)C.C[C@@]12[C@H]3[C@H]4[C@H]([C@@H]([C@@]1(C[C@@H]5[C@]2(O5)C(=O)O3)O)C(=O)O4)C(C)(C)O,,
6473771,CCCCC[C@@H](/C=C/[C@H]1C=CC(=O)[C@H]1CCCCCCC(=O)O)O,,
6473821,C[C@H]1C/C=C/[C@H]2[C@@H](C(=C)[C@H]([C@@H]3[C@@]2([C@@H](/C=C/[C@H](C1)C)OC(=O)C)C(=O)N[C@H]3CC4=CC=CC=C4)C)O,,
6473847,C[C@@H]1[C@H](OC2=C3C=CC(OC3=C(C(=C2C1=O)O)/C(=C\C(=O)O)/C4=CC=CC=C4)(C)C)C,,
6473848,C[C@H]1[C@H](OC2=C3C=CC(OC3=C(C(=C2C1=O)O)/C(=C\C(=O)O)/C4=CC=CC=C4)(C)C)C,,
6473866,C[C@@H]1C[C@@H]([C@@H]2[C@H](C[C@H]([C@@](O2)(C(=O)C(=O)N3CCCC[C@H]3C(=O)O[C@@H]([C@@H]([C@H](CC(=O)[C@@H](/C=C(\C1)/C)CC=C)O)C)/C(=C/[C@@H]4CC[C@H]([C@@H](C4)OC)O)/C)O)C)OC)OC,,
6473876,CC[C@H]1C(=O)N(CC(=O)N([C@H](C(=O)N[C@H](C(=O)N([C@H](C(=O)N[C@H](C(=O)N[C@@H](C(=O)N([C@H](C(=O)N([C@H](C(=O)N([C@H](C(=O)N([C@H](C(=O)N1)[C@@H]([C@H](C)C/C=C/C)O)C)C(C)C)C)CC(C)C)C)CC(C)C)C)C)C)CC(C)C)C)C(C)C)[C@@H](C)CC)C)C,,
6473881,C/C/1=C\CC[C@@]2([C@@H](O2)[C@@H]3[C@@H](CC1)C(=C)C(=O)O3)C,,
6473882,CCN(CC)C1=NC2=C(S1)C3=C(C4=C2C5=C(C(=C4O)C)O[C@@](C5=O)(O/C=C/[C@@H]([C@H]([C@H]([C@@H]([C@@H]([C@@H]([C@H]([C@H](/C=C/C=C(\C(=O)N3)/C)C)O)C)O)C)OC(=O)C)C)OC)C)O,,
6473883,CC[C@@H]1[C@@]([C@H]2[C@H]([C@H]([C@@H](C[C@@]([C@@H]([C@H]([C@@H]([C@H](C(=O)O1)C)O[C@H]3C[C@@]([C@H]([C@@H](O3)C)O)(C)OC)C)O[C@H]4[C@@H]([C@H](C[C@H](O4)C)N(C)C)O)(C)O)C)N[C@H](O2)COCCOC)C)(C)O,,
6474292,C1=CC=C(C(=C1)C(=O)/C=C/C2=C(C=C(C=C2)O)O)O,,
6474295,C1=CC=C(C=C1)/C=C/C(=O)C2=C(C=C(C=C2O)O)O,,
6474309,C1[C@H]([C@@H]([C@@H](C[C@]1(C(=O)O)O)OC(=O)/C=C/C2=CC(=C(C=C2)O)O)OC(=O)/C=C/C3=CC(=C(C=C3)O)O)O,,
6474310,C1C(C[C@H](C([C@@H]1OC(=O)/C=C/C2=CC(=C(C=C2)O)O)O)OC(=O)/C=C/C3=CC(=C(C=C3)O)O)(O)C(=O)O,,
6474318,CC1=CC2=C(C=C1C)N(C=N2)[C@@H]3C(C([C@H](O3)CO)OP(=O)([O-])OC(C)CNC(=O)CC[C@@]\4([C@H](C5[C@]6([C@@]([C@@H](C(=N6)/C(=C\7/[C@@]([C@@H](C(=N7)/C=C\8/C([C@@H](C(=N8)/C(=C4\[N-]5)/C)CCC(=O)N)(C)C)CCC(=O)N)(C)CC(=O)N)/C)CCC(=O)N)(C)CC(=O)N)C)CC(=O)N)C)O.[C-]#N.[Co+3],,
6474320,CC1=CC2=C(C=C1C)N(C=N2)[C@@H]3[C@@H]([C@@H]([C@H](O3)CO)OP(=O)([O-])O[C@H](C)CNC(=O)CC[C@@]\4([C@H]([C@@H]5[C@]6([C@@]([C@@H](C(=N6)/C(=C\7/[C@@]([C@@H](C(=N7)/C=C\8/C([C@@H](C(=N8)/C(=C4\[N-]5)/C)CCC(=O)N)(C)C)CCC(=O)N)(C)CC(=O)N)/C)CCC(=O)N)(C)CC(=O)N)C)CC(=O)N)C)O.[CH2-][C@@H]1[C@@H]([C@@H]([C@H](O1)N2C=NC3=C(N=CN=C32)N)O)O.[Co+3],,
6474321,[CH3-].CC1=CC2=C(C=C1C)N(C=N2)[C@@H]3C(C([C@H](O3)CO)OP(=O)([O-])OC(C)CNC(=O)CC[C@@]\4([C@H](C5[C@]6([C@@]([C@@H](C(=N6)/C(=C\7/[C@@]([C@@H](C(=N7)/C=C\8/C([C@@H](C(=N8)/C(=C4\[N-]5)/C)CCC(=O)N)(C)C)CCC(=O)N)(C)CC(=O)N)/C)CCC(=O)N)(C)CC(=O)N)C)CC(=O)N)C)O.[Co+3],,
6474366,CC1/C=C/C=C/C=C/C=C/C=C/C(C(C(CC(CC(CCCC(CC(C(C(=O)OC1C)C)O)O)O)O)O)C)O,,
6474640,C1[C@H]([C@H]([C@@H](C[C@@]1(C(=O)O)OC(=O)/C=C/C2=CC(=C(C=C2)O)O)OC(=O)/C=C/C3=CC(=C(C=C3)O)O)O)O,,
6474729,C1=C(C(=O)NC(=O)N1[C@@H]2[C@H]([C@H]([C@@H](O2)CO)O)F)/C=C/Br,,
6474742,CCC1=C(N(C(=O)NC1=O)C/C=C/C2=CC=CC=C2)SC3=CC=CC=C3,,
6474743,CCC1=C(N(C(=O)NC1=O)C/C=C/C2=CC=CC=C2)SC3=CC(=CC(=C3)C)C,,
6474785,CCCC1=CC(=O)OC2=C1C(=CC(=C2C(=O)/C(=C/C)/C)OC)OC,,
6474788,C1[C@H]([C@H](OC2=CC(=CC(=C21)O)O)C3=CC(=C(C(=C3)O)O)O)OC(=O)/C=C/C4=CC=C(C=C4)O,,
6474830,C1CCN2CC[C@H]3C(=C[C@@](CC/C=C\C1)(C4[C@]3(C2)CC5N4CCCC(=O)CC5)O)C6=NC=CC7=C6NC8=CC=CC=C78,,
6474834,CC(=O)OCCCCCCCC/C=C\[C@@H](C#CC#C[C@H](C=C)O)O,,
6474835,CC[C@@H](C#CC#C[C@H](/C=C\CCCCCCCCOC(=O)C)O)O,,
6474889,C\1OC/C(=C\C2=CC(=C(C=C2)O)O)/C(=O)/C1=C/C3=CC(=C(C=C3)O)O,,
6474890,C\1SC/C(=C\C2=CC(=C(C=C2)O)O)/C(=O)/C1=C/C3=CC(=C(C=C3)O)O,,
6474891,C\1NC/C(=C\C2=CC(=C(C=C2)O)O)/C(=O)/C1=C/C3=CC(=C(C=C3)O)O,,
6474893,COC1=C(C=CC(=C1)/C=C/C(=O)/C=C/C2=CC(=C(C=C2)O)OC)O,,
6474894,C1=CC(=C(C=C1/C=C/C(=O)/C=C/C2=CC(=C(C=C2)O)O)O)O,,
6474895,C1=CC(=CC=C1C(=O)/C=C/C2=CC(=C(C=C2)O)O)O,,
6474896,C1=CC=C(C=C1)C(=O)/C=C/C2=CC(=C(C=C2)O)O,,
6474897,C1=CC(=C(C=C1/C=C/C(=C/C(=O)/C=C/C2=CC(=C(C=C2)O)O)/O)O)O,,
6474899,C1=CC(=CC(=C1)C(=O)/C=C/C2=CC(=C(C=C2)O)O)C(=O)/C=C/C3=CC(=C(C=C3)O)O,,
6474951,C1[C@H](O[C@H](O1)CO)N2C=C(C(=O)NC2=O)/C=C/Br,,
6474968,CCCC/C=C/C=C/CC(=O)O[C@@]12C[C@H]([C@]3([C@H]([C@@H]1C2(C)C)C=C(C[C@]4([C@H]3C=C(C4=O)C)O)CO)O)C,,
6475109,COC(=O)/C=C/CSC1=NC(=CC(=N1)Cl)N,,
6475110,CN(C)C(=O)/C=C/CSC1=NC(=CC(=N1)Cl)N,,
6475111,CCN(CC)C(=O)/C=C/CSC1=NC(=CC(=N1)Cl)N,,
6475118,C/C/1=C\CC/C(=C/C[C@]2([C@H](C/C=C(/[C@H](CC1)O)\C)C(=C(C2=O)O)[C@H](C)CO)C)/C,,
6475119,C[C@@H]1CC[C@@]2(CC[C@@]3(C(=CC[C@H]4[C@]3(CC[C@@H]5[C@@]4(CC[C@@H](C5(C)C)OC(=O)C)C)C)[C@@H]2[C@H]1C)C)C(=O)O,,
6475151,C1=CC=C(C=C1)C[C@@H]2[C@@H]([C@H](N(C(=O)N2CC3=CC4=CC=CC=C4C=C3)CC5=CC6=CC=CC=C6C=C5)/C=C/C7=CC=CC=C7)O,,
6475156,CCC1=CN(C(=O)NC1=O)[C@H]2[C@H]([C@@H]([C@H](O2)CNC(=O)[C@H](C)OC3=C(C=C(C(=C3)OC)Cl)Cl)O)F,,
6475206,C1[C@@H]([C@H](O[C@H]1N2C=C(C(=O)NC2=O)/C=C/Cl)CO)O,,
6475228,CCCCCCCCCCCCCCCCCCCCCCCC(=O)N[C@@H](CO[C@H]1[C@@H]([C@H]([C@@H]([C@H](O1)CO)O)O)O)[C@@H](/C=C/CCCCCCCCCCCCC)O,,
6475274,C/C=C/[C@H]1[C@H](C=CC(=O)O1)O,,
6475296,CCC[C@H]1C(=O)N(CC(=O)N([C@H](C(=O)N[C@H](C(=O)N([C@H](C(=O)N[C@H](C(=O)N[C@@H](C(=O)N([C@H](C(=O)N([C@H](C(=O)N([C@H](C(=O)N([C@H](C(=O)N1)[C@@H]([C@H](C)C/C=C/C)O)C)C(C)C)C)CC(C)C)C)CC(C)C)C)C)C)CC(C)C)C)C(C)C)CC(C)C)C)C,,
6475368,CC[C@H]1C(=O)N(CC(=O)N([C@H](C(=O)N[C@H](C(=O)N([C@H](C(=O)N[C@H](C(=O)N[C@@H](C(=O)N([C@H](C(=O)N([C@H](C(=O)N([C@H](C(=O)N(C(C(=O)N1)[C@@H]([C@H](C)C/C=C/C)O)C)C(C)C)C)CC(C)C)C)CC(C)C)C)C)C)CC(C)C)C)C(C)C)CC(C)(C)O)C)C,,
6475392,CC1=CSC2=C1C(=O)OC(=N2)[C@H](C)NC(=O)/C=C/C(=O)C3=CC=CC=C3,,
6475395,CC1=CSC2=C1C(=O)OC(=N2)[C@H](C)NC(=O)/C=C/C(=O)C3=CC(=CC=C3)OC,,
6475397,CC1=CSC2=C1C(=O)OC(=N2)[C@H](C)NC(=O)/C=C/C(=O)C3=CC(=CC=C3)[N+](=O)[O-],,
6475398,CC1=CSC2=C1C(=O)OC(=N2)[C@H](C)NC(=O)/C=C/C(=O)C3=CC=CC=C3[N+](=O)[O-],,
6475540,CC1=C2COC(=O)C2=C(C(=C1OC)C/C=C(\C)/COP(=O)(CP(=O)(O)OC[C@@H]3[C@H]([C@H]([C@@H](O3)N4C=NC5=C(N=CN=C54)N)O)O)O)O,,
6475611,CC[C@H](C)/C=C(\C)/C=C/C1=CC2=CC(=O)[C@]([C@@H]([C@H]2CO1)O)(C)O,,
6475682,COC1=CC(=O)C(=C(C1=O)CCCCCCC/C=C\C/C=C\CC=C)O,,
6475695,CCC[C@H](C1=C(/C(=C/Br)/OC1=O)Br)OC(=O)C,,
6475696,CCC[C@H](C1=C(/C(=C/Br)/OC1=O)Br)O,,
6475721,COCOC1=C(C=C(C=C1)/C=C/C(=O)C2=C(C=C(C=C2OCOC)OCOC)O)OCOC,,
6475724,C1C(C(C(O1)OC2C(C(C(OC2OC3=CC=C(C=C3)/C=C/C(=O)C4=C(C=C(C=C4)O)O)CO)O)O)O)(CO)O,,
6475758,CCCCCCCCCCCCCCCC(=O)O[C@@H](CO[C@H]1[C@@H]([C@H]([C@H]([C@H](O1)CO)O)O)O)COC(=O)CCCCCCC/C=C\C/C=C\C/C=C\CC,,
6475761,CCC(C)/C=C(\C)/[C@@H]1[C@@H]([C@H]2CC[C@@H](C[C@@]2(C=C1C)C)C)C(=O)C3=C/C(=C/C4=CC=C(C=C4)O)/NC3=O,,
6475854,CC1=CC2=C(C=C[C@](O2)(C)CC/C=C(\C)/CCC=C(C)C)C(=C1C(=O)O)O,,
6475921,CC(=CCC/C(=C/CC1=C2C(=C(C=C1O)O)C(=O)C[C@H](O2)C3=CC=C(C=C3)O)/C)C,,
6475931,CC/C(=N/OC/C=C/Cl)/C1C(=O)CC(CC1=O)CC(C)SCC,,
6475943,C/C(=C\C=C\[C@@]1([C@@H]2CC[C@@]3([C@@]2(CCC(=CC3)C(=O)OC)OC(=O)C)C(=O)O1)C)/C(=O)O,,
6475944,C/C(=C\C=C\[C@@]1([C@@H]2CC[C@@]3([C@@]2(CCC(=CC3)C(=O)OC)OC(=O)C)C(=O)O1)C)/C(=O)OC,,
6475945,C/C(=C\C=C\[C@@]1([C@@H]2CC[C@@]3([C@@]2(CCC(=CC3)C(=O)O)OC(=O)C)C(=O)O1)C)/C(=O)O,,
6476008,C[C@@H](/C=C/C(=C/C(=O)N/C=C\C/C=C\C(=O)NCC(=O)OC)/C)[C@@H]([C@H](C)[C@H](/C=C/C1=CC=CC=C1)OC)OC,,
6476030,C/C=C(\C)/C(=O)O[C@H]1[C@@H]([C@@]2([C@@H](C[C@@]3(C(=CC[C@H]4[C@]3(CC[C@@H]5[C@@]4(CC[C@@H]([C@]5(C)CO)O[C@H]6[C@@H]([C@H]([C@@H]([C@H](O6)C(=O)O)O[C@H]7[C@@H]([C@H]([C@@H]([C@H](O7)CO)O)O)O)O)O[C@H]8[C@@H]([C@H]([C@@H]([C@H](O8)CO)O)O)O)C)C)[C@@H]2CC1(C)C)C)O)CO)OC(=O)C,,
6476031,C/C=C(/C)\C(=O)O[C@H]1[C@@H]([C@@]2([C@@H](C[C@@]3(C(=CC[C@H]4[C@]3(CC[C@@H]5[C@@]4(CC[C@@H]([C@]5(C)CO)O[C@H]6[C@@H]([C@H]([C@@H]([C@H](O6)C(=O)O)O[C@H]7[C@@H]([C@H]([C@@H]([C@H](O7)CO)O)O)O)O)O[C@H]8[C@@H]([C@H]([C@@H]([C@H](O8)CO)O)O)O)C)C)[C@@H]2CC1(C)C)C)O)CO)OC(=O)C,,
6476032,C/C=C(\C)/C(=O)O[C@H]1[C@@H]([C@@]2([C@@H](C[C@@]3(C(=CC[C@H]4[C@]3(CC[C@@H]5[C@@]4(CC[C@@H]([C@]5(C)CO)O[C@H]6[C@@H]([C@H]([C@@H]([C@H](O6)C(=O)O)O[C@H]7[C@@H]([C@H]([C@@H]([C@H](O7)CO)O)O)O)O)O[C@H]8[C@@H]([C@H]([C@@H]([C@H](O8)CO)O)O)O)C)C)[C@@H]2CC1(C)C)C)O)COC(=O)C)O,,
6476033,C/C=C(/C)\C(=O)O[C@H]1[C@@H]([C@@]2([C@@H](C[C@@]3(C(=CC[C@H]4[C@]3(CC[C@@H]5[C@@]4(CC[C@@H]([C@]5(C)CO)O[C@H]6[C@@H]([C@H]([C@@H]([C@H](O6)C(=O)O)O[C@H]7[C@@H]([C@H]([C@@H]([C@H](O7)CO)O)O)O)O)O[C@H]8[C@@H]([C@H]([C@@H]([C@H](O8)CO)O)O)O)C)C)[C@@H]2CC1(C)C)C)O)COC(=O)C)O,,
6476095,CC(C)/C=C/[C@H]([C@@H]([C@H]([C@H](C(=O)N[C@H]1CC[C@@H](CN(C1=O)C)O)OC)O)O)O,,
6476139,COC(=O)[C@@]1(C[C@H]([C@H]([C@@H](C1)OC(=O)/C=C/C2=CC(=C(C=C2)O)O)O)O)O,,
6476323,C/C(=C(/C=C/C1=CC2=C(C=C1)OC[C@@H](C(O2)(C)C)OC(C)(C)C=C)\OC)/C(=C\OC)/C(=O)OC,,
6476333,C[C@H]1[C@@H]([C@H]([C@H]([C@@H](O1)O[C@H]2[C@@H]([C@H](O[C@H]([C@@H]2O)OCCC3=CC(=C(C=C3)O)O)COC(=O)/C=C/C4=CC(=C(C=C4)O)O)O)O)O)O,,
6476564,CC[C@H]1C(=O)N(CC(=O)N([C@H](C(=O)N[C@H](C(=O)N([C@H](C(=O)N[C@H](C(=O)N[C@@H](C(=O)N([C@H](C(=O)N([C@H](C(=O)N([C@@H](C(=O)N([C@H](C(=O)N1)[C@@H]([C@H](C)C/C=C/C)O)C)C(C)C)C)CC(C)C)C)CC(C)C)C)C)C)CC(C)C)C)C(C)C)CC(C)C)C)C,,
6476646,C1=CN(C(=O)N=C1N)[C@@H]2[C@@H]([C@H]([C@@H](O2)CO)O)O,,
6476665,C[C@H]1[C@@H]2[C@H](CCN2C(=O)[C@@H]3CCCN3S(=O)(=O)C4=CC=CC5=C4C=CC=C5N(C)C)N(C1=O)C(=O)C6CC6,,
6476825,CCOC(=O)/C=C/[C@H](CCC(=O)N)NC(=O)[C@H](CC1=CC=CC=C1)N2C=CC=C(C2=O)NC(=O)OCC3=CC=CC=C3,,
6476829,CCOC(=O)/C=C/[C@H](C[C@@H]1CCNC1=O)NC(=O)[C@@H]2CCC3=CC=C(C(=O)N23)NC(=O)C4=NOC(=C4)C,,
6476833,CCN(C/C=C/C#CC(C)(C)C)C1=CC=CC2=C1CCC(=O)N2,,
6476834,CCCN(C/C=C/C#CC(C)(C)C)C1=CC=CC2=C1CCC(=O)N2,,
6476893,CCOC(=O)/C=C/[C@H](CCC(=O)N)NC(=O)[C@H](CC1=CC=C(C=C1)F)OC(=O)[C@H](C(C)C)NC(=O)C2=NOC(=C2)C,,
6476894,CCOC(=O)/C=C/[C@H](CCC(=O)N)NC(=O)[C@H](CC1=CC=C(C=C1)F)NC(=O)[C@H](C(C)C)NC(=O)C2=NOC(=C2)C,,
6476895,CCOC(=O)/C=C/[C@H](CCC(=O)N)NC(=O)[C@H](CC1=CC=C(C=C1)F)CC(=O)[C@H](C(C)C)NC(=O)C2=NOC(=C2)C,,
6476896,CCOC(=O)/C=C/[C@H](C[C@@H]1CCNC1=O)NC(=O)[C@H](CC2=CC=C(C=C2)F)OC(=O)[C@H](C(C)C)NC(=O)C3=NOC(=C3)C,,
6476897,CCOC(=O)/C=C/[C@H](C[C@@H]1CCNC1=O)NC(=O)[C@H](CC2=CC=C(C=C2)F)NC(=O)[C@H](C(C)C)NC(=O)C3=NOC(=C3)C,,
6476901,CCOC(=O)/C=C/[C@H](CCC(=O)N)NC(=O)[C@H](CC1=CC=CC=C1)NC(=O)[C@H](CC(C)C)NC(=O)OCC2=CC=CC=C2,,
6476904,CCOC(=O)/C=C/[C@H](C[C@@H]1CCNC1=O)NC(=O)/C=C/C2=CC(=C(C=C2)F)Br,,
6476906,CCOC(=O)/C=C/[C@H](C[C@@H]1CCNC1=O)NC(=O)/C=C/C2=CC3=C(C=C2Br)OCO3,,
6476909,CCOC(=O)/C=C/[C@H](C[C@@H]1CCNC1=O)NC(=O)C2=CC3=C(C=CC(=C3)Cl)OC2,,
6476910,CCOC(=O)/C=C/[C@H](C[C@@H]1CCNC1=O)NC(=O)C2=CC3=C(C=CC(=C3)Br)OC2,,
6476911,CCOC(=O)/C=C/[C@H](C[C@@H]1CCNC1=O)NC(=O)C2=CC3=CC=CC=C3C=C2,,
6476912,CCOC(=O)/C=C/[C@H](C[C@@H]1CCNC1=O)NC(=O)C2=CC3=C(C=C2)C=C(C=C3)C,,
6476913,CCOC(=O)/C=C/[C@H](C[C@@H]1CCNC1=O)NC(=O)C2=CC3=C(C=C2)C=CC(=C3)Br,,
6477011,C1CCNC(=O)/C=C/[C@]23CCC(=O)C[C@H]2OC4=C3C=C(C=C4)/C=C/C(=O)NCCCNC1,,
6477175,CCCCN(C/C=C/C#CC(C)(C)C)C1=CC=CC2=C1CCC(=O)N2,,
6477182,COC1=C(C=C(C=C1)/C=C/C(=C/C(=O)/C=C/C2=CC(=C(C=C2)OC)OC)/O)OC,,
6477203,C/C(=C\C1=COC2=NC(=NC(=C12)N)N)/C3=CC=CC=C3OC,,
6477655,CCOC(=O)/C=C/[C@H](CCC(=O)N)NC(=O)[C@H](CC1=CC=C(C=C1)F)N2C=CC=C(C2=O)NC(=O)OCC3=CC=CC=C3,,
6477656,CCOC(=O)/C=C/[C@H](CCC(=O)N)NC(=O)[C@H](CC1=CC(=C(C=C1)F)F)N2C=CC=C(C2=O)NC(=O)OCC3=CC=CC=C3,,
6477657,CCOC(=O)/C=C/[C@H](CCC(=O)N)NC(=O)[C@H](CC1CCCCC1)N2C=CC=C(C2=O)NC(=O)OCC3=CC=CC=C3,,
6477658,CCOC(=O)/C=C/[C@H](CCC(=O)N)NC(=O)[C@H](CC1=CC=CC=C1)N2C=CC=C(C2=O)NC(=O)C,,
6477659,CCOC(=O)/C=C/[C@H](CCC(=O)N)NC(=O)[C@H](CC1=CC=CC=C1)N2C=CC=C(C2=O)NC(=O)C3CCCC3,,
6477660,CCOC(=O)/C=C/[C@H](CCC(=O)N)NC(=O)[C@H](CC1=CC=CC=C1)N2C=CC=C(C2=O)NC(=O)C3SCCS3,,
6477662,CCOC(=O)/C=C/[C@H](CCC(=O)N)NC(=O)[C@H](CC1=CC=CC=C1)N2C=CC=C(C2=O)NC(=O)C(C)(C)C,,
6477663,CCOC(=O)/C=C/[C@H](CCC(=O)N)NC(=O)[C@H](CC1=CC=CC=C1)N2C=CC=C(C2=O)NC(=O)C3=NOC(=C3)C,,
6477664,CCOC(=O)/C=C/[C@H](CCC(=O)N)NC(=O)[C@H](CC1=CC=CC=C1)N2C=CC=C(C2=O)NC(=O)C3=NOC(=C3)Cl,,
6477665,CCOC(=O)/C=C/[C@H](C[C@@H]1CCNC1=O)NC(=O)[C@H](CC2=CC=CC=C2)N3C=CC=C(C3=O)NC(=O)OCC4=CC=CC=C4,,
6477666,CCOC(=O)/C=C/[C@H](C[C@H]1CCNC1=O)NC(=O)[C@H](CC2=CC=CC=C2)N3C=CC=C(C3=O)NC(=O)OCC4=CC=CC=C4,,
6477669,CCOC(=O)/C=C/[C@H](C[C@@H]1CCNC1=O)NC(=O)[C@H](CC2=CC=C(C=C2)F)N3C=CC=C(C3=O)NC(=O)C4=NOC(=C4)C,,
6477670,CCOC(=O)/C=C/[C@H](C[C@@H]1CCNC1=O)NC(=O)[C@H](CC2=CC(=C(C=C2)F)F)N3C=CC=C(C3=O)NC(=O)C4=NOC(=C4)C,,
6477671,CC1=CC(=NO1)C(=O)NC2=CC=CN(C2=O)[C@@H](CC3=CC(=C(C=C3)F)F)C(=O)N[C@@H](C[C@@H]4CCNC4=O)/C=C/C(=O)OC(C)C,,
6477677,C1=CC=C(C=C1)/C=C/C2=CC(=O)C3=C(C=CC=C3O2)O,,
6477679,C1=CC=C(C=C1)/C=C/C2=CC(=O)C3=C(C=C(C=C3O2)O)O,,
6477680,C1=CC(=C2C(=C1)OC(=CC2=O)/C=C/C3=CC=C(C=C3)O)O,,
6477681,C1=CC(=CC=C1/C=C/C2=CC(=O)C3=C(O2)C=C(C=C3)O)O,,
6477682,C1=CC(=CC=C1/C=C/C2=CC(=O)C3=C(C=C(C=C3O2)O)O)O,,
6477683,C1=CC(=C2C(=C1)OC(=CC2=O)/C=C/C3=CC(=C(C=C3)O)O)O,,
6477684,C1=CC(=C(C=C1/C=C/C2=CC(=O)C3=C(O2)C=C(C=C3)O)O)O,,
6477685,C1=CC(=C(C=C1/C=C/C2=CC(=O)C3=C(C=C(C=C3O2)O)O)O)O,,
6477686,CC1=CN(C(=O)NC1=O)C/C=C\COC(C2=CC=CC=C2)(C3=CC=CC=C3)C4=CC=CC=C4,,
6477710,C/C(=C/C(=O)C)/O.C/C(=C/C(=O)C)/O.C/C(=C/C(=O)C)/O.[Mn+3],,
6477725,[CH-]1C=CC=C1.[CH-]1C=CC=C1CC(=O)O.[Fe+2],,
6477762,CC1=CC=C(C=C1)/C=C/2\CNC/C(=C/C3=CC=C(C=C3)C)/C2=O,,
6478034,C1CC1N2C3=C(C=NC=C3)N(C2=O)CC4=NC5=CC=CC=C5N4CCCCO,,
6478035,C1=C(OC(=C1)[N+](=O)[O-])/C=N/O,,
6478042,C1=C(C(=O)NC(=O)N1[C@H]2[C@H]([C@@H]([C@H](O2)CO)O)F)/C=C/Br,,
6478043,C1=C(C(=O)NC(=O)N1[C@H]2[C@@H]([C@@H]([C@H](O2)CO)O)O)/C=C/Br,,
6478226,CCOC(=O)/C=C/[C@H](C[C@@H]1CCCNC1=O)NC(=O)[C@H](CC2=CC=CC=C2)NC(=O)[C@H](CC(C)C)NC(=O)OCC3=CC=CC=C3,,
6478228,CCOC(=O)/C=C/[C@H](CN1CCNC1=O)NC(=O)[C@H](CC2=CC=CC=C2)NC(=O)[C@H](CC(C)C)NC(=O)OCC3=CC=CC=C3,,
6478229,CCOC(=O)/C=C/[C@H](C[C@@H]1CCNC1=O)NC(=O)[C@H](CC2=CC=CC=C2)NC(=O)[C@H](C(C)C)NC(=O)OCC3=CC=CC=C3,,
6478230,CCOC(=O)/C=C/[C@H](C[C@@H]1CCCNC1=O)NC(=O)[C@H](CC2=CC=C(C=C2)F)NC(=O)[C@H](C(C)C)NC(=O)C3=NOC(=C3)C,,
6478231,CCOC(=O)/C=C/[C@H](C[C@@H]1CCCNC1=O)NC(=O)[C@H](CC2=CC=C(C=C2)F)CC(=O)[C@H](C(C)C)NC(=O)C3=NOC(=C3)C,,
6478232,CCOC(=O)/C=C/[C@H](C[C@@H]1CCNC1=O)NC(=O)[C@H](CC2=CC=C(C=C2)F)NC(=O)[C@H](C(C)(C)C)NC(=O)C3=NOC(=C3)C,,
6478266,CCOC(=O)/C=C/[C@H](CCC(=O)N)NC(=O)[C@H](CC1=CC=CC=C1)NC(=O)[C@H](C(C)C)NC(=O)OCC2=CC=CC=C2,,
6478320,CC1=CSC2=C1C(=O)OC(=N2)[C@H](C)NC(=O)/C=C/C3=CC=CC=C3,,
6478321,CC1=CSC2=C1C(=O)OC(=N2)[C@H](C)NC(=O)/C=C/C3=CC=CC=C3Cl,,
6478322,CC1=CSC2=C1C(=O)OC(=N2)[C@H](C)NC(=O)/C=C/C3=CC=CC=C3Br,,
6478325,CCOC1=CC=CC=C1/C=C/C(=O)N[C@@H](C)C2=NC3=C(C(=CS3)C)C(=O)O2,,
6478329,CC1=CSC2=C1C(=O)OC(=N2)[C@H](C)NC(=O)/C=C/C3=C(C=CC=C3Cl)Cl,,
6478368,CC1=C(C(C(=O)C(=C1O)C(=O)/C=C/C2=CC=CC=C2)(C)C)OC,,
6478419,CCC(C)C1=C(C2=C(C3=C(CC(C(C3=O)O[C@H]4C[C@H]([C@@H]([C@H](O4)C)O)O[C@H]5C[C@H]([C@H]([C@H](O5)C)OC(=O)C)O[C@H]6C[C@H]([C@@H]([C@H](O6)C)O)O[C@H]7C[C@H]([C@@H]([C@H](O7)C)O)O)C(C(=O)C(C(C)O)O)OC)C=C2C=C1O[C@H]8C[C@H]([C@@H]([C@H](O8)C)O)O[C@H]9C[C@H]([C@@H]([C@H](O9)C)O)O)O)O,,
6478420,CCC(C)C1=C(C2=C(C3=C(CC(C(C3=O)O[C@H]4C[C@H]([C@@H]([C@H](O4)C)O)O[C@H]5C[C@H]([C@H]([C@H](O5)C)OC(=O)C)O[C@H]6C[C@H]([C@@H]([C@H](O6)C)O)O)C(C(=O)C(C(C)O)O)OC)C=C2C=C1O[C@H]7C[C@H]([C@@H]([C@H](O7)C)O)O[C@H]8C[C@H]([C@@H]([C@H](O8)C)O)O)O)O,,
6478421,COC1=C(C=CC(=C1O)O)/C=C/C(=O)C2=CC(=C(C=C2)O)O,,
6478676,CC1=CC(=NO1)C(=O)NC2=CC=CN(C2=O)[C@@H](CC#C)C(=O)N[C@@H](C[C@@H]3CCNC3=O)/C=C/C(=O)OCC(C)(C)C,,
6478677,CC[C@@H](C(=O)N[C@@H](C[C@@H]1CCNC1=O)/C=C/C(=O)OCC(C)(C)C)N2C=CC=C(C2=O)NC(=O)C3=NOC(=C3)C,,
6478678,CC1=CC(=NO1)C(=O)NC2=CC=CN(C2=O)[C@@H](CC#C)C(=O)N[C@@H](C[C@@H]3CCNC3=O)/C=C/C(=O)OC(C)C,,
6478679,CC1=CC(=NO1)C(=O)NC2=CC=CN(C2=O)[C@@H](CC#C)C(=O)N[C@@H](C[C@@H]3CCNC3=O)/C=C/C(=O)OC4CCCCC4,,
6478680,CC[C@@H](C(=O)N[C@@H](C[C@@H]1CCNC1=O)/C=C/C(=O)OC2CCCCC2)N3C=CC=C(C3=O)NC(=O)C4=NOC(=C4)C,,
6478681,CC[C@@H](C(=O)N[C@@H](C[C@@H]1CCNC1=O)/C=C/C(=O)OCC2=CC=CC=C2)N3C=CC=C(C3=O)NC(=O)C4=NOC(=C4)C,,
6478685,CC1=C2COC(=O)C2=C(C(=C1OC)C/C=C(\C)/CCC(=O)OC)O,,
6478686,CC1=CC(=NO1)C(=O)NC2=CC=CN(C2=O)[C@@H](CC#C)C(=O)N[C@@H](C[C@@H]3CCNC3=O)/C=C/C(=O)OC4CCC4,,
6478688,CC[C@@H](C(=O)N[C@@H](C[C@@H]1CCNC1=O)/C=C/C(=O)OC(C)C)N2C=CC=C(C2=O)NC(=O)C3=NOC(=C3)C,,
6478689,CC[C@@H](C(=O)N[C@@H](C[C@@H]1CCNC1=O)/C=C/C(=O)OC2CCC2)N3C=CC=C(C3=O)NC(=O)C4=NOC(=C4)C,,
6478778,CC(=CCC/C(=C/CC1=C(C2=C(C=C1O)OC3=C(C2=O)C=CC=C3O)O)/C)C,,
6478909,C[C@H]1C[C@@H]2[C@H](O2)CC/C=C/C(=O)CC3=C(C(=CC(=C3Cl)O)O)C(=O)O1,,
6478911,C[C@H]1C[C@@H]2[C@H](O2)C[C@@H](/C=C/C(=O)CC3=C(C(=CC(=C3Cl)O)O)C(=O)O1)O,,
6478912,C[C@H]1C[C@@H](C(/C=C\C=C\C(=O)CC2=C(C(=CC(=C2Cl)O)O)C(=O)O1)Cl)O,,
6478914,C[C@H]1C/C=C/C(C/C=C/C(=O)CC2=C(C(=CC(=C2Cl)O)O)C(=O)O1)O,,
6479021,CC1=CC(=NO1)C(=O)NC2=CC=CN(C2=O)[C@@H](CC#C)C(=O)N[C@@H](C[C@@H]3CCNC3=O)/C=C/C(=O)OC(C)(C)C,,
6479022,CC1=CC(=NO1)C(=O)NC2=CC=CN(C2=O)[C@@H](CC#C)C(=O)N[C@@H](C[C@@H]3CCNC3=O)/C=C/C(=O)OC4CCCC4,,
6479023,CC1=CC(=NO1)C(=O)NC2=CC=CN(C2=O)[C@@H](CC#C)C(=O)N[C@@H](C[C@@H]3CCNC3=O)/C=C/C(=O)OC4CCCCCC4,,
6479024,CC1=CC(=NO1)C(=O)NC2=CC=CN(C2=O)[C@@H](CC#C)C(=O)N[C@@H](C[C@@H]3CCNC3=O)/C=C/C(=O)OCC4=CC=CC=C4,,
6479025,CC[C@@H](C(=O)N[C@@H](C[C@@H]1CCNC1=O)/C=C/C(=O)OC(C)(C)C)N2C=CC=C(C2=O)NC(=O)C3=NOC(=C3)C,,
6479057,C1=CC=C2C(=C1)C(=O)C=C(O2)/C=C/C3=CC=C(C=C3)Cl,,
6479059,C1=CC=C2C(=C1)C(=O)C=C(O2)/C=C/C3=CC=C(C=C3)[N+](=O)[O-],,
6479088,CC(=CCC/C(=C/CC1=C(C=CC(=C1O)C(=O)/C=C/C2=CC=C(C=C2)O)OC)/C)C,,
6479089,CC1(C(CC2=C(C=CC(=C2O1)C(=O)/C=C/C3=CC=C(C=C3)O)OC)O)C,,
6479195,C1[C@H](O[C@H](O1)CO)N2C=C(C(=O)NC2=O)/C=C/Cl,,
6479197,C1[C@H](O[C@H](O1)CO)N2C=C(C(=O)NC2=O)/C=C/I,,
6479222,CCCCC/C=C\C/C=C\C/C=C\C/C=C\CCCC(=O)O[C@H]1CC[C@@]2([C@H]3CC[C@]4([C@H]([C@@H]3CC=C2C1)CC[C@@H]4[C@H](C)CCCC(C)C)C)C,,
6479236,C1/C(=C\C2=CC=C(C=C2)O)/C(=O)C3=CC=CC=C3O1,,
6479258,CC[C@H]1C(=O)N([C@@H](C(=O)N([C@H](C(=O)N[C@H](C(=O)N([C@H](C(=O)N[C@H](C(=O)N[C@@H](C(=O)N([C@H](C(=O)N([C@H](C(=O)N([C@H](C(=O)N([C@H](C(=O)N1)[C@@H]([C@H](C)C/C=C/C)O)C)C(C)C)C)CC(C)C)C)CC(C)C)C)C)C)CC(C)C)C)C(C)C)CC(C)C)C)SCCN(C)C)C,,
6479267,CC[C@H]1C(=O)N([C@@H](C(=O)N([C@H](C(=O)N[C@H](C(=O)N([C@H](C(=O)N[C@H](C(=O)N[C@@H](C(=O)N([C@H](C(=O)N([C@H](C(=O)N([C@H](C(=O)N([C@H](C(=O)N1)[C@@H]([C@H](C)C/C=C/C)O)C)C(C)C)C)CC(C)C)C)CC(C)C)C)C)C)CC(C)C)C)C(C)C)CC(C)(C)O)C)SCCN(C)C)C,,
6479291,C1CN(CCC1(CC2=CC=C(C=C2)Cl)C(=O)/C=C(/C(=O)O)\O)CC3=CC=CC=C3,,
6479500,CCCCCCCCCCCCCCCCCCCCCCCCCCOC(=O)/C=C/C1=CC=C(C=C1)O,,
6479523,CC1([C@@H](N2[C@H](S1)[C@@H](C2=O)NC(=O)[C@@H](C3=CC=CC=C3)NC(=O)N4CCNC4=O)C(=O)O)C,,
6479654,C1CCC(CC1)CN2CCC(CC2)(CC3=CC=C(C=C3)Cl)C(=O)/C=C(/C(=O)O)\O,,
6479723,C1=CC=C(C=C1)CCOC2=C(C=C(C=C2)/C=C\3/C(=O)N(C(=S)S3)CC(=O)O)OCC4=CC=CC=C4,,
6479727,C1=CC=C(C=C1)COC2=C(C=CC(=C2)/C=C\3/C(=O)N(C(=S)S3)CC(=O)O)OCC4=CC=C(C=C4)Cl,,
6479731,C1=CC=C(C=C1)COC2=C(C=CC(=C2)/C=C\3/C(=O)N(C(=S)S3)CC(=O)O)OCC4=CC(=CC=C4)C(F)(F)F,,
6479741,CC1=CC=C(C=C1)COC2=C(C=C(C=C2)/C=C\3/C(=O)N(C(=S)S3)CC(=O)O)OCC4=CC=CC=C4,,
6479770,C1=CC=C(C=C1)COC2=C(C=CC(=C2)/C=C\3/C(=O)N(C(=S)S3)CC(=O)O)OCCC4=CC=C(C=C4)F,,
6479771,C1=CC=C(C=C1)COC2=C(C=CC(=C2)/C=C\3/C(=O)N(C(=S)S3)CC(=O)O)OCCC4=CC=C(C=C4)Cl,,
6479776,CC(C1=CC=CC=C1)OC2=C(C=CC(=C2)/C=C\3/C(=O)N(C(=S)S3)CC(=O)O)OCCC4=CC=CC=C4,,
6479779,C1=CC=C(C=C1)CCOC2=C(C=C(C=C2)/C=C\3/C(=O)N(C(=S)S3)CC(=O)O)OC(CO)C4=CC=CC=C4,,
6479780,CCCN(CCC)C(=O)C(C1=CC=CC=C1)OC2=C(C=CC(=C2)/C=C\3/C(=O)N(C(=S)S3)CC(=O)O)OCCC4=CC=CC=C4,,
6479782,C[C@H](COC1=C(C=C(C=C1)/C=C\2/C(=O)N(C(=S)S2)CC(=O)O)OCC3=CC=CC=C3)C4=CC=CC=C4,,
6479790,C[C@H](COC1=C(C=C(C=C1)/C=C\2/C(=O)N(C(=S)S2)CC(=O)O)O[C@@H](C3=CC=CC=C3)C(F)(F)F)C4=CC=CC=C4,,
6479791,C[C@@H](COC1=C(C=C(C=C1)/C=C\2/C(=O)N(C(=S)S2)CC(=O)O)O[C@@H](C3=CC=CC=C3)C(F)(F)F)C4=CC=CC=C4,,
6479837,CC1=C(C=C(N1NC(=O)C2=CC=NC=C2)C3=CC=CC=C3)CN4CCN(CC4)C5=CC=CC(=C5)C(F)(F)F,,
6479887,CC[C@H]([C@@H]([C@H]([C@@H](C)[C@H]1CC[C@@H]2[C@@]1(CC[C@H]3[C@H]2CC(=O)[C@@]4([C@@]3(CC[C@@H](C4)Br)C)O)C)O)O)C(C)C,,
6479888,CC1=C2COC(=O)C2=C(C(=C1OC)C/C=C(\C)/CCCO)O,,
6479915,COC(=O)[C@@H](CC1=CC(=C(C=C1)O)O)OC(=O)/C=C/C2=CC(=C(C=C2)O)O,,
6479924,CCCCC[C@@H](C/C=C/CCC(=O)O)OC,,
6479925,CC(=CCC/C(=C/CC1=C(C=C(C(=C1C2=CC3=C(O2)C=C(C=C3)O)CC=C(C)C)O)O)/C)C,,
6479956,C1CCC(CC1)N2C3=C(C=C(C=C3)C(=O)NC4(CCCC4)C(=O)NC5=CC=C(C=C5)/C=C/C(=O)O)N=C2C6=COC=C6,,
6479958,CC[C@H](C(=O)NC1=CC=C(C=C1)/C=C/C(=O)O)NC(=O)C2=CC3=C(C=C2)N(C(=N3)C4=COC=C4)C5CCCCC5,,
6479965,C1CCC(CC1)N2C3=C(C=C(C=C3)C(=O)NC4(CCC4)C(=O)NC5=CC=C(C=C5)/C=C/C(=O)O)N=C2C6=COC=C6,,
6480023,CCC1=C(NC(=O)C(=C1CC2=CC(=CC=C2)/C=C/C#N)N(C)C)C,,
6480025,CCC1=C(NC(=O)C(=C1C(=O)C2=CC=CC(=C2)/C=C/C#N)N(C)C)C,,
6480049,CCC1=C(NC(=O)C(=C1C(=O)C2=CC=CC(=C2)/C=C(\C)/C#N)N(C)C)C,,
6480054,CCC1=C(NC(=O)C(=C1C(=O)C2=CC=CC(=C2)/C(=C/C#N)/C)N(C)C)C,,
6480205,C[C@H]1CC(=O)[C@@H]/2[C@H]1C[C@]3(CC[C@@]4(CC[C@@H]([C@H]4[C@@H]3C/C=C2/C=O)C(=C)C)C)C,,
6480225,CC1=CC=C(C=C1)S(=O)(=O)N(CC(C)C)[C@H](CCCCNC(=O)OCC2C3=CC=CC=C3C4=CC=CC=C24)C(=O)O,,
6480322,CCC1=C(NC(=O)C(=C1CC2=CC(=CC=C2)/C=C/C#N)N(C)CC)C,,
6480323,CCC1=C(NC(=O)C(=C1CC2=CC(=CC=C2)/C=C/C#N)N(C)CCOC)C,,
6480364,CC(C)CCOC1=CC=C(C=C1)C[C@@H](C(=O)O)NC(=O)[C@@H](/C=C/CCCCCCC(=O)CCC2=CC=CC=C2)[C@@](CC(=O)O)(C(=O)O)O,,
6480372,CCCCCCCC(=O)CCCCCC/C=C/[C@H](C(=O)N[C@@H](CC1=CC=C(C=C1)C2=CC(=CC=C2)OC)C(=O)O)[C@@](CC(=O)O)(C(=O)O)O,,
6480413,CCCCCCCC(=O)CCCCCC/C=C/[C@H](C(=O)N[C@@H](CC1=CC=C(C=C1)C2=CC=CC=C2)C(=O)O)[C@@](CC(=O)O)(C(=O)O)O,,
6480414,CCCCCCCC(=O)CCCCCC/C=C/[C@H](C(=O)N[C@@H](CC1=CC=C(C=C1)C2=CN=CC=C2)C(=O)O)[C@@](CC(=O)O)(C(=O)O)O,,
6480442,CC(C)(C)C(=O)OCOP(=O)(COC1(CC1)CN2C=NC3=CN=C(N=C32)N)OCOC(=O)C(C)(C)C,,
6480472,C1=C(C(=O)NC(=O)N1[C@H]2[C@@H]([C@@H]([C@H](O2)CO)O)F)I,,
6480484,C1COCCN1C(=O)CO,,
6480489,C1CCN(CC1)C(=O)CO,,
6480676,C1=CC=C(C=C1)C(=O)N/C(=C\C2=CC=C(S2)C3=CC=CC=C3Cl)/C(=O)O,,
6480886,C1CCC(CC1)C2=C(N(C3=C2C=CC(=C3)C(=O)O)CC(=O)NCC4CC4)C5=CC=CC=C5,,
6480891,CN1CCN(CC1)C(=O)CN2C3=C(C=CC(=C3)C(=O)O)C(=C2C4=CC=CC=C4)C5CCCCC5,,
6480892,CN1CCCC(C1)CN(C)C(=O)CN2C3=C(C=CC(=C3)C(=O)O)C(=C2C4=CC=CC=C4)C5CCCCC5,,
6480924,CN(C)CC1=CC(=CC=C1)C2=C(C3=C(N2CC(=O)N(C)C)C=C(C=C3)C(=O)O)C4CCCCC4,,
6480928,CN(C)C(=O)CN1C2=C(C=CC(=C2)C(=O)O)C(=C1C3=CN=CC=C3)C4CCCCC4,,
6480929,CN(C)C(=O)CN1C2=C(C=CC(=C2)C(=O)O)C(=C1C3=CC=NC=C3)C4CCCCC4,,
6480930,CN(C)C(=O)CN1C2=C(C=CC(=C2)C(=O)O)C(=C1C3=CN=C(C=C3)OC)C4CCCCC4,,
6480931,CN(C)C(=O)CN1C2=C(C=CC(=C2)C(=O)O)C(=C1C3=COC=C3)C4CCCCC4,,
6480933,CCN(CC)C1CCN(CC1)C(=O)CN2C3=C(C=CC(=C3)C(=O)O)C(=C2C4=CC=C(C=C4)OC)C5CCCCC5,,
6480934,CCN(CC)C1CCN(CC1)C(=O)CN2C3=C(C=CC(=C3)C(=O)O)C(=C2C4=CC=C(C=C4)Cl)C5CCCCC5,,
6480937,CC(C)C[C@@H](C(=O)O)NC(=O)[C@H]([C@@H](CC1=CC=C(C=C1)[N+](=O)[O-])N)O,,
6481073,CC1=C2C(=NC(=NC2=NC=C1CC3=C(C=CC(=C3)OCCCC(=O)O)OC)N)N,,
6481074,CC1=C2C(=NC(=NC2=NC=C1CC3=C(C=CC(=C3)OCCCCC(=O)O)OC)N)N,,
6481075,CC1=C2C(=NC(=NC2=NC=C1CC3=C(C=CC(=C3)OCCCCCC(=O)O)OC)N)N,,
6481076,CC1=C2C(=NC(=NC2=NC=C1CC3=C(C=CC(=C3)OC)OCCCC(=O)O)N)N,,
6481077,CC1=C2C(=NC(=NC2=NC=C1CC3=C(C=CC(=C3)C#CCCC(=O)O)OC)N)N,,
6481078,CC1=C2C(=NC(=NC2=NC=C1CC3=C(C=CC(=C3)C#CCCCC(=O)O)OC)N)N,,
6481079,CC1=C2C(=NC(=NC2=NC=C1CC3=C(C=CC(=C3)C#CCCCCC(=O)O)OC)N)N,,
6481080,CC1=C2C(=NC(=NC2=NC=C1CC3=C(C=CC(=C3)OC)C#CCCC(=O)O)N)N,,
6481081,CC1=C2C(=NC(=NC2=NC=C1CC3=C(C=CC(=C3)OC)C#CCCCC(=O)O)N)N,,
6481085,COC1=CC(=CC(=C1Br)C#CCCC(=O)O)CC2=CN=C(N=C2N)N,,
6481086,CCOC(=O)CCCOC1=CC(=C(C=C1)OC)CC2=CN=C3C(=C2C)C(=NC(=N3)N)N,,
6481087,CCOC(=O)CCCCOC1=CC(=C(C=C1)OC)CC2=CN=C3C(=C2C)C(=NC(=N3)N)N,,
6481088,CCOC(=O)CCCCCOC1=CC(=C(C=C1)OC)CC2=CN=C3C(=C2C)C(=NC(=N3)N)N,,
6481090,CCOC(=O)CCCOC1=C(C=C(C=C1)OC)CC2=CN=C3C(=C2C)C(=NC(=N3)N)N,,
6481236,C[C@]1([C@@H]([C@H](O[C@H]1N2C=CC(=NC2=O)N)CO)O)F,,
6481351,C[C@@H](CCN1CCN(C1=O)C2=CC=NC=C2)CCOC3=CC=C(C=C3)C4=CC=C(C=C4)Cl,,
6481352,C[C@H](CCN1CCN(C1=O)C2=CC=NC=C2)CCOC3=CC=C(C=C3)C4=CC=C(C=C4)Cl,,
6481408,C1CN(CCN1C(=O)C2=CC=CC=C2)C(=O)C(=O)C3=CSC4=CC=CC=C43,,
6481410,C[C@@H]1CN(CCN1C(=O)C(=O)C2=NNC3=CC=CC=C32)C(=O)C4=CC=CC=C4,,
6481498,CCCC(C(=O)C(=O)NCC(=O)N[C@@H](COCC1=CC=CC=C1)C(=O)N)NC(=O)[C@@H]2CCCN2C(=O)[C@H](C(C)C)NC(=O)OCC(C)C,,
6481500,CCCC(C(=O)C(=O)NCC(=O)N[C@@H](C1CCCCC1)C(=O)N)NC(=O)[C@@H]2CCCN2C(=O)[C@H](C(C)C)NC(=O)OCC(C)C,,
6481502,CCCC(C(=O)C(=O)NCC(=O)N[C@@H](CC1CCCCC1)C(=O)N)NC(=O)[C@@H]2CCCN2C(=O)[C@H](C(C)C)NC(=O)OCC(C)C,,
6481503,CCCC(C(=O)C(=O)NCC(=O)N[C@@H](CCC1=CC=CC=C1)C(=O)N)NC(=O)[C@@H]2CCCN2C(=O)[C@H](C(C)C)NC(=O)OCC(C)C,,
6481506,CCCC(C(=O)C(=O)NCC(=O)N[C@@H](C1=CC=CC=C1)C(=O)N)NC(=O)[C@@H]2CCCN2C(=O)[C@H](C(C)C)NC(=O)OCC(C)C,,
6481507,CCCC(C(=O)C(=O)NCC(=O)N[C@@H](COC(C)(C)C)C(=O)N)NC(=O)[C@H](CC(C)C)NC(=O)[C@H](C1CCCCC1)NC(=O)OCC(C)C,,
6481508,CCCC(C(=O)C(=O)NCC(=O)N[C@@H](C1CCN(CC1)C(=O)OC(C)(C)C)C(=O)O)NC(=O)[C@H](CC(C)C)NC(=O)[C@H](C2CCCCC2)NC(=O)OCC(C)C,,
6481509,CCCC(C(=O)C(=O)NCC(=O)N[C@@H](C1CCNCC1)C(=O)O)NC(=O)[C@H](CC(C)C)NC(=O)[C@H](C2CCCCC2)NC(=O)OCC(C)C,,
6481510,CCCC(C(=O)C(=O)NCC(=O)N[C@@H](C(C)C)C(=O)N)NC(=O)[C@H](CC(C)C)NC(=O)[C@H](C1CCCCC1)NC(=O)OCC(C)C,,
6481511,CCCC[C@@H](C(=O)N)NC(=O)CNC(=O)C(=O)C(CCC)NC(=O)[C@H](CC(C)C)NC(=O)[C@H](C1CCCCC1)NC(=O)OCC(C)C,,
6481512,CCCC(C(=O)C(=O)NCC(=O)N[C@@H](C1CCCC1)C(=O)O)NC(=O)[C@H](CC(C)C)NC(=O)[C@H](C2CCCCC2)NC(=O)OCC(C)C,,
6481513,CCCC(C(=O)C(=O)NCC(=O)N[C@@H](C1=CC=CC=C1)C(=O)N)NC(=O)[C@H](CC(C)C)NC(=O)[C@H](C2CCCCC2)NC(=O)OCC(C)C,,
6481514,CCCC(C(=O)C(=O)NCC(=O)N[C@@H](C1=CC=CC=C1)C(=O)O)NC(=O)[C@H](CC(C)C)NC(=O)[C@H](C2CCCCC2)NC(=O)OCC(C)C,,
6481517,CCCC(C(=O)C(=O)NCC(=O)NCC1=CC=CC=C1)NC(=O)[C@@H]2CCCN2C(=O)[C@H](C3CCCCC3)NC(=O)OC(C)(C)C,,
6481530,C1=CC=C(C(=C1)C(=O)NC2=CC(=CC=C2)F)N,,
6481824,CC(C)C1=C(C(=C2C(=C1)CCC3=C2C(=O)CCC3(C)C)O)O,,
6481897,CC(C)(C)OC(=O)N[C@@H](CC1=CC=CC=C1)[C@H](C[C@@H](CC2=CC=CC=C2)C(=O)N[C@@H]3[C@@H](COC4=CC=CC=C34)O)O,,
6481997,C1=CC2=C(C=CC(=C2N=C1)O)CC(=O)O,,
6482031,CC1=CC(=CC(=C1OC)C(=O)OC)/C(=C\CCN2CCOC2=O)/C3=CC(=C(C=C3)OC)OC,,
6482043,COC1=C(C=C(C=C1Cl)/C(=C/CCCC(=O)OC)/C2=CC=CC(=C2)C#N)C(=O)OC,,
6482045,CC1=CC(=CC2=C1ON=C2OC)/C(=C/CCCC(=O)OC)/C3=CC(=CC(=C3)F)C(F)(F)F,,
6482046,CC1=CC(=CC2=C1ON=C2OC)/C(=C/CCCC(=O)OC)/C3=CC=CC(=C3)C#N,,
6482240,CCCC(C(=O)C(=O)NCC(=O)N[C@@H](C1=CC=CC=C1)C(=O)O)NC(=O)[C@@H]2CC3=CC=CC(=C3)CCCCCCCC(=O)N[C@H](C(=O)N2)C4CCCCC4,,
6482366,CC(C)C(=O)C1=C(C(C(=O)C(C1=O)(CC=C(C)C)CC=C(C)C)(CC=C(C)C)CC=C(C)C)O,,
6482389,CN1C=C(C(=O)C2=C1SC(=C2)C#CCO)C(=O)NCC3=CC=C(C=C3)Cl,,
6482394,CN1C=C(C(=O)C2=C1SC(=C2)CCCO)C(=O)NCC3=CC=C(C=C3)Cl,,
6482395,CCN1C=C(C(=O)C2=C1SC(=C2)CCCO)C(=O)NCC3=CC=C(C=C3)Cl,,
6482397,C1=CC(=CC=C1CNC(=O)C2=CN(C3=C(C2=O)C=C(S3)CCCO)CCO)Cl,,
6482398,CCN(CC)CCN1C=C(C(=O)C2=C1SC(=C2)CCCO)C(=O)NCC3=CC=C(C=C3)Cl,,
6482447,CCCC(C(=O)C(=O)NCC(=O)N[C@@H](C1=CC=CC=C1)C(=O)O)NC(=O)[C@H](CC2SCCS2)NC(=O)[C@H](C3CCCCC3)NC(=O)OCC(C)C,,
6482448,CCCC(C(=O)C(=O)NCC(=O)N[C@@H](C1=CC=CC=C1)C(=O)O)NC(=O)[C@H](CC2SCCCS2)NC(=O)[C@H](C3CCCCC3)NC(=O)OCC(C)C,,
6482449,CCCC(C(=O)C(=O)NCC(=O)N[C@@H](C1=CC=CC=C1)C(=O)O)NC(=O)[C@H](CC2SCC3=CC=CC=C3CS2)NC(=O)[C@H](C4CCCCC4)NC(=O)OCC(C)C,,
6482450,CCCC(C(=O)C(=O)NCC(=O)N[C@@H](C1=CC=CC=C1)C(=O)O)NC(=O)[C@H](CC2OCCO2)NC(=O)[C@H](C3CCCCC3)NC(=O)OCC(C)C,,
6482451,CCCC(C(=O)C(=O)NCC(=O)N[C@@H](C1=CC=CC=C1)C(=O)O)NC(=O)[C@H](CC2OCCCO2)NC(=O)[C@H](C3CCCCC3)NC(=O)OCC(C)C,,
6482452,CCCC(C(=O)C(=O)NCC(=O)N[C@@H](C1=CC=CC=C1)C(=O)O)NC(=O)[C@H](CCC(C)C)NC(=O)[C@H](C2CCCCC2)NC(=O)OCC(C)C,,
6482453,CCCCC[C@@H](C(=O)NC(CCC)C(=O)C(=O)NCC(=O)N[C@@H](C1=CC=CC=C1)C(=O)O)NC(=O)[C@H](C2CCCCC2)NC(=O)OCC(C)C,,
6482454,CCCC(C(=O)C(=O)NCC(=O)N[C@@H](C1=CC=CC=C1)C(=O)O)NC(=O)[C@H](CC2CCC2)NC(=O)[C@H](C3CCCCC3)NC(=O)OCC(C)C,,
6482455,CCCC(C(=O)C(=O)NCC(=O)N[C@@H](C1=CC=CC=C1)C(=O)O)NC(=O)[C@H](CC2CC2)NC(=O)[C@H](C3CCCCC3)NC(=O)OCC(C)C,,
6482645,CCCC(C(=O)C(=O)NCC(=O)N[C@@H](C1=CC=CC=C1)C(=O)O)NC(=O)[C@@H]2CC3=CC(=CC=C3)OCCCCCCC(=O)N[C@H](C(=O)N2)C4CCCCC4,,
6482974,COC1=CC(=C(C2=C1C=CC(=O)O2)OC)OC,,
6483031,C1=CC2=CN=C(C(=C2N=C1)O)C(=O)NCC3=CC=C(C=C3)F,,
6483032,COC1=CC2=C(C=C1C=O)C3=CC=CC=C3N2,,
6483036,CC(C)C1=C(C(=C(N1CC[C@@H]2C[C@H](CC(=O)O2)O)C3=CC=C(C=C3)F)C4=CC=CC=C4)C(=O)NC5=CC=CC=C5,,
6483316,CC(C)CC(=O)C1=C(C=C(C2=C1OC(=O)C=C2C3=CC=CC=C3)O)O,,
6483317,CCC(C)C(=O)C1=C(C2=C(C(=C1O)CC=C(C)C)OC(=O)C=C2C3=CC=CC=C3)O,,
6483323,CC(C)CC(=O)C1=C2C(=C3C(=C1O)C(=CC(=O)O3)C4=CC=CC=C4)C[C@H](O2)C(C)(C)O,,
6483600,CC(=C)[C@@H]1CC[C@]2([C@H]1[C@H]3CC[C@@H]4[C@]5(CC[C@@H](C([C@@H]5CC[C@]4([C@@]3(CC2)C)C)(C)C)O)C)C(=O)NCCCCCCCNC(=O)C,,
6483639,CC1=CC(=CC2=C1OC(=O)N2C)/C(=C\CCCC(=O)OC)/C3=CC(=C(C(=C3)C)OC)C(=O)OC,,
6483643,CC1=CC(=CC2=C1OC(=O)N2C)/C(=C/CCCC(=O)OC)/C3=CC(=C(C(=C3)C)OC)C(=O)OC,,
6483645,CC1=CC(=CC2=C1OC(=O)N2C)C(=CCCCC(=O)OC)C3=CC4=C(C(=C3)C)OC(=O)N4C,,
6483646,CC1=CC(=CC2=C1ON=C2OC)/C(=C/CCCC(=O)OC)/C3=CC4=C(C(=C3)C)OC(=O)N4C,,
6483648,CC1=CC[C@H]([C@@H]([C@@H]1CC=C(C)C)C(=O)C2=C(C=C(C=C2O)OC)O)C3=CC=CC=C3,,
6483649,COC1=CC(=CC(=C1C(=O)CCC2=CC=CC=C2)O)O,,
6483687,CCCC(C(=O)C(=O)NCC(=O)N[C@@H](C1=CC=CC=C1)C(=O)N)NC(=O)[C@@H]2CCCN2C(=O)[C@H](C3CCCCC3)NC(=O)OCC(C)C,,
6483688,CCCC(C(=O)C(=O)NCC(=O)N[C@@H](CC(=O)O)C(=O)N)NC(=O)[C@H](CC(C)C)NC(=O)[C@H](C1CCCCC1)NC(=O)OCC(C)C,,
6483753,CC1C(=O)NC2=C(O1)C=CC(=C2)N,,
6483846,C1CCN(C1)C(=O)CSC2=NN=C(O2)C3=CC=NC=C3,,
6483849,CCNC(=O)CCSC1=NC(=CC(=N1)C)C,,
6483876,C1=CC=C(C=C1)CN2C=C(C=N2)C(=O)O,,
6483880,C1COC2=C(SC=C2O1)C(=O)O,,
6484120,CC(C)CC1=CC(=NC(=O)N1)C(=O)O,,
6484268,C1=CN(N=C1)CC2=CC=C(C=C2)C(=O)O,,
6484274,C1CC2=C(C1)NC(=O)C(=C2)C(=O)O,,
6484277,CCC1=NOC(=C1)C(=O)O,,
6484393,CCN1C(=C(C=N1)C2=CC(=NO2)C(=O)O)C,,
6484676,C1=CC=C(C=C1)CN2C=C(C=N2)C=O,,
6484713,C1COC2=C(O1)C=CC(=C2)CCC(=O)O,,
6485064,C1COCCN1C(=O)C2=CC(=CC=C2)N,,
6485181,CCCCC1=CC(=NN1)C(=O)O,,
6485369,C1=COC(=C1)C2=CC=NC3=CC(=NN23)C(=O)O,,
6485374,CC(C(=O)O)N1C=C(C=N1)Cl,,
6485380,CCN1C=C(C=N1)C2=NC3=CC=CC=C3C(=C2)C(=O)O,,
6485381,CC1=NN(C=C1C2=NC3=CC=CC=C3C(=C2)C(=O)O)C,,
6485386,CCCN1C=C(C=N1)C(=O)O,,
6485397,CCN1C=C(C(=N1)C)CCC(=O)O,,
6485410,CC1=CN2C(=C(C=N2)C(=O)O)N=C1,,
6485411,CC1=CC=NN1CC2=NC3=CC=CC=C3C(=C2)C(=O)O,,
6485560,COCCOC1=CC=C(C=C1)C=O,,
6485706,CC1=CC=NN1C(C)C(=O)O,,
6486002,C1CC(CN(C1)CC2=NC(=NO2)C3=CC=C(C=C3)C(F)(F)F)CN4CCOCC4,,
6486006,CN1C2=C(C=C(C=C2)N)OC1=O,,
6486007,CC1=CC2=C(C=C1N)N(C(=O)N2C)C,,
6487426,C1=CC=C2C(=C1)OC(O2)C(=O)O,,
6487614,C1=CC=C(C=C1)C2=CC=NC3=C(C=NN23)C(=O)O,,
6487686,CC(C)(C)NC1=NC(=CS1)C2=CC3=C(C=C2)N(CC3)C(=O)C4CC4,,
6488693,CS(=O)(=O)NC1=CC2=C(C=C1)N(C(=O)CO2)CC3=CC=CC=C3,,
6489804,C1COCCN1CC(=O)NC2=NC3=C(S2)C=C(C=C3)Cl,,
6490494,C1=CC2=C(C\3=C1NC(=O)/C3=C\C4=CN=CN4)SC=N2,,
6490695,C1=CC(=CC=C1C2=NC=C(C=N2)C(=O)O)Cl,,
6492090,CC1=C(C=CC=C1NCC2=CC=NC=C2)C(=O)O,,
6492091,CC1=C(C=CC=C1NCC2=CN=CC=C2)C(=O)O,,
6493742,CC1=C(C=CC(=C1)Cl)NC(=O)CN2CCCC2,,
6496838,C1=COC(=C1)C(=O)NC2=CC=C(C=C2)C(=O)NC3=CC(=C(C=C3)C(=O)O)O,,
6496984,COC1=C(C=C(C=C1)C2=NC3=C(O2)C=CC=N3)NC(=O)C4=CC=CO4,,
6497235,C1CC(=O)N(C1)CCOC2=CC=C(C=C2)C(=O)O,,
6497721,CC1=CC(=CC=C1)C(=O)NCC2=NN=C(N2C)SCC(=O)NC3=NCCS3,,
6498566,COC1=CC(=CC(=C1OC)OC)C(=O)NCCNC(=O)C2=NC=CN=C2,,
6498584,C1=CC(=CC=C1C(=O)NCCCNC(=O)C2=NC=CN=C2)Cl,,
6498679,CN1C(=CC(=N1)C2=CC=C(C=C2)F)C(=O)O,,
6500352,CC1=CC=CC=C1CSC2=NN3C(=C(C=NC3=N2)C(=O)C)C,,
6501558,CC1=C(C=C(C=C1)N2C(=O)CC(=O)NC2=O)Cl,,
6501974,C1=CC=C(C(=C1)CNC2=CC3=C(C=C2)NC(=O)N3)OCC4=CC=C(C=C4)Cl,,
6504264,C/C=C/1\CN2CCC3=C([C@@H]2C[C@@H]1[C@H](CO)C(=O)OC)NC4=CC=CC=C34,,
6504906,C[C@@H]1CNC(=O)[C@@H](NC(=O)/C=C/C[C@H](OC(=O)[C@@H](OC1=O)CC(C)C)[C@H](C)[C@@H]2[C@H](O2)C3=CC=CC=C3)CC4=CC(=C(C=C4)OC)Cl,,
6505332,CCCCCCC/C=C/C=C/C(=O)N[C@@H]([C@@H](C)O)C(=O)N[C@H]1C[C@H](CCNC(=O)/C=C/[C@@H](NC1=O)C)O,,
6505368,C1[C@@H]([C@H](O[C@H]1N2C=C(C(=O)NC2=O)/C=C/Br)COP(=O)(O)O)O,,
6505653,CCCCCCCC/C=C/CCCCCCCC(=O)OC[C@H](CO)OC(=O)CCCCCCC/C=C/CCCCCCCC,,
6505795,CC1=C(C(CCC1)(C)C)/C=C/C(=C/C=C/C(=C/C(=O)NCC(CO)O)/C)/C,,
6505803,C[C@H]1C[C@@H]([C@@H]([C@H](/C=C(/[C@@H]([C@H](/C=C\C=C(\C(=O)NC2=CC(=O)C(=C(C1)C2=O)NCC=C)/C)OC)OC(=O)N)\C)C)O)OC,,
6505921,C1=CC=C(C=C1)/C=C/C(=O)/C=C/C2=CC=CC=C2.C1=CC=C(C=C1)/C=C/C(=O)/C=C/C2=CC=CC=C2.[Pd],,
6506224,C/C(=C\C=C\C(=C\C(=O)O)\C)/C=C/C1=C(CCCC1(C)C)CO,,
6506535,C/C/1=C\CC/C(=C/C[C@]2([C@H](C/C=C(/[C@H](CC1)O)\C)C(=C(C2=O)O)[C@H](C)COC(=O)C)C)/C,,
6506779,CN(C)CCOC(C1=CC=C(C=C1)Cl)C2=CC=CC=N2.C(=C/C(=O)O)\C(=O)O,,
6506864,CC(=C/C=C/C(=C/C=C/C(=C/C=C/C=C(\C)/C=C/C=C(\C)/C=C/C=C(\C)/C=O)/C)/C)C,,
6506968,C1=CC(=C(C=C1C[C@@H](C(=O)O)NC(=O)/C=C/C2=CC(=C(C=C2)O)O)O)O,,
6509497,C1[C@@H](/C(=C/C2=CC3=C(C=C2)OCO3)/C(=O)O1)CC4=CC5=C(C=C4)OCO5,,
6509849,CN(C)C(=O)CCS[C@@H](C1=CC=CC(=C1)/C=C/C2=NC3=C(C=CC(=C3)Cl)C=C2)SCCC(=O)O,,
6509860,C1[C@@H]([C@@H]([C@H]([C@@H]1O)SC[C@H](COC2=CC(=CC=C2)Cl)O)C/C=C/CCCC(=O)O)O,,
6509979,CC[C@@H]1/C=C(/C[C@@H](C[C@@H]([C@@H]2[C@H](C[C@H]([C@@](O2)(C(=O)C(=O)N3CCCC[C@H]3C(=O)O[C@@H]([C@@H]([C@H](CC1=O)O)C)/C(=C/[C@@H]4CC[C@@H]([C@@H](C4)OC)Cl)/C)O)C)OC)OC)C)\C,,
6510278,C/C=C/1\C(=O)CC2[C@@]1(CCC3C2CCC4=CC(=O)CC[C@]34C)C,,
6513304,CCC(CC)C1=NN2C(=N)/C(=C/C3=CC=CO3)/C(=O)N=C2S1,,
6514539,C\1CN2C(=NC3=CC=CC=C3C2=O)/C1=C/C4=CC=CC=C4,,
6515677,C1CCCC/C=C\CCCCC(=O)OCCCC1,,
6516600,C\1CC2=C(C3=CC=CC=C3N=C2/C1=C/C4=CC=CC=C4Cl)C(=O)O,,
6516664,CCCC(C(=O)O)N1C(=O)/C(=C/C2=CC=C(O2)C3=CC=C(C=C3)Br)/SC1=S,,
6518171,CN(CCOC1=CC=C(C=C1)C[C@@H](C(=O)O)NC2=CC=CC=C2C(=O)C3=CC=CC=C3)C4=CC=CC=N4,,
6519189,CCCCN1C2=CC=CC=C2/C(=C/3\C(=O)N4C(=NC(=O)C(=N4)C5=CC=CC=C5)S3)/C1=O,,
6519634,C/C(=C\C=C\C(=C\1/C(=O)C[C@@H]2[C@@]1(CC[C@@H]3[C@@]2(CCC(=O)C3(C)C)C)C)\C)/C=C/C=C(\C)/C(=O)O,,
6520114,C[C@H]1CCCC(=CC[C@H](OC(=O)C[C@@H](C(C(=O)[C@@H]([C@H]1O)C)(C)C)O)/C(=C/C2=CSC(=N2)C)/C)C,,
6520282,CCCC/C=C/CC/C=C/CCCCCCOC(=O)C,,
6520576,CC(C)CC(C/C=C/1\CC(OC1=O)(CO)COC(=O)C(C)(C)C)CC(C)C,,
6526396,CC(C)OC(=O)OC(C)OC(=O)C1=C(CS[C@H]2N1C(=O)[C@H]2NC(=O)/C(=N\OC)/C3=CSC(=N3)N)COC,,
6526506,C\1C2=CC=CC=C2C(=O)/C1=C/C3=CC=CC=N3,,
6526832,CC1=NN=NN1/C(=C\C2=CC=CC=C2)/C(=O)OCC(=O)N3CC4(CC3CC(C4)(C)C)C,,
6527064,CC1=C(C2=CC3=C(C(=C([N-]3)C=C4C(=C(C(=N4)C=C5C(=C(C(=N5)C=C1[N-]2)C)C=C)C)C=C)C)CCC(=O)O)CCC(=O)O.O.[Fe+2],,
6529937,CCOC(=O)C1=C(N=C(S1)N2C(=O)/C(=C/C3=CC=C(C=C3)OCC(=O)OC)/C(=N2)C)C,,
6530763,C1C=CC2C1/C(=N\NC(=O)C3=CC=CS3)/C2,,
6532423,CCN1C=C(C(=O)C2=CC(=C(C(=C21)F)N3CCN(CC3)C/C(=N\O)/C4=CC=C(C=C4)F)F)C(=O)O,,
6532424,CCN1C=C(C(=O)C2=CC(=C(C=C21)N3CCN(CC3)C/C(=N\O)/C4=CC=C(C=C4)Cl)F)C(=O)O,,
6532434,CCO/N=C(\C1CCN(CC1)C2(CCN(CC2)C(=O)C3=C(C=NC=C3Cl)Cl)C)/C4=CC=C(C=C4)Br,,
6532435,CCO/N=C(\C1CCN(CC1)C2(CCN(CC2)C(=O)C3=C(C=NC=C3Br)Br)C)/C4=CC=C(C=C4)Br,,
6532436,CCO/N=C(\C1CCN(CC1)C2(CCN(CC2)C(=O)C3=C(C=C(C=C3C)C4=CC=NC=C4)C)C)/C5=CC=C(C=C5)Br,,
6532846,CC[C@@H]1[C@@]([C@@H]([C@H](/C(=N/OC)/[C@@H](C[C@@]([C@@H]([C@H]([C@@H]([C@H](C(=O)O1)C)O[C@H]2C[C@@]([C@H]([C@@H](O2)C)O)(C)OC)C)O[C@H]3[C@@H]([C@H](C[C@H](O3)C)N(C)C)O)(C)O)C)C)O)(C)O,,
6533629,CO/N=C(/C1=CSC(=N1)N)\C(=O)N[C@H]2[C@@H]3N(C2=O)C(=CCS3)C(=O)O,,
6536697,CC(=CCC1=C/C(=C(\C=C\C2=CC=C(C=C2)O)/O)/C(=O)C(C1=O)(CC=C(C)C)CC=C(C)C)C,,
6536774,CC[N+](C)(C/C=C/C1=C(N2[C@@H]([C@@H](C2=O)NC(=O)/C(=N\OCF)/C3=NSC(=N3)N)SC1)C(=O)[O-])CC(=O)N,,
6536776,C1=CC=C2C(=C1)C(=CC=C2S(=O)(=O)[O-])N/N=C\3/C=C(C(=O)/C(=N\NC4=CC=C(C5=CC=CC=C54)S(=O)(=O)[O-])/C3=O)CO.[Na+].[Na+],,
6536806,CC1=CC(=C(N1)/C=C\2/C3=C(C=CC(=C3)Cl)NC2=O)C,,
6536812,C1CC2=C(C=CC=C2OCC(=O)O)C(=C1)CCO/N=C(\C3=CC=CC=C3)/C4=CN=CC=C4,,
6536825,CC(C(=O)[O-])O.CC(C(=O)[O-])O.[Mg+2],,
6536850,CC1CC(C2C(CC(C(O2)(C(=O)C(=O)N3CCCCC3C(=O)OC(C(C(CC(=O)C(/C=C(/C1)\C)CC=C)O)C)/C(=C/C4CCC(C(C4)OC)O)/C)O)C)OC)OC,,
6536864,CC(C)(C(=O)O)O/N=C(/C1=CSC(=N1)N)\C(=O)N[C@H]2[C@@H]3N(C2=O)C(=C(CS3)C[N+]4=CC=CC=C4)C(=O)[O-].O.O.O.O.O,,
6536871,C/C(=C\C(=O)OC)/CBr,,
6536892,CC(=CCC/C(=C/C(=O)C)/C)C,,
6536998,CCCCC/C(=C\C1=CC=CC=C1)/COC(=O)C,,
6537040,COC1=CC(=C(C=C1)C(=O)/C=C/C2=CC=C(C=C2)O)O,,
6537093,CCCOC(=O)/C=C/C1=CC=CO1,,
6537101,CC(=O)OC/C=C/C1=CC(=C(C=C1)OC(=O)C)OC,,
6537151,CCCCCCCC/C=C/CCCCCCCCCCCC(=O)OCC(CO)O,,
6537201,C1=CC=C(C=C1)/C(=C/CCCCC(=O)O)/C2=CN=CC=C2,,
6537204,CC[C@@H]1[C@H]([C@H]2[C@@](O2)(/C=C/C(=O)[C@@H](C[C@@H]([C@@H]([C@H]([C@@H](CC(=O)O1)O)C)O[C@H]3[C@@H]([C@H](C[C@H](O3)C)N(C)C)O)CC=O)C)C)C,,
6537431,CC1=NN(N=N1)CC2=C(N3[C@@H]([C@@H](C3=O)NC(=O)/C(=N\OC)/C4=CSC(=N4)N)SC2)C(=O)O,,
6537439,CCCN(C(CC)C(=O)N(C)C)C(=O)/C=C/C.CCC(C(=O)N(C)C)N(CC)C(=O)/C=C/C,,
6537446,CO/N=C(/C1=NSC(=N1)N)\C(=O)N[C@H]2[C@@H]3N(C2=O)C(=C(CS3)C[N+]45CCC(CC4)(CC5)C(=O)N)C(=O)[O-],,
6537488,C1=C(OC(=C1)C(=O)NCC(=O)O)CO,,
6537490,C[C@@H]1CC[C@H](C2=C(C[C@H]([C@H]12)OC(=O)C)C)/C=C(\C)/C(=O)O,,
6537492,C/C(=C\C=C\C=C(/C)\C=C\C=C(\C)/C=C/C(=O)O)/C=C/C=C(\C)/C=C/C(=O)O,,
6537495,CC(=O)[O-].CC(=O)[O-].O.O.[Cd+2],,
6537496,C1[C@H]([C@H](C(C[C@@]1(C(=O)O)O)OC(=O)/C=C/C2=CC(=C(C=C2)O)O)O)O,,
6537505,C[C@@H]1CC[C@H](C2=C(C[C@H]([C@H]12)O)C)/C=C(\C)/C(=O)O,,
6537733,CCCCCCCC/C=C/CCCCCCCC(=O)OCCO,,
6537739,C1CCCCCC(=O)OCC/C=C\CCCC1,,
6537958,CCCC(=O)OC/C=C/C=C/C,,
6537963,C1CC1/C(=N\OCC2=CC=C(C=C2)NC(=O)NC(=O)C3=C(C=CC=C3F)F)/C4=CC=C(C=C4)Cl,,
6537969,CO/C=C(/C1=CC=CC=C1OC2=NC=NC(=C2)OC3=CC=CC=C3C#N)\C(=O)OC,,
6538043,C1=CC=C2C(=C1)/C(=C/C3=CC=C(C=C3)Cl)/OC2=O,,
6538274,CCCCCCCC/C=C/CCCCCCCC(=O)SCCNC(=O)CCNC(=O)[C@@H](C(C)(C)COP(=O)(O)OP(=O)(O)OC[C@@H]1[C@H]([C@H]([C@@H](O1)N2C=NC3=C(N=CN=C32)N)O)OP(=O)(O)O)O,,
6538326,CCN\1C2=CC=CC=C2O/C1=C\C=C\C3=[N+](C4=CC=CC=C4O3)CC.[I-],,
6538726,CCC(C)C(C(=O)NCC1=CC=CC=C1)NC(=O)[C@H](CC2=CC=CC=C2)C[C@@H]([C@H](CC3=CC=CC=C3)NC(=O)OC(C)(C)C)O,,
6538727,CCC(C)C(C(=O)NCC1=NC2=CC=CC=C2N1)NC(=O)[C@H](CC3=CC=CC=C3)C[C@@H]([C@H](CC4=CC=CC=C4)NC(=O)OC(C)(C)C)O,,
6538739,CC(C)(C)[C@@H](C(=O)N[C@@H](CC1=CC=CC=C1)[C@H]([C@H](C(=O)N[C@@H]2[C@@H](CC3=CC=CC=C23)O)NCC4=CC=C(C=C4)OC)O)NC(=O)CCC5=CC(=C(C=C5)OC)O,,
6538741,C1CC1C2=CC(=NN2)NC(=O)CC3=CC=C(C=C3)C4=CC=C(C=C4)C(=O)N,,
6538742,C1C2=C(C3=C(C=CC(=C3)I)NC1=O)NC4=C2C=C(C=C4)Br,,
6538743,C1C2=C(C3=C(C=CC(=C3)C#N)NC1=O)NC4=CC=CC=C24,,
6538744,COC1=CC2=C(C=C1)C3=C(CC(=O)N2)C4=C(N3)C=CC(=C4)C(F)(F)F,,
6538746,C1C2=C(C3=C(C=C(C=C3)O)NC1=O)NC4=C2C=C(C=C4)Br,,
6538749,CC(=O)CC1=CC2=C(C=C1)NC(=O)CC3=C2NC4=C3C=C(C=C4)C(F)(F)F,,
6538752,COC1=CC2=C(C=C1)C3=C(CC(=O)N2)C4=C(N3)C=CC(=C4)C#N,,
6538753,COC1=CC2=C(C=C1)C3=C(CC(=O)N2)C4=C(N3)C=CC(=C4)[N+](=O)[O-],,
6538754,COC1=CC2=C(C=C1)NC(=O)CC3=C2NC4=C3C=C(C=C4)[N+](=O)[O-],,
6538756,C1C2=C(C3=CC=CC=C3NC1=O)NC4=C2C=CC=N4,,
6538760,C1C2=C(C3=C(C=C(C=C3)OCCCCN)NC1=O)NC4=C2C=C(C=C4)Br,,
6538761,C1C2=C(C3=C(C=CS3)NC1=O)NC4=C2C=C(C=C4)Br,,
6538762,CC1=CC2=C(C=C1)NC3=C2CC(=O)NC4=C3SC=C4,,
6538763,C1C2=C(C3=C(C=CS3)NC1=O)NC4=C2C=C(C=C4)Cl,,
6538764,C1C2=C(C3=C(C=CS3)NC1=O)NC4=C2C=C(C=C4)C#N,,
6538765,C1C2=C(C3=C(C=CS3)NC1=O)NC4=C2C=C(C=C4)[N+](=O)[O-],,
6538801,C1=COC(=C1)C2=CC3=NC=CN=C3N2,,
6538886,CCNC(=O)NC1=NNC2=NN=C(C(=C21)C3=CC=CC=C3)C4=CC=CC=C4,,
6538887,C1=CC=C(C=C1)C2=C3C(=NN=C2C4=CC=CC=C4)NN=C3NC(=O)NC5=CC=CC=C5,,
6538896,C1C2=C(C3=C(NC1=O)N=CC=C3)NC4=C2C=C(C=C4)Br,,
6538897,C1C2=C(C3=C(C=CC=N3)NC1=O)NC4=C2C=C(C=C4)Br,,
6538898,CN1CCC(CC1)C2=C3C(=C(C=C2O)O)C(=O)/C(=C/C4=CC=CC=C4)/O3,,
6538899,CN1CCC(CC1)C2=C3C(=C(C=C2O)O)C(=O)/C(=C/C4=CC=CC=C4Cl)/O3,,
6538900,CN1CCC(CC1)C2=C3C(=C(C=C2O)O)C(=O)/C(=C/C4=CC=C(C=C4)[N+](=O)[O-])/O3,,
6538901,CN1CCC(CC1)C2=C3C(=C(C=C2O)O)C(=O)/C(=C/C4=CC=C(C=C4)S(=O)(=O)N)/O3,,
6538902,CN1CCC(CC1)C2=C3C(=C(C=C2O)O)C(=O)/C(=C/C4=CC=C(C=C4)N5CCN(CC5)C)/O3,,
6538958,C1=CC=C(C=C1)COC2=CC=CC=C2/C=C/C=O,,
6538959,CC1=CC=CC=C1COC2=CC=CC=C2/C=C/C=O,,
6538970,C1=CC=C(C=C1)COC2=CC=CC(=C2)/C=C/C=O,,
6539132,CCN1C(=O)N(SC1=O)C,,
6539134,CCCN1C(=O)N(C(=O)S1)CC,,
6539135,CCN1C(=O)N(SC1=O)C(C)C,,
6539136,CCN1C(=O)N(SC1=O)C2CCCCC2,,
6539137,CCCCN1C(=O)N(SC1=O)CC,,
6539139,CCN1C(=O)N(C(=O)S1)CC2=CC=CC=C2,,
6539140,C1=CC=C(C=C1)CN2C(=O)N(SC2=O)CC3=CC=CC=C3,,
6539141,CN1C(=O)N(C(=O)S1)C2=CC=C(C=C2)Br,,
6539142,CN1C(=O)N(C(=O)S1)C2=CC(=CC=C2)Br,,
6539143,CN1C(=O)N(C(=O)S1)C2=CC=CC=C2Br,,
6539144,CN1C(=O)N(C(=O)S1)C2=CC=C(C=C2)Cl,,
6539145,CN1C(=O)N(C(=O)S1)C2=CC=C(C=C2)C(F)(F)F,,
6539146,CC1=CC=C(C=C1)N2C(=O)N(SC2=O)C,,
6539147,CN1C(=O)N(C(=O)S1)C2=CC=C(C=C2)OC,,
6539148,CN1C(=O)N(C(=O)S1)C2=CC=CC3=CC=CC=C32,,
6539150,C1=CC=C(C=C1)N2C(=S)N(SC2=O)C3=CC=CC=C3,,
6539151,CCN1C(=S)N(C(=O)S1)CC2=CC=CC=C2,,
6539156,CCOC(=O)CN1C(=O)C=CC1=O,,
6539157,C1=CC=C(C=C1)CCCCCN2C(=O)C=CC2=O,,
6539161,CN1C(=O)SSC1=O,,
6539163,CN1C(=O)N(C(=O)N1C)C2=CC=CC=C2,,
6539166,C1=C(SC=C1Br)C(=O)CCl,,
6539167,C1=C(C(=CS1)Cl)C(=O)CCl,,
6539168,C(C(=O)C1=C(SC(=C1Br)Br)Br)Cl,,
6539169,C(C(=O)C1=C(SC(=C1Cl)Cl)Br)Cl,,
6539170,C1=C(SC=C1C(=O)CCl)C(=O)CCl,,
6539171,C1=C(SC(=C1Br)Br)C(=O)CCl,,
6539172,CC(=O)C1=CSC(=C1)C(=O)CCl,,
6539173,CCN1C(=O)N(C(=O)S1)C2=CC=C(C=C2)[N+](=O)[O-],,
6539174,CCN1C(=O)N(C(=O)S1)C2=CC=CC=C2,,
6539175,CCOC(=O)CN1C(=O)N(SC1=O)C,,
6539176,CC1=C(C=C(S1)C(=O)CCl)C(=O)CCl,,
6539177,CC1=C(SC=C1)C(=O)CCl,,
6539178,CC1=CSC(=C1)C(=O)CCl,,
6539179,CC1=C(SC=C1C(=O)CCl)C(=O)CCl,,
6539194,COC1=C(C=C(C=C1)NC(=O)NCCCN2C=CN=C2)OC,,
6539218,C[C@@H](C(=O)N[C@@H](CC(C)C)C(=O)N)NC(=O)C[C@@H]([C@H](CC1=CC=CC=C1)NC(=O)[C@H](C(C)C)NC(=O)C2=CC=CC=N2)O,,
6539219,C[C@@H](C(=O)N[C@@H](CC(C)C)C(=O)N)NC(=O)C[C@@H]([C@H](CCC1=CC=CC=C1)NC(=O)[C@H](C(C)C)NC(=O)C2=CC=CC=N2)O,,
6539220,C[C@@H](C(=O)N[C@@H](CC(C)C)C(=O)N)NC(=O)C[C@@H]([C@H](COCC1=CC=CC=C1)NC(=O)[C@H](C(C)C)NC(=O)C2=CC=CC=N2)O,,
6539221,C[C@@H](C(=O)N[C@@H](CC(C)C)C(=O)N)NC(=O)C[C@@H]([C@H](COCC1=CC=C(C=C1)Br)NC(=O)[C@H](C(C)C)NC(=O)C2=CC=CC=N2)O,,
6539222,CC(C)[C@@H](C(=O)N[C@@H](COCC1=CC=C(C=C1)Br)[C@H](CC(=O)NCCCC2=CC=CC=C2)O)NC(=O)C3=CC=CC=N3,,
6539224,CC(C)[C@@H](C(=O)N[C@@H](COCC1=CC=C(C=C1)Br)[C@H](CC(=O)NCCCOC)O)NC(=O)C2=CC=CC=N2,,
6539225,CC(C)[C@@H](C(=O)N[C@@H](COCC1=CC=C(C=C1)Br)[C@H](CC(=O)NCCC2=CC(=CC=C2)OC)O)NC(=O)C3=CC=CC=N3,,
6539226,CC(C)[C@@H](C(=O)N[C@@H](COCC1=CC=C(C=C1)Br)[C@H](CC(=O)NCCNC2=CC=CC=C2)O)NC(=O)C3=CC=CC=N3,,
6539227,CC(C)[C@@H](C(=O)N[C@@H](COCC1=CC=C(C=C1)Br)[C@H](CC(=O)NC2CCCCC2)O)NC(=O)C3=CC=CC=N3,,
6539228,CC(C)[C@@H](C(=O)N[C@@H](COCC1=CC=C(C=C1)Br)[C@H](CC(=O)NCC2=CC=C(C=C2)C#N)O)NC(=O)C3=CC=CC=N3,,
6539229,CCCCNC(=O)C[C@@H]([C@H](COCC1=CC=C(C=C1)Br)NC(=O)[C@H](C(C)C)NC(=O)C2=CC=CC=N2)O,,
6539230,C[C@@H](C(=O)N[C@@H](CC(C)C)C(=O)N)NC(=O)C[C@@H]([C@H](COCC1=CC=C(C=C1)Br)NC(=O)[C@@H](C(C)C)NC(=O)C2=CC=CC=N2)O,,
6539231,C[C@@H](C(=O)N[C@@H](CC(C)C)C(=O)N)NC(=O)C[C@@H]([C@H](COCC1=CC=C(C=C1)Br)NC(=O)C2=CC(=C(C=C2)Cl)Cl)O,,
6539232,C[C@@H](C(=O)N[C@@H](CC(C)C)C(=O)N)NC(=O)C[C@@H]([C@H](COCC1=CC=C(C=C1)Br)NC(=O)C2=C(C=C(C=C2F)F)F)O,,
6539233,C[C@@H](C(=O)N[C@@H](CC(C)C)C(=O)N)NC(=O)C[C@@H]([C@H](COCC1=CC=C(C=C1)Br)NC(=O)C(C2=CC=CC=C2)C3=CC=CC=C3)O,,
6539234,C[C@@H](C(=O)N[C@@H](CC(C)C)C(=O)N)NC(=O)C[C@@H]([C@H](COCC1=CC=C(C=C1)Br)NC(=O)CC(C2=CC=CC=C2)C3=CC=CC=C3)O,,
6539235,C[C@@H](C(=O)N[C@@H](CC(C)C)C(=O)N)NC(=O)C[C@@H]([C@H](COCC1=CC=C(C=C1)Br)NC(=O)CC2=CC=CS2)O,,
6539236,C[C@@H](C(=O)N[C@@H](CC(C)C)C(=O)N)NC(=O)C[C@@H]([C@H](COCC1=CC=C(C=C1)Br)NC(=O)C2=CC3=C(C=C2)OCO3)O,,
6539237,C[C@@H](C(=O)N[C@@H](CC(C)C)C(=O)N)NC(=O)C[C@@H]([C@H](COCC1=CC=C(C=C1)Br)NC(=O)[C@@H]2CC3=CC=CC=C3N2)O,,
6539238,COC1=CC=CC(=C1)CCNC(=O)C[C@@H]([C@H](COCC2=CC=C(C=C2)Br)NC(=O)C3=C(C=C(C=C3F)F)F)O,,
6539239,C1CCC(CC1)NC(=O)C[C@@H]([C@H](COCC2=CC=C(C=C2)Br)NC(=O)C3=C(C=C(C=C3F)F)F)O,,
6539241,C=CCO[C@H]([C@@H]([C@H]([C@H](C(=O)N[C@@H]1[C@@H](CC2=CC=CC=C12)O)OCC=C)O)O)C(=O)N[C@@H]3[C@@H](CC4=CC=CC=C34)O,,
6539243,C1C2=CC=CC=C2[C@@H]([C@@H]1O)NC(=O)[C@H](OC/C=C/Br)[C@H](O)[C@@H](O)[C@@H](OC/C=C/Br)C(=O)N[C@H]3C4=CC=CC=C4C[C@H]3O,,
6539244,C1C2=CC=CC=C2[C@@H]([C@@H]1O)NC(=O)[C@H](OC/C=C/C3=CC=CC=C3)[C@H](O)[C@@H](O)[C@@H](OC/C=C/C4=CC=CC=C4)C(=O)N[C@H]5C6=CC=CC=C6C[C@H]5O,,
6539245,C1C2=CC=CC=C2[C@@H]([C@@H]1O)NC(=O)[C@H](OC/C=C/C3=CC=C(C=C3)F)[C@H](O)[C@@H](O)[C@@H](OC/C=C/C4=CC=C(C=C4)F)C(=O)N[C@H]5C6=CC=CC=C6C[C@H]5O,,
6539246,CC1=CC=C(C=C1)/C=C/CO[C@@H](C(=O)N[C@H]2C3=CC=CC=C3C[C@H]2O)[C@H](O)[C@@H](O)[C@@H](OC/C=C/C4=CC=C(C=C4)C)C(=O)N[C@H]5C6=CC=CC=C6C[C@H]5O,,
6539247,CC(=O)C1=CC=C(C=C1)/C=C/CO[C@@H](C(=O)N[C@H]2C3=CC=CC=C3C[C@H]2O)[C@H](O)[C@@H](O)[C@@H](OC/C=C/C4=CC=C(C=C4)C(=O)C)C(=O)N[C@H]5C6=CC=CC=C6C[C@H]5O,,
6539248,COC1=NC(=NC=C1/C=C/CO[C@@H](C(=O)N[C@H]2C3=CC=CC=C3C[C@H]2O)[C@H](O)[C@@H](O)[C@@H](OC/C=C/C4=CN=C(N=C4OC)OC)C(=O)N[C@H]5C6=CC=CC=C6C[C@H]5O)OC,,
6539249,C1C2=CC=CC=C2[C@@H]([C@@H]1O)NC(=O)[C@H](OC/C=C/C3=CC4=C(OCO4)C=C3)[C@H](O)[C@@H](O)[C@@H](OC/C=C/C5=CC6=C(OCO6)C=C5)C(=O)N[C@H]7C8=CC=CC=C8C[C@H]7O,,
6539250,C1C2=CC=CC=C2[C@@H]([C@@H]1O)NC(=O)[C@H](OC/C=C/C3=CSC=C3)[C@H](O)[C@@H](O)[C@@H](OC/C=C/C4=CSC=C4)C(=O)N[C@H]5C6=CC=CC=C6C[C@H]5O,,
6539251,CC1=C(C(=NO1)C)/C=C/CO[C@@H](C(=O)N[C@H]2C3=CC=CC=C3C[C@H]2O)[C@H](O)[C@@H](O)[C@@H](OC/C=C/C4=C(ON=C4C)C)C(=O)N[C@H]5C6=CC=CC=C6C[C@H]5O,,
6539252,C1C2=CC=CC=C2[C@@H]([C@@H]1O)NC(=O)[C@H](OC/C=C/C=C/C3=CC=CC=C3)[C@H](O)[C@@H](O)[C@@H](OC/C=C/C=C/C4=CC=CC=C4)C(=O)N[C@H]5C6=CC=CC=C6C[C@H]5O,,
6539253,COC(=O)/C=C/C=C/CO[C@@H](C(=O)N[C@H]1C2=CC=CC=C2C[C@H]1O)[C@H](O)[C@@H](O)[C@@H](OC/C=C/C=C/C(=O)OC)C(=O)N[C@H]3C4=CC=CC=C4C[C@H]3O,,
6539254,C1C2=CC=CC=C2[C@@H]([C@@H]1O)NC(=O)[C@H](OC/C=C/C#CC3=CC=CC=C3)[C@H](O)[C@@H](O)[C@@H](OC/C=C/C#CC4=CC=CC=C4)C(=O)N[C@H]5C6=CC=CC=C6C[C@H]5O,,
6539255,C[Si](C#C/C=C/CO[C@@H](C(=O)N[C@H]1C2=CC=CC=C2C[C@H]1O)[C@H](O)[C@@H](O)[C@@H](OC/C=C/C#C[Si](C)(C)C)C(=O)N[C@H]3C4=CC=CC=C4C[C@H]3O)(C)C,,
6539256,C#C/C=C/CO[C@@H](C(=O)N[C@H]1C2=CC=CC=C2C[C@H]1O)[C@H](O)[C@@H](O)[C@@H](OC/C=C/C#C)C(=O)N[C@H]3C4=CC=CC=C4C[C@H]3O,,
6539257,CC(C)[C@@H](C(=O)N[C@@H](CC1=CC=CC=C1)[C@H](CN[C@@H](CC2=CC=C(C=C2)C3=CC=CC=C3)C(=O)N)O)NC(=O)CCC4=CNC5=CC=CC=C54,,
6539259,CCCCNC(=O)C[C@@H]([C@H](CC(C)C)NC(=O)[C@H](C(C)CC)NC(=O)CC1=CC2=CC=CC=C2C=C1)O,,
6539260,COC1=CC=C(C=C1)CCN(C[C@@H]([C@H](CC2=CC=CC=C2)NC(=O)COC3=CC(=CC=C3)Cl)O)C(=O)C4CCNCC4,,
6539266,CC(C)[C@@H](C(=O)N[C@@H](CC1=CC=CC=C1)[C@H](CN[C@@H](CC2=CC=C(C=C2)Br)C(=O)N)O)NC(=O)C3=CC=CC=N3,,
6539267,CC(C)[C@@H](C(=O)N[C@@H](CC1=CC=CC=C1)[C@H](CN[C@@H](CC2=CC=C(C=C2)C3=CC=CC=C3)C(=O)N)O)NC(=O)C4=CC=CC=N4,,
6539268,CC1=CC=C(C=C1)C2=CC=C(C=C2)C[C@@H](C(=O)N)NC[C@@H]([C@H](CC3=CC=CC=C3)NC(=O)[C@H](C(C)C)NC(=O)C4=CC=CC=N4)O,,
6539269,CC(C)[C@@H](C(=O)N[C@@H](CC1=CC=CC=C1)[C@H](CN[C@@H](CC2=CC=C(C=C2)C3=CC(=CC=C3)N)C(=O)N)O)NC(=O)C4=CC=CC=N4,,
6539270,CC(C)[C@@H](C(=O)N[C@@H](CC1=CC=CC=C1)[C@H](CN[C@@H](CC2=CC=C(C=C2)C3=CC=CC=C3OC)C(=O)N)O)NC(=O)C4=CC=CC=N4,,
6539272,CC(C)[C@@H](C(=O)N[C@@H](CC1=CC=CC=C1)[C@H](CN[C@@H](CC2=CC(=CC=C2)OS(=O)(=O)C(F)(F)F)C(=O)N)O)NC(=O)C3=CC=CC=N3,,
6539273,CC1=CC=C(C=C1)C2=CC=CC(=C2)C[C@@H](C(=O)N)NC[C@@H]([C@H](CC3=CC=CC=C3)NC(=O)[C@H](C(C)C)NC(=O)C4=CC=CC=N4)O,,
6539274,CC(C)[C@@H](C(=O)N[C@@H](CC1=CC=CC=C1)[C@H](CN[C@@H](CC2=CC(=CC=C2)C3=CC=CC=C3)C(=O)N)O)NC(=O)C4=CC=CC=N4,,
6539275,CC(C)[C@@H](C(=O)N[C@@H](CC1=CC=CC=C1)[C@H](CN[C@@H](CC2=CC(=CC=C2)C3=CC(=CC=C3)N)C(=O)N)O)NC(=O)C4=CC=CC=N4,,
6539313,CC1=C(NC(=C1C2=NC(=NC=C2)NC3=CC=C(C=C3)F)C)C(=O)N,,
6539323,CC1=CC(=C(O1)C(F)(F)F)C(=O)N[C@@H](C(C)C)C(=O)N[C@@H](CC2=CC=CC=C2)[C@H](CN[C@@H](CC3=CC=C(C=C3)Br)C(=O)N)O,,
6539325,CC(C)[C@@H](C(=O)N[C@@H](CC1=CC=CC=C1)[C@H](CN[C@@H](CC2=CC=C(C=C2)Br)C(=O)N)O)NC(=O)/C=C/C3=C(C(=C(C(=C3F)F)F)F)F,,
6539332,CC1=CC(=C(O1)C(F)(F)F)C(=O)N[C@@H](C(C)C)C(=O)N[C@@H](CC2=CC=CC=C2)[C@H](CN[C@@H](CC3=CC=C(C=C3)C4=CC=CC=C4)C(=O)N)O,,
6539334,CC(C)[C@@H](C(=O)N[C@@H](CC1=CC=CC=C1)[C@H](CN[C@@H](CC2=CC=C(C=C2)C3=CC=CC=C3)C(=O)N)O)NC(=O)/C=C/C4=C(C(=C(C(=C4F)F)F)F)F,,
6539349,CC1=CC(=C(O1)C(F)(F)F)C(=O)N[C@@H](C(C)C)C(=O)N[C@@H](CC2=CC=CC=C2)[C@H](CN[C@@H](CC3=CC=C(C=C3)C4=CC5=CC=CC=C5O4)C(=O)N)O,,
6539352,CC1=C(C(=CC=C1)C)OCC(=O)N[C@H](CC2=CC(=CC=C2)Br)[C@H](C[C@@H](CC(C)C)S(=O)(=O)C3=CC=C(C=C3)F)O,,
6539353,C1=CC(=CC(=C1)Br)C[C@@H]([C@@H](C[C@H](CCC2=C(C=C(C=C2)Cl)Cl)S(=O)(=O)C3=CC=C(C=C3)F)O)NC(=O)COC4=C(C=C(C=C4)Cl)Cl,,
6539354,COC1=C(C=C(C(=C1)C(=O)N[C@@H](CC2=CC(=CC=C2)Br)[C@@H](C[C@H](CCC3=C(C=C(C=C3)Cl)Cl)S(=O)(=O)C4=CC=C(C=C4)F)O)Br)OC,,
6539355,C1C[C@@H](OC1)C(=O)N[C@@H](CC2=CC(=CC=C2)Br)[C@@H](C[C@H](CCC3=C(C=C(C=C3)Cl)Cl)S(=O)(=O)C4=CC=C(C=C4)F)O,,
6539357,CC1=C(C(=CC=C1)C)OCC(=O)N[C@@H](CC2=CC(=CC=C2)Br)[C@@H](C[C@H](CC(C)C)S(=O)(=O)C3=CC=C(C=C3)NC)O,,
6539358,CC1=C(C(=CC=C1)C)OCC(=O)N[C@@H](CC2=CC(=CC=C2)Br)[C@@H](C[C@H](CC(C)C)S(=O)(=O)C3=CC=C(C=C3)N(C)C)O,,
6539380,C1=CC(=CC(=C1)NC2=NC=CC(=N2)C3=C4C=CC(=O)NN4N=C3)C(F)(F)F,,
6539451,C1=CC=C(C=C1)C2=C(C(=O)NC2=O)NC3=CC=CC=C3,,
6539452,C1=CC=C(C=C1)NC2=C(C(=O)NC2=O)C3=CC=CC=C3Cl,,
6539453,COC1=CC=CC=C1C2=C(C(=O)NC2=O)NC3=CC=CC=C3,,
6539454,C1=CC=C(C=C1)NC2=C(C(=O)NC2=O)C3=CC(=CC=C3)[N+](=O)[O-],,
6539455,C1=CC=C(C=C1)NC2=C(C(=O)NC2=O)C3=CC=C(C=C3)Cl,,
6539456,COC1=CC=C(C=C1)C2=C(C(=O)NC2=O)NC3=CC=CC=C3,,
6539457,C1=CC=C(C=C1)C2=C(C(=O)NC2=O)NC3=CC(=CC=C3)Cl,,
6539458,C1=CC=C(C(=C1)C2=C(C(=O)NC2=O)NC3=CC(=CC=C3)Cl)Cl,,
6539459,COC1=CC=CC=C1C2=C(C(=O)NC2=O)NC3=CC(=CC=C3)Cl,,
6539460,C1=CC=C(C(=C1)C2=C(C(=O)NC2=O)NC3=CC(=CC=C3)Cl)[N+](=O)[O-],,
6539461,COC1=CC=CC(=C1)C2=C(C(=O)NC2=O)NC3=CC(=CC=C3)Cl,,
6539462,C1=CC(=CC(=C1)[N+](=O)[O-])C2=C(C(=O)NC2=O)NC3=CC(=CC=C3)Cl,,
6539463,C1=CC(=CC(=C1)Cl)NC2=C(C(=O)NC2=O)C3=CC=C(C=C3)Cl,,
6539464,COC1=CC=C(C=C1)C2=C(C(=O)NC2=O)NC3=CC(=CC=C3)Cl,,
6539465,C1=CC=C(C=C1)C2=C(C(=O)NC2=O)NC3=CC(=CC=C3)O,,
6539466,C1=CC=C(C(=C1)C2=C(C(=O)NC2=O)NC3=CC(=CC=C3)O)Cl,,
6539467,COC1=CC=CC=C1C2=C(C(=O)NC2=O)NC3=CC(=CC=C3)O,,
6539468,C1=CC=C(C(=C1)C2=C(C(=O)NC2=O)NC3=CC(=CC=C3)O)[N+](=O)[O-],,
6539470,COC1=CC=CC(=C1)C2=C(C(=O)NC2=O)NC3=CC(=CC=C3)O,,
6539471,C1=CC(=CC(=C1)[N+](=O)[O-])C2=C(C(=O)NC2=O)NC3=CC(=CC=C3)O,,
6539472,C1=CC(=CC(=C1)O)NC2=C(C(=O)NC2=O)C3=CC=C(C=C3)Cl,,
6539473,COC1=CC=C(C=C1)C2=C(C(=O)NC2=O)NC3=CC(=CC=C3)O,,
6539474,C1=CC(=CC(=C1)[N+](=O)[O-])C2=C(C(=O)NC2=O)NC3=CC=C(C=C3)O,,
6539475,C1=CC(=CC=C1C2=C(C(=O)NC2=O)NC3=CC=C(C=C3)O)Cl,,
6539476,C1=CC=C(C(=C1)C2=C(C(=O)NC2=O)NC3=CC(=C(C=C3)O)Cl)Cl,,
6539477,COC1=CC=CC=C1C2=C(C(=O)NC2=O)NC3=CC(=C(C=C3)O)Cl,,
6539478,C1=CC(=CC(=C1)Cl)C2=C(C(=O)NC2=O)NC3=CC(=C(C=C3)O)Cl,,
6539479,C1=CC(=CC(=C1)[N+](=O)[O-])C2=C(C(=O)NC2=O)NC3=CC(=C(C=C3)O)Cl,,
6539480,C1=CC(=CC=C1C2=C(C(=O)NC2=O)NC3=CC(=C(C=C3)O)Cl)Cl,,
6539481,C1=CC=C(C=C1)C2=C(C(=O)NC2=O)NC3=CC(=C(C(=C3)Cl)O)Cl,,
6539482,C1=CC=C(C(=C1)C2=C(C(=O)NC2=O)NC3=CC(=C(C(=C3)Cl)O)Cl)Cl,,
6539483,COC1=CC=CC=C1C2=C(C(=O)NC2=O)NC3=CC(=C(C(=C3)Cl)O)Cl,,
6539484,C1=CC=C(C(=C1)C2=C(C(=O)NC2=O)NC3=CC(=C(C(=C3)Cl)O)Cl)[N+](=O)[O-],,
6539485,C1=CC(=CC(=C1)Cl)C2=C(C(=O)NC2=O)NC3=CC(=C(C(=C3)Cl)O)Cl,,
6539486,COC1=CC=CC(=C1)C2=C(C(=O)NC2=O)NC3=CC(=C(C(=C3)Cl)O)Cl,,
6539487,C1=CC(=CC(=C1)[N+](=O)[O-])C2=C(C(=O)NC2=O)NC3=CC(=C(C(=C3)Cl)O)Cl,,
6539488,C1=CC(=CC=C1C2=C(C(=O)NC2=O)NC3=CC(=C(C(=C3)Cl)O)Cl)Cl,,
6539489,COC1=CC=C(C=C1)C2=C(C(=O)NC2=O)NC3=CC(=C(C(=C3)Cl)O)Cl,,
6539490,C1=CC(=CC=C1C2=C(C(=O)NC2=O)NC3=CC(=C(C(=C3)Cl)O)Cl)[N+](=O)[O-],,
6539491,C1=CC=C(C=C1)C2=C(C(=O)NC2=O)NC3=CC=CC(=C3)C(=O)O,,
6539492,C1=CC=C(C(=C1)C2=C(C(=O)NC2=O)NC3=CC=CC(=C3)C(=O)O)Cl,,
6539493,C1=CC(=CC(=C1)Cl)C2=C(C(=O)NC2=O)NC3=CC=CC(=C3)C(=O)O,,
6539494,COC1=CC=CC(=C1)C2=C(C(=O)NC2=O)NC3=CC=CC(=C3)C(=O)O,,
6539495,C1=CC(=CC(=C1)[N+](=O)[O-])C2=C(C(=O)NC2=O)NC3=CC=CC(=C3)C(=O)O,,
6539496,C1=CC(=CC(=C1)NC2=C(C(=O)NC2=O)C3=CC=C(C=C3)Cl)C(=O)O,,
6539497,COC1=CC=C(C=C1)C2=C(C(=O)NC2=O)NC3=CC=CC(=C3)C(=O)O,,
6539498,C1=CC=C(C=C1)C2=C(C(=O)NC2=O)NC3=CC(=C(C=C3)Cl)C(=O)O,,
6539499,C1=CC=C(C(=C1)C2=C(C(=O)NC2=O)NC3=CC(=C(C=C3)Cl)C(=O)O)Cl,,
6539500,C1=CC=C(C(=C1)C2=C(C(=O)NC2=O)NC3=CC(=C(C=C3)Cl)C(=O)O)[N+](=O)[O-],,
6539501,COC1=CC=CC(=C1)C2=C(C(=O)NC2=O)NC3=CC(=C(C=C3)Cl)C(=O)O,,
6539502,C1=CC(=CC=C1C2=C(C(=O)NC2=O)NC3=CC(=C(C=C3)Cl)C(=O)O)Cl,,
6539503,CSC1=CC=C(C=C1)NC2=C(C(=O)NC2=O)C3=CC=CC=C3,,
6539504,CSC1=CC=C(C=C1)NC2=C(C(=O)NC2=O)C3=CC=CC=C3Cl,,
6539505,COC1=CC=CC=C1C2=C(C(=O)NC2=O)NC3=CC=C(C=C3)SC,,
6539506,CSC1=CC=C(C=C1)NC2=C(C(=O)NC2=O)C3=CC(=CC=C3)Cl,,
6539507,COC1=CC=CC(=C1)C2=C(C(=O)NC2=O)NC3=CC=C(C=C3)SC,,
6539508,CSC1=CC=C(C=C1)NC2=C(C(=O)NC2=O)C3=CC(=CC=C3)[N+](=O)[O-],,
6539509,CSC1=CC=C(C=C1)NC2=C(C(=O)NC2=O)C3=CC=C(C=C3)Cl,,
6539510,COC1=CC=C(C=C1)C2=C(C(=O)NC2=O)NC3=CC=C(C=C3)SC,,
6539511,CSC1=CC=C(C=C1)NC2=C(C(=O)NC2=O)C3=CC=C(C=C3)[N+](=O)[O-],,
6539516,C1CN(C2=CC=CC=C21)C3=C(C(=O)NC3=O)C4=CC=CC=C4Cl,,
6539517,COC1=CC=CC=C1C2=C(C(=O)NC2=O)N3CCC4=CC=CC=C43,,
6539518,C1CN(C2=CC=CC=C21)C3=C(C(=O)NC3=O)C4=CC=CC=C4[N+](=O)[O-],,
6539519,C1CN(C2=CC=CC=C21)C3=C(C(=O)NC3=O)C4=CC(=CC=C4)Cl,,
6539520,C1CN(C2=CC=CC=C21)C3=C(C(=O)NC3=O)C4=CC(=CC=C4)[N+](=O)[O-],,
6539521,C1CN(C2=CC=CC=C21)C3=C(C(=O)NC3=O)C4=CC=C(C=C4)Cl,,
6539522,COC1=CC=C(C=C1)C2=C(C(=O)NC2=O)N3CCC4=CC=CC=C43,,
6539523,CN1C(=O)C(=C(C1=O)NC2=CC=CC=C2)C3=CC=CC=C3,,
6539526,CCCC(=O)NC1=NNC2=CN=C(C=C21)C3=CC=CC=C3,,
6539527,CCCC(=O)NC1=NNC2=NN=C(C=C21)C3=CC=CC=C3,,
6539533,CC(=O)NC1=C2C=C(C=NC2=NN1)C3=CC=CC=C3,,
6539534,CCC(=O)NC1=C2C=C(C=NC2=NN1)C3=CC=CC=C3,,
6539535,CCCC(=O)NC1=C2C=C(C=NC2=NN1)C3=CC=CC=C3,,
6539536,CC(C)C(=O)NC1=C2C=C(C=NC2=NN1)C3=CC=CC=C3,,
6539537,C1CCC(C1)C(=O)NC2=C3C=C(C=NC3=NN2)C4=CC=CC=C4,,
6539538,CCNC(=O)NC1=C2C=C(C=NC2=NN1)C3=CC=CC=C3,,
6539540,B1(OC(C(O1)(C)C)(C)C)C2=CC3=C(NN=C3N=C2)NC(=O)CCC,,
6539541,CCCC(=O)NC1=C2C=CC=NC2=NN1,,
6539542,CCCC(=O)NC1=C2C=C(C=NC2=NN1)C3=CC=CC=C3F,,
6539543,CCCC(=O)NC1=C2C=C(C=NC2=NN1)C3=CC(=CC=C3)F,,
6539544,CCCC(=O)NC1=C2C=C(C=NC2=NN1)C3=C(C(=CC=C3)F)F,,
6539545,CCCC(=O)NC1=C2C=C(C=NC2=NN1)C3=CC=CC=C3Cl,,
6539546,CCCC(=O)NC1=C2C=C(C=NC2=NN1)C3=CN=CC=C3,,
6539547,CCCC(=O)NC1=C2C=C(C=NC2=NN1)C3=CC=NC=C3,,
6539548,CCCC(=O)NC1=C2C=C(C=NC2=NN1)C3=CC=C(C=C3)C4=CC=CC=C4,,
6539549,CCCC(=O)NC1=C2C=C(C=NC2=NN1)C3=CC4=CC=CC=C4C=C3,,
6539550,CCCC(=O)NC1=C2C=C(C=NC2=NN1)C3=CC=CC4=CC=CC=C43,,
6539551,CCCC(=O)NC1=NNC2=C1C=C(C=C2)C3=CC=CC=C3,,
6539553,CCCC(=O)NC1=NNC2=NN=C(C(=C21)C3=CC=CC=C3)C4=CC=CC=C4,,
6539554,CN(C)CCCC(=O)NC1=NNC2=NN=C(C=C21)C3=CC=CC=C3,,
6539555,C1CCN(C1)CCCC(=O)NC2=NNC3=NN=C(C=C32)C4=CC=CC=C4,,
6539556,CCN1CCN(CC1)CCCC(=O)NC2=NNC3=NN=C(C=C32)C4=CC=CC=C4,,
6539557,C1COCCN1CCCC(=O)NC2=NNC3=NN=C(C=C32)C4=CC=CC=C4,,
6539558,CN1CCC(CC1)C(=O)NC2=NNC3=NN=C(C=C32)C4=CC=CC=C4,,
6539559,CCN1CCN(CC1)CCCCC(=O)NC2=NNC3=NN=C(C=C32)C4=CC=CC=C4,,
6539560,CN(C)CCCC(=O)NC1=NNC2=NN=C(C=C21)C3=C(C(=CC=C3)F)F,,
6539561,C1CC1C(=O)NC2=NNC3=NN=C(C=C32)C4=CN=CC=C4,,
6539562,C1CCC(C1)C(=O)NC2=NNC3=NN=C(C=C32)C4=C(C(=CC=C4)F)F,,
6539563,CCN1CCC(CC1)C(=O)NC2=NNC3=NN=C(C=C32)C4=C(C(=CC=C4)F)F,,
6539564,CCN1CCC(CC1)CC(=O)NC2=NNC3=NN=C(C=C32)C4=C(C(=CC=C4)F)F,,
6539569,C1CC1C(=O)NC2=NNC3=C2C=CC(=N3)C4=CC(=CC=C4)O,,
6539570,COC1=CC=CC(=C1)C2=NC3=C(C=C2)C(=NN3)NC(=O)C4CC4,,
6539577,C1CC1C(=O)NC2=NNC3=NC(=C(C=C32)C4=CC=CC=C4)C5=CC=CC=C5,,
6539578,C1CC1C(=O)NC2=NNC3=NC(=C(C=C32)Br)C4=CC=CC=C4,,
6539579,C1CC1C(=O)NC2=NNC3=NC(=C(C=C32)Cl)C4=CC=CC=C4,,
6539580,C1CC1C(=O)NC2=NNC3=C2C=C(C(=N3)C4=CC=CC=C4)C#N,,
6539581,CN1CCC(CC1)C(=O)NC2=NNC3=NC(=C(C=C32)Br)C4=CC=CC=C4,,
6539585,CCN1CCN(CC1)CCCC(=O)NC2=NNC3=C2C=CC(=N3)C4=CC(=CC=C4)O,,
6539586,C1CC1C(=O)NC2=NNC3=C2C=CC(=C3)C4=CC=CS4,,
6539587,C1CC1C(=O)NC2=NNC3=C2C=CC(=C3)C4=CSC=C4,,
6539588,C1CC1C(=O)NC2=NNC3=NC(=C(C=C32)Br)C4=CC=CS4,,
6539591,C1CCC(C1)C(=O)NC2=NNC3=NC(=C(C=C32)Br)C4=CC=CS4,,
6539592,C1CC1C(=O)NC2=NNC3=C2C=CC(=N3)C4=CC=CO4,,
6539593,C1CC1C(=O)NC2=NNC3=C2C=CC(=C3)C4=CC=CC=C4,,
6539595,C1CC1C(=O)NC2=NNC3=C2C=CC(=C3)C4=CC5=C(C=C4)NC=C5,,
6539597,C1CC1C(=O)NC2=NNC3=C2C=CC(=C3)C4=CC=C(C=C4)S(=O)(=O)N,,
6539598,C1CC1C(=O)NC2=NNC3=C2C=CC(=C3)C4=CC(=CC=C4)S(=O)(=O)N,,
6539599,CS(=O)(=O)NC1=CC=CC(=C1)C2=CC3=C(C=C2)C(=NN3)NC(=O)C4CC4,,
6539600,CS(=O)(=O)NC1=CC=C(C=C1)C2=CC3=C(C=C2)C(=NN3)NC(=O)C4CC4,,
6539602,C1CC1C(=O)NC2=NNC3=C2C=CC(=C3)C4=CC=CC=C4F,,
6539603,C1CC1C(=O)NC2=NNC3=C2C=CC(=C3)C4=C(C=CC(=C4)F)F,,
6539606,C1CC1C(=O)NC2=NNC3=C2C=CC(=C3)C4=CC(=CC=C4)F,,
6539607,C1CC1C(=O)NC2=NNC3=C2C=CC(=C3)C4=CC=C(C=C4)F,,
6539608,C1CC1C(=O)NC2=NNC3=C2C=CC(=C3)C4=CC=CN4,,
6539609,C1CC1C(=O)NC2=NNC3=C2C=CC(=C3)C4=CC=CO4,,
6539610,C1CC1C(=O)NC2=NNC3=C2C=CC(=C3)C4=COC=C4,,
6539611,C1CC1C(=O)NC2=NNC3=NC(=C(C=C32)Br)C4=CC=CO4,,
6539612,C1CC1C(=O)NC2=NNC3=NC(=C(C=C32)Br)C4=NC=CS4,,
6539613,C1CCC(C1)C(=O)NC2=NNC3=NC(=C(C=C32)Br)C4=NC=CS4,,
6539614,CCN1CCC(CC1)CC(=O)NC2=NNC3=NC(=C(C=C32)Br)C4=CC=CS4,,
6539615,C1CN(CC1C(=O)NC2=NNC3=NC(=C(C=C32)Br)C4=CC=CO4)CC5=CC=CC=C5,,
6539622,C1=CC(=CC(=C1)NC(=O)NC2=C(C=CC(=C2)C(F)(F)F)F)C3=CC(=NN3)NC4=CC=C(C=C4)S(=O)(=O)N,,
6539634,C1=CC(=C(C=C1Cl)[N+](=O)[O-])C2=CC=C(O2)/C=C\3/C(=O)N(C(=S)S3)CC(=O)O,,
6539635,C1=CC=C(C=C1)C2=CC=C(S2)/C=C\3/C(=O)N(C(=S)S3)CC(=O)O,,
6539636,C1=CC(=CC=C1C2=CC=C(S2)/C=C\3/C(=O)N(C(=S)S3)CC(=O)O)Cl,,
6539637,C1=C(SC(=C1)/C=C/2\SC(=S)N(C2=O)CC(=O)O)/C=C/3\SC(=S)N(C3=O)CC(=O)O,,
6539640,COC1=C(C=C(C=C1)C2=CN=C(S2)/C=C\3/C(=O)N(C(=S)S3)CC(=O)O)OC,,
6539641,C1=CC(=CC=C1C2=CN=C(S2)/C=C\3/C(=O)N(C(=S)S3)CC(=O)O)Br,,
6539642,C1=CC(=C(C=C1C(F)(F)F)C2=CC=C(O2)/C=C\3/C(=O)N(C(=O)S3)CC(=O)O)Cl,,
6539646,C1=CC(=C(C=C1C(F)(F)F)C2=CC=C(O2)C=C3C(=O)NC(=S)NC3=O)Cl,,
6539647,C1=CC=C(C=C1)C2=CC=C(S2)C=C3C(=O)NC(=S)NC3=O,,
6539648,C1=CSC(=C1)C2=CC=C(S2)/C=C\3/C(=O)N(C(=S)S3)CC(=O)O,,
6539650,C1=CC(=C(C=C1C2=CC=C(O2)/C=C\3/C(=O)N(C(=O)S3)CC(=O)O)Cl)Cl,,
6539651,CC(C)[C@H](C(=O)NO)NS(=O)(=O)C1=CC=C(C=C1)OC,,
6539658,CC(C)[C@H](C(=O)NO)NS(=O)(=O)C1=CC=CC=C1,,
6539661,CC(C)[C@H](C(=O)NO)NS(=O)(=O)C1=CC=C(C=C1)F,,
6539663,CC1=CC(=CC=C1)S(=O)(=O)N[C@H](C(C)C)C(=O)NO,,
6539664,CC1=C(C=CC(=C1)S(=O)(=O)N[C@H](C(C)C)C(=O)NO)F,,
6539670,CC(C)[C@H](C(=O)NO)NS(=O)(=O)C1=CC=C(C=C1)OC2=CC=CC=C2,,
6539673,CC(C)[C@H](C(=O)NO)NS(=O)(=O)C1=CC=C(C2=CC=CC=C21)F,,
6539675,CC(C)[C@H](C(=O)NO)NS(=O)(=O)C1=CC(=C(C=C1)F)CO,,
6539678,CC(C)[C@H](C(=O)NO)NS(=O)(=O)C1=CC=C(S1)C2=CN=NS2,,
6539679,CC1=C(C=CC(=C1)S(=O)(=O)N[C@H](C)C(=O)NO)F,,
6539680,CC[C@H](C(=O)NO)NS(=O)(=O)C1=CC(=C(C=C1)F)C,,
6539681,CCCC[C@H](C(=O)NO)NS(=O)(=O)C1=CC(=C(C=C1)F)C,,
6539682,CC1=C(C=CC(=C1)S(=O)(=O)N[C@@H](C(=O)NO)C(C)(C)C)F,,
6539683,CC1=C(C=CC(=C1)S(=O)(=O)N[C@H](C2CC2)C(=O)NO)F,,
6539684,CC1=C(C=CC(=C1)S(=O)(=O)N[C@H](C2CCC2)C(=O)NO)F,,
6539685,CC1=C(C=CC(=C1)S(=O)(=O)N[C@H](C2CCCC2)C(=O)NO)F,,
6539686,CC1=C(C=CC(=C1)S(=O)(=O)N[C@H](C2CCCCC2)C(=O)NO)F,,
6539687,CC1=C(C=CC(=C1)S(=O)(=O)N[C@H](C2=CC=CC=C2)C(=O)NO)F,,
6539688,CC1=C(C=CC(=C1)S(=O)(=O)NC(C2CCOC2)C(=O)NO)F,,
6539689,CC[C@H](C)[C@H](C(=O)NO)NS(=O)(=O)C1=CC(=C(C=C1)F)C,,
6539690,CC[C@@H](C)[C@H](C(=O)NO)NS(=O)(=O)C1=CC(=C(C=C1)F)C,,
6539691,CC1=C(C=CC(=C1)S(=O)(=O)N[C@H](CC2CC2)C(=O)NO)F,,
6539692,CC1=C(C=CC(=C1)S(=O)(=O)N[C@H]([C@@H](C)C2CC2)C(=O)NO)F,,
6539693,CC1=C(C=CC(=C1)S(=O)(=O)N[C@H](CCNC(=O)C[NH3+])C(=O)NO)F,,
6539695,CC1=C(C=CC(=C1)S(=O)(=O)N[C@H](CCNC(=O)[C@H](C)[NH3+])C(=O)NO)F,,
6539697,CC1=C(C=CC(=C1)S(=O)(=O)N[C@H](CCNC(=O)C(C)(C)[NH3+])C(=O)NO)F,,
6539699,CC1=C(C=CC(=C1)S(=O)(=O)N[C@H](COCC[NH3+])C(=O)NO)F,,
6539703,CC1=C(C=CC(=C1)S(=O)(=O)N[C@H](CCC2=C[NH+]=CN2)C(=O)NO)F,,
6539714,CC1=C(C=CC(=C1)NC(=O)O[C@@H]2C[C@@H]([C@H](C[C@H]2CN=C(N)N)CN=C(N)N)OC3=C(C=C(C=C3)N=C(N)N)N=C(N)N)F,,
6539718,C1=CC(=CC=C1CC(=O)O)CSC2=NN=C(O2)C3=CC=NC=C3,,
6539731,C1=CC(=CC(=C1)Cl)CSC2=NN=C(O2)C3=CC=NC=C3,,
6539732,C1=CC(=CC(=C1)I)CSC2=NN=C(O2)C3=CC=NC=C3,,
6539734,C1=CC(=CC(=C1)F)CSC2=NN=C(O2)C3=CC=NC=C3,,
6539735,COC(=O)C1=CC=CC(=C1)CSC2=NN=C(O2)C3=CC=NC=C3,,
6539737,COC1=CC=C(C=C1)C2=C(C3=C(N=CN=C3O2)N)C4=CN=CC=C4,,
6539738,CCCCCC(=O)NC1=C2C=C(OC2=NC=N1)C3=CC=C(C=C3)OC,,
6539739,COC1=CC=C(C=C1)C2=CC3=C(N=CN=C3O2)NC(=O)CCSC,,
6539740,CC(C)C(=O)NC1=C2C=C(OC2=NC=N1)C3=CC=C(C=C3)OC,,
6539741,COC1=CC=C(C=C1)C2=CC3=C(N=CN=C3O2)NC(=O)C4CC4,,
6539742,COC1=CC=C(C=C1)C2=CC3=C(N=CN=C3O2)NC(=O)C4CCCC4,,
6539743,COC1=CC=C(C=C1)C2=CC3=C(N=CN=C3O2)NC(=O)CC4CCCC4,,
6539744,COC1=CC=C(C=C1)C2=CC3=C(N=CN=C3O2)NC(=O)C4CCCCC4,,
6539746,COC1=CC=C(C=C1)C2=CC3=C(N=CN=C3O2)NC(=O)N4CCCC4,,
6539748,COC1=CC=C(C=C1)C2=CC3=C(N=CN=C3O2)NC(=O)C4=CC=CO4,,
6539749,C1CC1C(=O)NC2=C3C=C(OC3=NC=N2)C4=CC=CC=C4,,
6539750,C1CC1C(=O)NC2=C3C=C(OC3=NC=N2)C4=CC=C(C=C4)Cl,,
6539751,CC1=CC=C(C=C1)C2=CC3=C(N=CN=C3O2)NC(=O)C4CC4,,
6539752,C1CC1C(=O)NC2=C3C=C(OC3=NC=N2)C4=CC=C(C=C4)F,,
6539753,C1CC1C(=O)NC2=C3C=C(OC3=NC=N2)C4=CN=CC=C4,,
6539754,C1CCC(C1)C(=O)NC2=C3C=C(OC3=NC=N2)C4=CC=CC=C4,,
6539755,C1CCC(C1)C(=O)NC2=C3C=C(OC3=NC=N2)C4=CC=C(C=C4)Cl,,
6539756,CC1=CC=C(C=C1)C2=CC3=C(N=CN=C3O2)NC(=O)C4CCCC4,,
6539757,C1CCC(C1)C(=O)NC2=C3C=C(OC3=NC=N2)C4=CC=C(C=C4)F,,
6539758,C1CCC(C1)C(=O)NC2=C3C=C(OC3=NC=N2)C4=CN=CC=C4,,
6539881,CN1CC2=C(C=CC(=C2)C(=O)N(C)CC3=CC4=CC=CC=C4N3C)NC(C1=O)CC(=O)OC,,
6539882,CN1CC2=C(C=CC(=C2)C(=O)N(C)CC3=CC4=CC=CC=C4N3C)N[C@@H](C1=O)CC(=O)OC,,
6539884,CN1CC2=C(C=CC(=C2)C(=O)N(C)CC3=CC4=CC=CC=C4N3C)NCC1=O,,
6539888,CN1C2=CC=CC=C2C=C1CN(C)C(=O)/C=C/C3=CN=C(N=C3)N,,
6539890,CN1C2=CC=CC=C2C=C1CN(C)C(=O)/C=C/C3=CC=C(C=C3)N,,
6539892,CC1=CC(=CN=C1N)/C=C/C(=O)N(C)CC2=CC3=CC=CC=C3N2C,,
6539893,CN1C2=CC=CC=C2C=C1CN(C)C(=O)/C=C/C3=CC4=C(NCCC4)N=C3,,
6539894,CC(=O)NC1=NC=C(C=C1)/C=C/C(=O)N(C)CC2=CC3=CC=CC=C3N2C,,
6539895,CC1=CC(=CN=C1NC(=O)C)/C=C/C(=O)N(C)CC2=CC3=CC=CC=C3N2C,,
6539896,CN1C2=CC=CC=C2C=C1CN(C)C(=O)/C=C/C3=CC4=C(NC(=O)CC4)N=C3,,
6539897,CC1=C(C2=CC=CC=C2N1)CN(C)C(=O)/C=C/C3=CC4=C(NC(=O)CC4)N=C3,,
6539898,CC1=C(C2=CC=CC=C2N1C)CN(C)C(=O)/C=C/C3=CC4=C(NC(=O)CC4)N=C3,,
6539899,CC1=C2C(=CC=C1)C(=C(N2C)C)CN(C)C(=O)/C=C/C3=CC4=C(NC(=O)CC4)N=C3,,
6539925,C1CN(CC2=C1C3=CC=CC=C3N2CC4=CC=CC=C4)C(=O)C5=CC=C(C=C5)O,,
6539926,C1CN(CC2=C1C3=CC=CC=C3N2CC4=CC(=CC=C4)O)C(=O)C5=CC=C(C=C5)O,,
6539927,C1CN(CC2=C1C3=CC=CC=C3N2CC4=CC=C(C=C4)N)C(=O)C5=CC=C(C=C5)O,,
6539928,C1CN(CC2=C1C3=CC=CC=C3N2CC4=CC=C(C=C4)F)C(=O)C5=CC=C(C=C5)O,,
6539929,CS(=O)(=O)C1=CC=C(C=C1)CN2C3=C(CCN(C3)C(=O)C4=CC=C(C=C4)O)C5=CC=CC=C52,,
6539930,C1CN(CC2=C1C3=CC=CC=C3N2CC4=CC=C(C=C4)C(=O)O)C(=O)C5=CC=C(C=C5)O,,
6539933,CN(CC1=CC2=CC=CC=C2N1CC3=CC=C(C=C3)O)C(=O)C4=CC=C(C=C4)O,,
6539934,C1CN(CC2=C1C3=CC=CC=C3N2CC4=CC=C(C=C4)O)C(=O)C5=CC=CC=C5,,
6539935,CC1=CC=C(C=C1)C(=O)N2CCC3=C(C2)N(C4=CC=CC=C34)CC5=CC=C(C=C5)O,,
6539936,CCCCC1=CC=C(C=C1)C(=O)N2CCC3=C(C2)N(C4=CC=CC=C34)CC5=CC=C(C=C5)O,,
6539937,C1CN(CC2=C1C3=CC=CC=C3N2CC4=CC=C(C=C4)O)C(=O)C5=CC=C(C=C5)Cl,,
6539940,C1CN(CC2=C1C3=CC=CC=C3N2CC4=CC=C(C=C4)O)C(=O)C5=CC=C(C=C5)N,,
6539941,CNC1=CC=C(C=C1)C(=O)N2CCC3=C(C2)N(C4=CC=CC=C34)CC5=CC=C(C=C5)O,,
6539942,C1CN(CC2=C1C3=CC=CC=C3N2CC4=CC=C(C=C4)O)C(=O)C5=CC=CC=C5O,,
6539943,C1CN(CC2=C1C3=CC=CC=C3N2CC4=CC=C(C=C4)O)C(=O)C5=CC(=CC=C5)O,,
6539944,COC1=CC=C(C=C1)C(=O)N2CCC3=C(C2)N(C4=CC=CC=C34)CC5=CC=C(C=C5)O,,
6539945,CC1=CC(=C(C=C1)C(=O)N2CCC3=C(C2)N(C4=CC=CC=C34)CC5=CC=C(C=C5)O)O,,
6539946,C1CN(CC2=C1C3=CC=CC=C3N2CC4=CC=C(C=C4)O)C(=O)C5=C(C=C(C=C5)Cl)O,,
6539947,CC1=C(C=CC(=C1)C(=O)N2CCC3=C(C2)N(C4=CC=CC=C34)CC5=CC=C(C=C5)O)O,,
6539948,C1CN(CC2=C1C3=CC=CC=C3N2CC4=CC=C(C=C4)O)C(=O)C5=CC(=C(C=C5)O)Cl,,
6539950,CC1=CC(=CC(=C1O)C)C(=O)N2CCC3=C(C2)N(C4=CC=CC=C34)CC5=CC=C(C=C5)O,,
6539955,CN1CCN(CC1)C2CCC(CC2)N3C4=NC=NC(=C4C(=N3)C5=CC=C(C=C5)C(=O)C6=CC=CC=C6)N,,
6539956,CN1CCN(CC1)C2CCC(CC2)N3C4=NC=NC(=C4C(=N3)C5=CC(=C(C=C5)NC(=O)C6=CC=CC=C6)OC)N,,
6539957,CN1CCN(CC1)C2CCC(CC2)N3C4=NC=NC(=C4C(=N3)C5=CC(=C(C=C5)NC(=O)OCC6=CC=CC=C6)OC)N,,
6539958,CN1CCN(CC1)C2CCC(CC2)N3C4=NC=NC(=C4C(=N3)C5=CC(=C(C=C5)NC(=O)NC6=CC=CC=C6)OC)N,,
6539962,CN1CCN(CC1)C2CCC(CC2)N3C4=NC=NC(=C4C(=N3)C5=CC(=C(C=C5)NC(=O)CCC6=CC=CC=C6)OC)N,,
6539963,CC(C)(CC1=CC=CC=C1)C(=O)NC2=C(C=C(C=C2)C3=NN(C4=NC=NC(=C34)N)C5CCC(CC5)N6CCN(CC6)C)OC,,
6539964,CC(C)(CC(=O)NC1=C(C=C(C=C1)C2=NN(C3=NC=NC(=C23)N)C4CCC(CC4)N5CCN(CC5)C)OC)C6=CC=CC=C6,,
6539966,CN1CCN(CC1)C2CCC(CC2)N3C4=NC=NC(=C4C(=N3)C5=CC(=C(C=C5)NC(=O)C6=CC7=CC=CC=C7O6)OC)N,,
6539969,CC1=CC(=CC=C1)C(=O)NC2=CC=C(C=C2)C3=C(SC4=NC=NC(=C34)N)C,,
6539971,CC1=C(C2=C(N=CN=C2S1)N)C3=CC=C(C=C3)NC(=O)NC4=CC=CC=C4,,
6539972,CC1=CC(=CC=C1)NC(=O)NC2=CC=C(C=C2)C3=C(SC4=NC=NC(=C34)N)C,,
6539977,CC1=C(C2=C(N=CN=C2S1)N)C3=CC=C(C=C3)NC4=NC5=CC=CC=C5O4,,
6539978,CC1=CC(=CC=C1)CC(=O)NC2=CC=C(C=C2)C3=C(SC4=NC=NC(=C34)N)C,,
6539979,CC1=CC(=CC=C1)NC(=O)N(C)C2=CC=C(C=C2)C3=C(SC4=NC=NC(=C34)N)C,,
6539980,CC1=CC(=CC=C1)N(C)C(=O)NC2=CC=C(C=C2)C3=C(SC4=NC=NC(=C34)N)C,,
6539981,CC1=C(C2=C(N=CN=C2S1)N)C3=CC=C(C=C3)NC(=O)NCC4=CC=CC=C4,,
6539982,CC1=C(C2=C(N=CN=C2S1)N)C3=CC=C(C=C3)NC(=O)NCC4CCCCC4,,
6539983,CCC1=C(C2=C(N=CN=C2S1)N)C3=CC=C(C=C3)NC(=O)NC4=CC=CC(=C4)C,,
6539984,CCC1=C(C2=C(N=CN=C2S1)N)C3=CC=C(C=C3)NC(=O)NC4CCCCC4,,
6539985,CC1=CC(=CC=C1)NC(=O)NC2=CC=C(C=C2)C3=CSC4=NC=NC(=C34)N,,
6539986,CCCCNC(=O)NC1=CC=C(C=C1)C2=CSC3=NC=NC(=C23)N,,
6539987,CC(C)CNC(=O)NC1=CC=C(C=C1)C2=CSC3=NC=NC(=C23)N,,
6539988,CC1=CC=CC=C1NC(=O)NC2=CC=C(C=C2)C3=C(SC4=NC=NC(=C34)N)C,,
6539989,CC1=CC=C(C=C1)NC(=O)NC2=CC=C(C=C2)C3=C(SC4=NC=NC(=C34)N)C,,
6539990,CC1=C(C2=C(N=CN=C2S1)N)C3=CC=C(C=C3)NC(=O)NC4=CC=CC=C4OC,,
6539991,CC1=C(C2=C(N=CN=C2S1)N)C3=CC=C(C=C3)NC(=O)NC4=CC(=CC=C4)OC,,
6539992,CC1=C(C2=C(N=CN=C2S1)N)C3=CC=C(C=C3)NC(=O)NC4=CC=C(C=C4)OC,,
6539993,CC1=C(C2=C(N=CN=C2S1)N)C3=CC=C(C=C3)NC(=O)NC4=CC=CC=C4F,,
6539994,CC1=C(C2=C(N=CN=C2S1)N)C3=CC=C(C=C3)NC(=O)NC4=CC(=CC=C4)F,,
6539995,CC1=C(C2=C(N=CN=C2S1)N)C3=CC=C(C=C3)NC(=O)NC4=CC=C(C=C4)F,,
6539996,CC1=C(C2=C(N=CN=C2S1)N)C3=CC=C(C=C3)NC(=O)NC4=CC=CC=C4Cl,,
6539997,CC1=C(C2=C(N=CN=C2S1)N)C3=CC=C(C=C3)NC(=O)NC4=CC(=CC=C4)Cl,,
6539998,CC1=C(C2=C(N=CN=C2S1)N)C3=CC=C(C=C3)NC(=O)NC4=CC=C(C=C4)Cl,,
6539999,CC1=C(C2=C(N=CN=C2S1)N)C3=CC=C(C=C3)NC(=O)NC4=CC(=CC=C4)Br,,
6540000,CC1=C(C2=C(N=CN=C2S1)N)C3=CC=C(C=C3)NC(=O)NC4=CC=C(C=C4)Br,,
6540001,CC1=C(C2=C(N=CN=C2S1)N)C3=CC=C(C=C3)NC(=O)NC4=CC=CC(=C4)C(F)(F)F,,
6540002,CC1=C(C2=C(N=CN=C2S1)N)C3=CC=C(C=C3)NC(=O)NC4=CC=CC(=C4)C(=O)OC,,
6540003,CC1=CC(=CC(=C1)NC(=O)NC2=CC=C(C=C2)C3=C(SC4=NC=NC(=C34)N)C)C,,
6540004,CC1=C(C2=C(N=CN=C2S1)N)C3=CC=C(C=C3)NC(=O)NC4=CC(=CC(=C4)Cl)Cl,,
6540005,CC1=C(C2=C(N=CN=C2S1)N)C3=CC=C(C=C3)NC(=O)NC4=C(C=CC(=C4)C(F)(F)F)F,,
6540006,CC1=CC(=CC=C1)NC(=O)NC2=CC=C(C=C2)C3=C(SC4=NC=NC(=C34)N)CCC(=O)N,,
6540007,CC1=CC(=CC=C1)NC(=O)NC2=CC=C(C=C2)C3=C(SC4=NC=NC(=C34)N)CCC(=O)NC,,
6540008,CC1=CC(=CC=C1)NC(=O)NC2=CC=C(C=C2)C3=C(SC4=NC=NC(=C34)N)CCC(=O)N(C)C,,
6540009,CC1=CC(=CC=C1)NC(=O)NC2=CC=C(C=C2)C3=C(SC4=NC=NC(=C34)N)CN5CCOCC5,,
6540010,CC1=CC(=CC=C1)NC(=O)NC2=CC=C(C=C2)C3=C(SC4=NC=NC(=C34)N)CN5CCN(CC5)C,,
6540011,CC1=CC(=CC=C1)NC(=O)NC2=CC=C(C=C2)C3=C(SC4=NC=NC(=C34)N)CN(C)C,,
6540012,CCCC1=C(C2=C(N=CN=C2S1)N)C3=CC=C(C=C3)NC(=O)NC4=CC=CC(=C4)C,,
6540013,CC1=CC(=CC=C1)NC(=O)NC2=CC=C(C=C2)C3=C(SC4=NC=NC(=C34)N)C(C)C,,
6540014,CC1=CC(=CC=C1)NC(=O)NC2=CC=C(C=C2)C3=C(SC4=NC=NC(=C34)N)CC5=CC=CC=C5,,
6540015,CC1=CC(=CC=C1)NC(=O)NC2=CC=C(C=C2)C3=C(SC4=NC=NC(=C34)N)CC5=CN=CC=C5,,
6540016,CC1=CC(=CC=C1)NC(=O)NC2=CC=C(C=C2)C3=C(SC4=NC=NC(=C34)N)CC5=CC=NC=C5,,
6540017,CC1=CC(=CC=C1)NC(=O)NC2=CC=C(C=C2)C3=C(SC4=NC=NC(=C34)N)CCO,,
6540018,CC1=CC(=CC=C1)NC(=O)NC2=CC=C(C=C2)C3=C(SC4=NC=NC(=C34)N)CCOC,,
6540019,CC1=CC(=CC=C1)NC(=O)NC2=CC=C(C=C2)C3=C(SC4=NC=NC(=C34)N)CCCO,,
6540020,CC1=CC(=CC=C1)NC(=O)NC2=CC=C(C=C2)C3=C(SC4=NC=NC(=C34)N)CCN(C)C,,
6540021,CC1=CC(=CC=C1)NC(=O)NC2=CC(=C(C=C2)C3=CSC4=NC=NC(=C34)N)F,,
6540022,CC1=CC(=CC=C1)NC(=O)NC2=CC(=C(C=C2)C3=CSC4=NC=NC(=C34)N)Cl,,
6540023,CC1=CC(=CC=C1)NC(=O)NC2=CC(=C(C=C2)C3=CSC4=NC=NC(=C34)N)OC,,
6540024,CC1=CC(=CC=C1)NC(=O)NC2=C(C=C(C=C2)C3=CSC4=NC=NC(=C34)N)F,,
6540025,CC1=CC(=CC=C1)NC(=O)NC2=C(C=C(C=C2)C3=CSC4=NC=NC(=C34)N)Cl,,
6540026,CC1=CC(=CC=C1)NC(=O)NC2=C(C=C(C=C2)C3=CSC4=NC=NC(=C34)N)OC,,
6540027,CC1=CC(=CC=C1)NC(=O)NC2=CC3=C(C=C2)C4=C(CC3)SC5=NC=NC(=C45)N,,
6540028,CCC1=C(C2=C(N=CN=C2S1)N)C3=CC=C(C=C3)NC(=O)NC4=CC=CC(=C4)C(F)(F)F,,
6540029,C1=CC(=CC(=C1)Cl)NC(=O)NC2=CC=C(C=C2)C3=CSC4=NC=NC(=C34)N,,
6540257,CCCC1=CC2=C(C(=C1O[C@@H](C3=CC=C(C=C3)C(C)C)C(=O)O)CCC)ON(C2=O)C,,
6540265,CC(C)N1CCC(CC1)NC(=O)C2=CC3=CC=CC=C3N2CC4=NOC(=C4)C5=CC=C(S5)Cl,,
6540266,CC1=C2C(=CC=C1)C(=C(N2CC3=NOC(=C3)C4=CC=C(S4)Cl)C(=O)NC5CCN(CC5)C(C)C)C#N,,
6540267,CC(C)N1CCC(CC1)NC(=O)C2=CC3=CC=CC=C3N2CC4=CC(=CC=C4)OC,,
6540268,CC(C)N1CCC(CC1)NC(=O)C2=CC3=CC=CC=C3N2CC(=O)NC4=CC=C(C=C4)Cl,,
6540289,CC1=NN(C2=C1C(=O)C3=C(N2O)C=CC(=C3)Cl)C,,
6540293,CC1=CC(=NN1COC(=O)N[C@@H](CS(=O)(=O)C)C(=O)N[C@@H](CC(C)C)[C@H](C[C@@H](C)C(=O)N[C@@H](C(C)C)C(=O)NCC(C)C)O)C,,
6540294,CCCNC1=C2C=CC=C(C2=NC3=CC=CC=C31)C(=O)NCCN(C)C,,
6540299,C[C@@H](C(C)(C)O)NC1=NC=CC(=N1)N(C2=CC=C(C=C2)OC)C(=O)NC3=CC=CC=C3Cl,,
6540300,C[C@@H](C(C)(C)O)NC1=NC=CC(=N1)N(C2=CC=C(C=C2)OC)C(=O)NCC3=CC=CC=C3Cl,,
6540428,CCC(CO)NC(=O)[C@H]1CN([C@@H]2CC3=CN(C4=CC=CC(=C34)C2=C1)C)C,,
6540466,C1=C(N=C(S1)N)/C(=N/OCC(=O)O)/C(=O)N[C@H]2[C@H](N(C2=O)S(=O)(=O)O)COC(=O)N,,
6540478,CC[C@]12CC[C@H]3[C@H]([C@@H]1CC[C@]2(C#C)OC(=O)C)CCC4=C/C(=N/O)/CC[C@H]34,,
6540640,C1CC1CN2CC[C@]34[C@@H]5C(=O)CC[C@]3([C@H]2CC6=C4C(=C(C=C6)O)O5)NC(=O)/C=C/C7=CC=C(C=C7)Cl,,
6540685,C1[C@H](N=C(C=C1/C=C/N2[C@@H](CC3=CC(=C(C=C32)O)O[C@H]4[C@@H]([C@H]([C@@H]([C@H](O4)CO)O)O)O)C(=O)O)C(=O)O)C(=O)O,,
6540686,C[C@H]1CN(CC[C@@]1(C)C2=CC(=CC=C2)O)CC(CC3=CC=CC=C3)C(=O)NCC(=O)O,,
6540709,C/C=C(/C)\C(=O)O[C@H]1[C@@H]([C@@]2([C@@H](C[C@@]3(C(=CCC4[C@]3(CCC5[C@@]4(CC[C@@H]([C@]5(C)CO)O[C@H]6[C@@H]([C@H]([C@@H]([C@H](O6)C(=O)O)O[C@H]7[C@@H]([C@H]([C@@H]([C@H](O7)CO)O)O)O)O)O[C@H]8[C@@H]([C@H]([C@@H]([C@H](O8)CO)O)O)O)C)C)C2CC1(C)C)C)O)CO)OC(=O)C,,
6540813,CC[C@@]1(C(=O)NC(=O)N1)C2=CC=CC=C2,,
6540852,C1[C@H](O[C@@H](S1)CO)N2C=CC(=NC2=O)N,,
6541030,C1[C@@H]2C=C[C@H]1[C@H]([C@H]2C(=O)O)C(=O)O,,
6541354,CC1=C(C2=C(CC[C@](O2)(C)C(=O)O)C(=C1O)C)C,,
6543478,C[C@@H]1CC[C@H]2C(=C)C(=O)O[C@]23[C@H]1CC[C@@]4([C@H]3O4)C,,
6544483,C1C[C@@H]([C@@H]1C(=O)O)C(=O)O,,
6548074,CC(=CCC1=CC(=CC(=C1OC)CC=C(C)C)[C@@H]2CC(=O)C3=C(C=C(C=C3O2)O)O)C,,
6552076,COC(=O)C[C@@]1(CN(N(C12C3=CC=CC=C3C4=CC=CC=C24)C5=CC=C(C=C5)Cl)C#N)C(=O)OC,,
6553874,C[C@@H]1CC[C@H](C[C@H]1OC(=O)C)C(=C)C,,
6553876,C[C@@H]1[C@@H]2C[C@@]2(CC1=O)C(C)C,,
6560168,CC1=C(N2[C@@H]([C@@H](C2=O)NC(=O)[C@@H](C3=CC=CC=C3)[NH3+])SC1)C(=O)[O-],,
6560210,C1[C@H]2[C@@H]([C@@H](S1)CCCCC(=O)[O-])NC(=O)N2,,
6560290,C[N+]1(C[C@@H](C[C@@H]1C(=O)[O-])O)C,,
6569946,CC1=C(OC(=C(C1=O)C)OC)[C@H]2C/C(=C/C(=C/C3=CC=C(C=C3)[N+](=O)[O-])/C)/CO2,,
6571639,C1=CC=C2C(=C1)C(=CN2)C[C@@H]3C(=O)N[C@H](C(=O)N3)CC4=CNC5=CC=CC=C54,,
6575389,C1C[C@@H](CNC1)C(=O)O,,
6602304,C1[C@H]([C@@H]([C@H]([C@@H](O1)O[C@@H]2[C@H]([C@@H]([C@H](O[C@H]2OC3=CC4=C(C=C(C=C4[O+]=C3C5=CC(=C(C=C5)O)O)O)O)CO)O)O)O)O)O,,
6602308,C[C@@H]1C/C=C/C=C/[C@@H]([C@@H](C[C@@H]([C@@H]([C@H]([C@@H](CC(=O)O1)O)OC)O[C@H]2[C@@H]([C@H]([C@@H]([C@H](O2)C)O[C@H]3C[C@@]([C@H]([C@@H](O3)C)O)(C)O)N(C)C)O)CC=O)C)OC4CC[C@@H]([C@H](O4)C)N(C)C,,
6602328,CN1CC[C@@H]([C@H](C1)O)C2=C(C=C(C3=C2OC(=CC3=O)C4=CC=CC=C4Cl)O)O,,
6602341,CC1([C@@H](N2[C@H](S1)[C@@H](C2=O)NC(=O)[C@@H](C3=CC=CC=C3)NC(=O)C4=CNC5=C(C4=O)N=CC=C5)C(=O)O)C,,
6602434,C([C@H]([C@H]([C@@H](C(=O)C(=O)O)O)O)O)OP(=O)(O)O,,
6602484,CN1[C@@H]2CCC[C@H]1CC(=O)C2,,
6602605,C1CCC(C1)(C2=CC=CC=C2)C(=O)OCCN3CCCC3.Cl,,
6602688,C1COCCN1CCN2C3=CC=CC=C3N(C2=N)CC(=O)C4=CC(=C(C=C4)Cl)Cl.Br,,
6602691,CN1C=C(C=C1C(=O)NC2=CN(C(=C2)C(=O)NC3=CN(C(=C3)C(=O)NCCC(=N)N)C)C)NC=O.Cl,,
6602720,C1=CC(=CC=C1C(CC(=O)O)CN)Cl.Cl,,
6602846,CC1(CC(CC(N1O)(C)C)OC(=O)C2=CC=CO2)C.Cl,,
6602854,COC(=O)CC1=CSC(=N1)N.Cl,,
6603067,CN1[C@@H]2CC[C@H]1CC(C2)OC(=O)C3C=NC4=CC=CC=C34.Cl,,
6603108,CN1[C@@H]2CC(C[C@H]1[C@H]3[C@@H]2O3)OC(=O)[C@H](CO)C4=CC=CC=C4.Br,,
6603221,CCC1=CC=CC=C1NC(=O)CSC2=NN=C(O2)[C@H](CC3=CC=CC=C3)N.Cl,,
6603510,CCOC(=O)N1CCN(CC1)CCC(=O)C2=CC=C(C=C2)Cl.Cl,,
6603542,CN/C(=C/[N+](=O)[O-])/NCCSCC1=CC=C(O1)CN(C)C.Cl,,
6603696,C[C@@H](C(=O)OC(C)(C)CC1=CC=C(C=C1)Cl)N,,
6603697,C(/C=C\C(=O)O)N,,
6603717,C1=CC=C2C(=C1)C(=O)N(C2=O)C3=C(C=C(C=C3)N)Cl,,
6603720,C1CN(C(=O)[C@@H]1N)O,,
6603728,CC1=C([C@@H](C(=C(N1)C)[N+](=O)[O-])C2=CC=CC=C2C(F)(F)F)C(=O)OC,,
6603740,C1CCN([C@@H](C1)CN2CCCC2)C(=O)CC3=CC(=C(C=C3)Cl)Cl,,
6603743,C1=CC(=C(C(=C1CNNC(=O)[C@H](CO)N)O)O)O,,
6603746,CCCCOC1=C(C=CC(=C1)C[C@@H]2CNC(=O)N2)OC,,
6603747,CC(C)C[C@@H](C(=O)O)NC(=O)[C@H]([C@H](CC1=CC=CC=C1)N)O,,
6603754,C1CN(C[C@@H](N1)C(=O)O)CCCP(=O)(O)O,,
6603756,CC(C)(C)NC[C@@H](COC1=CC=CC2=C1NC(=O)N2)O,,
6603766,CC(C)(C(=O)O)OC1=CC=C(C=C1)[C@@H]2CC2(Cl)Cl,,
6603767,CC[C@H](C)N(C)C(=O)C1=CC2=CC=CC=C2C(=N1)C3=CC=CC=C3Cl,,
6603770,C1CC(C1)(C(=O)O)C(=O)O.N.N.[Pt],,
6603782,CCCN(CCC)C(=O)CC1=C(N=C2N1C=C(C=C2Cl)Cl)C3=CC=C(C=C3)Cl,,
6603803,CCCC[C@@]1(CC2=CC(=C(C(=C2C1=O)Cl)Cl)OCC(=O)O)C3CCCC3,,
6603827,C1=CC=C(C=C1)C(CCNCC(=O)N)C2=CC=CC=C2,,
6603828,C1=CC=C(C=C1)S(=O)(=O)NCCSC2=CC(=C(C(=C2)F)OCC(=O)N)F,,
6603844,CC[C@@]1(CC(=O)NC1=O)C,,
6603850,C1CCN[C@H](C1)CNC(=O)C2=C(C=CC(=C2)OCC(F)(F)F)OCC(F)(F)F,,
6603856,COC(=O)N1CCN([C@@H](C1)CN2CCCC2)C(=O)CC3=CC(=C(C=C3)Cl)Cl,,
6603874,C[C@@]1(CC2=CC(=C(C(=C2C1=O)Cl)Cl)OCC(=O)O)C3CCCC3,,
6603877,CCN1CCC[C@@H]1CNC(=O)C2=C(C=CC(=C2O)I)OC,,
6603885,C1=C(ONC1=O)[C@@H](C(=O)O)N,,
6603900,CCCCOC(=O)NS(=O)(=O)C1=C(C=C(S1)CC(C)C)C2=CC=C(C=C2)CN3C(=NC4=C3N=C(C=C4C)C)CC,,
6603901,CCCC1=C(C=CC(=C1O)C(=O)C)OCCCOC2=CC=C(C=C2)OCC(=O)O,,
6603904,CC(C)(C)NC(=O)[C@@H]1CN(CCN1C(=O)OCC2=CC=CC=C2)C3=NC4=CC(=C(C=C4C(=N3)N)OC)OC,,
6603913,C1=CC=C(C=C1)/C(=C\C2=C(NC3=C2C(=CC(=C3)Cl)Cl)C(=O)O)/C(=O)O,,
6603915,COC1=CC=CC=C1N2CCN(CC2)CCN(C3=CC=CC=N3)C(=O)C4=CC=C(C=C4)F,,
6603926,CSC(=NCCC[C@H](C(=O)O)N)N,,
6603931,CCCN1C2=C(C(=O)N(C1=O)CCC)NC(=N2)C3=CC=C(C=C3)OCC(=O)NC4=CC=C(C=C4)C#N,,
6603945,CC(=O)N[C@@H](C(=O)O)C(C)(C)SN=O,,
6603948,CC1=C([C@H](C(=C(N1)C)C(=O)OCCN(C)CC2=CC=CC=C2)C3=CC(=CC=C3)[N+](=O)[O-])C(=O)OC,,
6603951,C1[C@@H](CN(C1=O)CC(=O)N)O,,
6603977,C1=CC=C(C=C1)CCCCOC2=C3C=CC(=O)OC3=CC4=C2C=CO4,,
6603986,CC1=C(C(=C(C(=C1O)C(=O)C)O)CC2=C(C(=C3C(=C2O)C=CC(O3)(C)C)C(=O)/C=C\C4=CC=CC=C4)O)O,,
6603987,CC1=C(C(=CC=C1)C)NC(=O)CN2CCN(CC2)C[C@H](COC3=CC=CC=C3OC)O,,
6603999,CC1=CC2=C(C=C1Cl)N(CC2)C(=O)NC3=CC=NC4=CC=CC=C43,,
6604009,CC[C@@H](C1=CC=CC=C1)NC(=O)C2=C(C(=NC3=CC=CC=C32)C4=CC=CC=C4)C,,
6604015,C1C[C@@H](CN(C1)CCC=C(C2=CC=CC=C2)C3=CC=CC=C3)C(=O)O,,
6604049,C1COCCN1C(=O)NCCNC[C@H](COC2=CC=C(C=C2)O)O,,
6604056,C[N+]1([C@@H]2CC[C@H]1CC(C2)OC(=O)[C@@H](CO)C3=CC=CC=C3)C.[N+](=O)([O-])[O-],,
6604100,C1C(=NC(=O)N1/N=C/C2=CC=C(O2)C3=CC=C(C=C3)[N+](=O)[O-])[O-].[Na+],,
6604121,CC1=CC(=C(C(=C1)C(=O)N2CCC3(CCCC3)CC2)NC(=O)C[C@H](CC(=O)O)C4=CC=CC5=CC=CC=C54)C,,
6604161,C1=CC=C2C(=C1)C(=O)C3=C(C2=O)C(=C(C=C3NC4=CC(=C(C=C4)NC5=NC(=NC(=N5)NC6=CC=C(C=C6)S(=O)(=O)[O-])Cl)S(=O)(=O)[O-])S(=O)(=O)[O-])N.[Na+].[Na+].[Na+],,
6604176,CC1=C(C2=C3N1[C@@H](COC3=CC=C2)CN4CCOCC4)C(=O)C5=CC=CC6=CC=CC=C65.CS(=O)(=O)O,,
6604199,C[C@H]1C[C@H](C(=O)[C@H](C1)[C@@H](CC2CC(=O)NC(=O)C2)O)C,,
6604200,C1C(=O)NC(=O)N1/N=C/C2=CC=C(O2)[N+](=O)[O-],,
6604207,CC[C@@H]1NC2=CC(=C(C=C2C(=O)N1)S(=O)(=O)N)Cl,,
6604240,C1[C@H]([C@@H]([C@@H](C[C@@]1(C(=O)O)O)OC(=O)/C=C\C2=CC(=C(C=C2)O)O)O)O,,
6604255,CCN(C1=CC=CC=C1C)C(=O)/C=C\C,,
6604266,C[C@@H](CNC1CCCCC1)OC(=O)C2=CC=CC=C2,,
6604268,C1CCN(CC1)C[C@@H](COC(=O)NC2=CC=CC=C2)OC(=O)NC3=CC=CC=C3,,
6604287,CC(=O)OCC1=C(N2[C@H]([C@@H](C2=O)N)SC1)C(=O)O,,
6604311,CCN(CCCCOC(=O)C1=CC(=C(C=C1)OC)OC)[C@@H](C)CC2=CC=C(C=C2)OC,,
6604312,COC1=CC(=C(C=C1)OC)[C@@H](CNC(=O)CN)O,,
6604314,C[N+]12CCC(CC1)[C@H](C2)OC(=O)C(C3=CC=CC=C3)(C4=CC=CC=C4)O,,
6604327,C[N+]1([C@@H]2CC(C[C@@H]1[C@H]3[C@@H]2O3)OC(=O)[C@@H](CO)C4=CC=CC=C4)[O-],,
6604352,C[C@@H]1NC2=CC(=C(C=C2C(=O)N1C3=CC=CC=C3C)S(=O)(=O)N)Cl,,
6604365,CC(C)[N+]1([C@@H]2CC[C@H]1CC(C2)OC(=O)[C@@H](CO)C3=CC=CC=C3)C,,
6604374,C[C@@H](CC1=CC(=CC=C1)C(F)(F)F)NCCOC(=O)C2=CC=CC=C2,,
6604377,CCCN[C@@H](C)C(=O)NC1=C(SC=C1C)C(=O)OC,,
6604398,CCN(CC)C(=O)N[C@@H]1C[C@@H]2[C@H](CC3=CNC4=CC=CC2=C34)N(C1)C,,
6604404,C[C@@H]1CCC2=C3N1C=C(C(=O)C3=CC(=C2)F)C(=O)O,,
6604414,C1CCN[C@@H](C1)CNC(=O)C2=C(C=CC(=C2)OCC(F)(F)F)OCC(F)(F)F,,
6604415,CC1=C([C@@H](C(=C(N1)C)C(=O)OCCN(C)CC2=CC=CC=C2)C3=CC(=CC=C3)[N+](=O)[O-])C(=O)OC,,
6604439,CCC(C)(C)C(=O)O[C@@H]1C[C@@H](C=C2[C@H]1[C@@H]([C@H](C=C2)C)CC[C@H]3C[C@H](CC(=O)O3)O)C,,
6604442,CN(CCCNC(=O)[C@@H]1CCCO1)C2=NC3=CC(=C(C=C3C(=N2)N)OC)OC,,
6604443,CC(C)(C)NC[C@@H](C1=CC(=CC(=C1)OC(=O)N(C)C)OC(=O)N(C)C)O,,
6604458,C[C@]12C[C@H]([C@@H]3[C@@H]([C@@H]1C[C@@H]4[C@]2(OC(O4)(C)C)C(=O)CO)C[C@@H](C5=CC(=O)C=C[C@@]35C)F)O,,
6604471,CC(C)SC1=CC2=C(C=C1)N=C(N2)NC(=O)OC,,
6604492,CN1[C@@H]2CC[C@H]1CC(C2)OC3C4=CC=CC=C4CCC5=CC=CC=C35.C(C(=O)O)C(CC(=O)O)(C(=O)O)O,,
6604497,CCC(=O)O[C@@](CC1=CC=CC=C1)(C2=CC=CC=C2)[C@@H](C)CN(C)C.C1=CC=C2C=C(C=CC2=C1)S(=O)(=O)O,,
6604498,CN1[C@@H]2CC[C@H]1CC(C2)OC(=O)[C@@H](CO)C3=CC=CC=C3.CN1[C@@H]2CC[C@H]1CC(C2)OC(=O)[C@@H](CO)C3=CC=CC=C3.O.OS(=O)(=O)O,,
6604561,CCOC(=O)C1=CC=C(C=C1)OC(=O)CCCCCN=C(N)N.CS(=O)(=O)O,,
6604595,C1CN(CCC1N2C3=C(C=C(C=C3)Cl)NC2=O)CCCN4C5=CC=CC=C5NC4=O.C(=C\C(=O)O)\C(=O)O,,
6604606,CC(C)C1=CC2=CC[C@H]3[C@]([C@@H]2CC1)(CCC[C@]3(C)C(=O)O)C,,
6604697,CC[C@@H](CO)NC(=O)[C@@H]1CN([C@@H]2CC3=CN(C4=CC=CC(=C34)C2=C1)C)C,,
6604703,C(=C\SC(=N)N)\C(=O)O,,
6604704,C1C[C@](C[C@H]1C(=O)O)(C(=O)O)N,,
6604712,C1=CC(=CC(=C1)O)[C@@H](C(=O)O)N,,
6604720,C1CCC2(C1)CC(=O)N(C(=O)C2)CCCCNC[C@H]3COC4=CC=CC=C4O3,,
6604724,CN([C@H]1CCCC[C@@H]1N2CCCC2)C(=O)CC3=CC(=C(C=C3)Cl)Cl,,
6604733,CCCCCCCCCCCCCC(=O)O[C@H](CC(=O)O)C[N+](C)(C)C,,
6604749,C1[C@@H](C2=C(C=C(C=C2Cl)Cl)N[C@H]1C(=O)O)NC(=O)NC3=CC=CC=C3,,
6604760,C[C@@H](CC(=O)O)[C@H](C(=O)O)N,,
6604763,C1[C@H]([C@H](O[C@H](O1)C2=CC=CC=C2Cl)C3=CC=CC=C3O)C/C=C\CCC(=O)O,,
6604769,C1[C@H](N[C@@H]1C(=O)O)C(=O)O,,
6604779,C1=CC=C(C=C1)OC[C@@H](CNCCOC2=CC=C(C=C2)OCC(=O)O)O,,
6604789,CN1C=C(C2=CC=CC=C21)C(=O)C(=O)N[C@H]3CN4CCC3CC4,,
6604794,CC(C)N1C=NC2=C(C=C(C=C21)Cl)C(=O)N[C@H]3CN4CCC3CC4,,
6604798,CCC(=O)N[C@H]1C[C@@H](C2=CC=CC=C2C1)C3=CC=CC=C3,,
6604820,C1[C@H]([C@H](CC1(C(=O)O)N)C(=O)O)C(=O)O,,
6604822,CCCCC/C=C\C/C=C\C/C=C\C/C=C\CCCC(=O)NC1=CC=C(C=C1)O,,
6604829,C1[C@@H]([C@@H]1[C@@](CC2C3=CC=CC=C3OC4=CC=CC=C24)(C(=O)O)N)C(=O)O,,
6604839,C1=CC(=C(C=C1Cl)Cl)C2=CC(=C(C(=C2)CP(=O)(O)O)O)C[C@@H](C(=O)O)N,,
6604840,CC(C)(C)NC(=O)[C@H](CN1CCN(CC1)C2=CC=CC=C2OC)C3=CC=CC=C3,,
6604858,COC(=O)[C@@H](C1=CC=CC=C1)NC(=O)C2=CC(=NC3=CC=CC=C32)C4=CC=CC=C4,,
6604870,CC#C[C@@]1(CC[C@@H]2[C@@]1(C[C@H](C3=C4CCC(=O)C=C4CC[C@@H]23)C5=CC=C(C=C5)N(C)C)C)O,,
6604872,C[C@@H](NCC1=C2C(=CC(=C1)Br)NC(=O)C(=O)N2)P(=O)(O)O,,
6604878,CCN(CC)C(=O)C1=CC=C(C=C1)[C@H](C2=CC=CC=C2)N3C[C@H](N(C[C@@H]3C)CC=C)C,,
6604881,CC1=C([C@H](C(=C(N1)C)[N+](=O)[O-])C2=CC=CC=C2C(F)(F)F)C(=O)OC,,
6604901,CCNC(=O)[C@H]1[C@@H]([C@H]([C@@H](O1)N2C=NC3=C(N=CN=C32)N)O)O,,
6604909,CN(CC[C@H](C1=CC=C(C=C1)F)OC2=CC=C(C=C2)C3=CC=CC=C3)CC(=O)O,,
6604912,C1=CC(=CC=C1CN2C(=O)C=CN(C2=O)C[C@@H](C(=O)O)N)C(=O)O,,
6604914,COC1=CC(=C(C=C1C(=O)N[C@@H]2CN3CCC2CC3)Cl)N,,
6604915,CCCCCCCC/C=C\CCCCCCCC(=O)N[C@H](CC1=CC=C(C=C1)O)CO,,
6604918,CCC1=NC2=C(C=C1)C(=NC(=O)N2CC)C3=CC(=CC=C3)Cl,,
6604926,CC1=NC2=C(O1)C=C(C=C2)NC(=O)NC3=C4C(=NC=C3)C=CC=N4,,
6604934,CC1(C2=C(C3=CC=CC=C3C(=O)C2=O)NC1=O)C,,
6605251,CC1=CC=CC=C1NC(=O)NC2=CC=C(C=C2)CC(=O)N[C@@H](CCCCNC(=O)/C=C/C3=CN=CC=C3)C(=O)N[C@@H](CCCC(=O)O)C(=O)NC4(CCCCC4)C(=O)N,,
6605258,C1=CC=C(C=C1)C(C2=CC=CC=C2)C(=O)NC(C(Cl)(Cl)Cl)NC(=S)NC3=CC(=C(C=C3)F)[N+](=O)[O-],,
6610239,CCCCCCCCCCCCCCCC(=O)N[C@@H](COP(=O)(O)O)C(=O)O,,
6610273,CCCCCCCCCCCCCCC[C@H]([C@H](CO)NC(=O)C)O,,
6610274,CCCCCCCCCCCCCCC[C@H]([C@H](CO)NC(=O)CCCCCCC)O,,
6610278,COC1=C(C=C2C(=C1)C(=NC=N2)NC3=CC=C(C=C3)NC(=O)C4=CC=CC=C4)OC,,
6610290,COC1=CC(=CC(=C1OC)OC)[C@H]2[C@@H]3C(COC3=O)[C@H](C4=CC5=C(C=C24)OCO5)O,,
6610292,C[C@@H]1[C@@H]([C@](NC1=O)([C@H](C(C)C)O)C(=O)SC[C@@H](C(=O)O)NC(=O)C)O,,
6610299,CC1OCC2C(O1)C(C(C(O2)OC3C4COC(=O)[C@@H]4[C@@H](C5=CC6=C(C=C35)OCO6)C7=CC(=C(C(=C7)OC)O)OC)O)O,,
6610314,CNC(=O)[C@@H]1[C@H]([C@H]([C@@H](O1)N2C=NC3=C(N=CN=C32)NCC4=CC=C(C=C4)I)O)O,,
6610318,CCCNC(=O)[C@@H]1[C@H](O1)C(=O)N[C@@H]([C@@H](C)CC)C(=O)N2CCC[C@H]2C(=O)OC,,
6610322,CC[C@@]1(C2=C(COC1=O)C(=O)N3C(=C2)CC4=NC5=CC=CC=C5C=C43)O,,
6611008,CCN1C2=C3C(=C(C=C2)NS(=O)(=O)C4=CC=CC=C4)C=CC=C3C1=O,,
6612586,CC1=C(N=CC=C1)NC(=O)C(C)C2=CC=C(C=C2)CC(C)C,,
6616154,CC1CCN(CC1)CCCNC(=O)C2=CC3=C(C=C2)C(=O)N(C(=S)N3)CC4=CC=C(C=C4)Cl,,
6618440,C1CN(CCN1C2=CC(=CC=C2)Cl)C(=O)C3=CC4=C(C=C3)C5=NC6=CC=CC=C6N5C(=S)N4,,
6618802,CC1=CC(=CC(=C1)OCC2=CC=C(O2)C(=O)NC3CCOC3=O)C,,
6618978,COC1=CC=C(C=C1)NC(=O)CN2C3=CC=CC=C3N=C2C4=CSC=N4,,
6619100,COC1=CC(=C(C=C1NC(=O)C2=NOC(=C2)C3CC3)OC)Cl,,
6619182,COC1=CC=C(C=C1)C2=CC(=NO2)C(=O)N3CCCC3,,
6619223,C1CCC(C1)NC(=O)C2=NOC(=C2)C3=CC=C(C=C3)Cl,,
6619553,COCCN1CC2=C(C1=O)C(=CC=C2)C(=O)NC3=CC=C(C=C3)S(=O)(=O)N4CCOCC4,,
6619971,CCCNC(=O)CN1C(=O)C2=C(S1)N=C(C=C2C)C,,
6620067,C1CSC2=C(N1CC3=CC=CC=C3)C=C(C=C2)C(=O)NCC4=CC=CO4,,
6620134,CCC1=CC=C(C=C1)C(=O)C2=C(C3=CC4=C(C=C3N=C2)OCCO4)N5CCC(CC5)C(=O)N,,
6621232,CC1=CC(=NC2=C1C=C(C=C2)NC(=O)C3=CC(=C(C(=C3)OC)OC)OC)N4CCN(CC4)C,,
6622273,CCC1=CC=C(C=C1)C2=NC(=C(O2)C)CSCC(=O)NCCC3=CC=CC=C3,,
6622757,CSC1=CC=CC(=C1)NC(=O)C2=C3C=CC=CN3N=C2,,
6622808,CCC1=CC=C(C=C1)NC(=O)C2=CC(=NO2)C,,
6623334,COC1=C(C=C(C=C1)CNC(=O)CC2=CC=CS2)OC,,
6623595,CC(C)C1=CC=C(C=C1)NC(=O)C2=CC3=C(C=C2)SN=N3,,
6623853,C1CCN(CC1)C2=NSNC2=O,,
6624353,CCN1C(=O)C2=C(C=CS2)N=C1SCC(=O)NC3=CC=C(C=C3)OC,,
6624390,CCOC(=O)CN1C(=O)CCC(=N1)C2=CC=C(C=C2)Cl,,
6625011,C1CN(S(=O)(=O)C1)C2=CC=C(C=C2)C(=O)O,,
6675803,C1[C@@H](O[C@@H](O[C@@H]1C2=CC=C(C=C2)CO)C3=CC=C(C=C3)NC(=O)CCCCCCC(=O)O)CSC4=NC(=C(O4)C5=CC=CC=C5)C6=CC=CC=C6,,
6675804,C1[C@@H](O[C@@H](O[C@@H]1C2=CC=C(C=C2)CO)C3=CC=C(C=C3)NC(=O)CCCCCCC(=O)NO)CSC4=NC(=C(O4)C5=CC=CC=C5)C6=CC=CC=C6,,
6708461,C[C@H]1CC=CC=C[C@@H]([C@@H](C[C@@H]([C@@H]([C@H]([C@@H](CC(=O)O1)O)OC)O[C@H]2[C@@H]([C@H]([C@@H]([C@H](O2)C)O[C@H]3C[C@@]([C@@H]([C@@H](O3)C)O)(C)O)N(C)C)O)CC=O)C)O[C@H]4CC[C@@H]([C@H](O4)C)N(C)C,,
6708468,C[C@H]1C=CC=CCCC=CC=CC=CC=CC(CC2C(C(C[C@](O2)(CC(C(CCC(CC(CC(CC(=O)O[C@H](C([C@@H]1O)C)C)O)O)O)O)O)O)O)C(=O)O)OC3[C@H]([C@H]([C@@H]([C@H](O3)C)O)N)O,,
6708476,CN1CCC[C@H]1C2=CN=CC=C2.C(C(C(=O)O)O)(C(=O)O)O,,
6708506,CC(=O)O[C@H]1CC[C@@]2(C3CC[C@]4([C@@H](OC(=O)[C@@H]5[C@@]4([C@@]3([C@@H](CC2C1(C)C)OC(=O)C)C)O5)C6=COC=C6)C)C,,
6708525,C[C@@]12CCC3[C@]4(C=CC(=O)C(C4CC(=O)[C@]3([C@@]15[C@H](O5)C(=O)O[C@H]2C6=COC=C6)C)(C)C)C,,
6708528,CC(=O)O[C@H]1C[C@H](C(C2[C@]1(C3CC[C@]4([C@@H](C(=O)[C@@H]5[C@@]4([C@@]3([C@@H](C2)OC(=O)C)C)O5)C6=COC=C6)C)C)(C)C)OC(=O)C,,
6708539,CC(=CCC1=C(C=CC2=C1O[C@@H]3COC4=CC(=C(C=C4[C@@H]3C2=O)OC)OC)O)C,,
6708545,CCC(C)C(=O)O[C@@H]1C[C@]2([C@@H](OC(=O)CC23[C@]45[C@]1([C@@]6([C@H](C7(CC6([C@@]([C@H]4OC(=O)C)(C7OC(=O)C8(C(O8)C)C)O)O)C)CC(=O)OC)C)OC(O5)(O3)C)C9=COC=C9)C,,
6708558,CC(=O)OC1=C(C2=C(C=C1)C3C4=CC(=C(C(=C4CC3(CO2)O)OC(=O)C)OC(=O)C)OC(=O)C)OC(=O)C,,
6708561,CC1=CC2=C(C=C1)[C@]3(CCC(=O)C[C@@H]3CC2)C,,
6708579,CC(=O)O[C@H]1C[C@H](C(C2[C@]1(C3CC[C@]4([C@@H](OC(=O)[C@@H]5[C@@]4([C@@]3([C@@H](C2)O)C)O5)C6=COC=C6)C)C)(C)C)OC(=O)C,,
6708586,CC(=O)O[C@H]1CC[C@@]2(C3CC[C@]4([C@@H](OC(=O)C=C4[C@@]3([C@@H](CC2C1(C)C)OC(=O)C)C)C5=COC=C5)C)C,,
6708593,CC(=C)[C@H]1COC2=C(O1)C=C3C=CC(=O)OC3=C2,,
6708625,C[C@@]12CCC3[C@]4(C=CC(=O)C(C4C=C[C@]3(C15C(O5)C(=O)O[C@H]2C6=COC=C6)C)(C)C)C,,
6708635,COC1=CC(=C(C=C1C2=COC3=C(C2=O)C(=C(C(=C3)O)OC)O)OC)OC,,
6708673,CC1=C2CC=C3[C@](C2=CC(=C1O)O)(CC[C@@]4([C@@]3(CC[C@@]5(C4C[C@](CC5)(C)C(=O)O)C)C)C)C,,
6708675,CC(=O)O[C@@H]1CC2[C@](CC[C@H](C2(C)C)O)(C3[C@@]1(C45C(O4)C(=O)O[C@H]([C@@]5(CC3)C)C6=COC=C6)C)C,,
6708682,C[C@H](CCC=C(C)C)CCOC(=O)C,,
6708701,C[C@]12C3CCC([C@]1(C(=O)OC2=O)C)O3,,
6708707,C1=CC2=C(C=C1O)O[C@@H]([C@H](C2=O)O)C3=CC(=C(C(=C3)O)O)O,,
6708713,CC1=C2CC=C3[C@](C2=CC(=C1OC(=O)C)OC(=O)C)(CC[C@@]4([C@@]3(CC[C@@]5(C4C[C@](CC5)(C)C(=O)O)C)C)C)C,,
6708724,CC(=O)O[C@@H]1CC2[C@@](C3[C@@]1(C45C(O4)C(=O)O[C@H]([C@@]5(CC3)C)C6=COC=C6)C)(C7C(O7)C(=O)C2(C)C)C,,
6708739,CCOC1=CC=C(C=C1)C(=O)C2=C(C(=C(C=C2)O)O)O,,
6708755,CC(=O)OC1=C(C=CC(=C1)CC2COC3=C(C2=O)C=CC(=C3)OC)OC,,
6708756,COC1=CC=CC=C1C2=CC(=O)C3=C(O2)C(=CC=C3)OC,,
6708773,C1CCC(C1)CCCCCCCCCCCCC(=O)NC2=CC=C(C=C2)S(=O)(=O)C3=CC=C(C=C3)NC(=O)CCCCCCCCCCCCC4CCCC4,,
6708795,COC1=CC=C(C=C1)C2=COC3=C(C2=O)C(=CC(=C3OC)OC)O,,
6708798,CC1=C2CC=C3[C@](C2=CC(=C1O)O)(CC[C@@]4([C@@]3(CC[C@@]5(C4C[C@](CC5)(C)C(=O)OC)C)C)C)C,,
6708810,COC1=CC2=C(C=C1)C(=O)C(=CO2)C3=CC4=C(C=C3)OCO4,,
6709746,COC1=CC(=CC2=C1OC(=C2C=O)C3=CC(=C(C=C3)O)OC)CCCO,,
6710104,CCCCCCCCCCCC(=O)N[C@@H](CC1=CC=C(C=C1)O)C(=O)O,,
6710112,CCCCCCCCCCCCCCCC(=O)N[C@@H](CC1=CC=C(C=C1)O)C(=O)O,,
6710451,COC1=CC=CC(=C1)NC(=O)C2=CC3=C(CCCC3)C=C2,,
6710578,CC1=CC=C(C=C1)C2=CSC(=N2)NC3C4=CC=CC=C4C(=O)O3,,
6710614,C[C@H]1CC2C3CCC4=CC(=O)C=C[C@@]4([C@]3([C@H](C[C@@]2([C@]1(C(=O)CO)O)C)O)F)C,,
6710626,C1OC2=C(O1)C=C(C(=C2)C=O)O,,
6710639,COC1=CC=C(C=C1)C2=COC3=C(C2=O)C=CC(=C3O)OC,,
6710643,C1C2=CC(=C(C=C2C3=C4C=CC(=O)C=C4OC[C@@]31O)O)O,,
6710647,COC1=C(C(=C(C=C1)C2=COC3=C(C2=O)C=CC(=C3)O)OC)O,,
6710658,C[C@]12CCC3C(C1CCC2=O)CCC4=C3C=CC(=C4)O,,
6710674,COC1=C(C(=CC(=C1)C2=COC3=CC(=C(C(=C3C2=O)O)OC)OCC4=CC=CC=C4)OCC5=CC=CC=C5)OC,,
6710676,C[C@@]12CC[C@@H]3[C@H](CC3(C)C)C(=O)CC[C@H]1O2,,
6710680,CC1=CC(=C(C(=C1C(=O)O)O)C=O)O,,
6710684,CCCCCC(=O)CC1=C(C(=CC(=C1)O)O)C(=O)OC2=CC(=C(C(=C2)OC)C(=O)O)CC(=O)CCCCC,,
6710701,CC1(CCC2=C(O1)C=CC3=C2O[C@@H]4COC5=CC(=C(C=C5[C@@H]4C3=O)OC)OC)C,,
6710704,COC1=CC2=C(C(=C1)OC)C(=O)C(=CO2)C3=CC=CC=C3,,
6710718,COC1=CC(=O)C(=CC1=O)C(=O)C2=CC=CC=C2,,
6710728,CC(=O)OCC(CC(CCCCCCCCCCCC=C)O)O.CC(=O)OCC(CC(CCCCCCCCCCCC#C)O)O,,
6710737,CC(C)C1=CC2=C(C=C1)[C@]3(CCC[C@@](C3CC2=O)(C)C(=O)OC)C,,
6710742,C[C@@H]1CC[C@@]2(CC[C@@]3(C(=CCC4[C@]3(C[C@H](C5[C@@]4(C[C@H]([C@@H]([C@@]5(C)CO)O)O)C)O)C)[C@@H]2[C@H]1C)C)C(=O)O,,
6710762,CC(=O)OCC(CC(=O)CCCCCCCCCCCC#C)O,,
6710779,CC(=O)[C@]1(CCC2[C@@]1(CCC3C2C=C(C4=CC(=O)CC[C@]34C)Cl)C)OC(=O)C,,
6710817,CC(=O)OC[C@@H]1[C@H]([C@@H]([C@H]([C@@H](O1)OC(=O)C)OC(=O)C)OC(=O)C)O[C@@H]2[C@@H]([C@H]([C@@H]([C@H](O2)COC(=O)C)OC(=O)C)OC(=O)C)OC(=O)C,,
6711154,C1=CC(=CC=C1NC2=C(C=C3C(=C2)C(=O)NC3=O)NC4=CC=C(C=C4)F)F,,
6712295,COC1=C([C@@H]([C@]2(CC(=NO2)C(=O)NCCCCCN=C(N)N)C=C1Br)O)Br,,
6712564,CC1C(=O)[C@@]2(C(=C[C@@H]3[C@@]([C@@]2(C1=O)C(=O)OC)(CC[C@H]4[C@]3(CC[C@@H](C4(C)C)OC(=O)C)C=O)C)C)C,,
6712596,C[C@@H]1[C@@H]([C@@H](C(=O)O1)CCCCCCCCCCC#CCCCCCCC=C)O,,
6712606,C[C@@]12CCCC([C@H]1CC[C@]34[C@H]2C=C5C(=C(C(=O)O5)CO)[C@H]3O4)(C)C,,
6712744,CC[C@@]1(C2=C(COC1=O)C(=O)N3CC4=C(C5=C(C=CC(=C5)O)N=C4C3=C2)[Si](C)(C)C(C)(C)C)O,,
6712966,C[C@@H]1[C@H](OC2=C(C1=O)C(=C3C(=C2)C(=C(C=C3O)O)C4=C(C=C(C5=C(C6=C(C=C54)O[C@@H]([C@H](C6=O)C)C)O)O)O)O)C,,
6713928,CC1([C@@H](N2[C@H](S1)[C@@H](C2=O)NC(=O)[C@@H](C3=CC=CC=C3)N=C)C(=O)O)C,,
6713941,CC(=O)N[C@H]1CCC2=CC(=C(C(=C2C3=C1[C@@H]4[C@H]3C=C(C4=O)OC)OC)OC)OC,,
6713952,C1[C@H]2CNCC1CN3C2=CC=CC3=O,,
6713966,C[C@H]1[C@@H]2[C@H](CC(=C3[C@@H]([C@H]2OC1=O)C(=CC3=O)C)C)O,,
6713975,C[C@@H]1CC=CC=C[C@@H]([C@@H](C[C@@H]([C@@H]([C@H]([C@@H](CC(=O)O1)O)OC)OC2C(C(C(C(O2)C)OC3CC(C(C(O3)C)O)(C)O)N(C)C)O)CC=O)C)OC4CCC(C(O4)C)N(C)C,,
6714002,CCC(=O)OCC(=O)[C@]1(CC[C@@H]2[C@@]1(C[C@@H]([C@H]3[C@H]2CCC4=CC(=O)C=C[C@]34C)O)C)OC(=O)OCC,,
6728940,CCOC1=CC=C(C=C1)C(=O)C2=C(C(=C(C=C2)OC)O)O,,
6728947,COC1=CC2=C(C=C1C3=COC4=CC(=C(C=C4C3=O)OC)OC)OCO2,,
6728948,CC1=C(C(=O)C2=C(O1)C(=C(C=C2OC)OC)OC)C3=CC=CC=C3,,
6737699,COC1=CC=C(C=C1)C2CC(=NN2C(=O)C3=CC=CC=C3)C4=CC=CC=C4,,
6737869,COC1=CC(=C(C=C1)Br)C(=O)NN2C(=NC3=CC=CC=C3C2=O)C4=CC=C(C=C4)F,,
6786016,C1=COC(=C1)/C=N/NC(=O)C2=CC=C(C=C2)Cl,,
6787085,COC1=CC=CC(=C1)/C=N/NC(=O)C2=CC=NC=C2,,
6792924,C1=CC=NC(=C1)/C=N/NC(=O)C2=CC=C(C=C2)Cl,,
6842999,CC1CS(=O)(=O)CCN1/N=C/C2=CC=C(O2)[N+](=O)[O-],,
6844721,CC1(C2CCC1(C(=O)C2=NO)C)C,,
6850754,COC1C(C(C(OC1C(=O)O)OC2C(C(C(OC2C(=O)O)OC)O)O)O)O,,
6850808,CCC(C)CC(C)CCCCCCCCC(=O)N[C@H]1C[C@H]([C@H](NC(=O)[C@@H]2[C@H](CCN2C(=O)[C@@H](NC(=O)[C@@H](NC(=O)[C@@H]3C[C@H](CN3C(=O)[C@@H](NC1=O)[C@@H](C)O)O)[C@@H]([C@H](C4=CC=C(C=C4)O)O)O)[C@@H](CCN)O)O)NCCN)O.CC(=O)O.CC(=O)O,,
6850814,CCOC(=O)[C@H](CCC1=CC=CC=C1)N[C@@H](C)C(=O)N2CC3(C[C@H]2C(=O)O)SCCS3.Cl,,
6850823,CC1=CC(=CC(=C1O)C(C)(C)C)CCCOP2OC3=C(C=C(C=C3C(C)(C)C)C(C)(C)C)C4=C(O2)C(=CC(=C4)C(C)(C)C)C(C)(C)C,,
6850852,CC1=CC(=C(C=C1Cl)N=NC2C(=NN(C2=O)C3=CC(=CC=C3)S(=O)(=O)O)C)S(=O)(=O)O,,
6851740,CC1=CC=C(C=C1)C(=O)N(CCCN)[C@@H](C2=NC3=C(C=CC(=C3)Cl)C(=O)N2CC4=CC=CC=C4)C(C)C,,
6852042,CC1=C(OC=N1)C(=O)NC2=NC=C(S2)[N+](=O)[O-],,
6852046,CC1=NC=C(S1)CC(=O)O,,
6852124,CC(C)(C)C1=NN=C(O1)C(=O)CNC,,
6852125,C[C@@H](C(=O)C1=NN=C(O1)C(C)(C)C)N,,
6852127,C1=NC(=C2C(=N1)N(C=N2)[C@H]3[C@@H]([C@@H]([C@H](O3)COS(=O)(=O)NC(=O)[C@H](CC(=O)N)N)O)O)N,,
6852128,CC1=CC=C(C=C1)S(=O)(=O)NC(=O)NC2=CC=C(C=C2)S(=O)(=O)N,,
6852146,CC(C)[C@@H](C(=O)O)NS(=O)(=O)C1=CC=C(C=C1)C2=CC=C(C=C2)NC(=O)C3=CC4=CC=CC=C4O3,,
6852165,COC1=CC=CC=C1N2C(=NC3=C(C2=O)C(=CC=C3)Cl)CSC4=NC=NC5=C4NC=N5,,
6852167,CC1=C(SC(=N1)NC(=O)C)C2=CC(=C(C=C2)Cl)S(=O)(=O)NCCO,,
6852168,C[C@@H](C(=O)N1CCOCC1)N2CC[C@@H](C2=O)NS(=O)(=O)C3=CC4=C(C=C3)C=C(C=C4)Cl,,
6852188,C1CCC(CC1)C[C@H](C(=O)N2CCC[C@H]2C(=O)NCC3=CC=C(S3)C(=N)N)NCC(=O)O,,
6852192,C(CSC[C@@H]([C@H](C(=O)NO)O)O)[C@@H](C(=O)O)N,,
6852195,C(CSC[C@H]([C@H](C(=O)NO)O)O)[C@@H](C(=O)O)N,,
6852197,C1(=O)C(=NC(=O)N1)NC(=O)N,,
6852206,CCOC1=C(C(=CC(=N1)NC(=O)CC2=CC(=C(C=C2OC)Br)OC)N)C#N,,
6852210,C1CN(CCC1CCN=C(N)N)C(=O)[C@H](CC2=CC(=CC=C2)C(=N)N)NS(=O)(=O)C3=CC4=CC=CC=C4C=C3,,
6852211,CC(C)C1=CC(=C(C(=C1)C(C)C)S(=O)(=O)N[C@@H](CC2=CC(=CC=C2)C(=N)N)C(=O)N3CCN(CC3)C(=O)C4CCN(CC4)C(=N)N)C(C)C,,
6852214,C[C@H]1[C@@H]([C@H]([C@H]([C@@H](O1)OC2=C(OC3=C(C(=CC(=C3C2=O)O)O)CCC(C)C)C4=CC=C(C=C4)OC)O)O)O,,
6852220,CCOC1=CC(=C(C(=C1)O[C@@H]2CCOC2)F)[C@H](C(=O)O)NC3=CC=C(C=C3)C(=N)N,,
6852373,CC1=C(N=C(N=C1N)[C@H](CC(=O)N)NC[C@@H](C(=O)N)N)C(=O)N[C@@H]([C@H](C2=CN=CN2)O[C@H]3[C@H]([C@H]([C@@H]([C@@H](O3)CO)O)O)O[C@@H]4[C@H]([C@H]([C@@H]([C@H](O4)CO)O)OC(=O)N)O)C(=O)N[C@H](C)[C@H]([C@H](C)C(=O)N[C@@H]([C@@H](C)O)C(=O)NCCC5=NC(=CS5)C6=NC(=CS6)C(=O)NCCCN[C@@H](C)C7=CC=CC=C7)O,,
6852374,CNC[C@@H](C1=CC(=C(C=C1)O)O)O.C(C(C(=O)O)O)(C(=O)O)O,,
6852386,C[N+]1(CCC2=CC3=C(C=C2[C@H]1[C@H]4C5=C(C6=C(C=C5)OCO6)C(=O)O4)OCO3)C.[Br-],,
6852390,C[C@]12CCC(=O)C=C1[C@@H](C[C@@H]3[C@@H]2[C@H](C[C@]4([C@H]3CC[C@@]4(C(=O)CO)O)C)O)O,,
6852391,CCCC[N+]1([C@@H]2CC(C[C@H]1[C@H]3[C@@H]2O3)OC(=O)[C@H](CO)C4=CC=CC=C4)C.[Br-],,
6852393,C[C@]12CC[C@H]3[C@H]([C@@H]1CC=C2)CC[C@@H]4[C@@]3(CCC(=O)C4)C,,
6852401,C[C@H]1[C@@H]([C@H]([C@H]([C@@H](O1)O[C@H]2C[C@H]([C@@]3([C@@H]4[C@@H](CC[C@@]3(C2)O)[C@]5(CC[C@@H]([C@]5(C[C@H]4O)C)C6CC(=O)OC6)O)CO)O)O)O)O,,
6852403,CC(C)C[C@H]1C(=O)N2CCCC2[C@]3(N1C(=O)[C@](O3)(C(C)C)NC(=O)[C@H]4CN(C5CC6=CNC7=CC=CC(=C67)C5=C4)C)O,,
6852404,CC(=O)O[C@H]1CC[C@@H]2[C@@]1(CC[C@H]3[C@H]2CCC4=C3C=CC(=C4)O)C,,
6852406,CN1[C@@H]2CC(C[C@H]1[C@H]3[C@@H]2O3)OC(=O)[C@H](CO)C4=CC=CC=C4.Cl,,
6852409,CC(C)NC[C@H](C1=CC(=C(C=C1)O)O)O.C(C(C(=O)O)O)(C(=O)O)O,,
6857341,CC1=CC(=C2C(=C1)O[C@]3(C2=O)C(=CC(=O)C=C3OC)C(=O)OC)O,,
6857346,C[C@@]12CC[C@@H](CC1=O)C(O2)(C)C,,
6857362,C[C@@H]([C@H]([C@H](C(=O)CO)O)O)O,,
6857365,C([C@@H]([C@@H]1[C@H]([C@@H](C(=O)O1)O)O)O)O,,
6857373,C(C(Cl)Cl)C(=O)O,,
6857375,CC(=O)NC1[C@@H](OC(C(C1O)O)CO)O,,
6857381,C([C@H]([C@H]([C@@H](C(=O)C(=O)[O-])O)O)O)O,,
6857386,C(C(=O)COP(=O)(O)O)OC=O,,
6857388,CC1=CC2=C(C=C1C)N(C=N2)[C@@H]3[C@@H]([C@@H]([C@H](O3)CO)OP(=O)([O-])O[C@H](C)CNC(=O)CC[C@@]\4([C@H]([C@@H]5[C@]6([C@@]([C@@H](C(=N6)/C(=C\7/[C@@]([C@@H](C(=N7)/C=C\8/C([C@@H](C(=N8)/C(=C4\[N-]5)/C)CCC(=O)N)(C)C)CCC(=O)N)(C)CC(=O)N)/C)CCC(=O)N)(C)CC(=O)N)C)CC(=O)N)C)O.[Co+3],,
6857396,CC(=O)N[C@@H]1[C@H](CC(O[C@H]1[C@@H]([C@@H](CO)O)O)(C(=O)[O-])O)O,,
6857400,C([C@H](CO)O)C(=O)C(=O)[O-],,
6857401,CC[C@H](C)C(=O)C(=O)[O-],,
6857410,C1=CN(C(=O)NC1=O)[C@H]2[C@@H]([C@@H]([C@H](O2)COP(=O)(O)OP(=O)(O)OC3[C@@H]([C@H]([C@H]([C@H](O3)CO)O)O)O)O)O,,
6857417,C([C@@H]([C@H]([C@@H]([C@@H](C(=O)O)O)O)O)O)O,,
6857474,C(CN(CC(=O)O)CC(=O)[O-])N(CCN(CC(=O)O)CC(=O)[O-])CC(=O)[O-].[Gd+3],,
6857538,C([C@H](C(=O)O)N)SSC[C@H](C(=O)O)N,,
6857549,C([C@H](C(=O)[O-])[NH3+])O,,
6857552,C(C(C(=O)[O-])[NH3+])O,,
6857581,C([C@@H](C(=O)[O-])[NH3+])O,,
6857680,C([C@@H]([C@H]([C@@H]([C@@H](C(=O)[O-])O)O)O)O)O,,
6857683,CC1=CC[C@H](OC1=O)[C@@H](C)[C@H]2CC[C@@]3([C@@]2(CC[C@]45[C@H]3CC[C@@H]6[C@]4(C5)CC[C@@H]([C@@]6(C)C(=O)O)O[C@H]7[C@@H]([C@H]([C@@H]([C@H](O7)CO)O)O)O)C)C,,
6857686,CC[C@@]1(CC[C@@H]2[C@@]1(C=CC3=C4CCC(=O)C=C4CC[C@@H]23)CC)O,,
6857690,CC1=C(C2=C(C=C1)[C@H](CN(C2)C(=O)N(C)C)C3=CC(=CC=C3)O)C,,
6857700,CC(C)[C@@H](C(=O)N[C@@H](CCCN=C(N)N)C(=O)C1=NC=CS1)NC(=O)C(=O)C2=CC(=CC=C2)Cl,,
6857707,CCOC(=O)N[C@@H](CCCCN)C(=O)C1=NOC(=N1)CC2=CC=C(C=C2)C(=O)NC3CC4=CC=CC=C4C3,,
6857712,CC(C)C[C@@H](C(=O)N[C@@H](CC1=CC=CC=C1)C(=O)C(=O)NC2CC2)NC(=O)OCCOCCOC,,
6857724,C[C@]12C[C@]34C[C@H]1C[C@@H]([C@H]3[C@](C(=O)C=C4)(C)CCC(=O)NC5=C(C=CC(=C5O)C(=O)O)O)O2,,
6857732,C[C@H]1C(=O)N([C@H]2CSC([C@@H](C(=O)N([C@H](C(=O)OC[C@H](C(=O)N1)NC(=O)C3=NC4=CC=CC=C4N=C3)C(C)C)C)N(C(=O)[C@@H](NC(=O)[C@@H](COC(=O)[C@@H](N(C2=O)C)C(C)C)NC(=O)C5=NC6=CC=CC=C6N=C5)C)C)SC)C,,
6857761,COC1=CC2=C(C=C1)C(=O)/C(=C\C3=CC(=C(C=C3)O)O)/CO2,,
6857762,C1=CC=C(C=C1)/C=C/C(=O)C2=C(C=C(C=C2)O[C@H]3[C@@H]([C@H]([C@@H]([C@H](O3)CO)O)O)O)O,,
6857763,CC(C)/C(=C/1\C2[C@]([C@@H](OC1=O)C3=COC=C3)(C([C@H]([C@@]45[C@]26[C@@H]([C@]7(C(C8(CC7([C@]4([C@H]8CC(=O)OC)C)OC(O5)(O6)C)C)OC(=O)C)OC)OC)OC)OC(=O)C(C)C)C)/OC,,
6857783,C/C=C(/C)\C(=O)O[C@@H]1[C@@H]([C@@]2([C@@H](C[C@@]3(C(=CCC4[C@]3(CCC5[C@@]4(CC[C@@H]([C@]5(C)CO)O[C@H]6[C@@H]([C@H]([C@@H]([C@H](O6)C(=O)O)O[C@H]7[C@@H]([C@H]([C@@H]([C@H](O7)CO)O)O)O)O)O[C@H]8[C@@H]([C@H]([C@@H]([C@H](O8)CO)O)O)O)C)C)C2CC1(C)C)C)O)CO)OC(=O)C,,
6857784,C[C@@]12CCC3C(CC(=O)O[C@]3(C1)C4CC(C4CC2)(C)C)C(=O)O,,
6857785,CC(=CCCC1(C=CC2=C(O1)C(=C3C(=C2OC)C(=O)C4=CC5CC6C4(O3)C(C5=O)(OC6(C)C)C/C=C(/C)\C(=O)OC)CC=C(C)C)C)C,,
6857789,CC(=CCCC1(C=CC2=C(O1)C(=C3C(=C2OC(=O)C)C(=O)C4=C[C@@H]5CC6[C@@]4(O3)C(C5=O)(OC6(C)C)C/C=C(\C)/C(=O)O)CC=C(C)C)C)C,,
6857790,CC(=O)OC1CC2=CC3=C(C=C2OC1(C)C)OC=C(C3=O)C4=C(C5=C(C=C4)OC(C=C5)(C)C)OC,,
6857791,COC1=CC2=C(C=C1)C(=O)/C(=C\C3=CC(=C(C=C3)OC)OC)/CO2,,
6857792,C=CCCCCCCCCCCCC1=CC=CO1,,
6857793,CC(=CCCC1(C=CC2=C(C3=C(C(=C2O1)CC=C(C)C)OC45C6CC(C=C4C3=O)C(C5(OC6(C)C)C/C=C(/C)\C(=O)O)O)O)C)C,,
6857794,CC(=CCCC1(C=CC2=C(C3=C(C(=C2O1)CC=C(C)C)OC45C(CCC=C4C3=O)C(O[C@@]5(C/C=C(\C)/C(=O)O)C(=O)O)(C)C)O)C)C,,
6857795,CCCCCCCCCCCCCC1=CC=CO1,,
6857797,C#CCCCCCCCCCCCC1=CC=CO1,,
6857802,CCCCCCC1=CC(=CC=C1)NC(=O)[C@@H](CCP(=O)(O)O)N,,
6857837,CCCCCCCC/C=C\CCCCCCCC(=O)N(C)CCS(=O)(=O)O,,
6858005,C[C@H]1/C=C/C=C/2\CO[C@H]3[C@@]2([C@@H](C=C([C@H]3O)C)C(=O)O[C@H]4C[C@@H](C/C=C(/[C@H]1O[C@H]5C[C@@H]([C@H]([C@@H](O5)C)O[C@H]6C[C@@H]([C@H]([C@@H](O6)C)O)OC)OC)\C)O[C@]7(C4)C=C[C@@H]([C@H](O7)C(C)C)C)O,,
6858006,CCC(C)[C@@H]1[C@H](C=C[C@@]2(O1)C[C@@H]3C[C@H](O2)C/C=C(/[C@H]([C@H](/C=C/C=C/4\CO[C@H]5[C@@]4([C@@H](C=C([C@H]5O)C)C(=O)O3)O)C)O[C@H]6C[C@@H]([C@H]([C@@H](O6)C)O[C@H]7C[C@@H]([C@H]([C@@H](O7)C)O)OC)OC)\C)C,,
6858351,CC1=CC=C(C=C1)/C=N/N2C(=NNC2=S)C3=CC=CO3,,
6858439,C1=CC(=C(C=C1C2=CC=C(O2)/C=N/N3C=NN=C3)[N+](=O)[O-])Cl,,
6858606,C1=CC=C(C=C1)/C=N/N2C=NC3=CC=CC=C3C2=O,,
6859066,CC1=CC=C(O1)/C=N/N2C(=NNC2=S)C3=CC(=CC=C3)Cl,,
6859205,CC1=C(C=CC(=C1)C(=O)O)C2=CC=C(O2)/C=N/N3C=NN=C3,,
6859360,C1=CC=C(C=C1)/C=C(/C=N/N2C(=NNC2=S)C3=CC=CO3)\Cl,,
6859846,CNC(=S)N(C)/N=C/1\C2=CC=CC=C2N(C1=O)CC3=C(C=CC=C3Cl)Cl,,
6861279,C1CCC(CC1)C2=NNC(=S)N2/N=C/C3=CC=CC=C3OCC(=O)O,,
6861407,C1=CC(=CC=C1/C=N/NC(=O)C2=CC=NC=C2)F,,
6861419,C1=CC=C(C=C1)/C=N/NC(=O)N,,
6861473,C1=CC=C(C=C1)C(=O)N/N=C/C2=CC=CC=C2Cl,,
6861475,CN(C)C1=CC=C(C=C1)/C=N/NC(=O)C2=CC=CC=C2,,
6861478,C1=CC=C(C=C1)C(=O)N/N=C/C2=CC(=CC=C2)Cl,,
6861487,CC1=NC2=CC=CC=C2C(=O)N1/N=C/C3=CC=C(C=C3)N(C)C,,
6861488,C1=CC=C(C=C1)NC(=O)/C=N/O,,
6861503,CN(C)C1=CC=C(C=C1)/C=N/NC(=O)C2=CC=NC=C2,,
6861518,C1=CC(=CC=C1/C=N/NC(=O)C2=CC=NC=C2)Cl,,
6861519,C1=CC(=CC=C1/C=N/NC(=O)C2=CC=NC=C2)[N+](=O)[O-],,
6861531,C1=CC=C(C=C1)/C=N/NC(=O)C(=O)N/N=C/C2=CC=CC=C2,,
6861534,C1=CC=C(C=C1)C(=O)N/N=C/C2=CC=C(C=C2)Cl,,
6861535,COC1=CC=C(C=C1)/C=N/NC(=O)C2=CC=CC=C2,,
6861539,C1=CC(=C(C=C1Cl)Cl)/C=N/NC(=O)C2=CC=NC=C2,,
6861631,C1=CC=C(C=C1)C(=O)N/N=C/C2=CC(=CC=C2)[N+](=O)[O-],,
6861632,C1=CC=C(C=C1)C(=O)N/N=C/C2=CC=C(C=C2)[N+](=O)[O-],,
6861696,C1=CC=C(C=C1)/C=C(\C=N\NC(=O)C2=CC=CO2)/Cl,,
6861722,COC1=CC=CC=C1/C=C/C=N/NC(=O)C2=CC=CS2,,
6861947,CC1=CC=C(C=C1)/C=N/NC(=O)C2=NNC3=C2CCCC3,,
6861960,C1CCC2=C(C1)C(=NN2)C(=O)N/N=C/C3=CC=C(C=C3)Cl,,
6862315,CC(C)C1=CC=C(C=C1)/C=N/NC(=O)C2=CC(=NN2)C3=CC(=CC=C3)[N+](=O)[O-],,
6862328,CCC1=CC=C(C=C1)/C=N/NC(=O)C2=CC(=NN2)C3=CC(=CC=C3)[N+](=O)[O-],,
6862341,CCN1C(=C(C(=N1)C)/C=N/NC(=O)CSC2=CC=CC=N2)C,,
6862358,C1=CC=C(C=C1)/C=C/C=N/NC(=O)C2=CC=NC=C2,,
6862500,CN1C=CC=C1/C=N/NC(=O)CC2=CC=CS2,,
6862517,CN1C=CC=C1CC(=O)N/N=C/C2=CC=CO2,,
6862522,C1=CC=C(C(=C1)/C=N/NC(=O)C2=CC=NC=C2)[N+](=O)[O-],,
6862586,C1=CC=C(C=C1)/C=C/C=N/NC2=NC(=O)NN=C2,,
6862671,C1OC2=C(O1)C=C(C=C2)/C=N/NC(=O)C3=CN=CC=C3,,
6862672,C1=CC=C(C(=C1)/C=N/NC(=O)C2=CN=CC=C2)Cl,,
6862673,C1=CC=C2C(=C1)C=CC=C2/C=N/NC(=O)C3=CN=CC=C3,,
6862721,C1=CC(=CN=C1)/C=N/NC(=O)C2=CC=C(C=C2)O,,
6862724,C1=CC=C(C=C1)C2=CC=C(O2)/C=N/NC(=O)N,,
6862726,C1=CC=C(C=C1)C(=O)N/N=C/C2=CC=NC=C2,,
6863419,CC1=NC2=CC=CC=C2C(=C1)C(=O)N/N=C/C3=CC=C(C=C3)[N+](=O)[O-],,
6864219,CC(C)C1=CC(=NN1)C(=O)N/N=C/C2=CC=CO2,,
6864429,CC1=NC=C(C=C1)C(=O)N/N=C/C2=CC=C(O2)C3=CC=CC=C3[N+](=O)[O-],,
6864792,C1=CC=C(C=C1)/C=C/C=N/NC(=O)CSC2=NNC(=O)NC2=O,,
6865077,C/C(=C\C1=CC=CO1)/C=N/NC(=O)C2=CC=CC=N2,,
6865137,C1=CC=C(C(=C1)/C=C/C=N/NC(=O)C2=CC=CS2)[N+](=O)[O-],,
6865176,CN1C=CC=C1CC(=O)N/N=C/C2=CC(=C(C=C2)Cl)[N+](=O)[O-],,
6865182,C/C(=C/C1=CC=CO1)/C=N/NC(=O)CC2=CC=CN2C,,
6865187,C1=CC=C(C(=C1)/C=C/C=N/NC(=O)CC2=CC=CS2)[N+](=O)[O-],,
6865735,C1=CC=C2C(=C1)N=C(O2)SCC(=O)N/N=C/C3=CC=C(C=C3)C(=O)O,,
6866216,CN1C=C(C2=CC=CC=C21)C(=O)N/N=C/C3=CC4=C(C=C3)OCO4,,
6866332,CC1=CC=CC=C1C(=O)NC2=NN=C(S2)CC(=O)N/N=C/C3=CC=NC=C3,,
6866442,CC1=NN(C=C1/C=N/NC(=O)CN2N=C(N=N2)N)C,,
6866730,CC1=C(C=CC=C1[N+](=O)[O-])C2=CC=C(O2)/C=N/NC(=O)C(=O)NC3=CC=CC=C3F,,
6866788,C/C(=C/C1=CC=CC=C1)/C=N/NC(=O)C2=NC=CN=C2,,
6867577,CN(C)C1=CC=C(C=C1)/C=N/NC(=O)CSC2=CC=CC=N2,,
6867617,COC1=C(C=C(C=C1)/C=N/NC(=O)CSC2=CC=CC=N2)OC,,
6867807,CC1=CC=NN1CC(=O)N/N=C/C2=CC=C(S2)[N+](=O)[O-],,
6867952,CN1C2=C(C(=O)N(C1=O)C)N(C(=N2)N/N=C/C3=CC=C(C=C3)OC(=O)C4=CC=CO4)CC5=CC=C(C=C5)F,,
6868790,C1=COC(=C1)/C=N/N2C=NN=C2,,
6868858,CC1=CC=C(O1)/C=N/NC(=O)C2=C(N(N=N2)C3=NON=C3N)C,,
6868899,CC1=C(C=CO1)C(=O)N/N=C/C2=CC=CC=C2[N+](=O)[O-],,
6869015,C1=CC(=CC=C1NC(=O)/C=N/O)F,,
6869164,C1=CC=C(C=C1)/C=N/NC(=O)C2=CC=CO2,,
6869209,C1=CSC(=C1)C(=O)N/N=C/C2=CC=C(C=C2)[N+](=O)[O-],,
6869295,C1=CC=C(C=C1)/C=C(/C=N/NC(=O)C2=CN=CC=C2)\Br,,
6869472,C/C(=C\C1=CC=CC=C1)/C=N/NC(=O)C2=CC(=NN2)C3=CC=CN3C,,
6869531,CC1=CC=C(S1)C2=CC(=NN2)C(=O)N/N=C/C3=CC=CO3,,
6869553,CC1=C(C(=NN1C2=CC=CC=C2)C)/C=N/NC(=O)C3=NNC(=C3)C4=CC=C(S4)Cl,,
6869559,C1=CN=CC=C1/C=N/NC(=O)C2=NNC(=C2)C3=CC=C(S3)Br,,
6870256,CC1=NNC(=S)N(C1=O)/N=C/C2=CC(=CC=C2)[N+](=O)[O-],,
6870299,CCN(CC)C1=CC=C(C=C1)/C=N/NC(=O)C2=CC=NC=C2,,
6870302,C1=CC(=CC(=C1)[N+](=O)[O-])/C=N/NC(=O)C2=CC=NC=C2,,
6870303,C1=CC=C(C=C1)/C=N/NC(=O)C2=CC=NC=C2,,
6870343,CC1=NC2=CC=CC=C2C(=O)N1/N=C/C=C/C3=CC=CC=C3,,
6870357,C1=CC(=CN=C1)C(=O)N/N=C/C2=CC=C(S2)[N+](=O)[O-],,
6870646,C1C(=O)NC(=O)N1/N=C/C=C/C2=CC=C(O2)[N+](=O)[O-],,
6870699,CN(C)C1=CC=C(C=C1)/C=N/NC(=O)C2=CC3=C(C=C2)OCO3,,
6870715,C1=CC(=CC=C1C2=CC=C(O2)/C=N/NC(=O)N)[N+](=O)[O-],,
6870761,C1=COC(=C1)/C=N/NC(=O)C2=CC=C(C=C2)O,,
6870927,CCN(CC)C1=CC=C(C=C1)/C=N/NC(=O)C2=CC=CC=C2,,
6870931,C1=CC=C(C=C1)C(=O)N/N=C/C2=CN=CC=C2,,
6871212,COC1=C(C(=C(C=C1)/C=N/NC(=O)C2=CC=NC=C2)C(=O)O)OC,,
6871288,C1=COC(=C1)/C=N/O,,
6871299,CC1=CC=CC=C1NC(=O)/C=N/O,,
6871425,CC1=CC(=NN1)C(=O)N/N=C/C2=CC=NC=C2,,
6871660,C1=CC=NC(=C1)C(=O)N/N=C/C2=CC=NC=C2,,
6871707,CC(=O)OC1=C(C=C(C=C1)/C=N/NC(=O)C2=CC=NC=C2)OC,,
6872189,C1OC2=C(O1)C=C(C=C2)C(=O)N/N=C/C3=CC=CC=C3,,
6872294,CC1=CC=C(O1)C2=CC(=NN2)C(=O)N/N=C/C3=CN=CC=C3,,
6872295,CCC1=C(C(=NN1)C(=O)N/N=C/C2=CC=NC=C2)C,,
6872349,CC1=C(C2=C(O1)C=C(C(=C2)OC)/C=N/NC(=S)N)C3=CC=CC=C3,,
6872649,C1=CC(=CC(=C1)OC2=C(C=C(C=C2)[N+](=O)[O-])C#N)/C=N/NC(=O)C3=CC(=CC=C3)Cl,,
6872668,COC1=C(C=CC(=C1)/C=N/NC(=O)C2=CC=CC=C2)OS(=O)(=O)C3=CC=CC=C3,,
6873935,C1=CC=C2C(=C1)C=CC=C2/C=N/NC(=O)C3=CC4=CC=CC=C4O3,,
6874482,CCCC1=CC=C(C=C1)OCC2=CC=C(O2)C(=O)N/N=C/C3=CN=CC=C3,,
6874504,CC1=NN(C(=C1[N+](=O)[O-])C(=O)N/N=C/C2=CC=CC=N2)C,,
6874517,CC1=C(C(=NN1CC2=CC=C(O2)C(=O)N/N=C/C3=CC=NC=C3)C)Cl,,
6874623,CC1=CC(=NN1CC2=CC(=CC=C2)C(=O)N/N=C/C3=CN=CC=C3)C,,
6874813,CC1=C(SC2=C1C(=O)N(C(=N2)C)/N=C/C3=CC=C(C=C3)OC)C,,
6875210,CN1C=C(C(=N1)C(=O)N/N=C/C2=CC=C(C=C2)OS(=O)(=O)C3=CC=CC=C3)Cl,,
6875690,CC1=C(C=C(C=C1)NC(=O)CCC(=O)N/N=C/C2=CC=C(O2)[N+](=O)[O-])C,,
6876216,COC1=CC(=C(C=C1)/C=N/NC(=O)C2=CC3=C(O2)C=CC4=CC=CC=C43)OC,,
6876295,C1=CC(=CN=C1)C(=O)N/N=C/C2=CC=CS2,,
6876572,CC1=C(C=CC=C1Cl)NC(=O)CCC(=O)N/N=C/C2=CC=CO2,,
6877491,CCN(CC)CC1=C(N=NN1C2=NON=C2N)C(=O)N/N=C/C3=CC=NC=C3,,
6878171,CC(=O)/C(=N/NC1=CC=C(C=C1)OC)/N2CCCC3=CC=CC=C32,,
6878394,CC1=CC(=CC=C1)C2=NNC(=S)N2/N=C/C3=CC=C(O3)C,,
6878439,CSC1=CC=C(C=C1)/C=N/NC(=O)C2=CC=CS2,,
6878537,CC1=C(C2=C(N1C)C=CC(=C2)OC)C(=O)N/N=C/C3=CC=CC=C3Cl,,
6878689,CC1=C(C=CO1)C(=O)N/N=C/C2=CC=CC3=CC=CC=C32,,
6878785,C1=CSC(=C1)C(=O)N/N=C/C2=CC=C(S2)Br,,
6878849,CN(C)C1=CC=C(C=C1)/C=N/NC(=O)C2=CC=CC=N2,,
6878959,CC1=C(C=CO1)C(=O)N/N=C/C2=CC=C(C=C2)C3=CC=CC=C3,,
6878972,C1=CC=C(C(=C1)C2=NNC(=S)N2/N=C/C=C/C3=CC=CO3)Cl,,
6879025,C1CN(CCN1CC2=CC=CC=C2)CC(=O)N/N=C/C3=CC=CO3,,
6879304,CC1=CC(=CC=C1)C2=NNC(=S)N2/N=C/C=C/C3=CC=CO3,,
6879499,CC1=CC(=CC=C1)/C=N/NC(=O)CC2=CC=CS2,,
6879730,CC1=CC(=CC=C1)C2=NNC(=S)N2/N=C/C3=CC=CO3,,
6879789,CCC1=CC=C(C=C1)/C=N/NC(=O)C2=CC=CC=N2,,
6879958,CCN(CC)C1=CC=C(C=C1)/C=N/NC(=O)C2=CC=CC=N2,,
6880083,CC1=C(C=NN1C)/C=N/NC(=O)C2=CC=C(O2)Br,,
6880157,COC1=CC=CC=C1/C=C/C=N/NC(=O)C2=CC=CC=N2,,
6880299,C/C(=C\C1=CC=CC=C1)/C=N/NC(=O)C2=CC=CS2,,
6880356,CC1=CC(=C(O1)C)C(=O)N/N=C/C2=CC=CC3=CC=CC=C32,,
6880392,CN1C=CC=C1/C=N/NC(=O)C2=CC=CS2,,
6880401,COC1=CC=CC(=C1)/C=N/NC(=O)C2=CC=CS2,,
6880766,C1=CC2=C(C(=C1)SCC(=O)N/N=C/C3=CC=C(C=C3)F)N=CC=C2,,
6880792,COC(=O)N/N=C/C1=CN(C2=CC=CC=C21)CCOC3=CC=CC=C3,,
6880996,C1CN(CCN1CC2=CC=CC=C2Cl)/N=C/C=C/C3=CC=CO3,,
6881239,C1=CC=C(C=C1)/C=C(/C=N/NC(=O)C2=CC=NC=C2)\Br,,
6881316,COC1=C(C=C(C=C1)/C=N/NC(=O)C2=CC=CC=C2O)CN3C=C(C=N3)[N+](=O)[O-],,
6881370,COC(=O)N/N=C/C1=CC=C(O1)C2=CC=CC=C2Cl,,
6881378,COC(=O)N/N=C/C1=CN(C2=CC=CC=C21)CC3=CC=CC=C3F,,
6881453,C1COCCN1CCCNC(=O)C(=O)N/N=C/C2=CC=CC3=CC=CC=C32,,
6882070,COC1=C(C=CC(=C1)[N+](=O)[O-])C2=CC=C(O2)/C=N/NC(=O)N,,
6882801,CC1=CC=C(C=C1)C2=CC=C(O2)/C=N/NC(=S)N,,
6882908,C1=CC(=CC(=C1)C(=O)O)C2=CC=C(O2)/C=N/NC(=O)C3=CN=CC=C3,,
6883461,COC(=O)C1=CC=C(O1)COC2=CC=CC=C2/C=N/O,,
6883540,COC1=CC=C(C=C1)OCCOC2=CC=CC=C2/C=N/NC(=O)OC,,
6883670,COC(=O)N/N=C/C1=CC=C(O1)C2=C(C=C(C=C2)Cl)Cl,,
6884242,C1=CN=CC=C1/C=N/NC(=O)CN2N=C(N=N2)N,,
6884289,C1CC1C2=NC3=CC=CC=C3C(=C2)C(=O)N/N=C/C4=CN=CC=C4,,
6884292,C1=CC(=CN=C1)/C=N/NC(=O)CN2C=NC=N2,,
6884314,C1C(=O)N(/C(=N/N=C/C2=CC=CO2)/S1)C3=CC=CC=C3,,
6884455,CC1=NC(=CC=C1)/C=N/NC(=O)C2=CC(=NC3=CC=CC=C32)C,,
6884470,C1=CC(=CC(=C1)Cl)/C=N/NC(=O)CN2C=NC=N2,,
6884534,CCN1C(=C(C(=N1)C)/C=N/NC(=O)CN2N=C(N=N2)N)C,,
6884569,CC(C)C1=CC=C(C=C1)/C=C(\C)/C=N/NC(=O)CN2N=C(N=N2)N,,
6884580,CC1=NC(=CC=C1)/C=N/NC(=O)CN2C(=NN=N2)N,,
6884592,C1=CC=NC(=C1)/C=N/NC(=O)CN2C(=NN=N2)N,,
6884647,C1=CC=C(C=C1)/C=N/NC(=O)CN2N=C(N=N2)N,,
6884666,CCCOC1=C(C=C(C=C1)/C=N/NC(=O)CSC2=CC=CC=N2)OC,,
6884695,CC1=NC2=CC=CC=C2C(=C1)C(=O)N/N=C/C3=CC=CC=N3,,
6884719,CC(C)OC1=C(C=C(C=C1)/C=N/NC(=O)CSC2=CC=CC=N2)OC,,
6884762,C1=CN=CC=C1/C=N/NC(=O)CN2C=NC=N2,,
6884937,CC1=CC(=NN1)C(=O)N/N=C/C2=C(N(N=C2C)C3=CC=CC=C3)Cl,,
6885043,CCN1C(=NN=C1SCC(=O)N/N=C/C=C/C2=CC=CO2)C3=CC=C(C=C3)OC,,
6885183,C1=CC=NC(=C1)/C=N/NC(=O)C2=CN=CC=C2,,
6885304,C1CN(CCN1CC2=CC=CC=C2)CC(=O)N/N=C/C3=CC=CC=C3,,
6885425,C1=CC=C2C=C(C=CC2=C1)NCC(=O)N/N=C/C3=CC=CC=N3,,
6885749,C1=CC=C2C(=C1)C=CC3=C2C(=O)C(=CO3)/C=N/NC(=O)N,,
6886357,CN1C=CC=C1CC(=O)N/N=C/C2=CC=C(C=C2)Cl,,
6886486,C1CN(CCN1CC2=CC=CC=C2Cl)CC(=O)N/N=C/C=C/C3=CC=CO3,,
6886814,COC(=O)C1=CC=C(C=C1)COC2=CC=C(C=C2)/C=N/O,,
6887713,C1=CC2=C(C=C1O)C(=O)C(=CO2)/C=N/NC(=S)N,,
6888521,CC1=C(C(=NN1)C)CCC(=O)N/N=C/C2=C(C=CC(=C2)OC)OC,,
6888765,CC1=C(C(=NN1)C)CCC(=O)N/N=C/C2=CC(=C(C(=C2)OC)OC)OC,,
6889114,COC1=CC=CC(=C1)/C=N/NC(=O)CCN2C=NC3=CC=CC=C32,,
6889192,COC1=CC=CC(=C1)/C=N/NC(=O)CCN2C3=CC=CC=C3N=N2,,
6889750,C1COCCN1CCCNC(=O)C(=O)N/N=C/C2=CC=CC=C2Cl,,
6889967,COC1=CC=C(C=C1)/C=N/NC(=O)C2=CC3=CC(=C(C=C3N2)OC)OC,,
6890193,CC1=CC(=NN1)C2=NNC(=S)N2/N=C/C3=CC=CO3,,
6890306,COC1=C(C=C2C(=C1)C=C(N2)C(=O)N/N=C/C3=CC=CC=C3Cl)OC,,
6890368,COC1=CC=C(C=C1)C2=NN(C=C2/C=N/N3C(=O)CSC3=S)C4=CC=CC=C4,,
6891152,CC1=CC(=NN1)C2=NNC(=S)N2/N=C/C=C/C3=CC=CO3,,
6891153,CN(CC1=C(N=NN1C2=NON=C2N)C(=O)N/N=C/C3=C(C=CC=C3Cl)F)C4=CC=CC=C4,,
6892676,CCOC1=CC=C(C=C1)OC2=C(C(=NN2C3=CC=CC=C3)C)/C=N/NC(=O)C4CC4,,
6893084,C1=CC=C(C=C1)/C=C/C=N/NC2=CC=C(C=C2)C(=O)O,,
6893363,C1=CC(=CN=C1)/C=N/NC(=S)NCC2=CC=CO2,,
6893383,C1=CC=C2C(=C1)C=CC=C2OCC(=O)N/N=C/C3=CC=CO3,,
6893640,C1=CC=C(C(=C1)C(=O)N/N=C/C2=CC(=CC=C2)O)O,,
6893676,C1=CC(=C(C(=C1)Cl)/C=N/NC(=O)C2=CN=CC=C2)Cl,,
6893809,C1=CC=C(C(=C1)/C=N/NC(=O)C2=CN=CC=C2)[N+](=O)[O-],,
6893814,C1=CC(=CN=C1)C(=O)N/N=C/C2=CC=C(C=C2)Cl,,
6894075,C1=CC(=CC(=C1)Cl)C(=O)N/N=C/C2=CN=CC=C2,,
6894112,COC1=CC(=CC(=C1OC)OC)/C=N/NC(=O)CC2=CC=CC=C2,,
6894412,CC1=NC2=CC=CC=C2C(=O)N1/N=C/C3=CC(=C(C=C3)OC)OC,,
6894797,CCOC(=O)N/N=C/C1=CN=CC=C1,,
6894875,C1=CC=C(C=C1)NC(=O)N/N=C/C2=CC=CO2,,
6894999,C1COCCN1CC(=O)N/N=C/C2=CC=CC3=CC=CC=C32,,
6895242,C1=CC=C(C=C1)C2=NN(C=C2/C=N/NC(=O)N)C3=CC=CC=C3,,
6895403,COC1=C(C=C(C=C1)/C=N/NC(=O)CC2=CC=CC3=CC=CC=C32)OC,,
6895692,C1=CC=C(C=C1)/C=N/NC(=O)C2=CC=C(C=C2)N,,
6896850,CN(C)C1=CC=C(C=C1)C(=O)N/N=C/C2=CC=CC=N2,,
6896980,C1OC2=C(O1)C=C(C=C2)/C=N/NC(=O)CSCC3=CC(=CC=C3)Br,,
6897208,C1=CC=C2C(=C1)C(=O)C(=CO2)/C=N/NC(=O)C3=CC=NC=C3,,
6897321,C1=CC(=CC=C1C(=O)N/N=C/C2=CC=C(S2)[N+](=O)[O-])O,,
6897752,C1=C(OC(=C1)[N+](=O)[O-])/C=N/N=C/C2=CC=C(O2)[N+](=O)[O-],,
6898294,COC1=CC=CC(=C1)/C=N/NC(=O)C2=CC=C(C=C2)N3CCCC3=O,,
6898871,C1=CSC(=C1)C(=O)N/N=C/C2=CC=C(O2)[N+](=O)[O-],,
6898921,CCN(CC)C1=CC=C(C=C1)/C=N/NC(=O)C2=CC=C(C=C2)N,,
6899008,CC(C)(C)OC(=O)N/N=C/C1=CC(=CC=C1)[N+](=O)[O-],,
6899614,C1=CC(=CC=C1C(=O)O)N/N=C/C=C/C2=CC=C(O2)[N+](=O)[O-],,
6900270,C1=CC=C(C=C1)COC2=CC=C(C=C2)/C=N/NC(=O)C3=CC=C(C=C3)O,,
6900541,CN1C=CC=C1C2=NNC(=C2)C(=O)N/N=C/C=C/C3=CC=CC=C3,,
6905900,COC1=C(C=CC(=C1)/C=N/NC(=O)C2=CN=CC=C2)OCC(=O)NC3=CC=CC=C3Cl,,
6905916,C1CCN(CC1)C2=NC(=C(S2)/C=N/NC(=O)C3=CN=CC=C3)C4=CC=CS4,,
6905957,C1=CC(=CC=C1/C=N/O)C(=O)O,,
6906007,C1COCCN1C2=CC=C(C=C2)/C=N/NC(=O)C3=CC=NC=C3,,
6906205,C1=CC(=CC=C1/C=N/NC(=O)C2=CC=C(C=C2)O)C(F)(F)F,,
6906548,C1=CC=C(C(=C1)/C=N/NC(=O)C2=CC(=NC3=CC=CC=C32)C4=CC=CO4)C(=O)O,,
6906996,COC1=C(C=C(C=C1)C(=O)N/N=C/C2=CC=CC=C2C(=O)O)OC,,
6911989,C1=CC=C(C(=C1)C/C(=N/NC2=NC(=CS2)C3=CC(=C(C=C3)Cl)Cl)/C(=O)O)[N+](=O)[O-],,
6912016,CO[C@@H]1[C@@H]([C@H](O[C@H]1N2C=CC(=O)NC2=O)CO)OP(=S)(O)OC[C@@H]3[C@H](C[C@@H](O3)N4C=NC5=C(N=CN=C54)N)O,,
6912076,CCCCCC[C@H](C/C=C\CCCCCCCC(=O)OCC(CO)(CO)CO)O,,
6912226,C[C@H](CCC(=O)O)C[C@H](C)C[C@H](C)C(=O)/C=C(/[C@H](C)C[C@H](C)C/C=C/[C@@H](C)[C@H]([C@@H](C)[C@H](C[C@@H]1CC[C@@](O1)(C)[C@H]2CC[C@@](O2)(C)[C@@H](C)O)O)O)\O,,
6912389,CCCCC/C=C\C/C=C\CCCCCCCC(=O)O[C@H](CC(=O)O)C[N+](C)(C)C,,
6912404,CCCCCCCCCCCC(=O)CC(=O)N[C@@H]1[C@H]([C@@H]([C@H](O[C@@H]1OP(=O)(O)O)CO[C@H]2[C@@H]([C@H]([C@@H]([C@H](O2)COC)OP(=O)(O)O)OCC[C@@H](CCCCCCC)OC)NC(=O)CCCCCCCCC/C=C\CCCCCC)O)OCCCCCCCCCC,,
6912870,CCCCCCCC/C=C\CCCCCCCC(=O)N(C)CC(=O)O,,
6913104,CCCC1=C(C=CC(=C1O)C(=O)C)OCCCC/C=C\C=C\[C@@H]([C@@H](C2=CC(=CC=C2)C(F)(F)F)O)SC3=CC4=C(C=C3)C(=O)C=C(O4)C(=O)O,,
6913185,C\1CN(C(=O)/C1=C/C2=C(NC3=C2C(=CC(=C3)Cl)Cl)C(=O)O)C4=CC=CC=C4,,
6913994,C[C@@](/C=C/[C@H]1CC=CC(=O)O1)([C@@H](C[C@H](/C=C\C=C/C=C/CO)O)OP(=O)(O)O)O,,
6914062,CC/C=C\CCCC(=O)OC,,
6914152,CN1CCN(CC1)C2=CC=CC=C2/C=C\3/C(=O)N(CCS3)C4=CC(=C(C=C4)Cl)Cl,,
6914273,C1C(=O)NC(=O)N1/N=C/C2=CC=C(O2)C3=CC=C(C=C3)[N+](=O)[O-],,
6914565,CNC(=O)C1=CC(=C(C=C1)OC2=C(C=C(C=C2)Cl)O)Cl,,
6914566,C1COCCN1C(=O)NC2=CC(=C(C=C2)OC3=C(C=C(C=C3)Cl)O)Cl,,
6914573,C1=CC=C(C(=C1)C(F)(F)F)S(=O)(=O)NNC(=O)C2=CC3=C(O2)C=CC(=C3)Cl,,
6914575,C1CCC(CC1)C[C@H](C(=O)N2CCC[C@H]2C(=O)NCC3=CN=C(C=C3)C(=N)N)NCC(=O)O,,
6914579,CCCCCCCC(=O)N[C@H]1CCOC1=O,,
6914587,CC(C)[C@@H]1[C@H]2[C@@H]3CCCN3[C@H]([C@H]2C(=O)N1CC4=CC=C(C=C4)Cl)C5=CC=C(C=C5)C(=N)N,,
6914588,CC(C)[C@@H]1[C@H]2[C@@H]3CCCN3[C@H]([C@H]2C(=O)N1CC4=CC=C(C=C4)OC)C5=CC=C(C=C5)C(=N)N,,
6914595,C1=CC=C(C=C1)C(=O)C2=C(C(=C(C=C2)O)O)[N+](=O)[O-],,
6914621,CC1=NC2=CC=CC=C2C(=C1)COC3=CC=C(C=C3)[C@@]4(CCN(C4=O)[C@H](C)C(=O)NO)C,,
6914623,C1CN(C[C@@H]1O)CC2=CC=CC=C2C3=CC=C(C=C3)N4CCC5=C(C4=O)N(N=C5C(F)(F)F)C6=CC7=C(C=C6)ON=C7N,,
6914624,C1=CC2=C(C(=NC=C2C(=C1)I)C(=O)NCC(=O)O)O,,
6914627,CCC1=C(C(=NC(=N1)N)N)C2=CC3=C(C=C2)OC(C(=O)N3CCNC(=O)C)(C)C,,
6914628,CCC1=C(C(=NC(=N1)N)N)C2=CC3=C(C=C2)OC(C(=O)N3CCCOC)C4=CC(=CC(=C4)F)F,,
6914629,CCC1=C(C(=NC(=N1)N)N)C2=CC3=C(C=C2)OC(C(=O)N3CCCOC)(C)C,,
6914643,CN1C2=C(C(=O)N(C1=O)C)N(C(=N2)N3CCC[C@H](C3)N)CC4=CC=CC=C4C#N,,
6914644,CC1=CC(=C(C=C1Cl)N)S(=O)(=O)N2CCC[C@H]2C(=O)O,,
6914645,C[C@@H](C(=O)NCC(=O)OC)NC(=O)[C@H]([C@@H](C1=CC=C(C=C1)C(F)(F)F)N)O,,
6914657,C1CN(CCC1CCCCNC(=O)/C=C/C2=CN=CC=C2)C(=O)C3=CC=CC=C3,,
6914659,COC(=O)C(CC1=CC=CC=C1)(CC2=CC=C(C=C2)NS(=O)(=O)O)C(=O)OC,,
6914660,CCOC(=O)C(CCNC(=O)OC(C)(C)C)(CC1=CC=C(C=C1)NS(=O)(=O)O)C(=O)OCC,,
6914662,CCCCCCCCCCCCCCCCCCCCCCCCOC(=O)CCCCCCCCCCCCCCC,,
6914666,C1=CC=C2C(=C1)C(=C(N=C2Cl)C(=O)NCC(=O)O)O,,
6915744,CC[C@@H]1[C@@]([C@@H]([C@H](/C(=N/OCOCCOC)/[C@@H](C[C@@]([C@@H]([C@H]([C@@H]([C@H](C(=O)O1)C)O[C@H]2C[C@@]([C@H]([C@@H](O2)C)O)(C)OC)C)O[C@H]3[C@@H]([C@H](C[C@H](O3)C)N(C)C)O)(C)O)C)C)O)(C)O,,
6915830,CCC(CO)NC(=O)[C@H]1CN([C@@H]2CC3=CN(C4=CC=CC(=C34)C2=C1)C)C.C(=C\C(=O)O)\C(=O)O,,
6915836,C1=CN(C(=O)NC1=O)[C@H]2[C@H]([C@@H]([C@H](O2)CO)OP(=O)(O)O)O,,
6915837,CC(C(=O)CF)NC(=O)[C@H](CC1=CC=CC=C1)NC(=O)OCC2=CC=CC=C2,,
6915944,C=CC1=C(N2[C@@H]([C@@H](C2=O)NC(=O)/C(=N\O)/C3=CSC(=N3)N)SC1)C(=O)O,,
6916013,CC(C)C(C(=O)NO)NS(=O)(=O)C1=CC=C(C=C1)OC,,
6916048,CC[C@@H]1C[C@H]2CC[C@H](O2)[C@@H](C(=O)O[C@H](C[C@@H]3CC[C@@H](O3)[C@H](C(=O)O[C@@H](C[C@H]4CC[C@H](O4)[C@@H](C(=O)O[C@H](C[C@@H]5CC[C@@H](O5)[C@H](C(=O)O1)C)C)C)CC)C)C)C,,
6916256,C(=C\C(=O)[O-])\C(=O)[O-].[K+].[K+],,
6916441,CC(CC1=CNC2=C1C=CC=C2OCC(=O)O)NC[C@@H](C3=CC(=CC=C3)Cl)O,,
6917042,CC[C@@H]1[C@]([C@H]2[C@@H](O2)/C=C/C(=O)[C@@H](C[C@@H]([C@@H]([C@H](/C=C/C(=O)O1)C)O[C@H]3[C@@H]([C@H](C[C@H](O3)C)N(C)C)O)C)C)(CO[C@H]4[C@@H]([C@@H]([C@@H]([C@H](O4)C)O)OC)OC)O,,
6917048,C(=C\C(=O)[O-])\C(=O)[O-].[Pb+2],,
6917049,CCCCC[C@@H](/C=C/[C@H]1[C@@H](CC(=C1CCCCCCC(=O)OCCCC)OC(=O)CCC)O)O,,
6917067,CC[C@@H]1[C@@]([C@@H]2[C@H]([C@H]([C@@H](C[C@@]([C@@H]([C@H]([C@@H]([C@H](C(=O)O1)C)O[C@H]3C[C@@]([C@H]([C@@H](O3)C)O)(C)OC)C)O[C@H]4[C@@H]([C@H](C[C@H](O4)C)N(C)C)O)(C)O)C)N[C@H](O2)COCCOC)C)(C)O,,
6917096,CCCCCC(=O)C1=C(C=C(C=C1O)O)O,,
6917182,CC1=CC(=C(C=C1)N2C(=O)CC(=O)NC2=O)C,,
6917436,C1=CC=C2C(=C1)C(=CN2)/C=C/C(=O)N/C=C/C3=CNC4=CC=CC=C43,,
6917569,CC(C)[C@@H](C=O)NC(=O)OC(C)(C)C,,
6917586,COC1=CC(=C(C(=C1)OC)C(=O)/C=C/C2=CC3=C(C=C2)OCO3)O,,
6917653,CCN(CC)C(=O)[C@H]1CC[C@@H]2[C@@]1(CC[C@H]3[C@H]2CC[C@@H]4[C@@]3(CCC(=O)N4C)C)C,,
6917655,CC(=CC[C@@H]1[C@@](O1)(C)[C@H]2[C@@H]([C@@H](CC[C@]23CO3)OC(=O)/C=C/C=C/C=C/C=C/C(=O)O)OC)C,,
6917660,CCOC(C(=O)OCC(=O)[C@]1(C[C@@H](C2=C(C1)C(=C3C(=C2O)C(=O)C4=C(C3=O)C=CC=C4OC)O)O[C@H]5C[C@@H]([C@@H]([C@@H](O5)C)O)N)O)OCC,,
6917670,CCN1C=C(C(=O)C2=CC(=C(C=C21)N3CCN(CC3)C)F)C(=O)O.CS(=O)(=O)O.O.O,,
6917685,CS(=O)(=O)CC[C@@H](C(=O)N[C@@H](CCC(=O)O)C(=O)N[C@@H](CC1=CN=CN1)C(=O)N[C@@H](CC2=CC=CC=C2)C(=O)N[C@H](CCCCN)C(=O)N[C@@H](CC3=CC=CC=C3)C(=O)O)N,,
6917688,C[C@]12CC[C@H]3[C@H]([C@@H]1CC[C@@H]2OC(=O)COC(=O)CCCC4=CC=C(C=C4)N(CCCl)CCCl)CCC5=C3C=CC(=C5)OC(=O)C6=CC=CC=C6,,
6917697,CO[C@H]1CN(CC[C@H]1NC(=O)C2=CC(=C(C=C2OC)N)Cl)CCCOC3=CC=C(C=C3)F.O,,
6917698,CO[C@H]1CN(CC[C@H]1NC(=O)C2=CC(=C(C=C2OC)N)Cl)CCCOC3=CC=C(C=C3)F,,
6917707,C[C@H](C(=O)NCC(=O)N[C@@H](CC1=CC=CC=C1)C(=O)N[C@H](CC(C)C)C(=O)O)NC(=O)[C@H](CC2=CC=C(C=C2)O)N,,
6917708,CC(=CC(=O)O[C@H]1CC[C@@]2([C@H]3CC[C@@]4([C@H](CC[C@@]4([C@@H]3CC[C@@]2(C1)O)O)C5=COC(=O)C=C5)C)C=O)C,,
6917715,CC[C@]12CC(=C)[C@H]3[C@H]([C@@H]1CC[C@]2(C#C)O)CCC4=CC(=O)CC[C@H]34,,
6917719,C[C@@H](C(=O)N1CCC[C@H]1C(=O)O)N[C@@H](CCC2=CC=CC=C2)C(=O)O.O.O,,
6917728,CCC1=CC(=C(C(=C1O)C(=O)NC[C@@H]2CCCN2CC)OC)Cl.Cl,,
6917733,CC(C)NCC(COC1=CC=C(C=C1)COCCOC(C)C)O.C(=C/C(=O)O)\C(=O)O,,
6917738,CCC(C)N1C(=O)N(C=N1)C2=CC=C(C=C2)N3CCN(CC3)C4=CC=C(C=C4)OC[C@@H]5CO[C@@](O5)(CN6C=NC=N6)C7=C(C=C(C=C7)Cl)Cl,,
6917757,CCCCC(C)(C)[C@@H](/C=C/[C@H]1[C@@H](CC(=O)[C@@H]1C/C=C\CCCC(=O)O)C)O,,
6917771,C1[C@@H](O1)CN2C(=O)N(C(=O)N(C2=O)C[C@@H]3CO3)C[C@@H]4CO4,,
6917773,CC1=C(OC(=O)O1)COC(=O)[C@H]2C(S[C@H]3N2C(=O)[C@H]3NC(=O)[C@@H](C4=CC=CC=C4)N)(C)C.Cl,,
6917778,CCN(CC)C(=O)[C@]1(C[C@H]1CN)C2=CC=CC=C2.Cl,,
6917779,CCN(CC)C(=O)[C@]1(C[C@H]1CN)C2=CC=CC=C2,,
6917793,C[C@@H]1C(=O)N[C@@H](CS1)C(=O)N[C@@H](CC2=CN=CN2)C(=O)N3CCC[C@H]3C(=O)N,,
6917805,CC(C)(C)OC(=O)N[C@H](CC1=CC=CC=C1)C(=O)N2CCC[C@H]2C(=O)N[C@@H](CCCN=C(N)N)C=O,,
6917819,CCOC(=O)NC1=CC=C(C=C1)SC[C@@H]2CO[C@@](O2)(CN3C=CN=C3)C4=C(C=C(C=C4)Cl)Cl,,
6917843,CCN(CC)CCCCCCCCOC(=O)C1=CC(=C(C(=C1)OC)OC)OC.Cl,,
6917852,C1=CC=C(C=C1)N2C=C(C(=N2)C3=CC=C(C=C3)Cl)CC(=O)[O-].C1=CC=C(C=C1)N2C=C(C(=N2)C3=CC=C(C=C3)Cl)CC(=O)[O-].[Ca+2],,
6917855,CC(C)N1CCC(CC1)N(C2=CC=C(C=C2)Cl)C(=O)CC3=CC=CC=C3.Cl,,
6917864,C[C@@H]1CC[C@H]2[C@H]([C@@H](O[C@H]3[C@@]24[C@H]1CC[C@](O3)(OO4)C)OC(=O)CCC(=O)O)C,,
6917865,CC[N+]1([C@@H]2CC(C[C@H]1[C@H]3[C@@H]2O3)OC(=O)[C@H](CO)C4=CC=CC=C4)C.[Br-],,
6917866,CC[N+]1([C@@H]2CC(C[C@H]1[C@H]3[C@@H]2O3)OC(=O)[C@H](CO)C4=CC=CC=C4)C,,
6917875,CN1C[C@H]2[C@H](C1)C3=C(C=CC(=C3)Cl)OC4=CC=CC=C24.C(=C\C(=O)O)\C(=O)O,,
6917889,CCC(=O)O[C@]1(CC[C@@H]2[C@@]1(CC[C@H]3[C@H]2CC[C@@H]4[C@@]3(C[C@](C4)(C#C)OC(=O)CC)C)C)C#C,,
6917894,C[C@H](C(=O)NCC(=O)N[C@@H](CC1=CC=CC=C1)C(=O)N[C@@H](CC(C)C)C(=O)N[C@@H](CCCN=C(N)N)C(=O)O)NC(=O)[C@H](CC2=CC=C(C=C2)O)N,,
6917900,C[C@H]1CN(CC[C@]1(C2=CC=CC=C2)C(=O)O)C3CCC(CC3)(C#N)C4=CC=C(C=C4)F.Cl,,
6917907,CC/C(=C/[C@H](C)C/C=C/C(=C/[C@@H](C)C(=O)[C@@H](C)[C@@H]([C@@H](C)C/C(=C/C(=O)O)/C)O)/C)/C=C/[C@H]1[C@H](C=CC(=O)O1)C,,
6917908,CCC(CC1=CN=C2C(=N1)C(=NC(=N2)N)N)C3=CC=C(C=C3)C(=O)N[C@@H](CCC(=O)O)C(=O)O,,
6917929,C[C@@H]1C(=O)O[C@@H]2[C@]1([C@@]34C(=O)O[C@H]5C3([C@H]2O)C6([C@@H](C5)C(C)(C)C)[C@H](C(=O)O[C@H]6O4)O)O,,
6917933,C[C@@H]1[C@H]([C@@H](C[C@@H](O1)O[C@@H]2[C@H](O[C@]3(C[C@H]2O)O[C@@H]4[C@H](O[C@H]([C@H]([C@]4(O3)C)O)O[C@@H]5[C@H]([C@@H](O[C@@H]([C@@H]5OC)C)O[C@@H]6[C@H](O[C@H]([C@H]([C@H]6O)OC)O[C@H]7[C@@H]([C@H]8[C@H](CO7)O[C@@]9(O8)[C@H]1[C@H]([C@@H](CO9)OC(=O)C2=C(C=C(C=C2C)O)O)OCO1)O)COC)O)C)C)O[C@H]1C[C@]([C@H]([C@@H](O1)C)OC)(C)[N+](=O)[O-])OC(=O)C1=C(C(=C(C(=C1OC)Cl)O)Cl)C,,
6917939,CCS[C@@]1(CC[C@@H]2[C@@]1(C[C@@H]([C@]3([C@H]2CCC4=CC(=O)C=C[C@@]43C)F)O)C)SC,,
6917951,CC#CCC(C)[C@@H](/C=C/[C@H]1[C@@H](C[C@H]2[C@@H]1C3=CC=CC(=C3O2)CCCC(=O)O)O)O,,
6917952,COC1=CC=C(C=C1)C[C@@H]2C(=O)N[C@H](C(=O)N[C@H](C(=O)N[C@H](C(=O)N[C@@H](CSSC3(CCCCC3)CC(=O)N2)C(=O)N4CCC[C@@H]4C(=O)N[C@@H](CCCN=C(N)N)C(=O)NCC(=O)N)CC(=O)N)CCC(=O)N)CC5=CC=CC=C5,,
6917959,CC(=O)O[C@H](CC(=O)[O-])C[N+](C)(C)C.Cl,,
6917964,C[C@H]([C@H]1C(=O)N[C@@H](CSSC[C@@H](C(=O)N[C@H](C(=O)N[C@@H](C(=O)N[C@H](C(=O)N1)CCCCN)CC2=CNC3=CC=CC=C32)CC4=CC=CC=C4)NC(=O)[C@@H](CC5=CC=CC=C5)N)C(=O)N[C@H](CO)[C@@H](C)O)O.CC(=O)O,,
6917974,C[C@]12CC[C@@H](C[C@H]1CC[C@@H]3[C@@H]2CC[C@]4([C@]35[C@H](O5)C[C@@H]4C6=COC(=O)C=C6)C)O,,
6917981,CC1=CC=C(S1)N2C(=O)C3=C(N2)C4=CC=CC=C4N=C3,,
6917983,C[C@H](CC1=CC=C(C=C1)OC)NC[C@@H](C2=CC(=C(C=C2)O)NC=O)O.C[C@H](CC1=CC=C(C=C1)OC)NC[C@@H](C2=CC(=C(C=C2)O)NC=O)O.C(=C/C(=O)O)\C(=O)O.O,,
6917986,C1C[C@@H]2C(=O)N[C@H](C(=O)N[C@H](C(=O)N[C@H](C(=O)N2C1)CC3=CC=CC=C3)CC4=CC=CC=C4)CCCCCC(=O)NO,,
6917987,CC1=CNC2=C1[C@@]34C[C@@H]3CN(C4=CC2=O)C(=O)C5=CC6=C(N5)C=CC(=C6)NC(=O)C7=CC8=CC=CC=C8O7,,
6918003,CN1[C@@H]2CCC[C@H]1CC(C2)NC(=O)C3=NN(C4=CC=CC=C43)C.Cl,,
6918010,C[C@H]([C@@H](C(=O)N)NC(=O)[C@@H]1CSSC[C@@H](C(=O)N[C@H](C(=O)N[C@@H](C(=O)N[C@H](C(=O)N[C@H](C(=O)N1)C(C)C)CCCCN)CC2=CNC3=CC=CC=C32)CC4=CC=C(C=C4)O)NC(=O)[C@@H](CC5=CC6=CC=CC=C6C=C5)N)O.CC(=O)O,,
6918011,C[C@H]([C@@H](C(=O)N)NC(=O)[C@@H]1CSSC[C@@H](C(=O)N[C@H](C(=O)N[C@@H](C(=O)N[C@H](C(=O)N[C@H](C(=O)N1)C(C)C)CCCCN)CC2=CNC3=CC=CC=C32)CC4=CC=C(C=C4)O)NC(=O)[C@@H](CC5=CC6=CC=CC=C6C=C5)N)O,,
6918012,C1C(OC2=C(C=C3C(=C21)ON=C3C4=CC=CC=C4)Cl)C(=O)O,,
6918025,CC(C)[C@H]1C(=O)N[C@@H](CSSC[C@@H](C(=O)N[C@H](C(=O)N[C@@H](C(=O)N[C@H](C(=O)N1)CCCCN)CC2=CNC3=CC=CC=C32)CC4=CC=C(C=C4)O)NC(=O)[C@@H](CC5=CC=CC=C5)N)C(=O)N[C@@H](CC6=CNC7=CC=CC=C76)C(=O)N.CC(=O)O,,
6918026,CC(C)[C@H]1C(=O)N[C@@H](CSSC[C@@H](C(=O)N[C@H](C(=O)N[C@@H](C(=O)N[C@H](C(=O)N1)CCCCN)CC2=CNC3=CC=CC=C32)CC4=CC=C(C=C4)O)NC(=O)[C@@H](CC5=CC=CC=C5)N)C(=O)N[C@@H](CC6=CNC7=CC=CC=C76)C(=O)N,,
6918029,C1CCN(CC1)[C@H]2[C@H](C[C@@H]([C@@H]2CC/C=C\CCC(=O)O)OCC3=CC=C(C=C3)C4=CC=CC=C4)O.Cl,,
6918030,C1CCN(CC1)[C@H]2[C@H](C[C@@H]([C@@H]2CC/C=C\CCC(=O)O)OCC3=CC=C(C=C3)C4=CC=CC=C4)O,,
6918037,CNC[C@@H]([C@H]([C@@H]([C@@H](CO)O)O)O)O.C1CN(CCN(CCN(CCN1CC(=O)O)CC(=O)[O-])CC(=O)[O-])CC(=O)[O-].[Gd+3],,
6918042,CC[C@@]1(C2=C([C@H](CO1)CC3=CC=CC=C3)C4=CC=CC=C4N2)CC(=O)O,,
6918078,CCN(C)C(=O)OC1=CC=CC(=C1)[C@H](C)N(C)C.[C@@H]([C@H](C(=O)O)O)(C(=O)O)O,,
6918082,C[N+](C)(C)NCCC(=O)[O-].O.O,,
6918092,C[C@@H]1OC[C@@H]2[C@@H](O1)[C@@H]([C@H]([C@@H](O2)O[C@H]3[C@H]4COC(=O)[C@@H]4[C@@H](C5=CC6=C(C=C35)OCO6)C7=CC(=C(C(=C7)OC)OP(=O)(O)O)OC)O)O,,
6918097,CC1=C([C@H](C(=C(N1)C)C(=O)OCCCN2CCC(CC2)(C3=CC=CC=C3)C4=CC=CC=C4)C5=CC(=CC=C5)[N+](=O)[O-])C(=O)OC,,
6918099,COC1=CC(=CC(=C1OC)OC)COC2=NN3C=C(N=C3C=C2)NC(=O)OC,,
6918104,CN1C=C(C=C1C(=O)NC2=CN(C(=C2)C(=O)NC3=CN(C(=C3)C(=O)NCCC(=N)N)C)C)NC(=O)C4=CC=C(C=C4)N(CCCl)CCCl.Cl,,
6918106,CN1[C@@H]2CC[C@H]1CC(C2)NC(=O)N3C4=CC=CC=C4NC3=O,,
6918107,CC1=NC=CN1C[C@H]2CCC3=C(C2=O)C4=CC=CC5=C4N3CCC5,,
6918111,CCCN1CCCC[C@H]1C(=O)NC2=C(C=CC=C2C)C.O.Cl,,
6918119,CS(=O)(=O)O.C1[C@@H]2CC(C[C@H]3N2CC(=O)C1C3)OC(=O)C4=CNC5=CC=CC=C54.O,,
6918120,CCCCCCCCOC1=CC=C(C=C1)C(=O)N[C@H]2C[C@H]([C@H](NC(=O)[C@@H]3[C@H]([C@H](CN3C(=O)[C@@H](NC(=O)[C@@H](NC(=O)[C@@H]4C[C@H](CN4C(=O)[C@@H](NC2=O)[C@@H](C)O)O)[C@@H]([C@H](C5=CC=C(C=C5)O)O)O)[C@@H](C)O)C)O)O)O,,
6918127,CC(C)CC(=O)[C@H]1CC[C@@H]2[C@@]1(CC[C@H]3[C@H]2CC[C@@H]4[C@@]3(C=CC(=O)N4)C)C,,
6918140,CCCCC[C@@H](CC[C@H]1[C@@H](C[C@H]2[C@@H]1CC3=C(C2)C(=CC=C3)OCC(=O)O)O)O,,
6918147,C[C@H]([C@@H]1[C@@H]2N(C1=O)C(=C(S2)COC(=O)N)C(=O)OCOC(=O)C)O,,
6918151,C1CC2=C(C=CC(=C2)CC3C(=O)NC(=O)S3)O[C@H]1CC4=CC=CC=C4,,
6918153,CC1(CC2=C(O1)C(=CC(=C2)Cl)C(=O)NC3C[C@H]4CC[C@@H](C3)N4C)C.C(=C\C(=O)O)\C(=O)O,,
6918154,CC1(CC2=C(O1)C(=CC(=C2)Cl)C(=O)NC3C[C@H]4CC[C@@H](C3)N4C)C,,
