id,smiles,notes,params_json
2063265,C1=CC(=CC=C1COC2=CC=C(C=C2)Cl)C(=O)O,,
2063288,C1=CC=C(C=C1)C2=CC=C(C=C2)C3=NC4=CC=CC=C4C(=C3)C(=O)O,,
2063293,CC(C)(C)C1=CC=C(C=C1)C(=O)CC#N,,
2063303,C(C(C(C(C(=O)N)(F)F)(F)F)(F)F)(F)F,,
2063316,CC1=CC=C(C=C1)C2=NN(C=C2C=O)CC3=CC=CC=C3,,
2063320,C1=CC(=CC(=C1)Br)COC2=CC=C(C=C2)C=O,,
2063322,C1CCC2=C(C1)C(=C(S2)N)C(=O)NC3CC3,,
2063326,C1=CC=[N+](C(=C1)SCC(=O)O)[O-],,
2063328,CCC(=O)C1=C(C=CC(=C1)F)O,,
2063335,CCCCCC1=CC=C(C=C1)C2=CC=C(C=C2)C(=O)O,,
2063338,CC1=C(C(=NO1)C)CC(=O)O,,
2063348,C1=CC=C(C(=C1)C(=O)O)OC(F)F,,
2063353,CN(C)C1=CC=CC(=C1)C(=O)NN,,
2063378,COC1=C(C=CC(=C1)C(=O)O)Cl,,
2063410,CC1=C(C(=O)NC(=O)N1)C(C(C(F)(F)F)(F)F)(F)F,,
2063421,CC1=CC=C(C=C1)C2=CC=C(C=C2)C(=O)O,,
2063428,C1COCCN1C(=O)C2=C(N=CC=C2)Cl,,
2063433,C1CCC2=C(C1)C3=C(N2)C(=CC=C3)C(=O)O,,
2063440,CC1=C(C(=NN1C)C)/C=C/C(=O)O,,
2063443,C1CCC2=C(C1)C=C(S2)C(=O)O,,
2063448,CC1=CC(=CC=C1)/C=C/C(=O)O,,
2063461,C1=CC=C2C(=C1)C=C(C(=O)O2)C(=O)CBr,,
2063466,C1=CC(=CC=C1CC(=O)C2=C(C=C(C=C2)O)O)Br,,
2063467,C1=CC(=CC=C1CC(=O)C2=C(C=C(C=C2)O)O)F,,
2063485,CC(=O)/C(=C\C1=CC(=CC=C1)[N+](=O)[O-])/C(=O)OCCOC,,
2063537,CCOC(=O)C1=C(C2=CC=CC=C2O1)N,,
2063589,CN(C)/C=C/C(=O)C(F)(F)F,,
2063615,C1=C(C=C(C=C1C(F)(F)F)C(F)(F)F)/C=C/C(=O)O,,
2063643,C1=C(SC(=C1)C2=CC=C(S2)C=O)C=O,,
2063649,CCOC(=O)N1CCN(CC1)C(=O)CCl,,
2063713,CNCC(=O)N(C)C,,
2063725,CC(=O)C1=CC=C(C=C1)N/C=C/C(=O)C2=CC=C(C=C2)Br,,
2063823,COC1=C(C=CC(=C1)C=O)OCC=C,,
2063862,C1=CC(=CC(=C1)Br)CCC(=O)O,,
2063864,CCN(CC)C1=CC=C(C=C1)C(=O)NN,,
2063866,C1=CC=C(C(=C1)CCC(=O)O)F,,
2063873,C1CCC2=C(C1)C(=C(S2)NC(=O)C3=CC=CC=C3F)C(=O)O,,
2063875,C1CCC2=C(C1)C3=C(C=C(C=C3)OCC(=O)O)OC2=O,,
2063947,COC(=O)CSC1=C(C(=O)N2C=CC=CC2=N1)C=O,,
2063963,CC1=CC(=C(C(=C1)Br)NC(=O)CCl)Br,,
2064023,C=CCOC1=CC=CC=C1/C=C/C(=O)O,,
2064033,CC1=CC=CC=C1C(=O)CC#N,,
2064037,CC(C)(C)C1=CC=C(C=C1)C(=O)CCC(=O)O,,
2064039,CCC1=CC=C(C=C1)CCC(=O)O,,
2064041,CC(=O)C1=CC=C(C=C1)S(=O)(=O)N(C)C,,
2064042,CC(=O)C1=CC=C(C=C1)S(=O)(=O)NC,,
2064069,C1=CC=C(C=C1)C(=O)C2=CC=CC=C2NC(=O)CCl,,
2064128,CC1=CC(=C(N1C2=CC(=CC(=C2)C(=O)OC)C(=O)OC)C)C=O,,
2064173,C1=CC2=C(C=C1S(=O)(=O)NCC(=O)O)NC(=O)C(=O)N2,,
2064235,C1CC1C(=O)N2CCNCC2,,
2064469,C1=CN(C(=O)NC1=O)CC(=O)NCCO,,
2066126,C1=CC(=CC=C1OCC(=O)C2=C(C=C(C=C2)O)O)Cl,,
2066145,CCOC(=O)CC1=CSC(=N1)NC(=O)COC2=CC=C(C=C2)C,,
2066150,C1COC2=C(O1)C=CC(=C2)NC(=O)C3=CC(=C(C=C3)Cl)Cl,,
2066617,C1=CC=C2C(=C1)NC(=N2)CCNC(=O)COC3=CC=CC=C3Cl,,
2067945,CC1=CC(=C(C=C1)C)NC(=O)CCOC2=CC=CC=C2,,
2068039,CC(C)(C)C1=CC(=NN1)C(=O)O,,
2068103,C1=CC(=CC=C1NC(=O)/C=C/C(=O)O)SC(C(C(F)(F)F)(F)F)(F)F,,
2068157,CC1=C(C2=C(N1)C=CC(=C2)Cl)CC(=O)O,,
2068180,C1CCC(CC1)NC(=O)C(=O)C2=CNC3=CC=CC=C32,,
2068417,CC1=NC2=C(C(=N1)NC3=CC=C(C=C3)OC)OC4=CC=CC=C42,,
2068835,CC1=NC2=C(C(=N1)NC3=CC(=CC=C3)F)OC4=CC=CC=C42,,
2070994,CN1C(=O)C2=C(C1=O)C=C(C=C2)NC(=O)C3=C(C=C(C=C3)Cl)Cl,,
2072949,C1CCN(CC1)C(=O)C2=CSC3=C2CCCC3,,
2072961,CCOC(=O)C1=C(N=C(S1)NC(=O)CCC2=CC=CC=C2)C,,
2077545,COC1=CC=C(C=C1)C2=CSC3=C2C(=O)N(C=N3)CC4=CC=CC=C4,,
2077625,C1CCC(CC1)(CNC(=O)COC2=CC=CC=C2)N3CCCCC3,,
2078037,C1CCCN(CC1)CC(=O)NC2=CC=CC=C2OC(F)F,,
2078139,CC1=C(C(=NO1)C)COC(=O)C2=CC=C(C=C2)N(C)C,,
2078174,C1CCC2(CC1)C(=O)N(C(=O)N2)CC(=O)NC3=CC=C(C=C3)F,,
2078211,CC1=C(N=C(N=C1C)SCC(=O)NCCN2C(=O)CSC2=O)C,,
2078271,CCC1=NN=C(S1)NC(=O)CCC2=CC=CC=C2OC,,
2078340,C1CCC(CC1)CNC(=O)CSC2=CC=C(C=C2)[N+](=O)[O-],,
2078423,CC(C)(C)NC(=O)C1=CC=CC=C1C2=NC3=CC=CC=C3S2,,
2078434,C1CCC(CC1)NC(=O)NC(=O)CN2CCC3=CC=CC=C32,,
2078588,C1=CC(=CC(=C1)Cl)NC(=O)COC(=O)CC2=CSC=C2,,
2078777,CC1=CC=C(C=C1)NC(=O)OCCNC(=O)C2=CC=NC=C2,,
2079298,CN(C)C1(CCCCC1)CNC(=O)NC2=CC=CC=C2OC,,
2079472,C1OC2=C(O1)C=C(C=C2)CNC(=O)CSC3=NC=CC=N3,,
2079530,C1CC1C(=O)OCC(=O)NCC2=CC=CC=C2,,
2079669,CC1=NC2=C(S1)C=C(C=C2)NC(=O)CC3=CC=CC=C3F,,
2079789,CC1=CSC(=N1)NC(=O)C2=CC3=C(C=C2)N=CN3,,
2079894,CCCC(=O)OCC(=O)NC1=CC2=C(C=C1)NC(=O)N2,,
2079916,COC1=C(C=C(C=C1)CSC2=NN=C(O2)C3=CC4=C(C=C3)OCO4)F,,
2080127,COC1=CC=CC=C1NC(=O)CSC2=NN=C3N2C=CC=C3,,
2080354,C1=CC=C2C(=C1)NC(=N2)SCC(=O)NCC3=CC=C(C=C3)F,,
2080641,CCOC1=CC=C(C=C1)C(=O)NCC(=O)N2CCCC2,,
2080643,CCOC1=C(C=CC=N1)C(=O)NCC2=CC=CC=C2F,,
2080666,CC1=C(C=CC(=C1)NC(=O)C2=NNC(=O)C3=CC=CC=C32)Br,,
2080952,C1=COC(=C1)C(=O)CCC#N,,
2081017,COCCCN1C(=O)C2=CC=CC=C2N3C1=NNC3=S,,
2081089,C1=CC=C(C(=C1)CC(=O)NC2=NC3=CC=CC=C3N2)F,,
2081257,CC1=CC(=C(C=C1)C(=O)CSC2=NN=C3N2C=CC=C3)C,,
2081294,COC1=CC=C(C=C1)C(=O)NC2=NC3=CC=CC=C3N2,,
2081312,C1CCC(C1)C(=O)NC2=NC3=CC=CC=C3N2,,
2081314,C1CC(C1)C(=O)NC2=NC3=CC=CC=C3N2,,
2081457,C1=CC=C2C(=C1)NC(=N2)NC(=O)C3=CC(=CC=C3)F,,
2081874,CC1=NN=C(N1CC2=CC=CC=C2)SCC(=O)NNC(=O)C3=CC=C(C=C3)F,,
2082034,C1CCC2(C1)C(=O)N(C(=O)N2)CC(=O)NC(C3=CC=CC=C3)C4=CC=CC=C4,,
2082101,CC1=NC2=CC=CC=C2C=C1C(=O)N(C)CC3=CC=CC=C3,,
2082175,C1=CC=C(C=C1)C(=O)NNC(=O)CCOC2=CC=CC=C2,,
2082412,CN1C=CSC1=NC(=O)C2=CC=C(C=C2)OC,,
2082448,CC1=C(NC(=C1C(=O)C)C)C(=O)NC2=CC(=CC=C2)SC,,
2082573,C1CCN(C1)C(=O)CSC2=NN=C(N2C3=CC=CC=C3)C4CC4,,
2082741,C1=CC=C(C=C1)C2=NC(=NN2C3=CC=CC=C3)C(=O)NC4=CC=C(C=C4)C#N,,
2082902,CC1=CC(=C(C=C1)C)C(=O)NC2=NC3=CC=CC=C3N2,,
2083057,CSC1=C(C=CC=N1)C(=O)NC2=CC=C(C=C2)OC(F)(F)F,,
2083275,CC(C)NC(=O)COC(=O)CN1C(=O)C2=CC=CC=C2C(=O)N1,,
2083285,COC1=C(C=C(C=C1)CC(=O)NNC(=O)C2=CC=CC=C2)OC,,
2083341,CN(C1=CC=CC=C1OC)S(=O)(=O)C2=CC=C(C=C2)C(=O)NC3=CC=CC=C3OC,,
2083418,C1CCC(=NCC1)NS(=O)(=O)C2=CC=C(C=C2)NC(=O)CCC3=CC=CC=C3,,
2083450,C1=CC(=CN=C1)CNC(=O)CC2=CC=C(C=C2)[N+](=O)[O-],,
2083510,C1CN(CCN1C2=CC=CC=C2)C(=O)C3=CC(=O)NC4=CC=CC=C43,,
2083658,CCOC(=O)N1CCN(CC1)C(=O)/C=C/C2=CC(=C(C=C2)OC)OC,,
2083675,CC1=CN=C(S1)NC(=O)CCC2=CC=CC=C2,,
2083679,C1CC1NC(=O)/C=C/C2=CC=CS2,,
2083685,C1CCCC2(CCC1)C(=O)N(C(=O)N2)CC(=O)NCC3=CC=C(C=C3)Cl,,
2083760,COC1=CC=C(C=C1)/C=C/C(=O)OCC2=CC(=CC=C2)[N+](=O)[O-],,
2083985,C1=CC=C2C(=C1)NC(=N2)NC(=O)C3=CC(=CC=C3)Br,,
2084031,CCC1=NC2=CC=CC=C2C(=C1C)C(=O)OCC(=O)N3CCC(CC3)C(=O)OCC,,
2084155,C1CCC(CC1)NC(=O)C(=O)NNC(=O)CC2=CC=C(C=C2)Cl,,
2084198,CC1=C(SC=C1)C(=O)NC2=NC3=CC=CC=C3N2,,
2084273,C1CCC(CC1)CNC(=O)C2=CC=CC(=C2)C3=CC=C(C=C3)O,,
2084415,C1CC(C1)C(=O)OCC(=O)NC2=NC=C(C=C2)Cl,,
2084431,CC1=CC(=C(C=C1C)C(=O)CN2C(=C(C(=N2)C)[N+](=O)[O-])C)C,,
2084437,C1COCCN1C2=CC=CC=C2NC(=O)CSC3=CC=C(C=C3)[N+](=O)[O-],,
2084939,CCCN1C(=O)NN=C1SCC(=O)NC2=CC=C(C=C2)Cl,,
2084944,COCCN1C(=O)C2=CC=CC=C2N=C1SCC(=O)NC(=O)NC3CCCCC3,,
2085004,C1=CC=C2C(=C1)N=C(S2)NC(=O)CC3=C(C=CC=C3Cl)F,,
2085005,CC1=C(C(=O)N(N1C)C2=CC=CC=C2)NC(=O)C3=C(C=CC(=C3)S(=O)(=O)N4CCCCC4)Cl,,
2085020,CCCN1C(=O)NN=C1SCC(=O)NCC2=CC=CC=C2,,
2085072,CCC1=NN=C(S1)NC(=O)C2=C(C3=C(O2)C=CC(=C3)Br)C,,
2085164,CC1=NC2=C(S1)C=C(C=C2)NC(=O)CC3=CC(=CC=C3)F,,
2085247,CCCCN1C(=O)C2=CC=CC=C2C(=N1)C(=O)NC3CCCCCC3,,
2085389,CC(=O)C1=CC=C(C=C1)N2CCN(CC2)CC3=NC4=CC=CC=C4N3,,
2085595,CC1=CC(=NO1)NC(=O)CSC2=NN=C(O2)C3=CC=C(C=C3)OC,,
2085604,CCC1=NN=C(S1)NC(=O)C2=CN=C(C=C2)Cl,,
2085740,C1COCCN1C(=O)COC(=O)/C=C/C2=CC=C(C=C2)[N+](=O)[O-],,
2085750,CC(C)NC(=O)CSC1=NNC(=N1)C2=C(C=CC(=C2)Cl)OC,,
2085783,C=CCN(CC=C)C(=O)COC(=O)C1=NNC2=CC=CC=C21,,
2085889,CC1=C(C(=NO1)C)COC2=C(C=C(C=C2)C(=O)OCC#N)OC,,
2086142,C1CC1C(=O)OCC(=O)NC2=CC3=C(C=C2)OCO3,,
2086298,C1=CC=C2C(=C1)N=C(S2)CCC(=O)OCC(=O)C3=CC=CN3,,
2086380,CC(C)(C)NC(=O)NC(=O)CN1CCC2=CC=CC=C21,,
2086407,CC(C)C1=NC(=NN1)SCC(=O)NC2=CC=CC3=CC=CC=C32,,
2086421,COC1=CC=CC(=C1)CN2C3=CC=CC=C3OC2=O,,
2086541,COC1=CC(=C(C=C1)OC)NC(=O)CCC2=CNC3=CC=CC=C32,,
2086564,CCSC1=NN=C(S1)NC(=O)COC2=CC=CC=C2[N+](=O)[O-],,
2086579,CC1=CC=CC=C1OCCC(=O)NNC(=O)C2=CC=CC=C2F,,
2086598,C1CCCN(CC1)C(=O)CN2C(=O)C3=CC=CC=C3C(=N2)C(=O)O,,
2086647,CC1=CC(=C(C=C1C)C(=O)CSC2=NN=C(S2)N)C,,
2086772,CN(C1=CC=CC=C1)C(=O)CSC2=CC3=C(C=C2)OCCO3,,
2086934,CCCCNS(=O)(=O)C1=CC2=C(C=C1)N=C(N2)SCC(=O)NC3=C(C=CS3)C#N,,
2087029,CCN(CC(=O)NC1=C(C=CC=C1F)F)C(=O)C2=CC=C(C=C2)C#N,,
2087343,CC1CCN(CC1)C(=O)CSC2=NN=C3N2C=CC=C3,,
2087429,C1COCCN1S(=O)(=O)C2=CC=C(C=C2)NC(=O)COC3=CC=CC=C3C#N,,
2087469,CCC(=O)OCC(=O)NC1=C(C=CC(=C1)[N+](=O)[O-])OC,,
2087499,C1CCC(C1)NC(=O)CSC2=NC3=C(N2)C=C(C=C3)Cl,,
2087577,CC1=CC(=C(C=C1)OC)NC(=O)COC(=O)C2=CC=C(O2)[N+](=O)[O-],,
2087586,C1=CC=C2C(=C1)N=C(S2)SCCCC(=O)OCC(=O)N,,
2087587,CNC(=O)CSC1=NNC(=N1)C2=C(C=CC(=C2)Cl)OC,,
2087588,CC(C)(C)NC(=O)CSC1=NNC(=N1)C2=C(C=CC(=C2)Cl)OC,,
2087719,C1C(=O)N(C(=O)S1)CCNC(=O)COC2=C(C=C(C=C2)[N+](=O)[O-])Cl,,
2087749,COC1=C(C=C(C=C1)[N+](=O)[O-])NC(=O)COC(=O)C2=CC=CC=N2,,
2087814,C1=CC=C(C=C1)C2(C(=O)N(C(=O)N2)CC(=O)NCCC3=CC=C(C=C3)F)C4=CC=CC=C4,,
2088069,C1=CC=C(C=C1)OCCOC(=O)C2=NNC3=CC=CC=C32,,
2088075,CN(C)C(=O)COC1=C2C(=CSC2=NC=N1)C3=CC=C(C=C3)F,,
2088142,CC(=O)N1CCN(CC1)CC(=O)NC2=C(C=CC(=C2)[N+](=O)[O-])Cl,,
2088214,COC1=C(C=C2CN(CCC2=C1)CC(=O)NC(=O)NC3CCCCC3)OC,,
2088271,C1CC1C2=NN=C(S2)NC(=O)C3=NNC(=O)C4=CC=CC=C43,,
2088313,C1CSC(=N1)NC(=O)C2=CC(=C(C=C2)F)S(=O)(=O)N3CCOCC3,,
2088327,CSC1=C(C=CC=N1)C(=O)NCCC2=CC=CC=C2,,
2088429,C1CCC(CC1)NC(=O)NC(=O)CN2CCC(=CC2)C3=CC=CC=C3,,
2088463,CC1=NC2=CC=CC=C2C(=C1)C(=O)NCC3=CC(=CC=C3)Cl,,
2089406,COC1=CC=C(C=C1)NC(=O)CSC2=CC3=C(C=C2)OCCO3,,
2089407,C1=CC=C2C(=C1)C=CC(=N2)C(=O)NCCC3=CC=C(C=C3)Cl,,
2089511,CCNC(=O)COC(=O)C1=CC(=NC2=CC=CC=C21)C,,
2089599,CC1=CN=C(S1)NC(=O)C2=CC3=C(C=C2)N=CS3,,
2089669,CCC1=NN=C(S1)NC(=O)C2=CC3=C(C=C2)N=CS3,,
2089686,CCOC1=C(C=CC=N1)C(=O)NNC(=O)C2=CC(=CC=C2)S(=O)(=O)N3CCOCC3,,
2090111,CN(C)CC1=NC2=CC=CC=C2C(=O)N1CC#N,,
2090615,C1=COC(=C1)CNC(=O)C2=CN=C(C=C2)Cl,,
2090688,CC1=CC(=CC=C1)OCC(=O)NC2=CC3=C(C=C2)N=C(S3)C,,
2090691,COC1=C(C=C(C=C1)C2=CSC(=N2)NC(=O)CC3=CC=CC=C3)OC,,
2090716,C1CCC(CC1)NC(=O)COC2=CC3=C(C=C2)C=CC(=O)O3,,
2090804,COC1=CC=C(C=C1)C(=O)NNC(=O)C2=NC3=CC=CC=C3C=C2,,
2090851,CC1=CC(=NO1)NC(=O)COC2=CC3=CC=CC=C3C=C2,,
2090862,CC(C)C1=NC(=NN1)SCC(=O)NC(=O)NC(C)(C)C,,
2091158,COC1=CC=CC(=C1)NC(=O)COC2=CC3=C(CCC3)C=C2,,
2091187,CC1=CN=C(S1)NC(=O)C2=C(ON=C2C3=CC=CC=C3)C,,
2091432,CNC(=O)CN1C(=O)C(NC1=O)(C2=CC=CC=C2)C3=CC=CC=C3,,
2091502,CCOC1=C(C=CC=N1)C(=O)NC2=NC=C(S2)C,,
2091523,CSC1=NC2=C(S1)C=C(C=C2)NC(=O)C3=CC=CC=N3,,
2091868,CC1=CC(=NC2=NC(=NN12)SCC(=O)N3CCC(CC3)C(=O)O)C,,
2091880,C1CCCN(CC1)CC(=O)NC2=C(C=CC(=C2)[N+](=O)[O-])Cl,,
2092104,CC1=C(NC(=C1C(=O)C)C)C(=O)NCC2=CC(=CC=C2)Cl,,
2092175,CC(=O)C1=CC(=C(C=C1)OC)CN2C(=O)C3(CCCC3)NC2=O,,
2092383,C1=CC=C(C(=C1)OCCN2C(=O)C3=C(C2=O)C(=CC=C3)N)F,,
2092930,C1CCC(C1)NC(=O)COC(=O)C2=C(C=CC(=C2)Br)Cl,,
2092996,C1=CC2=C(C=C1C(=O)NC3=C(C=C(C=C3)F)F)SC=N2,,
2093012,COC1=CC=C(C=C1)CCNC(=O)C2=NC3=CC=CC=C3C=C2,,
2093114,COC1=CC=C(C=C1)N2CCN(CC2)C(=O)CC3=CC=C(S3)S(=O)(=O)N4CCOCC4,,
2093193,COC1=CC=C(C=C1)CCNC(=O)C2=C(N=CC=C2)SC,,
2093195,CC1=CC=C(C=C1)C2=NC3=CC=CC=C3C(=C2)C(=O)N4CCN(CC4)C5=NC=CC=N5,,
2093527,C1=CC=C(C=C1)CC(=O)OCC(=O)NC2=C(N=CC=C2)Cl,,
2093795,C1=CC(=CC=C1NC(=O)C2=CC3=C(C=C2)N=CS3)Br,,
2093798,C1=COC(=C1)CNC(=O)CSC2=NN=C(O2)C3=CC=CS3,,
2093970,CC1=C(C(=NC=C1Cl)NC(=O)COC(=O)C2CCCC2)Cl,,
2094211,C1=CC=C2C(=C1)C(=O)N(S2(=O)=O)CC(=O)NCCC3=CC=C(C=C3)F,,
2094278,CC1=CC(=C(O1)C)C(=O)N/N=C/C=C/C2=CC=CC=C2[N+](=O)[O-],,
2094324,CC1=CC2=C(C=C1)N=C(N2)SCC(=O)C3=C(C=C(C=C3)O)O,,
2094380,CC1=CC(=NC2=NC(=NN12)SCC(=O)NC(=O)C3=CC=CC=C3)C,,
2094435,CCCCOC1=CC=C(C=C1)C(=O)N2CCN(CC2)C3=NC=CC=N3,,
2094632,CC1=C(C=C(C=C1)NC(=O)CSC2=NC3=NN(C(=O)C3=C4N2CCCCC4)C5=CC=CC=C5)F,,
2094700,C1=CC=C2C(=C1)C=CC(=N2)C(=O)NCC3=CC=C(C=C3)Cl,,
2094705,C1=CC=C2C(=C1)NC(=N2)NC(=O)C3=CC=C(C=C3)Cl,,
2094734,C1=CC=C2C(=C1)NC(=N2)NC(=O)C3=CC=C(C=C3)C#N,,
2094747,C1COC2=C(O1)C=CC(=C2)NC(=O)/C(=C/C3=CC(=CC=C3)O)/C#N,,
2094784,CN(C)C1=CC=CC(=C1)C(=O)NC2=NC3=CC=CC=C3N2,,
2094798,C1=CC=C2C=C(C=CC2=C1)NC(=O)C3=CC=C(C=C3)C#N,,
2094810,C1COCCN1C(=O)COC(=O)C2=CC=CC=C2O,,
2094880,CCOCCCNC(=O)/C(=C/C1=CC(=C(C(=C1)C)O)C)/C#N,,
2095458,C1=CSC2=C1C(=NC=N2)SCC(=O)O,,
2095566,C1CN(CCN1C2=CC=CC=C2)C(=O)CCC3=NC4=CC=CC=C4S3,,
2095647,CNS(=O)(=O)C1=CC=CC(=C1)C(=O)OCC(=O)NC2CCCC2,,
2095694,CC(C)(C)C1=NOC(=C1)N,,
2095903,C1CN(CC2=CC=CC=C21)C(=O)CNCC3=CC=C(C=C3)Cl,,
2095906,C1=CC=C(C=C1)C2=CSC3=C2C(=O)NC(=N3)C4=CC=C(C=C4)C(=O)O,,
2095911,C1CN(CC2=CC=CC=C21)C(=O)CNCC3=CC(=CC=C3)Cl,,
2095935,COC(=O)CNC(=O)COC(=O)C1=C(C=CC(=C1)SC)Cl,,
2096148,CC(C)[C@@H](C(=O)NCCC1=CC=C(C=C1)OC)NC(=O)N,,
2096181,CCOC1=C(C=CC=N1)C(=O)NC2=CC=CC=C2F,,
2096192,CC(=O)NC1=CC=C(C=C1)C(=O)NCCCOC,,
2096224,CC[C@H](C)[C@@H](C(=O)NCCC1=CC=C(C=C1)OC)NC(=O)N,,
2096277,CC1=C(C(=NC=C1Cl)NC(=O)COC(=O)[C@H](C(C)C)NC(=O)C2=CC=CO2)Cl,,
2096442,CC(C)C1=CC=CC=C1NC(=O)C2=CC3=C(C=C2)N=CS3,,
2096457,CCN1CCC2=NC3=CC=CC=C3C(=C2C1)C(=O)NC4=CC=C(C=C4)F,,
2096530,CNC(=O)NC(=O)COC(=O)C1=NNC2=CC=CC=C21,,
2096562,C1COCCN1C(=O)COC(=O)C2=C(C=C(C=C2)Cl)[N+](=O)[O-],,
2096590,CNC(=O)CSC1=NN=C(N1C2=CC=CC=C2)C3CC3,,
2096690,C1COCCN1CC2=NC3=C(C(=CS3)C4=CC=CC=C4)C(=O)N2,,
2096764,CC1=CC=C(C=C1)S(=O)(=O)NCCC(=O)NNC2=C(C(=CC(=C2F)F)F)F,,
2096792,CCN(C1=C(N(C(=O)NC1=O)CC2=CC=CC=C2)N)C(=O)CN3CCCCCC3,,
2096816,CC1=CC(=CC=C1)N2C(=NN=N2)SCC(=O)NC3CCCC3,,
2096931,C1=CC=C(C=C1)CNC(=O)CN2C=C(C=C(C2=O)Cl)C(F)(F)F,,
2096952,C1=CC=C2C=C(C=CC2=C1)SCC(=O)OCC(=O)N,,
2097045,CC1=C(SC=C1)C(=O)NC2=NNC(=N2)C(F)(F)F,,
2097068,CCC1=CC=C(C=C1)C(=O)NCC2=CC=C(C=C2)Cl,,
2097084,C1CC1NC(=O)COC(=O)/C=C/C2=CC=C(C=C2)F,,
2097108,C1=CC=C2C(=C1)C=CC(=N2)C(=O)NCC3=CC=CC=C3Cl,,
2097201,C1COCCN1C(=O)COC(=O)C2=CC(=C(C=C2)Cl)N,,
2097228,C1=CC=C2C(=C1)C(=O)N(C2=O)CCC(=O)NCC3=CC(=CC=C3)Cl,,
2097235,CCOC1=C(C=C(C=C1)C(=O)NCC(=O)N2CCC(CC2)C)OCC,,
2097244,CC(C)[C@@H](C(=O)NC1CCCCC1)NC(=O)C2=CC=CC=C2F,,
2097282,CC1=CC(=CC=C1)C(=O)NCC(=O)OCC2=NC(=NC(=N2)NC3=CC=CC=C3C)N,,
2097348,C1=CC=C2C=C(C(=CC2=C1)C(=O)OCC(=O)NC3=CC=CC=C3F)O,,
2097394,CC1CCN(CC1)C(=O)COC(=O)C2=CC(=CN=C2)Br,,
2097460,CC1=CC(=NO1)NC(=O)CSC2=C(C=C(C=N2)C(F)(F)F)Cl,,
2097465,CN(C1=CC=C(C=C1)F)S(=O)(=O)C2=CC(=C(C=C2)Cl)C(=O)OCC(=O)NC3CC3,,
2097500,CC1=CC(=C(N1C)C)C(=O)COC(=O)C2=C(N=CC=C2)Cl,,
2097612,CC1=CC(=NC2=CC=CC=C12)SCC(=O)N(C)C3CCCCC3,,
2097778,CC1=C(C=C(C=C1)S(=O)(=O)N2CCOCC2)C(=O)OCC(=O)NC3CCCC3,,
2097881,CC1=CC(=C(N1C)C)C(=O)COC(=O)C2=C(N=CC=C2)SC,,
2097895,CC1=C(C=CC(=C1)Br)NC(=O)CCl,,
2098030,CCN(CC)CCC(=O)NN,,
2098337,CC(C)CN1C(=C(C(=O)N(C1=O)C)C(=O)COC(=O)C2=CC=C(C=C2)Br)N,,
2098654,CC1=CSC(=N1)SCC(=O)NCC2=CC=CC=C2OC,,
2098683,CC1=CC(=NC2=CC=CC=C12)SCC3=CC=C(O3)C(=O)OC,,
2098697,CC1=CC2=C(C=C(N=C2C=C1)C)C(=O)NC3CCCCCC3,,
2098715,C1=CC(=CC=C1CCNC(=O)C2=CC3=C(C=C2)N=CN3)Cl,,
2098987,COC1=CC=CC=C1C(=O)NC(=O)CSC2=CC=CC=[N+]2[O-],,
2098997,CC1=CC(=NC2=CC=CC=C12)SCC(=O)NC3=C(N=CC=C3)Cl,,
2099057,C1=CC=C(C=C1)CCCNC(=O)COC(=O)C2=CC=C(O2)[N+](=O)[O-],,
2099229,CC1=CC(=C(C(=C1)C)NC(=O)CCCN2CCCC2)C,,
2099233,CC1=C(SC=C1)C(=O)OCC(=O)NCCCC2=CC=CC=C2,,
2099259,C1=CC(=C(N=C1)Cl)C(=O)OCC(=O)NCC2=CC=C(C=C2)F,,
2099363,CC1CCN(CC1)C(=O)COC(=O)/C=C/C2=CC=CO2,,
2099416,CC1=C(C=C(C=C1)NC(=O)CN2CCN(CC2)CC3=CC=CC=C3)F,,
2099420,CN(C)C(=O)COC(=O)C1=C(N=CC=C1)SC,,
2099546,C1CC2=C(C1)SC(=C2)C(=O)OCC(=O)NC3=CC=C(C=C3)F,,
2099864,CC1CCN(CC1)C(=O)C2=CC=C(C=C2)S(=O)(=O)N3CCCCCC3,,
2099879,CC(C)N(CC1=CC=CC=C1)C(=O)CN2C3=CC=CC4=C3C(=CC=C4)S2(=O)=O,,
2100132,C1CC1NC(=O)COC(=O)C2=CC(=CC=C2)F,,
2100279,CC(=O)NC1=CC=C(C=C1)SCC(=O)NC2=NC=C(C=C2)Cl,,
2100429,CCOC(=O)C1=C(NC(=C1C(=O)COC(=O)CCC2=CC=CC=C2)C)C,,
2100636,CC1=CC(=NC2=CC=CC=C12)SCC(=O)NC3CC3,,
2100728,C1=CC(=CC=C1/C=C/C(=O)O)S(=O)(=O)NC2=CC3=C(C=C2)NC(=O)N3,,
2100759,C1C(=O)NC2=CC=CC=C2N1C(=O)C3=CC(=C(S3)Br)Br,,
2101221,COC1=CC=CC(=C1)CC(=O)NCC2(CCCCC2)N3CCCCC3,,
2101616,CC1=NC2=C(S1)C=C(C=C2)NC(=O)C3=CC=C(O3)Br,,
2102398,C1COC2=C(O1)C=CC(=C2)C(=O)NCCC3=CC=C(C=C3)Cl,,
2102404,C=CCSC1=NN=C(S1)NC(=O)COC2=CC=CC=C2,,
2102438,COC1=CC(=CC(=C1)C(=O)NNC(=O)CC2=CC=CS2)OC,,
2102471,CC1=CN=C(S1)NC(=O)C2=CN=C(C=C2)Cl,,
2102827,C1=CC(=CC=C1C(=O)CCC(=O)OCC(=O)NC2=NC=C(C=C2)Cl)F,,
2102967,C1CCCC2(CC1)C(=O)N(C(=O)N2)CC(=O)NCC3=CC=C(C=C3)Cl,,
2102984,CN(C1=CC=CC=C1)C(=O)CSC2=NC3=C(C(=CS3)C4=CC=CC=C4)C(=O)N2,,
2103238,CC(=O)C1=CC=C(C=C1)S(=O)(=O)NC2CC2,,
2103651,CC1=CC(=C(N1C2=CC=C(C=C2)F)C)C(=O)COC(=O)C3CC3,,
2103737,CC1=NN=C(S1)NC(=O)CCNC(=O)C2=CC=CC=C2Cl,,
2103992,CCN1C2=C(C=C(C=C2)C(=O)O)N=N1,,
2103995,CC(C)N(CC(=O)NC1=C(C=C(C=C1)Cl)C(F)(F)F)C(=O)CCl,,
2104060,CCOC(=O)C1=CC(=O)N2C(=NC(=N2)C3=CC=CC=C3F)S1,,
2104062,C1=CC(=CC=C1C2=NOC(=C2)N)Cl,,
2104065,CC1=C(C(=CC=C1)C)NC(=O)CNC(=O)C2=CC=CC=C2,,
2104149,C1=CC=C2C(=C1)C(=NC=N2)OCC(=O)NCCC3=CC=C(C=C3)F,,
2104765,CCN1C2=C(C=C(C=C2)C(=O)O)N=C1CSC3=NC=NN3,,
2104820,CC(C)[C@@H](C(=O)NC1=C(C=CS1)C(=O)N)NC(=O)C2=CC=C(C=C2)OC,,
2105157,CN(C1CCCCC1)C(=O)CN2C(=O)C3=CC=CC=C3S2(=O)=O,,
2105289,CC1=CC=C(S1)C(=O)NCC(=O)OCC(=O)C2=C(C=C(C=C2)OC)OC,,
2105353,CC1=CSC(=N1)NC(=O)C2=NC3=CC=CC=C3C=C2,,
2105453,CC1=CC=C(C=C1)NC(=O)CN2C=NC3=C(C2=O)C=CC(=C3)[N+](=O)[O-],,
2105531,CC1=NC2=CC=CC=C2C(=C1)C(=O)NCCN3CCOCC3,,
2105606,COC1=C(C=C(C=C1)C(=O)NCC(=O)N2CCCCC2)OC,,
2105607,CC1CCN(CC1)C(=O)CNC(=O)C2=CC(=CC=C2)OC(F)F,,
2105619,CCN1C(=O)C2=CC=CC=C2N=C1SCC3=CC(=CC=C3)OC,,
2105774,C1=CC2=C(C(=C1)N)C(=O)N(C2=O)CCOC3=CC=C(C=C3)F,,
2106027,CCOC1=C(C=CC=N1)C(=O)OCC(=O)C2=CC(=C(C=C2)OC)OC,,
2106114,COC1=CC=C(C=C1)NS(=O)(=O)C2=CC=C(C=C2)C(=O)N3CCN(CC3)C4=CC=C(C=C4)F,,
2106167,CC1=CC(=NO1)NC(=O)CSC2=CC=C(C=C2)F,,
2106365,C1=CC=C(C=C1)C2=CC3=C(S2)N=C(NC3=O)C4=CN=CC=C4,,
2106367,CC(C)OC(=O)CC1=NC2=C(C=C(S2)C3=CC=CC=C3)C(=O)N1,,
2106580,C1=CC=C2C(=C1)C3=C(O2)C=CC(=C3)OCC(=O)O,,
2106594,CC1=CC=CC=C1COC2=CC=CC=C2C(=O)O,,
2106682,CC1=CC(=C(N1C2=CC=CC3=CC=CC=C32)C)/C=C(/C#N)\C(=O)O,,
2106714,CCC1(C(=O)N(C(=O)N1)CC(=O)NC2=CC=CC3=CC=CC=C32)CC,,
2106768,C1CCC(CC1)(CNC(=O)COC2=C(C=C(C=C2)Br)F)N3CCCCC3,,
2106914,CCCN1C(=C(C(=O)NC1=O)CC)N,,
2107154,CNC(=O)COC(=O)/C=C/C1=NC2=CC=CC=C2S1,,
2107270,C1=CC=C(C(=C1)CNC(=O)CCC2=NC3=CC=CC=C3S2)F,,
2107354,CC(=O)C1=CC(=CC=C1)NC(=O)CSC2=NNC(=O)N2C3CC3,,
2107779,CC(=O)CC1=NSC(=N1)NC(=O)C2=C(C=C(C=C2)Cl)Cl,,
2107828,CCOC(=O)C1=CC=C(C=C1)S(=O)(=O)N2CCN(CC2)C(=O)C3=CC=CC=N3,,
2107999,C1=CC=C(C=C1)C2(C(=O)N(C(=O)N2)CC(=O)N)C3=CC=CC=C3,,
2108078,COC1=C(C=C(C=C1)CNC(=O)CSC2=NC=NN2)OC,,
2108129,COC1=CC(=CC(=C1)C(=O)NCC(=O)NCC2=CC=CC=N2)OC,,
2108141,CN(C)C1=CC=C(C=C1)C(=O)NCC2(CCCCC2)N(C)C,,
2108229,CC1=CC(=CC(=C1)OCC(=O)OCC2=NN=C(O2)C3=CC=CC=C3)C,,
2108328,C1=CC(=CC=C1CCNC(=O)C2=CC=NC=C2)S(=O)(=O)N,,
2108581,CCCCNC(=O)C1=CC(=NC2=CC=CC=C21)C,,
2108618,CCOC1=CC=C(C=C1)NC(=O)C2=CC=C(C=C2)NC(=S)NC3CC3,,
2108710,CC1=CC(=C(N1C2=CC=C(C=C2)OC)C)C(=O)COC(=O)C3=CC(=C(C(=C3)OC)OC)NC(=O)C4=CC=CS4,,
2109211,CN1C(=C(C(=C(C1=O)C#N)C2=CC=C(C=C2)F)Br)N,,
2109219,CC1=C(C(=CC=C1)C)NC(=O)CN(C)CC2=C(C=C(C=C2)OC)OC,,
2109651,CC1=CC(=C(N1C)C)C(=O)COC2=CC=CC=C2C(=O)N,,
2109652,CCCN1C(=CC(=C1C)C(=O)CN2C(=O)C3=CC=CC=C3N=N2)C,,
2109989,C1CN(CCC1=O)C(=S)NCC2=CC=CC=C2,,
2110176,CC1=CC(=C(C(=C1)C)S(=O)(=O)N2CCC(CC2)C(=O)NC3CCCCCC3)C,,
2110253,CC1=NC2=CC=CC=C2C(=C1)C(=O)NC3=C(C=C(C=C3)OC)OC,,
2110403,C1=CC2=C(C=CC=N2)C(=C1)NC(=O)CC3=C(C=CC=C3Cl)F,,
2110505,CN1CCCN(CC1)C(=O)CNC(=O)CC2=CC=CC=C2,,
2110572,CC1=NC(=CS1)C2=CC=C(C=C2)NC(=O)CC3=CC=CC=C3,,
2110639,COCCNC(=O)COC(=O)C1=C(N=CC=C1)SC,,
2110705,CCN(CC)S(=O)(=O)C1=CC=CC(=C1)C(=O)N[C@@H](C(C)C)C(=O)NC2=NCCS2,,
2110757,C1C(=O)NC2=CC=CC=C2N1C(=O)CSC3=NN=CS3,,
2110924,CCOCCCN1C(=O)C2=CC=CC=C2N3C1=NNC3=S,,
2111176,CCCN(CC(=O)C1=C(N(C(=C1)C)C)C)S(=O)(=O)C2=CC=CC(=C2)C(F)(F)F,,
2111481,CCOC(=O)C1=C(N(N=C1)C2=CC(=CC(=C2)C)C)N,,
2111483,C1=CC=C2C(=C1)C(=C(O2)C#N)N,,
2111492,CS(=O)(=O)N(CC(=O)NC1=CC=C(C=C1)F)C2CCCCC2,,
2111513,C=CCOC1=CC=CC=C1CNC2=CC3=C(C=C2)NC(=O)N3,,
2111790,CC1=C(C(=NO1)C)COC2=CC=CC(=C2)C(=O)NC(C)(C)C,,
2111809,CN1CCCN(CC1)C(=O)CNC(=O)C2=CC=CC=C2F,,
2111813,CC1=CC=C(O1)C(=O)N(CC(C)C)C2=NC3=CC=CC=C3S2,,
2111911,C1=CC=C(C=C1)COC(=O)C2=C(N=CC=C2)Cl,,
2112121,CC1=CC=C(C=C1)S(=O)(=O)N2CCN(CC2)C(=O)CCC(=O)NC3=C(C=C(C=C3)F)F,,
2112149,COC1=CC=C(C=C1)CNC(=O)COC(=O)C2=CC=CC=N2,,
2112394,C1=CC=C(C=C1)CC(=O)OCC(=O)C2=CC(=CC=C2)[N+](=O)[O-],,
2112674,C1CC1NC(=O)COC(=O)CCNS(=O)(=O)C2=CC=CC=C2,,
2112675,CN(CCC1=CC(=C(C=C1)OC)OC)C(=O)C2=CC3=C(C=C2)C(=O)N4CCCCCC4=N3,,
2112842,CCN(C1=CC=CC=C1)S(=O)(=O)C2=CN=C(C=C2)OC3=CC=CC=C3C(=O)C,,
2113232,CC(C)(C)NC(=O)C1=CC(=C(C=C1Cl)F)F,,
2113246,CC1=NN(C(=C1C(=O)O)Cl)CC2=C(C=C(C=C2)Cl)Cl,,
2113280,C1CCC(=NCC1)NS(=O)(=O)C2=CC=C(C=C2)NC(=O)CCl,,
2113290,CC1=NN(C(=C1C(=O)O)Cl)CC2=C(C=CC=C2Cl)Cl,,
2113325,C1=CC(=CC=C1C2=NN=C(O2)CCl)F,,
2113888,C1C2=C(C3=CC=CC=C3O1)SC(=C2)C(=O)O,,
2113901,CC1=C(C2=C(C=C1)C(=CO2)CC(=O)O)C,,
2113959,CCCCN1C(=O)C=C(N1)C2=CC=CC=C2,,
2113977,CC1=CC=C(C=C1)CN2C(=C(C(=N2)C)C=O)Cl,,
2114010,CCC1=CC(=O)N2C3=CC=CC=C3NC2=C1C#N,,
2114013,C1=CC(=CC=C1N2C=C(C(=N2)C(=O)NN)O)Cl,,
2114353,CC(=O)NCCC(=O)NC1=NC2=C(S1)C=CC3=CC=CC=C32,,
2114384,C1CC2=CC3=C(C=C2C1)OC=C3CC(=O)OCC(=O)N,,
2114410,C1=CC=C2C(=C1)C(=O)N(N=N2)COC3=CC(=CC=C3)Cl,,
2114519,CC1=C(C2=C(C=C1)C(=CC(=O)O2)CN3CCN(CC3)CC4=CC=CC=C4)C,,
2114581,C1=CC=C2C(=C1)C(=NNC2=O)C(=O)NCC3=CC=CC=N3,,
2115027,CN(CC(=O)NC1=CC=CC=C1)CC(=O)NC2=CC=CC=C2Cl,,
2115079,CC1=CC(=C(N1CC(F)(F)F)C)C(=O)CC#N,,
2115208,CC(C)C1=NOC(=C1)N,,
2115266,CCOC1=CC=CC=C1NC(=O)CON2C3=C(C=CC(=C3)Cl)N=N2,,
2115504,C1=COC(=C1)C(=O)NNC2=C(C(=CC(=C2F)F)F)F,,
2115841,C1=CC=C2C(=C1)NC(=N2)NC(=O)C3=CC(=CC(=C3)F)F,,
2115976,CN1C(=C(C(=O)N(C1=O)C)C(=O)COC(=O)C2=CC(=CC=C2)S(=O)(=O)NCC3=CC=CC=C3)N,,
2116064,COC1=CC=CC=C1N2C=NN=C2SCC(=O)N3CCOCC3,,
2116125,CN(C)C1=CC=CC(=C1)C(=O)NC2=NN=C(S2)CC3=CC=CC=C3,,
2116217,COC1=CC=C(C=C1)CNC(=O)COC(=O)C2=CC=C(C=C2)S(=O)(=O)NCC3=CC=CO3,,
2116298,CC1=CC(=NO1)NC(=O)COC(=O)C2=CC(=CC=C2)O,,
2116369,CC1=C(C(=NN1C2=CC=CC=C2)C)C(=O)OCC(=O)NC(=O)NC3CCCCC3,,
2116452,CC1=CN=C(S1)NC(=O)CC2=CC=CS2,,
2116524,CC1=CN=C(S1)NC(=O)/C=C/C2=CC=C(O2)Br,,
2116569,CN(C1=CC=CC=C1OC)S(=O)(=O)C2=CC=C(C=C2)C(=O)NC3=CC(=CC(=C3)OC)OC,,
2116586,C1CC2=C(C1)C=C(C=C2)NC(=O)C3=CC(=C(N=C3)Cl)Cl,,
2116880,C1CCN(C1)CC2=NC3=CC=CC=C3C(=O)N2CC#N,,
2116911,CCOC1=CC=C(C=C1)S(=O)(=O)N2CN(C3=NC4=CC=CC=C4N=C32)C5=CC=CC(=C5)C(=O)C,,
2116981,CC(=O)N1CCN(CC1)C(=O)C2=CC3=CC=CC=C3O2,,
2117006,CC(C)[C@@H](C(=O)NCCC1=CC=C(C=C1)Cl)NC(=O)N,,
2117262,C1CC2=C(C1)C=C(C=C2)NC(=O)C3=CN=C(C=C3)Cl,,
2117331,C1COCCN1CCCN2C(=O)C3=CC=CC=C3N=C2SCC(=O)NC4=CC(=C(C=C4)F)Cl,,
2117341,CCC1=NN=C(S1)NC(=O)CC2=CNC3=CC=CC=C32,,
2117377,CCNC(=O)COC1=C2C(=CSC2=NC=N1)C3=CC=C(C=C3)F,,
2117533,CC(C)(C)CC1=NOC(=C1)N,,
2117687,COC1=CC=CC=C1NC(=O)NN2CCCCC2,,
2117945,CCCNC(=O)COC(=O)C1=NNC2=CC=CC=C21,,
2118092,CC(=O)NC1=CC=C(C=C1)C2=NN(C(=C2)N)C3=CC=CC=C3,,
2118106,C1=CC(=C(C=C1C2=CSC(=N2)NC(=O)CC#N)Cl)Cl,,
2118247,CC1=CC(=NO1)NC(=O)COC(=O)C2=CC=CC=C2NCCO,,
2118296,CCN(CC(=O)NCC1=CC=CS1)S(=O)(=O)C2=CC=C(C=C2)C(C)C,,
2118534,CN1C(=C(C(=O)N(C1=O)C)C(=O)COC(=O)C2=CC=C(C=C2)C3=CC=CC=C3)N,,
2118575,COC1=C(C=C(C=C1)CCC(=O)NC2=NC=CS2)OC,,
2119148,CC1=CC2=C(C=C1)N=C(N2)SCC(=O)NC3=CC=C(C=C3)C(=O)N,,
2119359,C=CCN1C(=O)C2=C(N=C1SC(F)F)SC=C2C3=CC=CO3,,
2119428,C1=CC=C2C(=C1)N=C(S2)CCCC(=O)NCC3=CN=CC=C3,,
2119514,CC1(C(=O)NC2=CC=CC=C2N1C(=O)COC3=CC=CC=C3C#N)C,,
2119871,CC(C)NS(=O)(=O)C1=C(C=CC(=C1)C(=O)O)OC,,
2120008,COC1=CC(=C(C=C1)OC)NC(=O)COC(=O)C2CCC2,,
2120114,CCCCN1C(=O)C2=CC=CC=C2N3C1=NNC3=S,,
2120328,C1=CC(=CC=C1C2=CC(=C(S2)C(=O)NN)N)Cl,,
2120540,COC1=CC(=CC(=C1)C(=O)NCC(=O)OCC(=O)NCC2=CC=CO2)OC,,
2121071,CC1=C(C=C(C=C1)NC(=O)CCOC2=CC=CC=C2C)C,,
2121353,C1=CC=C2C(=C1)C(=O)N(N=N2)CSC3=NNC(=N3)N,,
2121596,C1=CC=C2C(=C1)C(=C(O2)C(=O)C3=CC=CS3)N,,
2121814,CSC1=NC2=C(S1)C=C(C=C2)NC(=O)COC3=CC=CC=C3F,,
2121868,C1=CC=C(C=C1)C(=O)NNC(=O)COC(=O)COC2=CC=C(C=C2)Br,,
2121869,CC1=C(OC2=C1C=C(C=C2)Br)C(=O)NC3=NC=CS3,,
2121872,C1CCN(CC1)S(=O)(=O)C2=CC=C(C=C2)NC(=O)C3=CN=C(C=C3)Cl,,
2121892,C1COC2=C(O1)C=CC(=C2)NC(=O)CSC3=CC=CC=C3,,
2121893,CC(=O)NC1=CC=C(C=C1)NC(=O)C2=CN=C(C=C2)Cl,,
2121918,CCC1=CC2=C(C=C1)C(=CC(=O)O2)CN3CCOCC3,,
2122018,CC(C)[C@@H](C(=O)NCCC1=C(C=C(C=C1)Cl)Cl)NC(=O)N,,
2122298,CC1=C(SC(=N1)NC(=O)COC2=CC=CC=C2)C(=O)C,,
2122382,C1=CC=C(C=C1)CNC(=O)NC(=O)CSC2=NC3=CC=CC=C3O2,,
2122397,C[C@@H](C(=O)OCC(=O)N(C1=CC=CC=C1)C(C)C)NC(=O)N,,
2122451,CC1=CC(=C(O1)C)C(=O)NN=CC2=CC=C(O2)C3=CC=C(C=C3)F,,
2122512,C1=CC=C2C(=C1)C(=O)N(N=N2)COC(=O)/C=C/C3=CC=CO3,,
2122572,COC1=CC=CC(=C1)C(=O)OCC(=O)NC2=CC3=C(C=C2)OCCO3,,
2122583,CC1=C(N=C(S1)NC(=O)C2=NN(C(=O)C=C2)C)C3=CC=CC=C3,,
2122704,C1CCN(CC1)S(=O)(=O)C2=CC=CC(=C2)C(=O)NCC3=CC=CC=C3F,,
2122810,C1CCCN(CC1)C(=O)COC(=O)/C=C/C2=CC=C(C=C2)[N+](=O)[O-],,
2123393,CCCC(=O)NC(=S)C1=C(N(N(C1=O)C2=CC=CC=C2)C)C,,
2123466,C1CCN(C1)S(=O)(=O)C2=CC(=C(C=C2)O)C(=O)OCC(=O)NC3=C(C=C(C=C3)F)F,,
2123914,CC(C)[C@@H](C(=O)NC1=CC=CC=C1N2CCOCC2)NS(=O)(=O)C3=CC=CC=C3,,
2124087,CC(=O)NC1=CC(=CC=C1)OCC(=O)NCCC2=CCCCC2,,
2124224,CN1C(=C(C(=O)N(C1=O)CC(=O)NC2=CC=CC(=C2)C#N)N3CCCCC3)N,,
2124611,COCCCN(CC(=O)O)S(=O)(=O)C1=CC(=CC=C1)Cl,,
2124746,CC(=O)NCCC(=O)NNC(=O)C1=C(C=CC(=C1)Cl)OC,,
2125043,C=CCN1C(=NN=C1SCC(=O)C2=CNC3=CC=CC=C32)COC4=CC=CC=C4F,,
2125230,CC(=O)C1=CC=C(C=C1)OCC(=O)NC2CCCCCC2,,
2125285,CC1=NN=C(S1)NC(=O)C2=CC(=C(C=C2)F)S(=O)(=O)N3CCOCC3,,
2125330,C1=CC(=C(N=C1)SC2=CC=C(C=C2)Br)C(=O)O,,
2125445,CC1=NN(C2=C1C=C(C=N2)C(=O)C3=CC=CC=C3O)C,,
2125592,CC1=C(C=C(C=C1)C(=O)O)N=NC2=C(NC(=O)NC2=O)O,,
2125831,CC1=C(NC(=C1C(=O)C)C)C(=O)NC2=C(C=C(C=C2)Cl)F,,
2125860,CC1=CC(=C(C=C1C)C(=O)CN2C(=O)C3=CC=CC=C3C(=N2)C(=O)O)C,,
2126797,CC1=CC(=C(C=C1)C(=O)NCCC2=CNC3=CC=CC=C32)C,,
2126848,CCN(CC)CCNC(=O)C1=CC=C(C=C1)NC(=O)C2=CC(=NC3=CC=CC=C32)C4=CC=NC=C4,,
2127096,CCN(CC)S(=O)(=O)C1=CC=CC(=C1)C(=O)N[C@@H](C(C)C)C(=O)NCC2=CC=C(C=C2)Cl,,
2127514,C1=CC=C(C(=C1)C(=O)NC2=NC3=CC=CC=C3N2)OC(F)F,,
2127543,COC1=CC=CC(=C1)COC(=O)NC2=CC=CC=C2F,,
2128204,C1CCC(CC1)NC(=O)COC2=C3C=CSC3=NC=N2,,
2128213,CN(C)S(=O)(=O)C1=CC=C(C=C1)NC(=O)CN2C=CSC2=N,,
2128395,CCC1=C2C(=CC=C1)C(=CN2)C(=O)CSC3=NN=CN3C,,
2128671,C1=CC=C2C(=C1)N=C(S2)COC(=O)C3=CC=C(C=C3)N,,
2129011,C1=CC=C(C=C1)OCC(=O)OCC(=O)NC2=NC=C(C=C2)Cl,,
2129437,CC(C)[C@@H](C(=O)NC1CCCCC1)NS(=O)(=O)C2=CC=CC=C2F,,
2129554,C1=CC=C2C(=C1)N=C(O2)SC3=C(C=C(C=C3)[N+](=O)[O-])[N+](=O)[O-],,
2129848,CCOC(=O)C1=C(OC2=C1C(=C(C=C2)O)CN3CCCC3)C4=CC=CC=C4,,
2129850,CCOC(=O)C1=C(OC2=C1C(=C(C=C2)O)CN3CCC(CC3)C)C4=CC=CC=C4,,
2130250,CCCNC(=O)NC1=NC2=CC=CC=C2S1,,
2130277,CC1=CC2=C(C=C1)OC(=O)N2CCCOC3=CC=CC=C3C,,
2130278,CC1=CC(=CC=C1)OCCCN2C3=C(C=CC(=C3)C)OC2=O,,
2130404,C1=CC2=C(C=CC=N2)C(=C1)NC(=O)/C(=C/C3=CC=C(O3)C4=C(C=CC(=C4)Cl)Cl)/C#N,,
2131972,CC1=CC=C(C=C1)C(=O)N/C(=C\C2=CC=C(O2)C3=CC(=CC=C3)[N+](=O)[O-])/C(=O)NCCCN(C)C,,
2131982,CC1=CC=C(C=C1)C(=O)N/C(=C\C2=CC=C(O2)C3=CC=CC=C3[N+](=O)[O-])/C(=O)NCCCN(C)C,,
2132298,C[N+]1=CC=C(C=C1)C(=O)NCC2=CC=CC=C2,,
2132338,CC(=O)/C=C\C1=CC=C(C=C1)OC(=O)C2=CN=CC=C2,,
2132479,CN1C/C(=C\C2=CC=CC=N2)/C(=O)/C(=C/C3=CC=CC=N3)/C1,,
2132733,C=CCN1C(=O)C2=C(N=C1SCC(=O)NCC3=CC4=C(C=C3)OCO4)SC=C2C5=CC=CC=C5,,
2132980,CCC1=NC2=C(C=CS2)C(=O)N1N,,
2132996,CCOC1=CC2=C(C=C1)N=C(S2)N=NC3=C(NC(=O)NC3=O)O,,
2133102,COCCCNC(=O)/C(=C/C1=CC=C(C=C1)F)/C#N,,
2133493,C1=CC2=C(C(=O)N(C2=O)CNC3=CC=C(C=C3)Cl)N=C1,,
2133616,CCOC(=O)N1CCN(CC1)S(=O)(=O)C2=C3C=CC=C4C3=C(C=C2)NC4=O,,
2134211,C1=CC(=CC=C1C(=O)NCCNC(=O)C2=CC=C(C=C2)[N+](=O)[O-])[N+](=O)[O-],,
2135555,CC1=C(SC=C1)/C=C(\C#N)/C(=O)NCCCN2CCOCC2,,
2135890,COC1=CC(=C(C=C1)OC)NC(=O)C2=C(N(N=N2)CC3=C(C=C(C=C3)Br)F)N,,
2136441,CCN1C(=NN=C1SCC(=O)N)C2=CC3=C(C=C2)OCO3,,
2136521,C1=CC=C(C=C1)C(=O)NC(=S)NNC(=O)C2=CC=CC=C2O,,
2137838,CC1=CC(=C(C=C1)C)S(=O)(=O)C2=CNC(=S)NC2=O,,
2137859,CC1=C(C=C(C=C1)NC(=O)CSC2=NC=C(C(=O)N2)S(=O)(=O)C3=CC=CC=C3)C,,
2138172,CC1=C(SC(=N1)NC(=O)C2=CC=C(C=C2)OC)C(=O)OCC=C,,
2138513,C1=CC=C(C(=C1)CN2C(=O)C3=NC=CN=C3NC2=S)Cl,,
2139177,COCCN1C(=O)/C(=C/2\C3=CC=CC=C3N(C2=O)CC(=O)NC4=CC=CC=C4Cl)/SC1=S,,
2140081,C1=CC(=CC=C1C2=CC=C(O2)/C=C\3/C(=O)N(C(=S)S3)CC(=O)O)Br,,
2140182,CC1=C(C(=O)N(N1C)C2=CC=CC=C2)NC(=S)SCC=C,,
2140504,C1CCC2=CC(=C(N=C2CC1)SCC(=O)NC3=NC=CS3)C#N,,
2140509,CCOC(=O)CCC(=O)N1CCC2=CC=CC=C21,,
2141553,C1=CC=C2C(=C1)C=NN=C2SCC(=O)NC3=CC(=CC=C3)O,,
2141772,CC1=CC=C(C=C1)OCCCN2C3=C(C=C(C=C3)C)C(=O)C2=O,,
2141776,CC1=C2C(=CC=C1)C(=O)C(=O)N2CCCOC3=CC=CC=C3OC,,
2141780,CCCOC1=CC=C(C=C1)CN2C3=C(C=CC(=C3)C)OC2=O,,
2141990,CC(C)(CO)NC(=O)C1=CC2=C(C=C1)C3=CC=CC=C3C2=O,,
2141992,COCCNC(=O)C1=CC2=C(C=C1)C3=CC=CC=C3C2=O,,
2142309,CC1=C(C2=C(O1)C(=O)C3=CC=CC=C3C2=O)C(=O)NCC4=CN=CC=C4,,
2142605,CN(C)C(=O)CSC1=NC2=C(C3=C(S2)CCC3)C(=O)N1CC=C,,
2143092,C1=CC(=CC=C1CN2C(=O)C=C(NC2=O)Cl)F,,
2144799,CC(=O)NC1=CC=C(C=C1)S(=O)(=O)NCCCN2CCOCC2,,
2145321,CN1C(=CC(=O)N(C1=O)C)NNC(=O)C2=C(C=CC=C2F)F,,
2145331,CN1C(=CC(=O)N(C1=O)C)NNC(=O)/C=C/C2=CC(=C(C=C2)OC)OC,,
2145333,CN1C(=CC(=O)N(C1=O)C)NNC(=O)/C=C/C2=CC3=C(C=C2)OCO3,,
2145489,CC1=CC=C(C=C1)OCCN2C3=C(C=C(C=C3)C)C(=O)C2=O,,
2145491,CC1=C2C(=CC=C1)C(=O)C(=O)N2CCOC3=CC=CC=C3,,
2145492,CC1=CC=C(C=C1)OCCN2C3=C(C=CC=C3C(=O)C2=O)C,,
2145809,CC(C)CN1C(=O)/C(=C/C2=CC=C(C=C2)O)/SC1=S,,
2146178,CC1=C(C(=NN1)C)CC(=O)O,,
2146230,COC1=CC=CC2=C1OC(=O)C(=C2)C(=O)NCC=C,,
2146379,COC1=CC=C(C=C1)CCNC(=O)C2=CSC3=C2CCCC3,,
2146420,CN\1C2=CC=CC=C2S/C1=C\C(=O)C3=CC=C(C=C3)OC,,
2146639,C1=CC=C(C=C1)CNC(=O)C2=CC=C(O2)CSC3=CC=CC=C3,,
2147394,C1=CC=C2C(=C1)C(=O)C(=O)N2CNC3=CC=C(C=C3)Cl,,
2147692,CC1=CC(=CC=C1)OCCCN2C3=CC=CC=C3OC2=O,,
2147953,CC1=CC(=NC(=N1)SCC(=O)OCC2=CC=CC=C2)N3CCOCC3,,
2147954,CC1=CC(=NC(=N1)SCC(=O)OC)N2CCOCC2,,
2148140,C1=COC(=C1)CNC(=O)CSC2=NC(=CC(=N2)N)N,,
2148531,C1=CC(=C(C=C1Cl)C(=O)NC2=CC(=O)NC(=O)N2)Cl,,
2149378,CCOC(=O)COC1=CC=CC2=C1C=CN(C2=O)CC(=O)N,,
2150403,CC1=CC=C(C=C1)CN2CCC3=C(C2)C(=O)NC(=S)N3,,
2150683,CC1=C(C=CC2=C1N=C(S2)NC(=O)C)Cl,,
2150918,CC1=C2C(=C(C=C1)OC)N(C(=NC(=O)C3=CC(=CC=C3)N4C(=O)CCC4=O)S2)C,,
2150935,CN1C2=C(C=CC(=C2SC1=NC(=O)C3CC3)OC)OC,,
2150956,CCCCC(=O)N=C1N(C2=C(C=CC(=C2S1)OC)OC)C,,
2150975,CC1=C2C(=C(C=C1)OC)N(C(=NC(=O)C3=CC=CC=C3OC)S2)C,,
2150987,CCCC(=O)N=C1N(C2=C(C=CC(=C2S1)OC)OC)C,,
2151125,CC(C)(C)C(=O)N=C1N(C2=C(C=CC=C2S1)F)C,,
2151170,CN1C2=C(C=C(C=C2SC1=NC(=O)COC3=CC=CC=C3)F)F,,
2151172,CN1C2=C(C=CC=C2SC1=NC(=O)COC3=CC=CC=C3)F,,
2151185,COC1=C2C(=CC=C1)SC(=NC(=O)C3=CC=CS3)N2CC=C,,
2151914,CN1CCC2=C(C1=O)C=CC=C2OCC3=CC=C(C=C3)F,,
2151925,CN1CCC2=C(C1=O)C=CC=C2OCC(=O)N3CCC(CC3)CC4=CC=CC=C4,,
2151930,CC1=CC(=CC=C1)NC(=O)COC2=CC=CC3=C2CCN(C3=O)C,,
2151959,CCN1CCC2=C(C1=O)C=CC=C2OCC(=O)N3CCCC4=CC=CC=C43,,
2151990,CC1CCN(CC1)C(=O)COC2=CC=CC3=C2CCN(C3=O)CC4=CC=CC=C4,,
2153508,CC1=C(C2=CC=CC=C2N1)SCC(=O)N3CCCCC3,,
2153530,CC1=C(C2=CC=CC=C2N1)SCC(=O)NC3=NC=CS3,,
2155070,CCOC(=O)N1CCN(CC1)C2=NC=NC3=C2NC=N3,,
2155128,CC1=CC2=C(C=C1)N=C(S2)NC(=O)CSC3=NC4=C(C(=O)N3C5=CC=CC=C5)SCC4,,
2155145,CCCCSC1=NC2=C(C(=O)N1C3=CC=CC=C3)SCC2,,
2155264,CC1=CC2=C(C=C1)N=C(S2)NC(=O)CSC3=NC4=C(C(=O)N3C5=CC=CC=C5OC)SCC4,,
2155273,CCCSC1=NC2=C(C(=O)N1C3=CC=CC=C3OC)SCC2,,
2155389,CC1=CC2=C(C=C1)N=C(S2)NC(=O)CSC3=NC4=C(C(=O)N3C5=CC=C(C=C5)F)SCC4,,
2155692,CC1=CC(=CC=C1)C2=NN=C(O2)SCC(=O)N3CCOCC3,,
2156471,CC1=C(C=C(C=C1)C(=O)NCCSC2=C(NC3=CC=CC=C32)C)[N+](=O)[O-],,
2158349,C1CCC(C1)NC(=O)C2=CC3=C(S2)N=C4C=CC=CN4C3=O,,
2158353,C=CCNC(=O)C1=CC2=C(S1)N=C3C=CC=CN3C2=O,,
2158417,CC1=CC=CN2C1=NC3=C(C2=O)C=C(S3)C(=O)NCC=C,,
2159231,C1COC(=CO1)C(=O)NC2=NC3=C(C=CC=C3S2)F,,
2159444,CCN(CC)S(=O)(=O)C1=CC=C(C=C1)C(=O)NCC2=NN=C(N2C)SCC(=O)OC,,
2160596,C1CC2=CC=CC=C2N(C1)C(=O)NC(=O)C3=CC=CC=C3,,
2160985,C1=CC=C(C(=C1)COC2=CC=CC=C2C(=O)O)Br,,
2161481,C1COCCN1C2=CC=CC=C2NC(=O)C3=CN=C(C=C3)Cl,,
2161567,COC1=C(C=C(C=C1)NC(=O)COC(=O)C2=CC=C(C=C2)N3CCCC3=O)OC,,
2161595,C1OC2=C(O1)C=C(C=C2)CNC(=O)C3=C(N=CC=C3)Cl,,
2161759,CC(C)(C)NC(=O)NC(=O)CN1CCN(CC1)C2=CC=CC=C2,,
2161841,CC1=C(N=C(N=C1C)SCC(=O)N2CC(=O)NC3=CC=CC=C32)C,,
2162155,CC(C)(C)CC1=NN=C(S1)NC(=O)C2=CC3=C(C=C2)OCO3,,
2162324,C1=CC=C(C=C1)CC(=O)NCCCCNC(=O)CC2=CC=CC=C2,,
2162339,C1COC2=C(O1)C=CC(=C2)NC(=O)/C=C/C3=CC=CO3,,
2162395,CC1=CC=C(C=C1)NC(=O)CN2C(=O)CNC2=O,,
2162404,CC(=O)NCCNC(=S)NC1=CC=C(C=C1)OC,,
2162574,C1=CC=C(C(=C1)C#N)NC(=O)CSC2=NN=C(S2)N,,
2162726,C1COCCN1CCCNC(=O)C2=C(C=CC(=C2)Cl)Cl,,
2162753,CC1=CC=C(C=C1)C(=O)NC2=NC3=CC=CC=C3N2,,
2163239,CC(=O)C1=CC(=CC=C1)NC(=O)C2=CC3=C(C=C2)OCO3,,
2163771,COC(=O)C1=C(C=CS1)NC(=O)C2=CC(=CC=C2)Cl,,
2163843,C1CCC(CC1)C(=O)NCCCC2=CC=CC=C2,,
2163906,C1CC1C(=O)NC2=CC=C(C=C2)OC3=CC=CC=C3,,
2163913,C1COC2=C(O1)C=CC(=C2)NC(=O)/C=C/C3=CC=C(C=C3)Br,,
2164117,CC(C)C1=CC=C(C=C1)C(=O)NCCCN2CCOCC2,,
2164122,CCOC(=O)C1=C(SC(=C1C)C(=O)N)NC(=O)C2=C(C(=C(C(=C2F)F)F)F)F,,
2164200,C1=CC=C(C=C1)CCCNC(=O)C2=CC=C(C=C2)F,,
2164243,CCCCOC1=CC=C(C=C1)NC(=O)CSC2=NN=NN2C,,
2164314,CCCCNC(=O)C1=CC(=CC=C1)C(=O)NCCCC,,
2164652,CCCCN(CC)C(=O)C1=CC=C(C=C1)Cl,,
2164705,C1CC1C2=NC3=C(C=NN3C(=C2)C(F)F)C(=O)N4CCC5=CC=CC=C5C4,,
2164709,COC(=O)C1=CC=CC=C1NC(=O)C2=C3N=C(C=C(N3N=C2)C(F)F)C4CC4,,
2164898,CCCOC(=O)C1=CC=C(C=C1)NC(=O)C2=CC=CC=C2[N+](=O)[O-],,
2164921,CC(=O)NC1=CC=C(C=C1)S(=O)(=O)NCCCC2=CC=CC=C2,,
2164977,CCOC1=CC=C(C=C1)C(=O)NCCNC(=O)C2=CC=C(C=C2)OCC,,
2164985,C1CCC2=C(CC1)SC(=C2C(=O)N)NC(=O)C3=CN=CC=C3,,
2165246,COC(=O)NC1=CC=C(C=C1)S(=O)(=O)NC2=NC3=CC=CC=C3N=C2,,
2165284,C1COCCN1CCCNC(=O)C2=C(C=C(C=C2)Cl)Cl,,
2165672,COC1=CC=CC=C1NC(=O)CCCCC(=O)NC2=CC=CC=C2OC,,
2166167,C1=CC=C(C=C1)CNC(=O)CN2C=NN=N2,,
2166253,CCCC1=CC(=C(C=C1)OCC2=CC=C(O2)C(=O)NCCC)OC,,
2166281,CC1=CN=C(C=C1)NC(=O)C(=O)NC2=NC=C(C=C2)C,,
2166341,CCCNC(=O)C1=CC=C(O1)COC2=CC=C(C=C2)C(C)(C)C,,
2166461,C1COCCN1CCCNC(=O)C(C2=CC=CC=C2)C3=CC=CC=C3,,
2166648,C1CCC(C1)C(=O)NC2=CC(=CC(=C2)Cl)Cl,,
2167462,CCCCC1=NC(=NN1)SCC(=O)NC2=CC(=CC=C2)Cl,,
2167884,C1CC1NC(=O)CC#N,,
2168015,C1=CC(=CC=C1C#N)NC(=O)CCl,,
2168034,CC(C)(C)C1=CSC(=N1)NC(=O)CC2=CC=C(C=C2)OC,,
2168163,COC1=C(C(=CC(=C1)C=O)Br)OCC=C,,
2168588,CCOC1=C(C=CC(=C1)/C=C/C(=O)O)OCCO,,
2168926,CC1=NC2=C(C3=C(S2)CCCCC3)C(=O)N1N,,
2169042,COC1=CC=C(C=C1)C2=NC3=C(C=NN3C(=C2)C(F)F)C(=O)N4CCN(CC4)C(=O)C5=CC=CO5,,
2169348,C1=CC(=C(C=C1Cl)Cl)C(=O)COC(=O)C2=NC=CN=C2,,
2169720,CCCCC1=CC=C(C=C1)NC(=O)OC,,
2169847,C1=CC(=CC(=C1)Cl)CCNC(=O)/C=C/C(=O)O,,
2169887,C1=CC=C(C=C1)CCCNC(=O)C2=CC(=CC=C2)Br,,
2169905,CC(C)C1=CC=C(C=C1)C(=O)NCCCC2=CC=CC=C2,,
2170336,C=CCNC(=S)N1CCC(CC1)C(=O)N,,
2171051,CC(=O)C1=CC(=CC=C1)NC(=O)C2=CC(=C(C=C2)OC)OC,,
2171069,CC1=CC=CC=C1C(=O)NC2=CC=C(C=C2)C(=O)C,,
2171637,CC1=CC=C(C=C1)C(=O)NC2=CC=C(C=C2)C(=O)C,,
2171879,C1=CC=C(C=C1)C\2=NOC(=O)/C2=C\C3=CN=CC=C3,,
2172058,C1=CC(=CC=C1[N+](=O)[O-])S(=O)(=O)C2=CN=C(S2)NC(=O)CCl,,
2172274,CC1CCN(CC1)C2=NC(=O)/C(=C/C3=C(C(=CC=C3)OC)OC)/S2,,
2173476,CN1CCN(CC1)C(=O)C2=CC(=CC(=C2)[N+](=O)[O-])[N+](=O)[O-],,
2173748,CCCOC1=CC=C(C=C1)C(=O)NC2=CC3=C(C=C2)OCCO3,,
2174265,CCC1=CC=C(C=C1)NC(=O)C(=O)NCC2=CC=CC=N2,,
2174274,CC(C)(C)C(=O)NC1=C(C2=C(S1)CCCC2)C(=O)NC3=CC=CC=N3,,
2174396,CC1(COC(OC1)C2=CC=C(C=C2)Cl)C(=O)O,,
2174517,CC(=O)C1=C(C2=CC=CC=C2N1C)OC(=O)C3=CC(=CC=C3)Cl,,
2174681,C1=CC=C2C(=C1)C(=CN2)C(=O)C(=O)NC3=NC=CS3,,
2175967,C1=CC2=C(C(=C1)NC(=O)C3=CC(=C(C=C3Cl)F)F)N=CC=C2,,
2176047,COC(=O)C1=CC=C(C=C1)NC(=O)C(=O)C2=CNC3=CC=CC=C32,,
2176315,CCN(C1=CC=CC=C1)C(=O)C(=O)C2=CNC3=CC=CC=C32,,
2176767,C1=CC=C(C=C1)CCNC(=O)C(=O)C2=CNC3=CC=CC=C32,,
2176997,C1=CC=C(C=C1)/C=C(/C(=O)NCC2=CN=CC=C2)\NC(=O)C3=CC=CC=C3,,
2177140,C1=CC=C(C=C1)C(=O)N/C(=C/C2=CC=CS2)/C(=O)NCC3=CC=CO3,,
2177195,CC(=O)N1C=C(C2=CC=CC=C21)C=C3C(=O)NC(=O)NC3=O,,
2177557,CCOC(=O)C1=C(C=CC(=C1)NC(=O)/C=C\C(=O)O)Cl,,
2177821,C1=CC=C(C=C1)NC(=O)NCCSCC2=C(C=CC=C2Cl)F,,
2178259,C(CSC1=NN=C(S1)SCCC(=O)O)C(=O)O,,
2178981,COC1=C(C=C(C=C1)/C=C\2/C(=O)NC(=O)N(C2=O)C3=CC(=C(C=C3)Cl)Cl)C(=O)O,,
2179730,C1C(=O)NC(=O)N(C1=O)C2=CC=C(C=C2)Cl,,
2179734,COC1=CC=C(C=C1)N2C(=O)CC(=O)NC2=O,,
2179888,C1CCN(C1)C(=O)/C(=C\C2=CC=CS2)/NC(=O)C3=CC=CC=C3,,
2181119,C1=COC(=C1)/C=C/C(=O)NCCCC(=O)O,,
2181642,C1=CC=C(C=C1)CCCNC(=O)CC2=CC=CC=C2[N+](=O)[O-],,
2181761,C1=CC(=CC(=C1)Cl)C(=O)NCCO,,
2185058,CCN1C2=C(C=C(C=C2)NC(=O)C(=O)N3CCOCC3)C4=CC=CC=C41,,
2185394,C1=CC(=CC=C1C(=O)/C=C/NC2=CC=C(C=C2)S(=O)(=O)N)Br,,
2185406,C1=CC=C(C=C1)/C=C\2/C3=CC=CC=C3C(=O)N2,,
2185606,CC1=CC(=C(C=C1)C(=O)N2CCN(CC2)CC3=CC4=C(C=C3)OCO4)Cl,,
2185728,CCOC(=O)NC1=CC=C(C=C1)S(=O)(=O)NCCCN2CCOCC2,,
2186028,CC1=CC=C(C=C1)S(=O)(=O)NCCCNC(=O)C,,
2186428,CC(=O)NCCOC1=NC(=NC(=N1)N2CCCCC2)N3CCCCC3,,
2186453,CCCCNS(=O)(=O)C1=CC=C(C=C1)NC(=O)C2=C(ON=C2C3=CC=CC=C3Cl)C,,
2186870,CC1=CC=CC=C1C(=O)NCCCC2=CC=CC=C2,,
2187258,CC1=CC=C(C=C1)OCCC(=O)NC2=C(C=C(C=C2)OC)OC,,
2187659,CC(C)(C)C(=O)/C=C/NC1=CC=C(C=C1)N(C)C,,
2188299,C1=CC=C(C=C1)C\2=NOC(=O)/C2=C\C3=CC(=C(C=C3)O)O,,
2188561,CCCCNS(=O)(=O)C1=CC=C(C=C1)NC(=O)C2=CC=CS2,,
2188594,CCCOC1=C(C=C(C=C1)CC(=O)NCCC2=CC=CC=C2)OC,,
2189650,C1=CC=C(C=C1)C(=O)/C=C/NC2=CC=C(C=C2)S(=O)(=O)N,,
2189851,COC1=CC=C(C=C1)N/C=C/C(=O)C2=CC=CC=C2,,
2190306,C=CCNC(=O)C1=CC=CC=C1I,,
2190510,CC1=NN2C(=O)/C(=C/C3=C(C=CC(=C3)Br)OC)/SC2=NC1=O,,
2190627,C/C(=C\C1=CC=CC=C1)/C(=O)NC2=NC=C(C=C2)Cl,,
2190715,CC1=NN2C(=O)/C(=C/C3=CC=CC=C3OCC=C)/SC2=NC1=O,,
2191933,CC1=C(C=CC(=C1)Cl)NC(=O)C2=CC3=C(C=C2)OCO3,,
2192323,C1=CC=C2C(=C1)NC(=N2)C3=CC(=CC=C3)NC(=O)C4=CC(=CC=C4)NC(=O)C5=CC=CO5,,
2192542,C1=CC=C2C(=C1)C(=CN2)C(=O)N,,
2193150,CCCCC1=CC=C(C=C1)NC(=S)N2CCN(CC2)C(=O)OCC,,
2193203,COC1=CC=CC=C1C(=O)NC2=CC=C(C=C2)C(=O)NC3=CC=CC=C3C(=O)O,,
2193355,CN(C)CCNC(=O)C1=CC=C(C=C1)COC2=C(C=C(C=C2)Cl)Cl,,
2193449,CC1=CC(=C(C=C1)C)OC(=O)CN2C(=O)C3=CC=CC=C3C2=O,,
2193853,CCOC(=O)C1=C(C(=C(S1)NC(=O)CSC2=NC=NN2)C#N)C,,
2194209,CN1CCN(CC1)CC(=O)NC2=NC3=C(S2)CCCC3,,
2194279,CC1=CC=CC=C1C(=O)NC2=CC=CC(=C2)C(=O)NC3=CC=CC=C3C(=O)O,,
2194313,COCCN1C(=NN=C1SCC(=O)NC2=CC=CC=C2)CC3=CC=CC=C3,,
2195027,CC1=CC=CC=C1C(=O)NCCOC2=CC=CC=C2Cl,,
2195449,COC1=CC=CC2=C1OC(=O)C(=C2)C3=CC=CC=C3,,
2195956,CC1=C(ON=C1C)NS(=O)(=O)C2=CC=C(C=C2)NC(=O)CSC3=C(C=C4CCCCC4=N3)C#N,,
2197578,C1CCC(CC1)(C2=CC=CC=C2)C(=O)N3CCCCC3,,
2197783,C1=CC=C(C=C1)S(=O)(=O)NC(=O)C2=CC(=CC=C2)Br,,
2197808,CCCOC1=CC=CC=C1NC(=O)C2=C(ON=C2C3=CC=CC=C3)C,,
2198108,C1CC1C(=O)NC(=S)NC2=CC=CC=C2Cl,,
2198564,CN(C1=CC=C(C=C1)C(=O)NC2=CC=C(C=C2)CC#N)S(=O)(=O)C,,
2199466,C=CCN1C(=O)/C(=C\C2=CC=C(O2)C3=C(C=CC(=C3)[N+](=O)[O-])Cl)/C(=O)NC1=O,,
2200216,CC1=CC(=CC(=C1)C(=O)NCCCN2CCOCC2)C,,
2200397,CCCNC(=O)C1=CC=C(O1)COC2=CC=C(C=C2)C,,
2200666,CC1(C2=C(C3=C4N1C(=O)C(=O)C4=CC(=C3)OC)C(=S)N(S2)C5=C(C=CC(=C5)OC)OC)C,,
2201466,CCOCC1=NN=C(S1)NC(=O)CCC2CCCCC2,,
2201553,C1CCCN(CC1)C2=CC=C(O2)/C=C(/C#N)\C3=CC=C(C=C3)Cl,,
2201629,CC1=CC(=C(C=C1)C(=O)NCCCN2CCOCC2)C,,
2202307,CCOC1=C(C=CC(=C1)/C=C\[N+](=O)[O-])OCC(=O)N2CCOCC2,,
2202359,CS(=O)(=O)N(CC(=O)NC1=CC=CC=C1SC2=CC=CC=C2)C3CCCCC3,,
2202791,C1CCC2=C(C1)C(=NN2)C(=O)NN,,
2202857,CC1=C(C(=O)N(C1=O)CCC(=O)O)C,,
2202888,CCCCOC(=O)SC1=NC2=CC=CC=C2O1,,
2203155,CC(C)(C)C1=CC(=C(C=C1)OCC(=O)NC2=CC=NC=C2)Br,,
2203667,CC1=CC(=C(C=C1OCC(=O)NC2CCCCC2)S(=O)(=O)N3CCCC3)Cl,,
2204187,CC1=C(C=CC=C1NC(=O)CSCC2=C(C=C(C=C2)Cl)Cl)C(=O)O,,
2204286,CCS(=O)(=O)N1CCC(CC1)C(=O)NC2=C(C=CC(=C2)[N+](=O)[O-])C,,
2204326,CC1=CC(=C(C=C1OCC(=O)NC2CCCCC2)S(=O)(=O)N3CCSCC3)Cl,,
2204833,COCCCNC(=S)NNC(=O)C1=CC(=C(C(=C1)Cl)O)Cl,,
2205108,CCCCOC1=CC=CC(=C1)C(=O)NNC(=S)NC2CCCCC2,,
2205589,CC1=C(C(=CC=C1)NC(=S)NNC(=O)COC)C,,
2205777,CC1=CC=C(C=C1)C2=NN=C(O2)C3=CC=CC=C3Br,,
2206082,CC1=C(C=CC(=C1)OC(F)F)NC(=S)NC2=CC=C(C=C2)C(=O)C,,
2206381,C1COCCN1C(=O)C2=CC=CC=C2NC(=O)CCC3=CC=CC=C3,,
2206515,C1=CC=C(C(=C1)C(=O)NCCNC(=O)C2=CC=CO2)Cl,,
2206548,CCNS(=O)(=O)C1=CC=C(C=C1)NC(=O)NC2=CC3=C(C=C2)OCO3,,
2206758,COC1=C(C=C(C=C1)CCNC(=O)C(=O)NCC2=CC=CS2)OC,,
2206964,C1OC2=C(O1)C=C(C=C2)C(=O)NNC(=S)NCC3=CC=C(C=C3)Cl,,
2207232,CC(=O)C1=CC=C(C=C1)NC(=O)NNS(=O)(=O)C2=CC=C(C=C2)[N+](=O)[O-],,
2207291,C1COC2=C(O1)C=CC(=C2)NC(=O)NC3=CC(=CC=C3)[N+](=O)[O-],,
2207551,CC1=CC(=CC=C1)CN2C=NC(=N2)NC(=O)NC3=CC=C(C=C3)C(=O)C,,
2207559,COCCNC(=O)NC1=CC=C(C=C1)F,,
2207849,C1=CC(=C(C=C1N=CC2=C(NC(=O)NC2=O)O)C(F)(F)F)Cl,,
2207993,CC(C)(C)OC(=O)NNC(=S)NC1CCCCC1,,
2208187,C1CCN(C1)C(=O)/C(=C\C2=CC(=CC=C2)[N+](=O)[O-])/NC(=O)C3=CC=CC=C3,,
2208392,CC(=O)N(C)C1=CC=C(C=C1)NC(=S)NC2=CC=C(C=C2)OC,,
2208775,C1=CC=C(C(=C1)CN2C3=CC=CC=C3C(=O)C2=O)[N+](=O)[O-],,
2208882,COC(=O)COC1=CC=C(C=C1)S(=O)(=O)NC2=CC=CC=C2SC,,
2208981,CC1=CC(=CC(=C1)C(=O)NC2=CC(=C(C=C2)OC)[N+](=O)[O-])C,,
2209137,CC(=O)NC1=CC(=CC=C1)NC(=S)NC2=C(C(=CC=C2)Cl)Cl,,
2209193,CC1=C(C=CC=C1[N+](=O)[O-])C(=O)NC2=CC=CC=C2C(=O)NCCOC,,
2209610,CC1=CC=C(C=C1)SCC(=O)NC2=CC=CC=C2C(=O)NCCOC,,
2210290,CCC1=NN=C(S1)NC(=O)C2=CC=C(C=C2)NS(=O)(=O)C3=CC=CC=C3,,
2210370,CC1=C(C=C(C=C1)Cl)N(CC(=O)NC2=C(C=CC=C2F)F)S(=O)(=O)C,,
2210446,COC1=CC=C(C=C1)CCC(=O)NNC(=S)NCC2=CC=C(C=C2)F,,
2210524,CC(C)(C(=O)NNC(=S)NCC1=CC=CO1)O,,
2210595,CC(C)(C#CC1=CC=C(S1)C(=O)NC2CCCCC2)O,,
2210626,C1=CC=C(C(=C1)/C=C/C(=O)NNC(=O)C2=CC=CS2)Cl,,
2210642,C1=CSC(=C1)C(=O)/C=C/NC2=C(C=C(C=C2)Br)F,,
2210686,C1COCCN1C(=O)COC2=CC=C(C=C2)/C=C\[N+](=O)[O-],,
2210746,COC1=C2C=CC=C3C2=C(C=C1)C(=O)N(C3=O)O,,
2210872,CC1=C(C(=C(C=C1)C(=O)N2CCOCC2)F)F,,
2211094,COC(=O)C1=C(C=CS1)NC(=O)NC2=CC(=CC=C2)[N+](=O)[O-],,
2211212,CC1=CC2=C(C=C1)N(CCC2)C(=O)NC3=C(C=C(C=C3)OC)OC,,
2211217,CC(C)[C@@H](C(=O)NCCC1=CC=CC=C1)NC(=O)C2=CC=CC=C2,,
2211284,CC1=C(C=CC(=C1)N/C=C/C(=O)C2=CC=CS2)F,,
2211335,COC1=CC(=C(C=C1)NC(=O)NCCCN2CCCC2=O)OC,,
2211338,COC1=CC=CC=C1C(=O)N2C(=NC(=N2)C3=CC=CC=C3)NCC4=CC=CO4,,
2211455,CC(=O)C1=CC=C(C=C1)N2CCN(CC2)C(=O)NC3=CC(=CC=C3)F,,
2211563,COC(=O)C1=CC=CC=C1NC(=O)N2CCN(CC2)C3=CC=C(C=C3)F,,
2211632,CC1=C(C(=O)N(N1C)C2=CC=CC=C2)NC(=O)NC3=C(C=C(C=C3)F)F,,
2211769,CC1=CC(=NN1C(=O)C2=C(C(=C(C=C2)Cl)F)F)C,,
2211921,C1COCCN1C(=O)C2=CC=CC=C2NC(=O)CC3=CC=CC=C3[N+](=O)[O-],,
2212314,CCCCC(=O)NC1=CC=C(C=C1)C(=O)NCCN2CCOCC2,,
2212457,COCCNC(=O)C1=CC=CC=C1NC(=O)NC2=CC=CC=C2,,
2212684,C1=CC(=CC=C1C2=CSC(=N2)NC3=CC(=C(C=C3)C(=O)O)O)Cl,,
2213045,CC(C)CC(=O)NC1=CC=C(C=C1)C(=O)NNC(=O)C2=CC=CC=C2OC,,
2213200,CN1CCN(CC1)C(=O)/C(=C/C2=CC=CC=C2F)/NC(=O)C3=CC=CC=C3,,
2214195,COC1=C(C=CC(=C1)C=O)OCC(=O)NC2=CC3=C(C=C2)OCO3,,
2214598,CCCCC(=O)NNC(=S)NCC1=CC=CC=C1,,
2215000,C=CCOC1=CC=C(C=C1)CNC2=CC3=C(C=C2)NC(=O)N3,,
2215150,CC1(CC(CC(N1)(C)C)NC(=O)C(=O)NCC2=CC=C(C=C2)OC)C,,
2215160,CCCCC1=NC(=NN1)SCC(=O)NC2=NN=C(S2)CCCC,,
2215490,CC(=O)NC1=CC=CC(=C1)C2=CSC(=N2)NC3=NC=C(C=C3)Cl,,
2215563,CC(C)N(CC1=NC(=NO1)C2=CC=C(C=C2)Cl)C(=O)C(C3=CC=CC=C3)C4=CC=CC=C4,,
2215967,CC1=CC(=C(C=C1)[N+](=O)[O-])OCCCN2C(=O)C(NC2=O)(C)C,,
2216097,C1=CC=C2C(=C1)C(=O)N(C=N2)CCCCOC3=CC=CC=C3F,,
2216265,CC1=CC=C(C=C1)OCCNC(=O)CC2=CC=C(C=C2)F,,
2216364,C1=CC=C2C(=C1)C(=O)N(C=N2)CCOCCOC3=CC=C(C=C3)[N+](=O)[O-],,
2216495,C1=CC=C2C(=C1)C(=O)N(C2=O)CCC3=NC(=NO3)C4=CC=NC=C4,,
2216639,CC1=CC=CC=C1SCCNC(=O)C2=CC=C(C=C2)OC,,
2216801,CC1=CC(=NO1)NC(=O)CSC2=C(C=C3CCCCCC3=N2)C#N,,
2217157,C1COCCN1CCCNC(=O)C2=NOC(=C2)C3=CC=CC=C3,,
2218154,CCCCC(=O)NCC1=CC=CC=C1Cl,,
2218442,COCCSC1=CC=CC=C1C(=O)NC2=CC=C(C=C2)Br,,
2218461,COCCSC1=CC=CC=C1C(=O)N2CCC3=CC=CC=C3C2,,
2218779,CC(C)(C)C1=CC=C(C=C1)C(=O)NC(=S)NCC(=O)OC,,
2219061,CCCCN1N=C(N=N1)NC(=O)C2=C(C=C(C=C2)[N+](=O)[O-])Cl,,
2219067,CCCCN1N=C(N=N1)NC(=O)C2=CC=C(O2)C3=CC=CC=C3[N+](=O)[O-],,
2219908,CCOC1=CC=CC=C1C(=O)NNC(=S)NCC=C,,
2220392,CCC1(C(=O)NC(=O)NC1=O)C2=CC=C(C=C2)C3=CC=CC=C3,,
2220933,C1=CC2=C(C=C1Cl)C(=CC(=N2)C3=CC=NC=C3)C(=O)N,,
2220966,CC1=C(C=CC2=C1N=C(C=C2C(=O)N)C3=CC=CC=N3)Cl,,
2221359,CC1=CC(=C(C(=C1)Br)OCCCON2C(=O)CCC2=O)C,,
2221383,C1CC(=O)N(C1=O)OCCOC2=CC=CC=C2,,
2221614,CN1C(=O)C2=C(C1=O)C=C(C=C2)C(=O)NC3=CC4=C(C=C3)OCO4,,
2221618,C1CCN(CC1)C(=O)CNC(=O)CC2=CC=CC=C2,,
2221968,C1=COC(=C1)C(=O)NCC(=O)NC2=CC=C(C=C2)F,,
2222002,CS(=O)(=O)NC1=CC=C(C=C1)C(=O)NC2=CC3=CC=CC=C3C=C2,,
2222135,CC1=NN=C(S1)NC(=O)CSC2=NN=NN2CC3=CC=CC=C3,,
2222168,C1CCC(CC1)N2CCN(CC2)C(=S)NC(=O)C3=CC=CC=C3,,
2222200,CC1=CC=CC=C1NC(=O)NCCCN2CCN(CC2)C,,
2222926,CCCCOC1=CC=C(C=C1)C(=O)NCCOC2=CC=CC(=C2)OC,,
2222949,CC1=CC=C(C=C1)C(=O)NCCOC2=CC=C(C=C2)C,,
2222974,CC1=CC=C(C=C1)C(=O)NCCOC2=CC=C(C=C2)OC,,
2222994,CC(C)C1=CC=C(C=C1)CNC(=O)CSCC(=O)NC2=CC3=CC=CC=C3C=C2,,
2223043,CC1=C(C=CO1)C(=O)NNC(=O)C2=CC=CC=C2F,,
2223181,COC(=O)C1=C(C=CS1)NC(=O)COC2=C(C=C(C=C2)F)Cl,,
2223231,CC1CCC(CC1)NC(=O)C(=O)NC2=CC3=C(C=C2)OCO3,,
2223242,C1=CC=C(C(=C1)N2C(=NN=N2)SCC(=O)N)Cl,,
2223490,CC1=CC=CC=C1CNC(=O)C2=CC=CC=C2SC,,
2223519,CCCCNC1=C(C(=O)N(N=C1)C2=CC=CC=C2)Cl,,
2223546,COCCNC1=C(C(=O)N(N=C1)C2=CC=CC=C2)Cl,,
2223954,CC1=CC(=CC=C1)C2=NOC(=N2)CN(C(C)C)C(=O)C3=CC(=CC(=C3)OC)OC,,
2224301,CCCOC1=C(C=C(C=C1Cl)C(=O)NC)OC,,
2224385,CCCOC1=C(C=C(C=C1Br)C(=O)NCC)OC,,
2224401,CCCCNC(=O)C1=CC=C(C=C1)NS(=O)(=O)C2=CC=CC=C2,,
2225106,CCOC(=O)CNC(=O)C1=CC=C(S1)Br,,
2225166,C1CN(CC2=CC=CC=C21)C(=O)C3=CC=C(S3)Br,,
2225205,CN1CCN(CC1)NC(=O)C2=CC=C(S2)Br,,
2225277,CCCOC1=CC=C(C=C1)C(=O)NC2=CC3=C(C=C2)OCO3,,
2225343,CC1=CC(=C(C=C1)Cl)OCC(=O)NC2=CN=CC=C2,,
2225348,CC(C)(C)CC(=O)NCCCN1CCOCC1,,
2225367,CCOC(=O)CNC(=O)C1=CC=C(S1)Cl,,
2225376,CN1CCN(CC1)NC(=O)C2=C(C3=C(S2)C=C(C=C3)OC)Cl,,
2225448,COC1=C(C=C(C=C1)Cl)NC(=O)NCCN2CCCCC2,,
2225486,CC1=C(SC(=N1)NC(=O)C2=C(ON=C2C)C)C(=O)OC,,
2225578,COC1=CC=C(C=C1)CC2=NN=C(O2)SCC3=CC=C(C=C3)[N+](=O)[O-],,
2225812,CC(C)OCCCNC(=O)CC1=CC=C(C=C1)Br,,
2225978,CC1=CC=C(C=C1)OCCNC(=O)C2=CC=CC=C2F,,
2226166,C1=CC(=CC=C1NC(=O)C2=CC3=C(C=C2)N=CN3)OC(F)(F)F,,
2226431,C1=CC(=CC=C1NC(=O)C2=CC3=NC=CN=C3C=C2)OC(F)(F)F,,
2226536,C1=CC=C2C(=C1)C(=CN2)C(=O)C(=O)NCCC3=CC=C(C=C3)Cl,,
2226619,CCN1C2=C(C=C(C=C2)NC(=O)C(F)(F)F)C3=CC=CC=C31,,
2226770,COC1=CC=CC=C1OCCCOC2=CC=CC(=C2)/C=C\3/C(=O)NC(=O)S3,,
2227233,CSC1=CC=CC=C1C(=O)NC2=CC3=C(C=C2)OCO3,,
2227244,COC1=C(C=C(C=C1)[N+](=O)[O-])NC(=O)C2=CC=CC=C2SC,,
2227674,C1=CC=C(C=C1)OCCNC(=O)C(=O)C2=CNC3=CC=CC=C32,,
2227708,CCCC(=O)NC(=S)NC1=C(C(=CC=C1)Cl)N2CCCC2,,
2228178,C1=CC=C(C=C1)CCNC(=O)CCS(=O)(=O)CC2=CC=CC=C2,,
2228302,CC1=CC(=C(C=C1)C)NS(=O)(=O)C2=C(C=CC(=C2)C(=O)NC3=CC=CC=C3C4=CC=CC=C4)Cl,,
2228376,CC1=C(C2=CC=CC=C2N1)CCNC(=O)CCC(=O)C3=CC=CC=C3,,
2228387,CC(C)OCCCNC(=O)CC1=CC=C(C=C1)F,,
2228400,CC(C)OCCCNC(=O)C1=CC=C(C=C1)NC(=O)C,,
2228455,CCNS(=O)(=O)C1=CC=C(C=C1)CCC(=O)NCC2=CC=CC=N2,,
2228540,C1CCCN(CC1)C(=O)CN2C=C(C3=CC=CC=C32)C(=O)C4=CC=CO4,,
2228740,CSC1=CC=CC=C1C(=O)N2CCC3=CC=CC=C3C2,,
2228893,CC1=C(C=C(C=C1)[N+](=O)[O-])NC(=O)C2=CC=CC=C2SC,,
2228922,C=CCNC(=O)C1=CC=CC=C1CCC2=CC=CC=C2,,
2229450,CC1=CC=CC=C1CNC(=O)NC2=CC=C(C=C2)Cl,,
2229582,COC1=CC(=C(C=C1)OC)NC(=O)CN2C=C(C3=CC=CC=C32)C=O,,
2229740,CCCCC1=NN=C(S1)NC(=O)C(=O)OCC,,
2229748,CCN(CC(=O)NCCC1=CCCCC1)S(=O)(=O)C2=CC=CC=C2,,
2229751,CC(=O)NC1=CC=CC=C1C(=O)C(=O)NC2=CC(=C(C=C2)F)Cl,,
2230064,C1CN(CCN1C(=O)C2=CC=CO2)S(=O)(=O)CC3=CC=C(C=C3)Cl,,
2230352,C1=CC=C2C(=C1)C(=O)N(C2=O)CCOC3=CC=C(C=C3)F,,
2230893,CCC(=O)NC1=NC(=C(S1)C2=CSC(=N2)NC3=CC=C(C=C3)C(=O)O)C,,
2231165,C1=CC=C(C(=C1)CC2=CC3=C(C=C2)OC(=O)C(=C3)C(=O)N)Cl,,
2231248,CSC1=NC=C(C=N1)C(=O)NC2=CC=CC=C2,,
2231342,CC(C)N(CC1=NC(=NO1)C2=CC=CC=C2)C(=O)C(Cl)(Cl)Cl,,
2231395,CC1=CC(=CC(=C1)OCC(=O)NC2=CC=C(C=C2)CN3CCCCC3)C,,
2231446,CC1CCN(CC1)C(=O)CN(CC2=CC=C(C=C2)Cl)S(=O)(=O)C,,
2231579,CC(=O)NC1=CC=CC=C1C(=O)C(=O)NC2=CC(=CC=C2)Br,,
2231690,C=CC1=CC(=CC=C1)NC(=O)COC2=CC=CC=C2,,
2231699,CCN1C(=NN=C1SCC(=O)NC2=CC=C(C=C2)F)CSCC,,
2231873,CC1=C(SC(=C1C(=O)OC)N)C(=O)NCCC2=CC=CC=C2,,
2231913,CS(=O)(=O)N(CC(=O)NCCSCC1=C(C=CC=C1Cl)F)C2=CC3=C(C=C2)OCO3,,
2232369,C1CCN(CC1)C(=O)CNC(=O)CC2=CC=C(C=C2)Cl,,
2232587,C1=CC=C(C=C1)C2=NN(C=C2C=C3C(=O)NC(=O)NC3=O)C4=CC=CC=C4,,
2232771,C1=CC2=NC3=C(C(=CC(=C3)[N+](=O)[O-])[N+](=O)[O-])C(=O)N2C=C1,,
2232860,CN(C1CCCCC1)C(=O)C2=CC3=CC=CC=C3C=C2O,,
2232920,CCSCC1=NN=C(N1C)SCC(=O)NC2=C(C=CC(=C2)F)C,,
2233073,C1=CC(=CN=C1)C(=O)NNC(=O)CSC2=CC=C(C=C2)Cl,,
2233097,CCN1C(=O)C2=C(C1=O)C=C(C=C2)C(=O)NC3=NC=C(S3)C,,
2233338,C1CCN(CC1)C(=O)CNC(=O)CNS(=O)(=O)C2=CC=CC=C2,,
2233604,CN1CCN(CC1)C(=O)C2=CC=C(C=C2)OC3=CC=C(C=C3)[N+](=O)[O-],,
2233747,CC(=O)NC1=CC=C(C=C1)C(=O)OCC2=CC=CC=C2Br,,
2233784,C1CCCN(CC1)C(=O)CNC(=O)CC2=CC=C(C=C2)Cl,,
2233828,C1COCCN1C(=O)C(=O)C2=CN(C3=CC=CC=C32)CC4=CC=CC=C4Cl,,
2233891,CCCCOC1=CC=C(C=C1)C(=O)NC2=CC3=C(C=C2)OCO3,,
2233946,C1CC(=O)N(C(=O)C1)N(CC2=CC=CC=C2F)C(=O)C3=CC=C(C=C3)Cl,,
2234045,CS(=O)(=O)NC1=CC=CC=C1C(=O)NCCSC2=CC=CC=C2,,
2234072,C1COCCN1C2=C(C=C(C=C2)C(F)(F)F)NC(=O)CSC3=NC4=CC=CC=C4N3,,
2234382,CC1=C(C(=CC=C1)C)NC(=S)NC(=O)C2=CC=C(O2)Br,,
2234469,COC1=CC=CC=C1NC(=O)CN2CCN(CC2)C3=CC=CC=C3,,
2234553,C=CCNC(=O)C1CCC(CC1)C(=O)NCC=C,,
2234685,C1=CC=C(C=C1)CN2C(=NN=C2SCC3=CC=CC=C3)C4=CC=CO4,,
2234904,CC1=CC(=C(C=C1)C(=O)NCCCC2=CC=CC=C2)Cl,,
2234964,C1=CC=C(C=C1)CCCC(=O)NC2=CC=CC=C2C(F)(F)F,,
2235199,COC(=O)CCC(=O)NC(=S)NC1=CC=CC=C1F,,
2235217,C1C2CC3CC1CC(C2)(C3)NC(=O)NCCCO,,
2235291,CCCN(CCC)C(=O)N1C2=CC=CC=C2SC3=CC=CC=C31,,
2235367,COC1=CC2=C(C=C1)OC(=O)C(=C2)C(=O)NCCC3=CC(=C(C=C3)OC)OC,,
2235526,C1=CC2=C(C=CC=C2O)C(=C1)NC(=S)NC(=O)C3=CC=CO3,,
2235536,CC(=O)NC(=S)NC1=CC=CC=C1F,,
2235553,CC1=C(C(=NN1CC(=O)NC2=CC=C(C=C2)C(C)C)C)[N+](=O)[O-],,
2235745,C1=CC(=CC=C1NC(=O)NCCO)Cl,,
2235753,CC1=C(C(=NN1CC(=O)NC2=CC=C(C=C2)C#N)C)[N+](=O)[O-],,
2235821,CC1=C(SC(=C1C#N)NC(=S)NC(=O)C2=CC=CO2)C,,
2235896,C1CCC2=C(C1)C3=C(C=C(C=C3)OC(=O)C4=CC=CC=C4)OC2=O,,
2235908,C1COCCN1/C=C\C(=O)C2=CC=C(C=C2)Br,,
2235987,CC1CCN(CC1)C2=NC(=O)/C(=C/C3=CC(=C(C=C3)O)OC)/S2,,
2236601,COC1=CC=C(C=C1)C(=O)NCC(=O)NC2=CC=CC=C2C(=O)OC,,
2236672,CC(C)(C)C(=O)NC1=CC=C(C=C1)S(=O)(=O)N2CCN(CC2)C,,
2236694,CN1C2=CC=CC=C2N(C1=O)CCOC3=CC=CC=C3OC,,
2236744,CCCCNC(=O)CN(CCC1=CC=CC=C1)S(=O)(=O)C,,
2236832,CC1=CC=CC=C1C(=O)NCC(=O)NC2=CC=CC=C2C(F)(F)F,,
2236865,CC1=C(C=C(C=C1)NC(=O)CNC(=O)C2=CC=CO2)Cl,,
2236875,CC1=CC=CC=C1NC(=O)NC2=CC=C(C=C2)NC(=O)C,,
2237577,C#CCOC1=C(C2=CC=CC=C2C=C1)/C=C(/C#N)\C3=CC=C(C=C3)C(=O)O,,
2237586,CCSC1=NC=C(C(=N1)C(=O)NC2=CC=CC=C2OC)Cl,,
2238302,CN(C)C1=NC(=NC(=N1)NCC2=CC=CC=C2)SCC(=O)N,,
2238371,C1CN(CC(=O)N1)C(=S)NC(=O)C2=CC=CC=C2[N+](=O)[O-],,
2238406,CC(C)(C)C(=O)NC(=S)NNC(=O)C1=C(C=C(C=C1)Cl)Cl,,
2238809,CC1=C(C=CC(=C1)S(=O)(=O)N2CCN(CC2)C(=O)C3=CC=CO3)F,,
2239323,C1CC(=O)N(C1)CCCNC(=S)NC2=CC(=C(C=C2)F)Cl,,
2239443,CC(C)(C)C1=CC=C(C=C1)C(=O)NC(=S)NCCOC,,
2239880,C1=CC=C(C=C1)CNC(=S)NNC(=O)C2=CN=CC=C2,,
2241021,C1CN(CCC12OCCO2)C(=O)C3=CC=C(C=C3)F,,
2241090,C1=CC=C(C=C1)CCN2C(=O)/C(=C/C3=CN=CC=C3)/SC2=S,,
2241109,CC1=CC(=NO1)NC(=O)CSC2=NN=C3N2C=CC=C3,,
2241548,C1=CC=C(C=C1)C2=NSC(=N2)NC(=O)C3=CC=CC=C3,,
2242064,COC1=CC=C(C=C1)C(=O)N2CCC3(CC2)OCCO3,,
2242090,CS(=O)(=O)C1=CC2=C(C=C1)N=C(S2)NC(=O)NC3=CC=CC=C3F,,
2242295,CCNC1=NC(=NC(=N1)SCC(=O)NC2=CC=CC=C2)OC,,
2242312,CC1=C(C=CC=C1[N+](=O)[O-])NC(=O)C2=CC=CC=C2SC,,
2242438,C1=CC(=CN=C1)CNC(=O)C2=NN3C=CC=NC3=C2Cl,,
2242987,C1=CC(=CC=C1CCNC(=O)NC2=CC(=C(C=C2)Cl)Cl)S(=O)(=O)N,,
2243054,CN(CC1=CC=CC=C1)C(=O)C2=NN3C=CC=NC3=C2Cl,,
2243237,C1=CC=C(C=C1)CCNC(=O)CNS(=O)(=O)C2=CC(=C(C=C2)F)Cl,,
2243267,C1CCC2=C(C1)C3=C(S2)N(C(=O)N4C3=NC=N4)CC5=CC=C(C=C5)Cl,,
2243348,CC1=CC=C(C=C1)NC(=O)NC2=CC3=CC=CC=C3N=C2,,
2243596,CC1=CC=CC=C1NC(=O)CN2CCN(CC2)CC3=CC=CC=C3,,
2243878,C1COCCN1C2=CC=C(C=C2)C=C3C(=O)NC(=O)NC3=O,,
2243909,CC1=CC(=CC=C1)/C=C\2/C(=O)NC(=O)S2,,
2244563,CCN1C(=O)/C(=C\C2=CC=CC=C2)/SC1=S,,
2244662,CC(C)(C)C1=CC=C(C=C1)C(=O)NCCOC2=CC=CC=C2,,
2244706,CC1=CC(=CC=C1)C(=O)NN/C=C/C(=O)C2=CC=CC=C2,,
2244776,C1=CC=C(C=C1)NC(=O)OCCOC2=CC=CC=C2Br,,
2245599,C1=CC=C(C=C1)C(=O)OCCNC(=O)C2=CC=C(C=C2)[N+](=O)[O-],,
2246088,CC1=CC=CC=C1NC(=O)C2=CC=CO2,,
2246474,CC(=O)N1C2=CC=CC=C2CCC3=C1C=C(C=C3)[N+](=O)[O-],,
2246727,CCOC1=CC=C(C=C1)N/C=C/C(=O)C2=CC=CC=C2,,
2246734,C1=CC2=C(C=CC3=C2C(=C1)C(=O)N3)S(=O)(=O)NCCCO,,
2246764,COC1=CC(=C(C=C1)OC)/C=C\2/C(=O)NC(=O)N2,,
2246962,COC(=O)C1=CC=C(C=C1)N/C=C/C(=O)C2=CC=CC=C2,,
2247187,CC1=CC=CC=C1C(=O)NN2C=NN=C2,,
2247580,C1=CC=C2C(=C1)C(=O)C(=O)N2CC(=O)C3=CC=C(C=C3)Cl,,
2248043,C1=CC(=CC=C1F)S(=O)(=O)NCCCC(=O)O,,
2248175,COC1=CC=C(C=C1)C(=O)/C=C/NC2=CC=C(C=C2)S(=O)(=O)N,,
2248970,CN(C)C1=CC=C(C=C1)NC(=O)C(=O)NCCOC2=CC=CC=C2,,
2249224,C1=CC=C2C(=C1)C(=O)N(C2=O)OCCON3C(=O)C4=CC=CC=C4C3=O,,
2250229,C=CCN1C(=O)/C(=C/C2=CC3=C(C=C2[N+](=O)[O-])OCO3)/SC1=S,,
2250919,C1OC2=C(O1)C=C(C(=C2)/C=C\3/C(=O)NN(C3=O)C4=CC=C(C=C4)I)Br,,
2251173,CC(C)(C)C1=CSC(=N1)NC(=O)C2=C(C(=C(C(=C2F)F)F)F)F,,
2251864,CCN1C(=O)/C(=C\C2=CC(=CC=C2)OC(=O)C3=CC=CO3)/SC1=S,,
2252317,CC(C)(C)NC(=O)CN(CC1=CC=CC=C1)S(=O)(=O)C2=CC=CC=C2,,
2252487,CN(C)C(=O)C(=C(Cl)Cl)NC(=O)C1=CC=CC=C1,,
2252719,CC1=C(C=C(C=C1)OCCNC(=O)C2=CC=CC=C2OC)C,,
2252951,CCOC1=CC=C(C=C1)N/C=C/C(=O)C2=CC(=C(C(=C2)OC)OC)OC,,
2253073,C1=CC=C(C=C1)OCCNC(=O)C2=CC=CC=C2[N+](=O)[O-],,
2253267,COC1=C(C=C(C=C1)CC(=O)NCC2=CC=CC=C2)OC,,
2253313,CC1=CC=C(C=C1)C2=NC(=O)/C(=C/C3=CC(=C(C(=C3)OC)OC)OC)/S2,,
2253328,CCCCNC1=C2C=C(C(=CC2=CC(=C1)NC(=O)C)OC)OC,,
2253940,C1CCC(CC1)N=CC2=C(NC(=O)NC2=O)O,,
2254375,COC1=CC=CC=C1NC(=O)CSC2=NC=NN2,,
2254478,C1=CC(=CC=C1C(=O)/C=C/NC2=CC=C(C=C2)S(=O)(=O)N)F,,
2254521,C1=CC(=CC(=C1)[N+](=O)[O-])C(=O)C2=CC3=C(C=C2)C(=O)NC3=O,,
2255489,C1CCC(C1)NC(=O)C(=O)NC2=NC=CS2,,
2255653,C1=CSC(=C1)C(=O)NCC2=CC=C(C=C2)F,,
2255744,C1=CC=C(C=C1)NC(=O)OCCCCCOC(=O)NC2=CC=CC=C2,,
2255761,CC1=CC=C(C=C1)N2C(=O)C3=CC=CC=C3C(C2=O)(C)C,,
2255935,CCCOC1=CC=C(C=C1)CCC(=O)O,,
2256361,C1=CC(=CC(=C1)N2C(=O)/C(=C/C3=CC=C(O3)C4=CC=C(C=C4)C(=O)O)/SC2=S)C(F)(F)F,,
2256566,C1=CC(=CC(=C1)C(=O)O)C2=CC=C(O2)/C=C/3\C(=O)N(C(=S)S3)CC(=O)O,,
2256886,C1=CC=C2C(=C1)N=C(O2)SCCOC3=CC=CC=C3F,,
2257691,CC1=C(C(=NN1C(=O)C2=CC(=CC=C2)[N+](=O)[O-])C)Cl,,
2258010,CC1=CC(=CC(=C1)NC(=O)C(=O)NCCCN2CCOCC2)C,,
2258220,C1=CSC(=C1)C(=O)/C=C/NC2=CC=C(C=C2)S(=O)(=O)N,,
2258593,CCOC1=CC=CC(=C1)N2C(=O)/C(=C/C3=CC=CO3)/C(=O)NC2=S,,
2258834,CC1=CC(=CC=C1)N2C(=O)/C(=C/C3=C(C(=CC(=C3)[N+](=O)[O-])Br)O)/SC2=S,,
2258983,CN1C(=O)C2=C(N=C1SC)SC3=C2CCC3,,
2258991,CCSC1=NC2=C(C3=C(S2)CN(CC3)C)C(=O)N1C4=CC=CC=C4,,
2259539,CC(C)(C)C1=CC=C(C=C1)/C=C/C(=O)NCCCN2CCOCC2,,
2259642,C1C(=O)N(C(=O)CN1CC2=CC=CC=C2)CCC3=CC=CC=C3,,
2259677,C1CCC2=C(C1)C(=C(S2)NC(=O)C3=CC=C(C=C3)Cl)C(=O)O,,
2259865,CC(=O)/C(=C\C1=CC=CC=C1[N+](=O)[O-])/C(=O)OC,,
2259994,CN1C(=O)/C(=C\C2=CC=C(C=C2)N(C)C)/OC1=S,,
2260093,C1=CC=C2C(=C1)C(C3=CC=CC=C32)COC(=O)NNC(=O)CN,,
2260458,CCCOC1=CC=CC(=C1)NC(=O)C2=C(ON=C2C3=CC=CC=C3)C,,
2260550,CS(=O)(=O)N(CC1=CC=CC=C1)C2=CC=C(C=C2)C(=O)NCC=C,,
2261366,C1CN(CCN1C2=CC=CC=C2F)C(=O)C3=CC=CC=C3,,
2261820,COC1=CC(=CC(=C1O)[N+](=O)[O-])/C=C\2/C(=O)N(C(=S)S2)C3=CC(=CC=C3)Cl,,
2262388,CC(=O)C1=CC(=CC=C1)NC(=O)C2=CC3=C(C=CC(=C3)OC)OC2=O,,
2263244,CC1=CC2=C(C=C1)OC(=N2)C3=C(C(=CC=C3)NC(=O)C4=CC5=CC=CC=C5C=C4OC)C,,
2263829,C1COCCN1C2=CC=C(C=C2)NC(=O)/C=C/C3=CC=C(C=C3)Cl,,
2264067,C1=CC=C(C(=C1)OCC(=O)NC2=C(C=CC(=C2)Cl)C(=O)O)Cl,,
2264379,C#CCN1C(=O)/C(=C/C2=CC=C(O2)C3=CC(=C(C=C3)Cl)C(=O)O)/SC1=O,,
2264828,COC1=CC=C(C=C1)C(=O)NC2=CC=CC=C2C(=O)NC3=CC=C(C=C3)C(=O)O,,
2264883,C1=CC(=CC=C1[N+](=O)[O-])OC2=CC3=C(C=C2)C(=O)N(C3=O)CCCO,,
2264893,COC1=CC=C(C=C1)C2=C(C(=CO2)C(=O)O)C(=O)O,,
2265242,CN1C/C(=C\C2=CN=CC=C2)/C(=O)/C(=C/C3=CN=CC=C3)/C1,,
2265927,COC1=CC=C(C=C1)C(=O)NC2=CC=CC=C2C(=O)NCC3=CC=CO3,,
2265965,CC1=C(C(=CC=C1)NC(=O)C(=O)NCC2=CC3=C(C=C2)OCO3)C,,
2267094,CC(C)C1=CC=C(C=C1)N2C(=O)CC(=O)NC2=O,,
2267484,CCC1=CC=C(C=C1)N2C(=O)CC(=O)NC2=O,,
2267567,CC(=O)NC1=CC=C(C=C1)N/C=C/C(=O)C2=CC=C(C=C2)Br,,
2267801,CC(=O)NC1=CC=C(C=C1)N/C=C/C(=O)C2=CC=C(C=C2)Cl,,
2267831,CC1=C(C=CC(=C1)N/C=C/C(=O)C2=CC=CC=C2)Br,,
2267870,CC(=O)NC1=CC=C(C=C1)N/C=C/C(=O)C2=CC=CC=C2,,
2268454,C1=CC=C(C=C1)CCCNC(=O)C2=CC=CC=C2,,
2269216,CC1=C(C=C(C=C1)C(=O)NCCCN2CCOCC2)Cl,,
2269365,C1=CC2=C3C(=C1)C(=O)N(C(=O)C3=CC=C2)OS(=O)(=O)C4=CC=C(C=C4)Cl,,
2269367,C1C(=O)NC(=O)N(C1=O)CC2=CC=CO2,,
2269637,C1=CC=C(C(=C1)/C=C\2/C(=O)NC(=O)N2)Cl,,
2271739,CCOC(=O)CN1C(=O)/C(=C\C2=CC=C(O2)C)/SC1=O,,
2271911,CC1=CC=C(C=C1)CN2C(=O)C3=CC=CC=C3NC2=S,,
2272415,CN1C(=O)C(=CC2=CN(C3=CC=CC=C32)CC(=O)OC)C(=O)N(C1=O)C,,
2273251,CCOC1=CC=CC=C1NC(=O)C2=CC=C(C=C2)CN3CCC4=CC=CC=C4C3,,
2274131,C1=CC(=CC(=C1)Cl)C2=CC=C(O2)/C=C\3/C(=O)N(C(=S)S3)CCS(=O)(=O)O,,
2274195,CCN(CC)C1=CC=C(C=C1)CC2C(=O)N(C(=O)N(C2=O)C)C,,
2274462,CC(=O)C1=CC(=CC=C1)NC(=O)C2=CC3=CC=CC=C3C=C2,,
2274654,C1=CC=C(C=C1)OCC2=NC(=NO2)C3=CC=NC=C3,,
2274691,C1C(=O)NC(=O)N(C1=O)C2=CC(=CC=C2)Br,,
2274725,C1C(=O)NC(=O)N(C1=O)C2=CC=CC=C2F,,
2275754,CC\1=C(C(=O)NC(=O)/C1=C\C2=CC=C(O2)C3=CC=CC=C3)C#N,,
2276735,C=CCN1C(=O)/C(=C/C2=CC=C(O2)C3=CC(=C(C=C3)C(=O)O)Cl)/SC1=S,,
2277040,C1=CC=C(C=C1)CCN2C(=O)/C(=C/C3=CC=C(O3)C4=CC(=C(C=C4)Cl)C(=O)O)/SC2=S,,
2277347,COC1=CC(=CC(=C1OC)OC)N2C(=O)CC(=O)NC2=O,,
2279440,C1CCN(CC1)S(=O)(=O)C2=CC=C(C=C2)NC(=O)C3=CC=C(C=C3)CN4CCC5=CC=CC=C5C4,,
2281236,CC1=C(C(=O)N(N1C)C2=CC=CC=C2)C=C3C(=O)NC(=O)NC3=O,,
2281988,C1=CC=C(C=C1)OCC(=O)NCCSCC2=CC=CC=C2Cl,,
2282752,C1=CC=C(C=C1)CCCN2C3=CC=CC=C3C(=O)C2=O,,
2282776,CSC1=C(N(C2=CC=CC=C21)CC3=CC=CC=C3)CC(=O)NC4=CC=CC=C4Cl,,
2286610,CC1=C(C=C(C=C1)NC(=O)CN2C(=O)/C(=C\C3=CC=C(O3)C4=C(C=CC(=C4)C(=O)O)C)/SC2=O)C,,
2286640,COC1=CC(=C(C=C1)OC)N/C=C/C(=O)C2=CC(=C(C=C2)OC)OC,,
2286812,C/C(=C\C1=CC=CC=C1)/C=C\2/C(=O)N(C(=S)S2)CCCC(=O)NC3=CC(=C(C=C3)C(=O)O)O,,
2287236,C1=CC=C(C=C1)CN2C(=O)/C(=C/C3=CC=C(O3)C4=CC(=C(C=C4)Cl)C(=O)O)/SC2=S,,
2287344,CC1=CC=CC=C1OCCNC(=O)C2=CC=CC=C2SC,,
2287410,CC1=CC=CC=C1OCC(=O)NC(=S)NC2=CC(=C(C=C2)N3CCOCC3)Cl,,
2287703,CCOC(=O)COC1=CC=CC=C1/C=C\2/C(=O)NC(=O)N2,,
2287814,C1=CC=C(C=C1)CCC(=O)NCCC2=CC=C(C=C2)F,,
2288249,CCOC1=CC=C(C=C1)N2C(=O)CC(=O)NC2=O,,
2288258,CN1C(=C(C(=O)N(C1=O)C)C=NC2=CC=C(C=C2)OC)O,,
2288313,C1=CC=C(C=C1)N2C(=O)C(=CC3=CC=CO3)C(=O)N(C2=O)C4=CC=CC=C4,,
2288845,CC1=CC=C(C=C1)C(=O)NCCNS(=O)(=O)C2=CC=CC=C2[N+](=O)[O-],,
2289445,CC1=CC=C(C=C1)OCCNC(=O)C2=CC=CC=C2O,,
2289475,C1=CC=C(C=C1)OCCNC(=O)C2=CC=CC=C2O,,
2289502,C1=COC(=C1)CSCCNC(=O)CSCC2=CC=C(C=C2)Cl,,
2289673,CC(=O)N1C=C(C2=CC=CC=C21)N(C3=CC=C(C=C3)Cl)C(=O)C,,
2290403,C#CCN1C=C(C2=CC=CC=C21)/C=C\3/C(=O)NC(=O)N3,,
2290457,CC(C)NC(=O)C(=O)NCCC1=CC=C(C=C1)Cl,,
2290474,CC1=C(C=C(C=C1)N/C=C/C(=O)C2=CC=CC=C2)Br,,
2291099,C1COCCN1CCCNC(=O)C(=O)NCC2=CC=CC=C2,,
2291466,CCOC1=CC=CC(=C1)C(=O)NC(=S)NC2=CC3=C(C=C2)OCCO3,,
2291499,C=CCNC(=O)C(=O)NCCCN1CCOCC1,,
2291569,COC1=CC(=C(C=C1)OC)N/C=C/C(=O)C2=CC=CC=C2,,
2292972,CC1=CC=C(C=C1)NC(=O)C2=CC=CS2,,
2292990,C1=CN=CC=C1NC(=O)C2=C(C(=C(C(=C2F)F)F)F)F,,
2295463,C1=CC(=CC=C1/C=C\2/C(=O)NC(=O)S2)OCC(=O)O,,
2296132,CCCCOC1=CC=C(C=C1)C(=O)NC2=C(C=C(C=C2)F)F,,
2298002,C1=CC=C(C(=C1)C=C2C(=O)NC(=O)NC2=O)OCCOC3=CC=C(C=C3)[N+](=O)[O-],,
2298593,CCC1=CC=C(C=C1)C2=NC3=C(O2)C=CC(=C3)NC(=O)C4=C(C=CC(=C4)[N+](=O)[O-])Br,,
2298826,CCCCOC(=O)C1=CC=C(C=C1)NC(=O)C,,
2299015,COC1=C(C=C(C=C1)[N+](=O)[O-])C(=O)C(=O)C2=CC=CC=C2,,
2299844,C1=CC=C(C=C1)CCCNC(=O)CC2=CC=CS2,,
2300157,CCOC1=CC(=CC=C1)OCCCCN2C=NC3=CC=CC=C3C2=O,,
2300529,CC1=CC=C(O1)/C=C/2\C(=O)NC(=S)N(C2=O)C3=CC(=CC=C3)F,,
2300919,CCCCC(=O)NC1=C(C=CC(=C1)Cl)C(=O)O,,
2301070,C1CCN(C1)S(=O)(=O)C2=CC=C(C=C2)NC(=O)/C=C/C(=O)O,,
2301666,CC1=CC(=C(C=C1)NC(=O)C2=CC=CC=N2)Br,,
2301676,CN(C)C(=O)N1C2=CC=CC=C2SC3=CC=CC=C31,,
2302143,CC1=CC(=CC=C1)N2C(=O)CC3=CC=CC=C3C2=O,,
2302212,C1CCC(CC1)C(=O)NCC(=O)OCC(=O)C2=CC=C(C=C2)Br,,
2302267,CC1=CC(=C(C(=O)N1)C(=O)C)C,,
2302353,C1=CC2=C(C(=C1)Br)NC(=O)C2=O,,
2302435,C1=CC=C2C(=C1)C(=O)N(S2(=O)=O)CCl,,
2302649,CCCC1=CC=C(C=C1)OCCNC(=O)C2=CC=CC=C2Br,,
2302650,C1=COC(=C1)C(=O)NCCOC2=CC=C(C=C2)Cl,,
2302679,COC1=CC=C(C=C1)C(=O)NNC(=O)C(=O)NCC2=CC=CC=C2,,
2302953,C1COC2=C(O1)C=C3C(=CC(=O)NC3=C2)C4=CC=C(C=C4)[N+](=O)[O-],,
2303040,COC1=CC=CC=C1NC(=O)/C=C\C2=CC=CO2,,
2303048,C1OC2=C(O1)C=C(C=C2)NC(=O)/C=C/C3=CC=CO3,,
2303301,CCOC(=O)/C=C(\C)/N1CCOCC1,,
2303617,CN1C(=C(C2=C(C1=O)C=C(C=C2)[N+](=O)[O-])C3=CC=CC=C3)N,,
2303622,C1=CC=C(C=C1)N2C(=C(C3=C(C2=O)C=C(C=C3)[N+](=O)[O-])C#N)N,,
2303641,COC1=CC=C(C=C1)CNC(=O)C2=CC=NC=C2,,
2303676,C1=CC=C2C(=C1)C=C(O2)C3=CSC(=N3)N,,
2303719,COC1=CC(=CC(=C1)NC(=O)CCl)OC,,
2303746,CC1=C(C(=O)N=C2C=CC=CC2=N1)NNC3=CC=CC=C3,,
2303967,C1CCC(C1)NC(=O)CSC2=CC=CC=N2,,
2304675,CC1=CC(=C(C(=C1)C)NC(=O)C2=CC(=C(C=C2)OC)OC)C,,
2305049,CC1=CC(=C(C(=C1)C(=O)C)O)C(=O)C,,
2305084,C1=CC(=CC=C1C(=O)NCC(=O)O)C(F)(F)F,,
2305168,C1=CC=C(C=C1)NC(=S)NNC(=O)C2=CC=CC=C2O,,
2305179,C1=CC=C2C(=C1)C=CC(=N2)C(=O)NCCCl,,
2305185,CCCCOC(=O)C1=NC(=C(C(=C1Cl)N)Cl)Cl,,
2305446,C1=CC=C(C=C1)C2=NC(=NO2)N,,
2305452,C1/C(=C\C2=CC=C(C=C2)Cl)/C(=O)C3=CC=CC=C3O1,,
2305465,C\1C2=CC=CC=C2C(=O)/C1=C/C3=CC=CS3,,
2305621,CCCCOC1=CC=C(C=C1)OCCNC(=O)C2=CC=CO2,,
2305629,CC1=C(C(=O)OC2=C1C=CC(=C2)OS(=O)(=O)C)CC3=CC=CC=C3,,
2305716,C1CC2=C(C1)C=C(C=C2)NC(=O)CCl,,
2306193,COC1=CC=C(C=C1)C(=O)NC2=C(C3=C(S2)CCCC3)C(=O)O,,
2306318,CN1CCN(CC1)C2=NC=NC3=C2OC4=CC=CC=C43,,
2306528,C1COCCN1CCCNC(=O)C2=CC=CC=C2N,,
2306530,C1=CC=NC(=C1)C(=O)NC2=CC=CC(=C2)C(F)(F)F,,
2306549,C1OC2=C(O1)C=C(C=C2)CNC(=O)C3=CC=CC=C3,,
2306588,CC1=CC(=NC(=N1)NC(=O)NC2=CC(=CC=C2)Cl)Cl,,
2306645,C1=CC(=CC=C1C=NC2=CC=C(C=C2)C(=O)O)O,,
2306705,CC(=O)NC1=NC2=C(S1)C=C(C=C2)OC,,
2306708,COCCCNC(=O)CC#N,,
2306731,CCC(=O)C1=CC=C(C=C1)OCC(=O)O,,
2306768,COC1=CC=C(C=C1)C(=O)NNC(=S)NC2=CC=CC=C2,,
2307157,CC1=CN=C(S1)NC(=O)C2=CC=CS2,,
2307270,COC1=CC=C(C2=CC=CC=C21)NC(=O)C3=CC(=C(C=C3)F)F,,
2307331,C1=CC=C2C(=C1)C(=O)C3=C(C2=O)OC(=N3)C4=CC=C(C=C4)F,,
2307517,C1=CC=C(C(=C1)[N+](=O)[O-])SC2=C(N=C(NC2=O)N)O,,
2308064,CN(C)C(=O)COC1=CC=C(C=C1)OC2=CC=CC=C2,,
2308087,COC1=CC(=CC(=C1OC)OC)/C=C\2/C(=O)/C(=C/C3=CC(=C(C(=C3)OC)OC)OC)/CC2,,
2308215,CC1=CC(=C(C#N)C2=NC3=CC=CC=C3S2)C=C(N1CC4=CC=CO4)C,,
2308234,CCOC(=O)C1=CSC(=N1)NC(=O)C2=CC3=CC=CC=C3O2,,
2308367,C1CCCN(CC1)S(=O)(=O)C2=CC=C(C=C2)C(=O)NC3=NN(C=C3)C4=CC=CC=C4,,
2308402,C1CCCN(CC1)C(=O)C2=CC=C(C=C2)S(=O)(=O)N3CCCC3,,
2308516,COC1=CC=C(C=C1)C2=NC3=CC=CC=C3C2=O,,
2308530,CN1C=CC=C1C(=O)C2=CC(=CC=C2)[N+](=O)[O-],,
2308729,CN1C(=C(C(=O)N(C1=O)C)C=NC2=CC=CC(=C2)C(F)(F)F)O,,
2308938,CCOC(=O)CCCCNC(=O)NC1=CC=CC=C1,,
2308942,CC(C)OP(=O)(NC(=O)C1=CC=CC=C1)O,,
2308981,CCN(CC)CCNC(=O)C1=CC2=CC=CC=C2N=C1Cl,,
2309461,CC1=C(C=C(C=C1)N2C(=CC(=O)C=C2C)C)[N+](=O)[O-],,
2309780,C1=CC=C(C=C1)/C=C/C(=O)NC(=O)C2=CC=CC=C2O,,
2310843,C1=CC(=CC=C1N=NC2=C(NC(=S)NC2=O)O)SC(F)F,,
2310846,C1=CC(=CC=C1N=NC2=C(NC(=O)NC2=O)O)SC(F)F,,
2311299,CC1=C(N2C=CC=CC2=C1C=NNC(=O)C3=CC=C(C=C3)Br)C(=O)C4=CC=NC=C4,,
2311628,CC(=O)N(CC1=CC=CC=C1)C2=CC=CC=C2C(=O)O,,
2312355,CC1=CC2=C(C=C1)N(C(=NC(=O)C3CC3)S2)C,,
2312491,C1CCN(C1)C2=NC=C(C(=N2)C(=O)O)Cl,,
2312658,C1=CC=NC(=C1)C(=O)OC2=CC=C(C=C2)/C=C(\C#N)/C(=O)N,,
2312863,CC1(C(=C(OC2=C1C(=O)OC3=CC=CC=C32)N)C#N)C,,
2313079,C/C=C/C(=O)NCC1=CC=CC=C1,,
2313594,COC1=CC=C(C=C1)/C=C/2\COC3=CC=CC=C3C2=O,,
2313778,C1=CC=C(C(=C1)/C=C\2/C(=O)N(C(=S)S2)CCCC(=O)NC3=CN=CC=C3)OC(F)F,,
2313868,C[N+]1=C(OC(=C1)C2=CC=CC=C2)C3=CC=CC=C3,,
2314215,C1CN(CCC1C(=O)NC2=NC=C(C=C2)Br)S(=O)(=O)C3=CC=CS3,,
2314355,CC(=O)NC1=CC=C(C=C1)S(=O)(=O)NC2=NC3=CC=CC=C3N=C2NC4=CC=C(C=C4)N,,
2314623,C1/C(=C\C2=CC=CS2)/C(=O)/C(=C/C3=CC=CS3)/C1,,
2314694,C1COC(=CO1)C(=O)NC2=NC3=CC=CC=C3S2,,
2314813,C1=CSC(=N1)NC(=O)/C=C/C2=CC=C(O2)Br,,
2314834,COC1=CC(=CC(=C1OC)OC)NC(=O)NN2C=NN=C2,,
2314952,CC(C)(C)C1=CC=C(C=C1)C(=O)NC2=NNC(=N2)C(=O)OC,,
2314953,CC1=CC(=O)C=C(N1C2=C(C=C(C=C2)F)F)C,,
2315073,C1CN(CCN1C2=CC=CC=C2)C(=O)C3=CC(=CC=C3)S(=O)(=O)NCC4=CC=CC=C4,,
2315499,C1CC2=CC=CC=C2N(C1)S(=O)(=O)C3=CC=CC(=C3)C(=O)O,,
2315573,CC1=CC(=CC=C1)NC(=O)[C@@H]2CCCN2S(=O)(=O)C3=CC=C(C=C3)Cl,,
2315787,C1=C(C(=O)NC=C1C(F)(F)F)N,,
2316683,C1CCC(=NCC1)NOC(=O)NC2=CC(=C(C=C2)Cl)[N+](=O)[O-],,
2316976,C1CC(=O)N(C1=O)CCC2=CC=C(C=C2)S(=O)(=O)N,,
2317183,COC1=C(C=C(C=C1)NC(=O)CCCC(=O)O)Cl,,
2317363,COC1=CC=CC=C1NC(=O)C2=CC=C(C=C2)N,,
2317506,COC(=O)C1=NC(=NN1)NC(=O)C2=CC=C(C=C2)F,,
2317993,C1=CC=C(C(=C1)[N+](=O)[O-])SC2C(=O)NC(=O)NC2=O,,
2318350,COC1=CC(=CC(=C1OC)OC)C(=O)NC2=NNC(=N2)C(=O)OC,,
2318428,CCOC(=O)C1=CC(=C(NC1=O)SCC(=O)N)C#N,,
2318451,C1CCCN(CC1)S(=O)(=O)C2=C(C=CC(=C2)C(=O)O)Cl,,
2318546,CC1=CC=C(C=C1)OC2=CC=C(C=C2)OCC(=O)NC3=CC=NC=C3,,
2318659,C1=CC=C(C=C1)CC(=O)NN2C=NC3=CC=CC=C32,,
2318913,CN1C2=CC=CC=C2SC1=NC(=O)C3=CC(=CC=C3)[N+](=O)[O-],,
2318917,CN1C2=CC=CC=C2SC1=NC(=O)C3=CC=C(C=C3)OC,,
2318939,C1CC2=CC=CC=C2N(C1)S(=O)(=O)C3=CC=C(C=C3)C(=O)O,,
2320102,CN1C(=C(C(=O)N(C1=O)C)C=NC2=CC=CC=C2)O,,
2320402,CN(C)C1=CC=CC(=C1)NC(=O)C2=CC=CO2,,
2320453,CC1=CC=C(C=C1)C(=O)NC2=CC(=NN2CCC#N)C,,
2320898,CC1C/C(=C\C2=CC=CC=N2)/C(=O)/C(=C\C3=CC=CC=N3)/C1,,
2321009,CC1=CC2=C(C=C1)N(C(=NC(=O)C3=CC=CS3)S2)C,,
2321450,COC1=CC(=C(C=C1)NC(=O)C2=CC(=CC(=C2)OC)OC)OC,,
2321718,C1=CC=C(C=C1)CN(CC2=CC=CC=C2)C(=O)C3=C(C=CC=C3F)F,,
2321873,CC1=CC=C(O1)C(=O)CSC2=NN=NN2C3=CC=CC=C3,,
2322044,CC1=C(N2C=CC=CC2=C1)C(=O)C3=CC(=CC=C3)F,,
2322045,CC1=C(N2C=CC=CC2=C1)C(=O)C3=CC=CC=C3F,,
2322054,CC1=C(N2C=CC=CC2=C1)C(=O)C3=CC=CC=C3Br,,
2322061,CC1=C(N2C=CC=CC2=C1)C(=O)C3=CC=C(O3)[N+](=O)[O-],,
2322794,C1(=C(C(=NC(=C1Cl)Cl)C(=O)NN)Cl)N,,
2322903,CN(C)C1=CC=CC(=C1)C(=O)N/C=C/N2C=NC3=C2C=CC(=C3)C(F)(F)F,,
2322916,C\1CC(=C(/C1=C/C2=CC=C(C=C2)Cl)N3CCOCC3)C=O,,
2323445,CC(=O)NC1=CC=C(C=C1)C(C(F)(F)F)(C(F)(F)F)O,,
2323666,CC(=O)NC1=NC=C(S1)N=NC2=CC=CC(=C2)C(F)(F)F,,
2323706,CC(C)CCOC1=CC(=CC=C1)OCC(=O)NC2=CC=NC=C2,,
2323759,CCN1/C(=C/C=C(\C#N)/C(=O)OCC)/C=CC2=CC=CC=C21,,
2323807,CC1=C(C(=O)N(N1C)C2=CC=CC=C2)N=NC3=CC=C(C=C3)O,,
2324381,C1CCC2=NC(=O)C3=C(N2CC1)C=CC=C3Cl,,
2324595,CC1=NN(C(=C1C(=O)NCCN(C)C)Cl)C2=CC=CC=C2,,
2324670,C1=CC(=C(C=C1CCNC(=O)C(F)(F)F)O)O,,
2324877,COC1=CC=C(C=C1)C2=CC(=O)C3=CC=CC=C3S2,,
2324886,C1CCN(C1)C(=O)/C=C/C2=CC=C(O2)C3=CC=C(C=C3)F,,
2324952,C1=CC=C(C=C1)C2=CN=C(N2)SCC(=O)NN,,
2325048,C1=CC=C(C=C1)CCNC2=NC=C(C(=N2)C(=O)O)Cl,,
2325055,C1CCN(CC1)C2=NC=C(C(=N2)C(=O)O)Cl,,
2325104,CC1(C2=CC=CC=C2C(=O)N(C1=O)C3=CC=CC=C3Cl)C,,
2325697,CCOC(=O)/C(=C/C1=CC=C(C=C1)OC(=O)C2=CC=NC=C2)/C(=O)C,,
2325961,CCCCNC(=S)NC1=CC2=C(C=C1)NC(=O)N2,,
2326306,C1COCCN1C2=CC=C(S2)C=O,,
2326520,C1CC1NC(=O)C2=CC(=CC=C2)S(=O)(=O)N3CCOCC3,,
2326710,C1=CC=C(C=C1)NCC(=O)NC2=CC=CC=C2,,
2326989,C1=CC=C2C(=C1)C(=CC(=N2)C3=CC=C(C=C3)F)C(=O)NC4=NC=CC=N4,,
2327118,C1CC2=CC=CC=C2N(C1)CC(=O)NN,,
2327494,CN1C/C(=C\C2=CC=CC=C2F)/C(=O)/C(=C/C3=CC=CC=C3F)/C1,,
2327953,CC1=C(C=C(C=C1)N2C(=O)C3=CC=CC=C3S2)S(=O)(=O)N4CCCCC4,,
2328312,CS(=O)(=O)N(C1CCCCC1)C(=O)NC(=O)NC2=CC=C(C=C2)Cl,,
2328600,C1=CC=C(C=C1)CNC(=S)NC2=CC3=C(C=C2)NC(=O)N3,,
2328662,CCOC(=O)CC1=CSC(=N1)N2C(=O)C3=CC=CC=C3S2,,
2329092,CC1=NN(C(=C1C=O)OC2=CC=CC=C2)C3=CC=CC=C3,,
2329095,CCCCN(C1=CC=CC=C1)S(=O)(=O)C2=CC=CC(=C2)C(=O)O,,
2329100,CC1=NN(C2=C1C=C(S2)C(=O)O)C3=CC=C(C=C3)F,,
2329132,CS(=O)(=O)C1=CC(=C(C=C1)Cl)C(=O)O,,
2329285,C1CC1NC(=O)C2=C(C3=C(S2)C=C(C=C3)F)Cl,,
2329349,CN(C)C1=CC=C(C=C1)/C=C\2/C(=O)N(C(=O)S2)CCN,,
2329631,CCN(CC)S(=O)(=O)C1=CC=C(C=C1)/C=C/C(=O)O,,
2329637,CCN(C1=CC=CC=C1)S(=O)(=O)C2=CC(=C(C=C2)Cl)C(=O)O,,
2329736,CCN(CC)CCNC(=O)C1=CC=C(C=C1)NC(=O)C2=CN(N=C2C3=CC=CS3)C4=CC=CC=C4,,
2329857,C1COCCN1NC(=O)C2=CC=CO2,,
2330527,CC\1(C2=CC=CC=C2N(/C1=C/C(=O)C3CC3)C)C,,
2331328,C1COC2=C(O1)C=C3C(=C2)SC(=N3)NC(=O)C4=CC=NC=C4,,
2332242,CC1=CC(=NC(=N1)N2C(=CC(=N2)C)NC(=O)C(C)C)C,,
2332594,CN(C)CCCNC(=O)C1=CC=CC=C1,,
2332755,C1CN(CCC1CC2=CC=CC=C2)CC(=O)NC3=CC4=C(C=C3)OCCO4,,
2333345,CN(C)/C=C/C(=O)C(Cl)(Cl)Cl,,
2334847,C1CC1NC(=O)COC(=O)C2=CC=CC=C2F,,
2335552,COC1=CC=CC(=C1)NC(=O)C2=NC(=NC=C2Cl)S(=O)(=O)C,,
2335760,C1CN(CCN1C(=O)COC(=O)CC2=C(C=CC=C2Cl)Cl)C(=O)C3=CC=CO3,,
2335983,CC1=C(C=C(C=C1)C(=O)OCC(=O)N(C)C2=CC=CC=C2)C,,
2336020,CN(C1=CC=CC=C1)C(=O)COC(=O)C2=CC=C(C=C2)C#N,,
2336022,CC(C)(C)C(=O)CSC1=NN=NN1C,,
2336213,C1=CC=C(C=C1)CNC(=O)/C(=C/C2=CC(=C(C=C2)O)[N+](=O)[O-])/C#N,,
2336314,CC1=CC=CC=C1C(=O)OCC(=O)N(C)C2=CC=CC=C2,,
2336315,CC1=CC(=C(C=C1)C(=O)OCC(=O)N(C)C2=CC=CC=C2)C,,
2336498,CCOC1=C(C=CC=N1)C(=O)OCC(=O)C2=CC=C(S2)Br,,
2336901,CC1=CC=C(C=C1)C2=CSC(=N2)NC(=O)CN3CCOCC3,,
2337009,C1=CC=C(C(=C1)NC(=O)COC(=O)CC2=CSC=C2)Cl,,
2337473,CC1=C(C(=O)N(N1)C2=CC=CC=C2)S(=O)(=O)C3=CC=CC=C3,,
2337629,C1=CC=C(C(=C1)NC(=O)C2=CC=[N+](C=C2)[O-])Cl,,
2337854,CC1=CC(=C(C=C1)C)CNC(=O)NC2=CC=CC=C2,,
2337855,CC1=CC=C(C=C1)CNC(=O)NC2=CC=C(C=C2)Cl,,
2337865,CC(=O)OC1=CC=C(C=C1)NC2=CC=CC=C2,,
2337903,COC1=C(C=C(C=C1)C(=O)OCC(=O)NC2CCCC2)OC,,
2337918,C1=CC=C(C=C1)CCC(=O)OCC(=O)N(CCC#N)C2=CC=CC=C2,,
2337929,COC1=CC=CC(=C1)NC(=O)COC(=O)CC2=CC=C(C=C2)Cl,,
2338070,COC1=C(C=C(C=C1)C(=O)OCC(=O)NC2=CC=CC=C2)[N+](=O)[O-],,
2338125,CC1=C(C=C(C=C1)NC(=O)COC(=O)C2=CC=CO2)C,,
2338160,C1CCC(C1)CCC(=O)OCC(=O)NC2=CC=C(C=C2)F,,
2338547,C1CCC(C1)C(=O)C2=NN=C(O2)C3=CC=C(C=C3)Cl,,
2338802,C/C=C/C=C/C(=O)OCC(=O)NC1=CC=C(C=C1)Cl,,
2338850,CCN(CC(=O)NC1=CC=C(C=C1)C(=O)OC)C2CCCCC2,,
2339366,COC1=CC=C(C=C1)C2(C(=O)NC(=O)N2)C3=CC=C(C=C3)OC,,
2339850,COC1=CC=CC=C1NS(=O)(=O)C2=CC3=C(C=C2)OC(=N3)SC,,
2340365,C1CCCN(CC1)C(=O)CSC2=NNC(=O)NC2=O,,
2340373,C1=CC(=CC(=C1)NC(=O)CSC2=NNC(=O)NC2=O)C#N,,
2340624,C1CCN(C1)S(=O)(=O)C2=CC=CC(=C2)C(=O)NN=CC3=CC=CC=C3OC(F)F,,
2340728,C1=CC=C2C(=C1)C(=CN2)CCNC(=O)C3=C(C=C(C=C3)F)F,,
2340853,COC1=C(C=C(C=C1)NC(=O)CN2C(=O)C3(CCCCCC3)NC2=O)Cl,,
2340937,CC1=C(C(=O)N(N1C)C2=CC=CC=C2)NC(=O)C3=CC=C(C=C3)S(=O)(=O)NC4=CC=C(C=C4)OC,,
2341162,CC1=CC=C(C=C1)C2(C(=O)NC(=O)N2)C3=CC=C(C=C3)C,,
2341173,CCCCN1C(=C(C(=O)NC1=O)NCC2=CC=CC=C2)N,,
2341253,C1=CC=[N+](C(=C1)SCC(=O)NC2=C(C=CC(=C2)Cl)C#N)[O-],,
2341255,COC1=CC=C(C=C1)CNC(=O)CSC2=CC=CC=[N+]2[O-],,
2341267,C1=CC=[N+](C(=C1)SCC(=O)C2=CC=C(C=C2)Cl)[O-],,
2341319,CC(C)C1=CC=CC=C1NC(=O)CSC2=CC=CC=[N+]2[O-],,
2341426,C1=CC=C(C=C1)C[C@@H](C(=O)OCC2=CC=CC=C2)NC(=O)C3=CC=CO3,,
2341508,C1CCCC(CC1)NC(=O)CSC2=CC=CC=C2C(=O)O,,
2341607,CC1=C(C(=NN1CC(=O)C2=CC=CC=C2Cl)C)[N+](=O)[O-],,
2341621,CCN(C1CCCCC1)C(=O)CSC2=CC=CC=[N+]2[O-],,
2341869,CC1=CC=C(N1C2=CC=C(S2)C(=O)NN)C,,
2341879,CCOC(=O)C1=CC(=C(N=C1C)C)NC(=O)NC2=NC=CC(=C2)C,,
2342204,C1=COC(=C1)CNS(=O)(=O)C2=C(C=CC(=C2)C(=O)O)Cl,,
2342281,C1CCCC(CCC1)NC(=O)CSC2=CC=CC=[N+]2[O-],,
2342289,C1=CC=[N+](C(=C1)SCC(=O)C2=CC=C(S2)Cl)[O-],,
2342359,CC1=CC(=C(C(=C1)Br)NC(=O)COC(=O)C2CCCCC2)Br,,
2342406,CCN(C1=CC=CC=C1)C(=O)CSC2=CC=CC=[N+]2[O-],,
2342408,C1=CC=C(C=C1)CCCNC(=O)CSC2=CC=CC=[N+]2[O-],,
2342507,C1CCCN(CC1)C(=O)CSC2=CC=CC=[N+]2[O-],,
2342860,COC1=CC=CC=C1NC(=O)COC(=O)/C=C/C2=CC=CS2,,
2343006,CCN(C1=CC=CC=C1)C(=O)COC(=O)C2=CC3=C(C=C2)OCO3,,
2343057,COC1=C(C=C(C=C1)/C=C/C(=O)OCC(=O)NCC2=CC=CC=C2Cl)OC,,
2343068,COC1=CC=CC=C1NC(=O)COC(=O)C2=NC3=CC=CC=C3C=C2,,
2343076,C1=CC=C(C=C1)C(C2=CC=CC=C2)NC(=O)COC(=O)C3=CC=CC=C3O,,
2343268,CC(C)C1=CC=C(C=C1)NC(=O)COC(=O)CC2CCCC2,,
2343308,C1=CC=C(C=C1)COC2=CC=C(C=C2)NC(=O)CSC3=NNC(=N3)N,,
2343761,COC1=C(C=CC(=C1)SC)C(=O)OCC(=O)NC2CCCCC2,,
2343764,C1COCCN1C2=CC=C(C=C2)C=NNC(=O)C3=CC4=CC=CC=C4C=C3O,,
2343968,C1=COC(=C1)C(=O)NC(=S)NCC2=C(C=C(C=C2)Cl)Cl,,
2344016,CC1=C(C=C(C=C1)NC(=S)NC(=O)C2=CC=CS2)F,,
2344397,CC1=C(ON=C1C)NS(=O)(=O)C2=CC=C(C=C2)NC(=O)C3=CC=CC=C3NS(=O)(=O)C4=CC=C(C=C4)F,,
2344558,C1=CC=C(C=C1)CNC2=C(N(C(=O)NC2=O)CC3=CC=CC=C3)N,,
2344647,CC1=CC=CC=C1OCC(=O)OCC(=O)NC2CC2,,
2344800,CC1=C(C=C(C=C1)S(=O)(=O)N2CCCCC2)C(=O)NC3=NOC(=C3)C,,
2344971,C1=COC(=C1)CNC(=O)COC(=O)CCC(=O)C2=CC=C(C=C2)F,,
2345741,C1=CSC(=C1)C(=O)COC(=O)C2=CC=C(O2)[N+](=O)[O-],,
2346228,C1CCC(C1)NC(=O)COC(=O)C2=CC=CC=C2,,
2346313,C1=CC=C(C=C1)C(=O)COC(=O)C2=CC=NC=C2,,
2346486,C1COCCN1S(=O)(=O)C2=C(C=CC(=C2)C(=O)OCC(=O)NCC3=CC=C(C=C3)F)F,,
2346507,CCOC1=C(C=CC=N1)C(=O)OCC(=O)NCC2=CC=CC=C2,,
2347011,CN1C(=C(C(=O)N(C1=O)C)C(=O)COC(=O)COC2=CC(=CC=C2)Br)N,,
2347074,C1=CC=C(C=C1)CNC(=O)CSC2=CC=CC=C2C(=O)O,,
2347085,CCOC1=C(C=CC=N1)C(=O)OCC(=O)C2=CC(=C(C=C2)C)C,,
2347280,CC1=CC=C(C=C1)NC(=O)CN2C3=CC=CC4=C3C(=CC=C4)S2(=O)=O,,
2347318,COC1=CC=C(C=C1)CNC(=O)COC(=O)C2=NC3=CC=CC=C3C=C2,,
2347598,CC1=CC(=C(C=C1)NS(=O)(=O)C2=CC=CC(=C2)C(=O)NC3=NC=CC(=C3)C)C,,
2347770,C1=CSC(=C1)/C=C/C(=O)OCC(=O)NC2=C(C=C(C=C2)Cl)F,,
2347986,CC1=CC(=C(C=C1)C(=O)OCC(=O)N2CCOCC2)C,,
2348079,CN(C1=CC=CC=C1C(=O)O)C(=O)/C=C/C2=CC=C(C=C2)OC,,
2348247,C1COCCN1C2=CC=C(S2)C=NNC(=O)C3=CC=C(C=C3)[N+](=O)[O-],,
2348373,C1=CSC(=C1)S(=O)(=O)NC2=CC=C(C=C2)C(=O)NN=CC3=CC(=C(C=C3)F)F,,
2348410,C1=CC=C(C(=C1)C(=O)NN=CC2=CC(=C(C(=C2)Br)O)Br)NS(=O)(=O)C3=CC=CS3,,
2348442,CC1=CC=CC=C1NC(=O)CSC(=O)C2=CC=CC=C2,,
2348557,CC(C)C1=CC=CC=C1NC(=O)CC2(CCCC2)CC(=O)O,,
2348895,C1=CC=C(C=C1)C2=C(N3C=CC=CC3=C2)C(=O)C(=O)NCCO,,
2349018,CCCN1C(=O)C2=C(NC1=S)SC3=C2CCCC3,,
2349022,C1COCCN1C2=C(C=CC(=C2)C(F)(F)F)NC(=O)CC#N,,
2349172,C1=CC=C2C(=C1)C(=O)C=C(O2)C(=O)NCCC3=CC=C(C=C3)F,,
2349755,COC(=O)CNC(=O)C1=CC(=NC2=CC=CC=C21)C3=CC=NC=C3,,
2350207,CN1CCN(CC1)C(=O)COC2=CC=C(C=C2)C3=NC4=CC=CC=C4S3,,
2350919,C1=CC=C(C(=C1)C(=O)NN=CC2=C(C=C(C=C2)O)O)NS(=O)(=O)C3=CC=CS3,,
2351060,C1CCC(CC1)NC(=O)COC(=O)C2=CC(=CN=C2)Br,,
2351075,C1=CN=C(C=N1)C(=O)OCC(=O)NC2=C(C=C(C=N2)C(F)(F)F)Cl,,
2351439,C1=CC=C(C=C1)CNC(=O)/C(=C/C=C/C2=CC=CC=C2[N+](=O)[O-])/C#N,,
2351493,C1=CC=C(C=C1)C(=NNC(=O)C2=CC=CC=C2)C3=CC=CC=N3,,
2351966,CC(=O)OCC(=O)NC1=C(C=CC(=C1)[N+](=O)[O-])OC,,
2351999,CC1CCN(CC1)C(=O)COC(=O)C2=CC=C(O2)[N+](=O)[O-],,
2352010,C1OC2=C(O1)C=C(C=C2)CNC(=O)COC(=O)CNC(=O)C3=CC=CC=C3,,
2352142,CC1=CC=C(C=C1)N2C(=CC(=N2)C)NC(=O)C3=CC=C(C=C3)OC,,
2352168,C1=CC=C(C=C1)OC2=CC=C(C=C2)C(=O)NCC3=CC=CC=N3,,
2352506,C1=CC=C(C=C1)C(C2=CC=CC=C2)NC(=O)COC(=O)C3=CC=C(C=C3)O,,
2352610,C1=CC=C(C(=C1)C(=O)OCC(=O)NCC2=CC=CO2)O,,
2352685,C1=CC=C(C=C1)COC2=CC=C(C=C2)NC(=O)CSC3=NC=NN3,,
2352688,CN1C(=C(C(=O)N(C1=O)C)C(=O)CSC2=NC=NN2)N,,
2352738,C1CCC(CC1)CNC(=O)COC(=O)C2=CC=C(C=C2)Cl,,
2352744,CN1C=NN=C1SCC(=O)NC2CCCCCC2,,
2352927,CC1=C(SC=C1)C(=O)OCC(=O)NC2=CC(=CC=C2)OC,,
2353451,C1COC(=CO1)C(=O)OCC(=O)NC2=CC(=C(C=C2Cl)Cl)Cl,,
2353640,COC1=CC=CC(=C1)NC(=O)COC(=O)CCC2CCCC2,,
2353715,CC1=NN(C(=C1)NC(=O)C2=C(C(=CC=C2)OC)OC)C3=CC=CC=C3,,
2354167,C1=CC=NC(=C1)C2=CSC(=N2)NC(=O)C3=CC=C(S3)Br,,
2354229,C1CN(CC2=CC=CC=C21)C(=O)C3=CC(=C(C=C3)Cl)S(=O)(=O)N4CCOCC4,,
2354263,C1CC(=O)N(C1)CCCNS(=O)(=O)C2=CC=CS2,,
2354299,COC1=C(C=C(C=C1)S(=O)(=O)NC2=CC=CC=C2C(=O)NN3CCOCC3)OC,,
2354514,CC1=NC2=C(S1)C=CC(=C2)COC(=O)C3=CC=CC=C3OC,,
2354529,C1CC(C1)C(=O)NC2=CC=CC=C2NS(=O)(=O)C3=CC=C(C=C3)F,,
2354547,C1=CC(=CC(=C1)Br)NC(=O)CCC(=O)C2=CC=C(C=C2)F,,
2355125,CC1CCN(CC1)C(=O)COC(=O)CCC(=O)C2=CC=C(C=C2)Cl,,
2355136,CC1=CC=C(S1)C(=O)OCC(=O)NC2CCCCC2,,
2355138,C/C=C/C(=O)OCC(=O)NC1=CC(=C(C=C1)OC)OC,,
2355174,C1=CC=C2C(=C1)C(=O)C=C(O2)C(=O)OCC(=O)NC3=CC=CC=C3F,,
2355270,CC1=C(C=CC(=C1)F)S(=O)(=O)N(CC(=O)N2CCOCC2)CC(=O)N3CCOCC3,,
2355331,C1CCC(C1)NC(=O)COC(=O)/C=C/C2=CC=CC=C2,,
2355374,CC1CCN(CC1)C(=O)COC(=O)C2=CN=C(C=C2)Cl,,
2355461,C1=CC=C(C=C1)OCC(=O)OCC(=O)NC2=C(C=C(C=C2)Br)F,,
2355464,C1CCC(C1)C(=O)OCC(=O)NC2=C(C(=CC=C2)Cl)Cl,,
2355620,CNS(=O)(=O)C1=CC=CC(=C1)C(=O)OCC(=O)N2CCN(CC2)C(=O)C3=CC=CO3,,
2355810,CCOC(=O)C1=CC(=CC=C1)NC(=O)C2=CC=C(C=C2)N3C=NN=N3,,
2355899,CC1=C(C(=NO1)C2=C(C=CC=C2Cl)F)C(=O)NC3=CC=C(C=C3)S(=O)(=O)NC4=NC=CC=N4,,
2355914,C1CN(CC2=CC=CC=C21)C(=O)C3=CC(=NC4=CC=CC=C43)Cl,,
2356128,CN(CC1=CC=CC=C1)C(=O)COC(=O)CCC(=O)C2=CC=C(C=C2)F,,
2356198,C1CCN(C1)C(=O)COC(=O)C2=CC(=O)C3=CC=CC=C3O2,,
2356259,CC1=C(C=CC=C1[N+](=O)[O-])C(=O)OCC(=O)N2CCCC2,,
2356268,CN(CC1=CC=CC=C1)C(=O)COC(=O)C2=CC3=CC=CC=C3OC2=O,,
2356448,CC1=C(C=CC(=C1)C(=O)OCC(=O)NC2CC2)[N+](=O)[O-],,
2356499,CC1=CC=C(C=C1)S(=O)(=O)C2=C(OC(=N2)C3=CC=CC=C3Cl)N4CCN(CC4)C,,
2356939,C1=CC=C(C=C1)C2=NN(C=C2CC(=O)O)C3=CC=CC=C3,,
2356972,C1COC2=C(O1)C=CC(=C2)C(=O)OCC(=O)NCCC3=CC=CC=C3,,
2357135,C1=CC=C2C(=C1)C(=C(S2)C(=O)OCC(=O)N)Cl,,
2357144,CCC(=O)OCC(=O)NC1=C(C=CC(=C1)[N+](=O)[O-])Cl,,
2357151,C1=CC=C(C=C1)CN(C2=CC=C(C=C2)Cl)S(=O)(=O)C3=C(C=CC(=C3)C(=O)O)Cl,,
2357158,C1=CC=C(C=C1)CN(C2=CC=CC(=C2)C(F)(F)F)S(=O)(=O)C3=CC=CC(=C3)C(=O)O,,
2357187,C1=CC(=CC=C1NC(=O)CC#N)S(=O)(=O)N,,
2357265,COC1=CC=C(C=C1)NS(=O)(=O)C2=CC(=C(C=C2)N)C(=O)O,,
2357293,CC1=CC=CC=C1OCC(=O)OCN2C(=O)C3=CC=CC=C3N=N2,,
2357296,C1CCC(C1)NC(=O)COC(=O)C2=CC=C(C=C2)Br,,
2357308,C1=CC=C(C=C1)CNC(=O)COC(=O)CCSC2=CC=CC=C2,,
2357468,CC(=O)NC1=CC=C(C=C1)NC(=O)COC(=O)C2=CC=CC=N2,,
2357786,CCC(=O)OCC(=O)NC1=CC2=C(C=C1)OCO2,,
2358098,C1=CC=C(C=C1)CCNC(=O)COC(=O)C2=CC(=O)NC3=CC=CC=C32,,
2358127,COC1=CC=C(C=C1)C(=O)COC(=O)C2=C(N=CC=C2)SC,,
2358276,CC1=CC=C(C=C1)C(=O)NNC(=O)C2=CC(=CC=C2)S(=O)(=O)N3CCOCC3,,
2358377,COC1=CC=C(C=C1)C2=NC3=CC=CC=C3C(=C2)C(=O)OCC(=O)N4CCOCC4,,
2358432,CN(C)C1=CC=C(C=C1)C(=O)OCC(=O)C2=CC=CC=C2OC,,
2358594,CC(=O)OC1=CC(=CC(=C1OC(=O)C)OC(=O)C)C(=O)OCC(=O)N2CCC3=CC=CC=C3C2,,
2358682,C1=CC(=C(N=C1)Cl)C(=O)OCC(=O)C2=CC=C(C=C2)F,,
2358893,C1=CC=C2C=C(C=CC2=C1)SCC(=O)NC3=NC=CC=N3,,
2358978,CN(C1=CC=CC=C1)S(=O)(=O)C2=CC=CC(=C2)C(=O)NC3CCCC3,,
2359272,CCS(=O)(=O)C1=CC(=C(C=C1)O)NC(=O)C2=CC(=NC3=CC=CC=C32)C4=CC=CC=N4,,
2359496,CCOC1=C(C=CC=N1)C(=O)OCC(=O)NCC2=CC=C(C=C2)C(=O)OC,,
2359669,CCOC(=O)C1=C(C=C(S1)NC(=O)NC2=CC=CC=C2)C,,
2359886,CC1=NN(C(=C1)NC(=O)C2=CC(=CC(=C2)OC)OC)C3=CC=CC=C3,,
2359994,COC1=CC=C(C=C1)C(=O)N2C3=CC=CC=C3SC4=C2C=C(C=C4)Cl,,
2360016,C1CN(N=C1NC(=O)NC2=CC=CC=C2F)C3=CC=CC=C3,,
2360119,C1CCN(CC1)S(=O)(=O)C2=CC=C(C=C2)C(=O)NC3=NNN=N3,,
2360195,C1=CC2=NC(=C(N2C=C1)C(=O)O)Cl,,
2360199,CN(C1=CC=CC=C1OC)S(=O)(=O)C2=CC=C(C=C2)C(=O)O,,
2360209,CC1=CC(=C(O1)C)C(=O)NN,,
2360210,COC1=CC=C(C=C1)CCNC(=O)CC(=O)NCCC2=CC=C(C=C2)OC,,
2360213,C1=CC=C2C(=C1)NC(=N2)SCC3=CC=C(C=C3)C(=O)NN,,
2360342,C1=CC(=CC=C1SCCC(=O)OCC(=O)N)Cl,,
2360409,C1=COC(=C1)CNC(=O)CN2C(=O)C3=C(C2=O)C=C(C=C3)[N+](=O)[O-],,
2360429,CN1C(=C(C(=O)N(C1=O)C)C(=O)COC(=O)C2=CC=CC=C2C(=O)C3=CC=C(C=C3)Cl)N,,
2360856,C1=CC=C(C=C1)OCCOC2=CC=CC=C2C(=O)NN,,
2360902,C1=CC=C(C=C1)OCCOC2=CC=CC=C2C(=O)O,,
2361079,CC1=CC=C(C=C1)NS(=O)(=O)C2=CC=CC(=C2)C(=O)N3CCCCC3,,
2361470,COC1=CC=CC(=C1OC)C(=O)NC2=CC3=C(C=C2)NC(=O)N3,,
2361547,COC1=CC=C(C=C1)/C=C\2/C(=O)N(C(=O)S2)CCCC(=O)NC3=C(C=CC(=C3)Cl)C(=O)O,,
2361914,CC1=CC(=CC(=C1COC(=O)C2=CN=CC=C2)C)C(C)(C)C,,
2361974,CC1=NC(=NC=C1)SCC(=O)C2=CC=CS2,,
2362060,CCN(C1=CC=CC2=CC=CC=C21)C(=O)COC(=O)C3=CC=CO3,,
2362163,COC1=CC=C(C=C1)C(=O)NCC(=O)OCC(=O)NCC2=CC3=C(C=C2)OCO3,,
2362357,C1CCC(CC1)C(=O)NC(=S)NC2=CC=C(C=C2)C#N,,
2362359,CC1=CC(=C(C=C1)NC(=S)NC(=O)C2CCCCC2)Br,,
2362437,C1=CC(=CC(=C1)F)/C=C/C(=O)OCC(=O)NC2=NC=CC=N2,,
2362683,COC1=CC(=CC(=C1OC)OC)C(=O)COC(=O)C2=CC=NC=C2,,
2362720,CN1C(=C(C(=O)N(C1=O)C)C(=O)COC(=O)C2=CC3=CC=CC=C3C=C2O)N,,
2362869,C1=CC(=C(N=C1)Cl)C(=O)OCC(=O)NCC2=CC=CO2,,
2362895,CC1=CC(=C(O1)C)C(=O)OCC(=O)NCC2=CC=CO2,,
2363010,CCN(CC1=CC=CC=C1)C(=O)CSC2=NN=CN2C,,
2363240,C1=CC=C(C=C1)N2C(=O)C3=CC=CC=C3N4C2=NNC4=S,,
2363527,C1CCC(CC1)CNC(=O)COC(=O)C2=C(C=CC=C2Cl)F,,
2363573,C1CC1C(=O)NNC(=O)C2=C(C=C(C=C2)F)F,,
2363580,COC1=CC=C(C=C1)CCNC(=O)COC(=O)C2=CC=CC=N2,,
2363662,C1=CC=C(C=C1)CN2C(=O)C3=CC=CC=C3C(=N2)C4=NNC(=S)O4,,
2363668,CCOC(=O)C1=C(C=C(S1)C2=CC=C(C=C2)Br)N,,
2363702,C1CCC(=CC1)CCNC2=C(N(C(=O)NC2=O)CC3=CC=CC=C3)N,,
2363746,C1=CC=C(C=C1)C2=CSC3=NC(=CC(=O)N23)CCl,,
2363774,CC(C)C1=C(C(=CC=C1)C(C)C)NC(=O)CCl,,
2363776,C1=CC(=CC=C1/C=C(\C#N)/C(=O)O)Cl,,
2363789,CC1=CN2C(=NC(=CC2=O)COC3=CC=C(C=C3)Cl)C=C1,,
2363795,C=CCN1C(=O)C2=CC=CC=C2N3C1=NNC3=S,,
2363865,CCOC1=CC=CC=C1C(=O)NCC(=O)OCC(=O)N2CCCC2,,
2363961,C1COCCN1S(=O)(=O)C2=C(C=CC(=C2)C(=O)OCC(=O)NCC3=CC=CC=C3)F,,
2363992,COC1=CC=C(C=C1)C(=O)NCC(=O)OCC(=O)NCC2=CC=CS2,,
2364043,CNC(=O)COC(=O)CCC(=O)C1=CC=CS1,,
2364065,COC1=C(C(=C(C=C1)C(=O)OCC(=O)NCC2=CC=CS2)OC)OC,,
2364069,CCOC1=C(C=CC=N1)C(=O)OCC(=O)NCC2=CC=CS2,,
2364189,C1CCCC(CC1)NC(=O)CCC(=O)C2=CC=CS2,,
2364508,C1CCC(C1)(C2=CC(=CC=C2)F)C(=O)OCC(=O)NCC3=CC=CS3,,
2364511,C1=CC=C(C=C1)CCCNC(=O)COC(=O)C2=CC=CC=C2O,,
2364522,C1=CSC(=C1)CNC(=O)COC(=O)CCC(=O)C2=CC=CS2,,
2364643,C1=CC(=CC=C1CNC(=O)/C(=C\C2=CC=C(C=C2)O)/C#N)Cl,,
2364677,COC1=CC=CC=C1CNC(=O)COC(=O)C2=CC=CS2,,
2364828,COC1=CC(=CC(=C1OC)OC)CC(=O)OCC(=O)NCC2=CC=CS2,,
2364876,C1=CC(=CC(=C1)F)NC(=O)CSC2=NNC(=N2)N,,
2364959,CC1=C(C(=C(C=C1)Cl)NC(=O)COC(=O)C2=CC=[N+](C=C2)[O-])Cl,,
2364960,C1CC1NC(=O)CSC2=NC3=CC=CC=C3C(=O)N2C4=CC=CC=C4F,,
2365065,C1CC1NC(=O)COC(=O)CCC(=O)C2=CC=CS2,,
2365086,CCN(CC1=CC=CC=C1)C(=O)CSC2=NC=NN2,,
2365328,C1CCCN(CC1)C(=O)COC(=O)C2=C(C=C(C=C2)[N+](=O)[O-])Cl,,
2365419,CC1=CC(=NC=C1)NC(=O)C2=CC(=C(N=C2)Cl)Cl,,
2365479,CNC(=O)COC(=O)C1=CC=CC=C1NC(=O)C2=CC=CO2,,
2365487,COC1=CC=CC=C1CNC(=O)COC(=O)C2=CC(=O)C3=CC=CC=C3O2,,
2365694,C1CCC(CC1)NC(=O)COC(=O)/C=C/C2=CC=CO2,,
2365800,CSC1=C(C=CC=N1)C(=O)OCC(=O)NC2CC2,,
2365885,C1=CC=C(C=C1)CNC2=NC=C(C(=N2)C(=O)O)Cl,,
2366424,CCOC(=O)C1=CC2=C(O1)N=C(NC2=O)C(Cl)(Cl)Cl,,
2366465,C12=C(NC(=S)N1)NC(=S)NC2=O,,
2366548,CC(C)N(CC1=CC=CC=C1)C(=O)COC(=O)C2=C(C=CC=C2F)F,,
2366620,CC1=CC(=C(N1C2=CC(=CC=C2)S(=O)(=O)N3CCOCC3)C)C(=O)CCl,,
2367153,C1=CSC(=C1)C2=NC(=NN2)SCC(=O)NCCC3=CC=C(C=C3)S(=O)(=O)N,,
2367271,C1C(=O)NC(=S)N(C1=O)CC2=CC=CC=C2,,
2367802,CC1=C(C(=CC=C1)C)NC(=O)COC(=O)/C=C/C2=CC=C(C=C2)S(=O)(=O)N3CCOCC3,,
2368008,C1=CC(=CC=C1CNC(=O)CSC2=NC=CC(=O)N2)Cl,,
2368139,CSC1=CC=CC=C1NC(=O)COC(=O)CCC(=O)C2=CC=C(C=C2)F,,
2368501,C1CN(CCN1C2=NC=CC=N2)C(=O)C3=CC=CC=C3,,
2368552,C1=CC=C2C(=C1)C(=CN2)C(=O)CSC3=NC4=CC=CC=C4N3,,
2369043,C1OC2=C(O1)C=C(C=C2)C(=O)OCC(=O)NC3=CC=CC=C3,,
2369102,CC1=CC(=C(C=C1)C)NC(=O)COC(=O)C=C(C)C,,
2369164,CC1=CC(=C(C=C1)NC(=O)COC(=O)C2=CC(=O)C3=CC=CC=C3O2)Br,,
2369356,CC1=CC=NC2=NC(=NN12)C(=O)NC3=NC4=CC=CC=C4S3,,
2369459,C1=CC=C(C=C1)OC2=CC=C(C=C2)OCC(=O)O,,
2369482,C1=CC=C(C=C1)COC2=CC=C(C=C2)NS(=O)(=O)C3=CC=CC(=C3)C(=O)O,,
2369567,CN1C(=C(C(=O)N(C1=O)C)C=NC2=CC=C(C=C2)Br)O,,
2369606,C1=CC=C(C=C1)C2=NN(C(=C2)NC(=O)CCl)C3=CC=CC=C3,,
2369755,CC1=C(C(=CC=C1)C(=O)OCC(=O)NCC(C)C)O,,
2369866,CC1=C(C=C(C=C1)NC(=S)NC2=CC3=C(C=C2)NC(=O)N3)C,,
2370424,CC1=C(SC=C1)C(=O)NC2=NC=CS2,,
2370425,CC1=CC=C(C=C1)C2=CSC(=N2)NC(=O)C3=CC=C(O3)[N+](=O)[O-],,
2370481,CN(C)C1=CC=C(C=C1)C(=O)OCC(=O)N2CCCC2,,
2370496,CN(C)C1=CC=C(C=C1)C(=O)OCC(=O)NC2CCCCCC2,,
2370498,CN(C1=CC=CC=C1)C(=O)COC(=O)C2=C(C=CC=C2OC)OC,,
2370532,CN(C1CCCCC1)C(=O)COC(=O)C2=CC3=C(C=C2)OCO3,,
2370755,C1=CC=C(C=C1)N(CCC#N)C(=O)COC(=O)CCC(=O)C2=CC=CS2,,
2370907,CN(CC1=CC=CC=C1)C(=O)COC(=O)/C=C/C2=CC(=C(C(=C2)OC)OC)OC,,
2371058,C1C(=C(C(=O)O1)C2=CC=CC=C2[N+](=O)[O-])C3=CC=C(S3)Cl,,
2371080,C1CCN(C1)C(=O)COC(=O)C2=C(C=CC(=C2)[N+](=O)[O-])Cl,,
2371113,C1=CC=C(C(=C1)C#N)NC(=O)COC(=O)C2=C(C=C(C=C2)F)F,,
2371118,C1CCC(C1)NC(=O)COC2=NC=NC3=CC=CC=C32,,
2371306,CC(C)N(C1=CC=CC=C1)C(=O)COC(=O)C2=C(N=CC=C2)Cl,,
2371360,CC(=O)NC1=CC=C(C=C1)C(=O)OCC(=O)NC2=CC=C(C=C2)N3CCOCC3,,
2371364,COC1=CC(=C(C=C1)OC)/C=C/C(=O)OCC(=O)NC2=CC3=C(C=C2)OCCO3,,
2372589,C1=CC=C2C(=C1)C(=CC(=N2)C3=CC=CO3)C(=O)OCC(=O)N,,
2372698,C1CCCC2(CC1)C(=O)N(C(=O)N2)CC3=C(C=CC=C3Cl)F,,
2372912,C1OC2=C(O1)C=C(C=C2)C3=NN=CO3,,
2373103,C1CN(CCN1C2=CC=CC=C2F)C(=O)/C(=C/C3=CC=CC=C3)/C#N,,
2373135,CCOC(=O)C1CCN(CC1)C(=O)C2=CC3=C(C=C2)OCCO3,,
2373236,CC1=CC=C(S1)C(=O)NC2CCCC2,,
2373458,CCCN(CC1CC1)C(=O)CSC2=NC=NC3=C2C=CS3,,
2373623,C1=CC=C(C=C1)OC2=CC=C(C=C2)C(=O)NC3=C(C=CC=N3)O,,
2373723,CC1=CC=CC=C1C(=O)NC(=S)N(C)CCC2=CC=CC=N2,,
2373834,C1CC1C(=O)NC(=S)NNC(=O)COC2=CC=C(C=C2)C#N,,
2373980,CC1=C(SC=C1)C(=O)OCC(=O)N2CCC3=CC=CC=C3C2,,
2374150,C1CC1C2=NN=C(N2N)SCC(=O)N3CCOCC3,,
2374353,C1CN(C2=CC=CC=C21)C(=O)CSCC3=CC=CO3,,
2374457,CN1C=NN=C1SCC(=O)NC2CC2,,
2374475,C1=COC(=C1)C(=O)NC(=S)NCC2=CC=C(C=C2)Cl,,
2374581,CC1=C(C(=NO1)C2=C(C=CC=C2Cl)F)C(=O)NC3CC3,,
2374884,C1=CC=C(C=C1)/C=C(\C#N)/C(=O)NC2=NN=CS2,,
2375307,C1=CC=C2C(=C1)NC(=N2)CNC(=S)NC(=O)C3=CC=C(C=C3)F,,
2375395,CN(CC1=CC=CC=C1)C(=O)CSC2=NNC(=N2)N,,
2375549,C1=CC=C(C(=C1)C(=O)OCC(=O)NC2=C(C=C(C=N2)Cl)Cl)O,,
2375578,C1=CC(=CC=C1C(=O)OCC(=O)NC2=C(C=C(C=N2)Cl)Cl)O,,
2375612,CCNC(=S)NC1=C(C(=CS1)C2=CC=CC=C2)C(=O)OCC,,
2375679,CC1=CC(=C(C=C1)NC(=S)NC(=O)C2CCCC2)Br,,
2376086,COCCN1C(=O)C2=C(NC1=S)SC3=C2CCCC3,,
2376254,CC1=CC=C(C=C1)C(=O)N2C(=S)N(C=N2)C,,
2376321,CSC1=CC=C(C=C1)/C=C(\C#N)/C(=O)NCC=C,,
2376538,COC1=C(C=CC(=C1)C=O)OCC(=O)C2=CC=CC=C2,,
2376778,C1CCC(C1)NC(=O)COC(=O)COC2=CC=C(C=C2)Br,,
2376789,CC(C)[C@@H](C(=O)OCC(=O)NCC1=CC2=C(C=C1)OCO2)NC(=O)C3=CC=CC=C3,,
2376815,CCN1C/C(=C\C2=CC(=C(C=C2)OC)O)/C(=O)/C(=C\C3=CC(=C(C=C3)OC)O)/C1,,
2376847,C1CCN(C1)C(=O)COC(=O)/C=C/C2=CC(=CC=C2)F,,
2376869,COC1=CC=C(C=C1)CCNC(=O)COC(=O)C2CC2,,
2376914,C1CCN(C1)C(=O)COC(=O)/C=C/C2=CC=C(C=C2)[N+](=O)[O-],,
2377098,CCC1=CC=C(C=C1)NC(=O)CC#N,,
2377173,COC1=CC=CC(=C1)C2=NN(C=C2C(=O)O)C3=CC=CC=C3,,
2377416,CC1=CSC(=N1)NC(=O)C2=CC=[N+](C=C2)[O-],,
2378186,CC1=CC=C(O1)/C=C(\C#N)/C(=O)NCC=C,,
2378189,CC1=CC(=C(C=C1)/C=C(\C#N)/C(=O)N2CCCC2)C,,
2378215,C1CN(CCN1C2=NNC(=O)NC2=O)C(=O)C3=C(C=C(C=C3)F)F,,
2378281,CC1=CC=C(N1CC2=CC=CO2)C,,
2378363,COC1=CC=C(C=C1)C(=O)CNC2=CC=CC=C2Br,,
2378398,CC1=C(C=C(C=C1)C(=O)CNC2=CC=CC(=C2)C(=O)C)[N+](=O)[O-],,
2378817,CCOC1=C(C=CC=N1)C(=O)NC2=NN=C(S2)C3CC3,,
2378846,CC(=O)NC1=CC=C(C=C1)NC(=O)COC(=O)C2=NC=CN=C2,,
2379159,CN(C1CCCCC1)C(=O)CSC2=NC=NC3=CC=CC=C32,,
2379207,CC(=O)NC1=CC=C(C=C1)NC(=O)COC2=NC=NC3=CC=CC=C32,,
2379271,CN=C1N(C(=O)/C(=C/C2=C(C=C(C=C2OC)OC)OC)/S1)C,,
2379400,CC(=O)C1=CC=C(C=C1)NC(=O)[C@@H]2CCCN2C(=O)OC(C)(C)C,,
2379402,CC1=CN=C(C=N1)C(=O)NC2=CC=C(C=C2)N3CCCCC3,,
2379576,C1=CC=C(C(=C1)C(=O)NCC(=O)OCC2=NC3=CC=CC=C3S2)F,,
2379578,C1=CC=C(C=C1)CNC(=O)CCC(=O)C2=CC=C(C=C2)Cl,,
2379600,CC(C)(C)NC(=O)NC(=O)CSC(=S)N(C)C,,
2380057,C1=CC=C2C(=C1)C(C3=CC=CC=C3O2)C(=O)OCC(=O)N,,
2380133,C1=CC=C(C(=C1)C(=O)O)NS(=O)(=O)C2=CC=C(C=C2)CC(=O)O,,
2380163,COC1=CC=C(C=C1)NC(=O)COC(=O)CCSC2=CC=CC=C2,,
2380164,CC1=C(C(=CC=C1)C)NC(=O)COC(=O)C2=CC=C(O2)[N+](=O)[O-],,
2380174,CN(C1=CC=CC=C1)C(=O)COC(=O)C2=CC(=CC=C2)F,,
2380175,CC(=O)C1=CC=C(C=C1)NC(=O)COC(=O)CCC2CCCC2,,
2380295,C1=CC=C(C(=C1)CC(=O)OCC(=O)NC2=C(C=C(C=C2)F)F)F,,
2380514,COC1=CC=CC=C1NCCC(=O)O,,
2380525,CN(CC1=CC=CC=C1)S(=O)(=O)C2=CC(=C(C=C2)Cl)C(=O)O,,
2381215,CN(C1=CC(=C(C=C1OC)OC)Cl)S(=O)(=O)C2=CC=CC(=C2)C(=O)OCC(=O)N3CCOCC3,,
2381260,COCCNC(=O)/C(=C/C1=CC=CC=C1Br)/C#N,,
2381436,CCOC1=CC=C(C=C1)C(=O)NC2=NC(=CS2)C(=O)OCC,,
2381783,C1CN(CCC1C(=O)N)C(=O)/C(=C/C2=CC=CC=C2)/C#N,,
2381938,C1CCC(C1)NC(=O)COC(=O)C2=CC=CC=C2Br,,
2381941,C1=CC(=CC=C1CNC(=O)COC(=O)C2=CC=C(O2)Br)Cl,,
2381986,CC(C)(C)C(=O)COC(=O)C1=C(N=CC=C1)SC,,
2382005,COC1=CC=C(C=C1)OCC(=O)NC2=NC3=CC4=C(C=C3S2)OCCO4,,
2382017,C1CC(CCC1NC(=S)NC(=O)C2=CC=CO2)O,,
2382314,CCNC(=O)NC1=NC=CS1,,
2382787,C1=CC(=C(C(=C1)Cl)CSC2=NN=C(O2)C3=CC=NC=C3)F,,
2382824,CN1C(=C(C(=O)N(C1=O)C)C(=O)COC(=O)COC2=C(C=C(C=C2)Cl)Cl)N,,
2382936,COC1=CC=C(C=C1)C2=C(OC(=C2C#N)NC(=O)CCl)C3=CC=C(C=C3)OC,,
2383271,COC1=CC=C(C=C1)C(=O)NCC(=O)OCC2=CC=C(C=C2)C(=O)OC,,
2383474,CC1CCN(CC1)C(=O)COC2=NC=NC3=CC=CC=C32,,
2383493,CN(C1CCCCC1)C(=O)COC2=NC=NC3=CC=CC=C32,,
2384232,CC1=C(SC2=C1C(=NC=N2)SC3=CC=CC=C3C(=O)O)C,,
2384336,CC1=CC=C(C=C1)C2=C(N=C(S2)C3=CN=CC=C3)CC(=O)O,,
2384341,C1=CC(=C(C=C1C(=O)/C=C/C(=O)O)F)F,,
2384405,CCC1=C(C(=NC2=CC=CC=C2N1)N)C(=O)OCC,,
2384537,CC(=O)C1=CC=C(C=C1)NC2=NCCCS2,,
2384590,C1=CC=C(C(=C1)NC(=O)CCl)SC2=CC=C(C=C2)Cl,,
2384598,CC1=C(OC2=C1C=C(C=C2)OC)C(=O)O,,
2384714,CC1=C(C(=O)N(N1)C2=CC=CC=C2)C(=O)NC3=CC=CC=C3,,
2384734,COC(=O)C1=CC=C(C=C1)CSC2=NN=C(S2)N,,
2384821,CCN(C1CCCCC1)C(=O)COC(=O)C2=C(N=CC=C2)SC,,
2385431,COC(=O)C1=CC=C(C=C1)CNC(=O)COC(=O)C2=C(C=CC(=C2)Cl)O,,
2385440,COC1=CC=CC=C1CNC(=O)COC(=O)CC2=CC=CS2,,
2385541,C1=CC=C(C=C1)CCCNC(=O)C(C2=CC=CC=C2)C3=CC=CC=C3,,
2385615,CN(C1CCCCC1)C(=O)CN2C(=O)C3=C(C2=O)C=C(C=C3)[N+](=O)[O-],,
2385627,CC1CCN(CC1)C(=O)COC(=O)C2=NC=C(N=C2)C,,
2385840,C1COCCN1S(=O)(=O)C2=CC=CC(=C2)C3=NN=C(N3C4=CC=C(C=C4)F)SCC(=O)O,,
2385964,COC1=C(C=C(C=C1)C(=O)O)S(=O)(=O)N2CCCC3=CC=CC=C32,,
2385968,C1=CC=C(C=C1)C(=O)C(=O)C2=CC=C(C=C2)C(=O)O,,
2385977,C1=CC=C(C=C1)CN(C2=CC=CC=C2Cl)S(=O)(=O)C3=CC=CC(=C3)C(=O)O,,
2385994,C1=CC=C(C=C1)CN2C(=O)C3=CC=CC=C3C(=N2)C(=O)O,,
2386003,C=CCN(C1=CC=CC=C1)S(=O)(=O)C2=CC=CC(=C2)C(=O)O,,
2386006,C1CCN(C1)S(=O)(=O)C2=CC=C(S2)CC(=O)O,,
2386010,CC1(C(=O)N(C(=O)N1)CC(=O)O)C,,
2386064,COC1=C(C=C(C=C1)C(=O)O)S(=O)(=O)NC2=CC=C(C=C2)N3CCCCC3,,
2386123,CC1=CC=C(C=C1)C(=O)CC2=NC3=CC=CC=C3N2,,
2386135,C1=CSC(=C1)S(=O)(=O)NC2=CC(=CC(=C2)C(=O)NN)NS(=O)(=O)C3=CC=CS3,,
2386166,COC1=C(C=C(C=C1)Cl)NC(=O)CC(=O)NC2=C(C=CC(=C2)Cl)OC,,
2386434,CC1=CC(=CC=C1)NS(=O)(=O)C2=CC(=C(C=C2)C)C(=O)NCC3=CN=CC=C3,,
2386554,CC(C)(C)C1=CC=CC=C1NC(=O)C2=CC(=NC3=CC=CC=C32)C4=CC=NC=C4,,
2386629,C1=CC=C2C(=C1)C(=NC=N2)SCC(=O)C3=CC=CO3,,
2386708,C1CSC(=N1)NC(=O)C2=C(C3=C(S2)C=C(C=C3)F)Cl,,
2386742,CN(C1CCCCC1)C(=O)COC(=O)C2=CC(=CN=C2)Br,,
2386850,C1=CC(=C(N=C1)Cl)C(=O)OCC2=CC=C(C=C2)C#N,,
2386862,C1CC1NC(=O)COC(=O)/C=C/C2=CC=CS2,,
2386868,CC(=O)C1=CC=C(C=C1)NC(=O)COC(=O)C2=C(C=C(C=C2)F)F,,
2386871,CC1=CC(=C(N1C2=CC=CC=C2)C)C(=O)OCC(=O)N,,
2387099,COC1=CC=C(C=C1)N(CC2=CC=CC=C2)S(=O)(=O)C3=CC=CC(=C3)C(=O)O,,
2387227,CC1=C(C(=NO1)C)COC2=NC=NC3=CC=CC=C32,,
2387307,C1CCC(CC1)NC(=O)COC(=O)C2=CC=C(O2)[N+](=O)[O-],,
2387351,C1=CC(=CC=C1NC(=O)COC(=O)C2=CC=C(O2)[N+](=O)[O-])F,,
2387359,CC1=CC=C(C=C1)C(=O)C2=CC=CC=C2C(=O)OCC(=O)N3CCCC3,,
2387718,COC1=C(C=CC(=C1)/C=C/C(=O)OCC(=O)NCC2=CC=C(C=C2)F)O,,
2388085,C1CCC2(CC1)C(=O)N(C(=O)N2)CC(=O)NC3=CC=C(C=C3)S(=O)(=O)N,,
2388776,CC1=NN=C(N(C1=O)N)SCC(=O)NC2=CC=C(C=C2)N(C)C,,
2388897,C1=CC(=C(C=C1Cl)NC(=O)CC(=O)NC2=C(C=CC(=C2)Cl)Cl)Cl,,
2388902,C1=CC=C(C(=C1)NC(=O)CC(=O)NC2=CC=CC=C2F)F,,
2388927,COC1=C(C=C(C=C1)CCNC2=C(N(C(=O)NC2=O)CC3=CC=CC=C3)N)OC,,
2388958,CC1=C(C=C(C=C1)C(=O)OCC(=O)NCCC2=CCCCC2)N,,
2389220,C1=CC=C(C=C1)CN(C2=CC=CC(=C2)C(F)(F)F)S(=O)(=O)C3=CC(=C(C=C3)Cl)C(=O)O,,
2389222,C1=CC=C(C=C1)CN(C2=CC=CC=C2)S(=O)(=O)C3=CC=CC(=C3)C(=O)O,,
2389272,C1=CC=C2C(=C1)C=CC=C2NC(=O)COC(=O)C3=CC=NC=C3,,
2389332,CCOC(=O)C1=CC(=NN1CCC#N)C2=CC=CC=C2,,
2389466,C1=COC(=C1)C(=O)OCC(=O)NC2=CC=C(C=C2)S(=O)(=O)N,,
2389630,C1=CC(=CC=C1CNC(=O)/C(=C\C2=CC(=C(C=C2)O)O)/C#N)Cl,,
2389900,C1=CC(=C(N=C1)Cl)NC(=O)CSC2=NNC(=N2)N,,
2389948,C1=CC=C(C=C1)C(=O)NC2=CC3=C(C=C2)NN=C3,,
2390425,C1=CC(=CC=C1C(=O)O)NC(=O)CSC2=NNC(=O)NC2=O,,
2390605,C1=CSC(=C1)S(=O)(=O)NC2=CC=C(C=C2)C(=O)NN=CC3=CC=C(C=C3)OC(F)F,,
2390717,C1CCC(=CC1)CCNC(=O)COC(=O)C2=CC(=C(C=C2)Cl)N,,
2390727,C1=CC=C(C(=C1)C(=O)OCC2=NC3=CC=CC=C3S2)O,,
2390728,C1CCC(C1)NC(=O)COC(=O)C2=C(C=CC(=C2)[N+](=O)[O-])Cl,,
2390782,CC1=C(C=C(C=C1)C(=O)N2CCN(CC2)C(=O)C)S(=O)(=O)N3CCCCC3,,
2390814,CCOC1=CC=C(C=C1)S(=O)(=O)NC2=CC(=CC(=C2)C(=O)O)NS(=O)(=O)C3=CC=C(C=C3)OCC,,
2390945,C1=CC=C2C(=C1)C=C(O2)C(=O)NNC(=O)C3=CC=NC=C3,,
2390981,COC(=O)C1=CC=C(C=C1)CNC(=O)CSC2=NC3=CC=CC=C3N2,,
2391541,C1=CC=C(C(=C1)C(=O)OCC(=O)N)OCC2=CC=C(C=C2)Cl,,
2391569,CN(C)C1=CC=C(C=C1)C(=O)OCC(=O)NCCC2=CCCCC2,,
2391700,C1=CC=C2C(=C1)C(=NS(=O)(=O)C3=CC=CS3)C=C(C2=O)NC4=CC=C(C=C4)O,,
2391741,CCN(C1=CC=CC=C1)C(=O)COC(=O)CCC2=CC=CC=C2,,
2391915,C1=CC(=CC=C1C(=O)N)NC(=O)COC(=O)/C=C/C2=CC=C(O2)Br,,
2392235,CN(CC1=CC=CC=C1)C(=O)CC(=O)N(C)CC2=CC=CC=C2,,
2392243,CC1=NC(=NC=C1)NC(=O)C2=CC(=C(C=C2Cl)F)F,,
2392254,CCN(CC1=CC=CC=C1)C(=O)CC(=O)N(CC)CC2=CC=CC=C2,,
2392257,C1=CC=C2C(=C1)NC(=N2)CC(=O)C3=CC=CS3,,
2392259,COC1=C(C=C(C=C1)CNC(=O)CCl)OC,,
2392265,COC1=CC(=CC(=C1OC)OC)C2=NN=C(O2)SCC(=O)NC3=CC=C(C=C3)C(=O)O,,
2392273,CCNC1=C(N(C(=O)NC1=O)CC2=CC=CC=C2)N,,
2392321,C1=CC(=C(C=C1C(=O)CCl)F)F,,
2392334,C1=CC(=CC=C1CN2C(=O)C=CC2=O)Cl,,
2392375,C1=CC=C2C(=C1)NC(=N2)CC(=O)C3=CC=C(C=C3)Br,,
2392392,COC1=CC=C(C=C1)CCN2C(=O)C=CC2=O,,
2392420,CC1=CC=NC2=NC(=NN12)C(=O)OCC(=O)NCC=C,,
2392497,C1=CC=C2C(=C1)C(=CN2)CCNC(=O)C3=NC=CN=C3C(=O)O,,
2392581,CC1=CC(=NC(=N1)C(C)C)SCNC(=O)C2=CC=CC=C2,,
2392805,C1=CC(=C(N=C1)Cl)C(=O)OCC2=CC=C(C=C2)F,,
2392825,C1OC2=C(O1)C=C(C=C2)OCC(=O)NCC3=CC=CS3,,
2392849,C1=CC=C(C=C1)N2C(=NN=C2SCC(=O)NC3=C(C=C(C=C3Cl)Cl)C(=O)O)C4=CC=CO4,,
2392876,CC1=CC(=NC(=N1)C)NS(=O)(=O)C2=CC=C(C=C2)NC(=O)C3=CC=C(S3)[N+](=O)[O-],,
2392988,CC1=C(C(=NN1)C(F)(F)F)CCC(=O)NC2CCCCCC2,,
2393069,CC1=C(C2=C(S1)N=C(NC2=O)CCl)C3=CC=CC=C3,,
2393080,COCCNC(=S)NC1=CC2=C(C=C1)NC(=O)N2,,
2393120,C1=CC=C(C=C1)C2=NC(=NN2C3=CC=CC(=C3)C(F)(F)F)C(=O)O,,
2393470,C1OC2=C(O1)C=C(C=C2)NC(=O)C3=CC=CC=C3NC(=O)CCl,,
2393506,CCN(CC1=CC=CC=C1)C(=O)COC(=O)C2=CC(=NC(=C2)Cl)Cl,,
2393510,CCOC(=O)C1=C(C=C(S1)C2=CC(=CC=C2)[N+](=O)[O-])N,,
2393576,CC1=NC2=C(C=C1)C(=CC(=C2OCC(=O)O)Cl)Cl,,
2394017,C1CC2=CC3=C(C=C2C1)OC=C3CC(=O)O,,
2394109,COC1=C(C=CC(=C1)/C=C/C(=O)OCC(=O)NC2=CC(=CC=C2)F)O,,
2394285,CC1=C(SC2=C1C(=O)NC(=N2)COC(=O)C3=CC=C(C=C3)O)C,,
2394340,CCOC(=O)NC(=O)CSC1=NC2=CC=CC=C2C=C1,,
2394592,C1=CC=C2C(=C1)C(=O)C=C(O2)C(=O)NC3=CC=C(C=C3)C#N,,
2395364,C1CCC(C1)CCC(=O)OCC(=O)NC2=CC=CC=C2OC(F)F,,
2395390,C1=CC=C(C(=C1)NC(=O)COC(=O)C2=CN=C(C=C2)Cl)OC(F)F,,
2395660,CC(=O)C1=CC(=CC=C1)NC(=O)COC(=O)CN2C=NC3=CC=CC=C32,,
2396278,C1=CC=C(C=C1)CN(CC2=CC=C(C=C2)C(=O)O)S(=O)(=O)C3=CC=C(C=C3)Cl,,
2396284,CC(C)[C@@H](C(=O)O)NC(=O)C1=CC(=C(C=C1)Cl)[N+](=O)[O-],,
2396426,COC1=CC=CC=C1N(CC2=CC=CC=C2)S(=O)(=O)C3=CC=CC(=C3)C(=O)O,,
2396440,CC1=CC(=CC=C1)NS(=O)(=O)C2=CC3=C(C=C2)NC(=O)C=C3C(=O)O,,
2396472,C1=CC=C(C=C1)NC2=CC=C(C=C2)OCC(=O)O,,
2396511,CCOC1=CC(=C(C=C1)C=O)O,,
2396775,CCOC(=O)N1CCN(CC1)C(=S)NC(=O)C2=CC(=CC=C2)OC,,
2397135,CCC(C)(C)NC(=O)/C=C/C1=CC=CC=C1[N+](=O)[O-],,
2397168,COC1=CC=CC=C1N(CC=C)S(=O)(=O)C2=CC=CC(=C2)C(=O)NC3=NCCS3,,
2397406,C1CCN(CC1)C2=CC=C(C=C2)NC(=O)COC(=O)C3=CC=CNC3=O,,
2397430,C1=CC=C(C=C1)C[C@@H](C(=O)OCC#N)N2C(=O)C3=CC=CC=C3C2=O,,
2398025,C1=CC=C2C(=C1)C(=C(O2)C(=O)C3=CC=CO3)N,,
2398074,CCCCNC1=C(N(C(=O)NC1=O)CCC)N,,
2398458,C1=CC=C(C(=C1)C(=O)O)NC2=CC=C(C=C2)OC(F)F,,
2398662,CC1=CC(=C(N1CC=C)C)C(=O)COC(=O)CCC2=CC(=C(C(=C2)OC)OC)OC,,
2398852,CCNC(=O)COC(=O)C1=CC(=CC=C1)Br,,
2399528,C1=COC(=C1)C(=O)CSC2=NC=CC(=O)N2,,
2399645,COC1=CC=C(C=C1)CCC(=O)NCC2=CC=CC=C2OC,,
2400243,CCOC1=CC=C(C=C1)OCC2=CC=C(C=C2)C(=O)NN=CC3=CC=CN3,,
2400422,C1CCC2=NS(=O)(=O)C3=C(N2CC1)C=CC(=C3)C(=O)O,,
2400430,C1CC2=NC3=C(C=C(C=C3Cl)Cl)C(=O)N2C1,,
2400451,CC1=NN(C(=C1C(=O)O)Cl)CC2=CC=CC=C2Cl,,
2400455,CCCN1C(=CC(=C1C)C=O)C,,
2400473,CC1=C(SC(=N1)N2CCOCC2)C=O,,
2400619,C1CCC(CC1)CNC(=O)C2=CC(=O)C3=CC=CC=C3O2,,
2400868,CN(CCC#N)C(=O)COC(=O)/C=C/C1=CC=C(C=C1)SC,,
2401114,C1CCN(C1)S(=O)(=O)C2=CC=CC(=C2)C(=O)NN=CC3=CC=C(C=C3)F,,
2401210,COC1=CC(=C(C=C1)C=NNC(=O)C2=CC=CC=C2OCC3=CC=C(C=C3)F)OC,,
2401241,C1=COC(=C1)CNS(=O)(=O)C2=CC=C(C=C2)C(=O)OCC(=O)N,,
2401499,CCS(=O)(=O)C1=CC2=C(C=C1)OC(=N2)NC3=CC(=CC=C3)OC,,
2401513,CC(C)[C@@H](C(=O)OCC(=O)C1=CC=CC=C1)NC(=O)OCC2=CC=CC=C2,,
2401533,C1CCN(C1)C(=O)COC(=O)/C(=C/C2=CC=CC=C2)/C#N,,
2401595,CC(C)[C@@H](C(=O)OCC(=O)NCC1=CC2=C(C=C1)OCO2)NC(=O)C3=CC=CC=C3Cl,,
2401598,COC1=CC(=C(C=C1)O)C(=O)C2=CN(C(=O)C(=C2)C(=O)NCCC3=CC=CC=C3)CCC4=CC=CC=C4,,
2401830,COC1=CC=CC(=C1OC)/C=C/C(=O)OCC(=O)NCCC2=CCCCC2,,
2402158,CN1C(=NN=N1)SC2=C(C=C(C=C2)C(=O)O)[N+](=O)[O-],,
2402161,CC1=C(OC2=C1C=CC3=CC=CC=C32)C(=O)O,,
2402326,CC1=CC(=C(N1C2=CC=CC=C2)C)C3=NN=C(O3)SCC(=O)NC4=CC(=CC=C4)OC,,
2402432,COC1=CC=CC=C1OCCC(=O)OCC(=O)NCC2=CC=C(C=C2)F,,
2402452,C1CSC(=N1)NC(=O)C2=CC=C(C=C2)C(F)(F)F,,
2402620,CC(=O)C1=CC(=C(C=C1)O)CSC2=NN=CN2C,,
2402636,CC1=C(SC(=N1)N2CCCCC2)C=O,,
2402930,C1CN(CCC1C(=O)N)C(=O)/C=C/C2=CC(=CC=C2)Br,,
2403031,CC(C)(C)NC(=O)NC(=O)CSC1=NC=CC=N1,,
2403129,C1=CC(=CC=C1C#N)C(=O)NC2=CC=NC=C2,,
2403164,C1CCC(C1)CC(=O)NC2=CC(=CC=C2)Br,,
2403408,C1=CC(=CC=C1C#N)OCC(=O)NC2=CC=NC=C2,,
2403508,CC1=CC(=C(N1CC2=CC=CO2)C)C(=O)COC(=O)C3=CC=CO3,,
2403674,CC1=CC(=C(N1CCOC)C)C(=O)COC(=O)C2=CC=C(O2)[N+](=O)[O-],,
2403875,C1=CC=C(C=C1)C2=NN=C(O2)COC(=O)C3=CC=C(C=C3)CO,,
2404170,C1=CC=C(C(=C1)COC(=O)CCNS(=O)(=O)C2=CC=CC=C2F)Cl,,
2404227,CC1=NN=C(N1C)SCC(=O)N(C)C2CCCCC2,,
2404411,CS(=O)(=O)C1=CC(=C(C=C1)Cl)NC(=O)NC2=CC=CC=C2,,
2404456,CC1=CSC(=N1)SCC(=O)NC(=O)C2CCCCC2,,
2404472,CC(=O)C1=CC(=CC=C1)NC(=O)/C=C/C2=C(C(=CC=C2)OC)OC,,
2404704,C1=CC=C(C(=C1)C=NNC(=O)C2=CC=C(C=C2)NS(=O)(=O)C3=CC=CS3)OCC(=O)O,,
2404738,C1=CC(=CC=C1C#N)C2=CC=C(C=C2)OCC(=O)NN=CC3=CC=NC=C3,,
2404744,CN1C(=NN=C1SCC(=O)NC(=O)NCC=C)C(F)(F)F,,
2404806,CCCCCCC1=CC=C(C=C1)C(=O)CCl,,
2404841,C1=CC=C(C=C1)CCNC(=O)CC(=O)NCCC2=CC=CC=C2,,
2404883,C1=CC=C(C=C1)SC2=CC=CC=C2NC(=O)CCl,,
2404945,CCN(CC(=O)NC1=CC=CC=C1Br)C2CCCCC2,,
2404972,CCC1=C(C(=CC(=C1)SC#N)C)NC(=O)CCl,,
2405054,CC1=CC(=C(N1CCC(C)C)C)/C=C(\C#N)/C(=O)O,,
2405120,CC(C)(C)NC(=O)/C=C/C1=CC=CS1,,
2405728,CCOC(=O)C1=CC=C(C=C1)S(=O)(=O)N2CCN(CC2)C(=O)C,,
2405912,CCOC(=O)C1=CC(=NN1C2=CC=CC=C2C)C3=CN=CC=C3,,
2405928,COC1=CC=C(C=C1)C(=O)N2C(=C(C=N2)C#N)N,,
2406271,CC1=CC(=NO1)NC(=O)CSC2=NC=NC3=C2C=CS3,,
2406429,C1=CC(=C(C=C1Cl)Cl)CCNC(=O)CSC2=NC=NN2,,
2406863,CC(=O)C1=CC=C(C=C1)NC(=S)NC2=CC3=C(C=C2)NC(=O)N3,,
2407021,CCN1CCN(CC1)CC(=O)C2=C(C=CC(=C2)Cl)Cl,,
2407144,COC1=C(C=C(C=C1)C(=O)NCC(=O)N2CCN(CC2)C(=O)C3=CC=CO3)[N+](=O)[O-],,
2407203,COC1=CC=C(C=C1)/C=C(\C#N)/C(=O)OCC(=O)NC2CC2,,
2407246,CC1=CC=C(S1)C(=O)OCC(=O)NC2CC2,,
2407302,COC(=O)C1=CC(=COC1=N)C(=O)C2=C(C=CC(=C2)Cl)O,,
2407329,COC1=CC=CC(=C1)/C=C/C(=O)NC2=CC3=C(C=C2)NC(=O)N3,,
2407366,C1=CC(=CC=C1F)SCC(=O)N,,
2407437,C1CCC(C1)NC(=O)COC(=O)CNC(=O)C2=CC=CC=C2Cl,,
2407509,CCOC1=CC=C(C=C1)C(=O)CCC(=O)N2CCN(CC2)C3=CC=C(C=C3)O,,
2408253,CN(C1=CC=CC=C1)C(=O)CSC2=NN=CN2C3=CC=CC=C3,,
2408294,COC1=C(C=C(C=C1)Cl)C(=O)NNC(=O)C2=CC=CS2,,
2408348,CN1C=NN=C1SCC(=O)NCCC2=C(C=C(C=C2)Cl)Cl,,
2408437,CC1=NC(=NC=C1)N2C(=O)C3=CC=CC=C3S2,,
2408490,C1CCN(CC1)C2=CC=C(C=C2)NC(=O)C3=CC=CC=N3,,
2408550,CC1=CC=C(C=C1)C2=NC(=C(O2)N3CCC(CC3)C(=O)N)C#N,,
2408596,C1CN(CCN1C2=CC=C(C=C2)O)C(=S)NC(=O)C3=CC=CS3,,
2408761,C1COCCN1S(=O)(=O)C2=CC=CC(=C2)C3=NN=CO3,,
2408944,COCCCNC1=NC2=CC=CC=C2NC1=O,,
2409032,CCN(CC)C(=O)C1=CC(=NC2=C1C(=NN2C3=CC=CC=C3C)C)C4=CC=CS4,,
2409060,CN(C1CCCCC1)C2=NC3=CC=CC=C3NC2=O,,
2409140,C1CN(CCC1C(=O)N)C(=O)CNC(=O)C2=CC=CC=C2,,
2409153,C1=CC(=CC=C1C#N)C(=O)NN2C=NN=C2,,
2409158,CCN(C1CCCCC1)C(=O)CSC2=NC3=CC=CC=C3C=C2,,
2409212,CC1=C(SC2=C1C(=O)NC(=N2)CC(=O)N3CCCC3)C,,
2409282,CC1=CC(=C(C=C1)C)C(=O)CSC2=CC=C(C=C2)NC(=O)C,,
2409541,CS(=O)(=O)C1=C(C=C(C=C1)C(=O)OCC(=O)NCC2=CC=CS2)[N+](=O)[O-],,
2409677,C1=CC=C(C=C1)CCC(=O)NC2=NC3=C(C=C(C=C3S2)F)F,,
2409944,CCCCN1C(=O)C2=CC=CC=C2C(=N1)C(=O)NC3=CC4=C(C=C3)OCO4,,
2410243,CN=C1N(C(=O)/C(=C/C2=CC=C(C=C2)Cl)/S1)C,,
2410272,CN=C1N(C(=O)/C(=C/C2=CC=C(C=C2)SC)/S1)C,,
2410322,CC1=CC=C(C=C1)CNC(=O)CSC2=NC=NN2,,
2410369,CC(C)(C)N(CC1=CC=CC=C1)C(=O)CSC2=NC=NN2,,
2410671,C1=CC=C2C(=C1)C(=O)N(C=N2)CC(=O)OCC(=O)NC3=CC=CC=C3OC(F)F,,
2410719,CCN(CC)C1=NC2=CC=CC=C2NC1=O,,
2410760,CC1=CC(=C(C=C1)C(=O)OCC(=O)NC2=C(C(=CC=C2)Cl)C)O,,
2411025,COC1=CC(=C(C=C1)OC)C(=O)COC(=O)C2=C(N=CC=C2)Cl,,
2411091,CC1=CC(=C(C=C1)C(=O)OCC(=O)NC2=CC=CC=C2Cl)O,,
2411157,CN1C=CC=C1C(=O)OCC(=O)N2CC(=O)NC3=CC=CC=C32,,
2411232,CC1(C(=O)N(C(=O)N1)CC(=O)OCC(=O)C2=CC=C(S2)Br)C,,
2411629,COC1=CC=CC=C1NC(=O)C2=CC=C(C=C2)NC(=O)COC(=O)C3=CC(=CN=C3)Br,,
2411958,CCN1CCN(CC1)C(=O)COC2=CC3=C(C=C2)OC4=C3CCCC4,,
2411972,C1CCC2=C3C(=NN(C3=O)C4=CC=CC=C4)N=C(N2CC1)SCC(=O)NC5=CC=C(C=C5)OC(F)F,,
2412045,COC(=O)C1CCN(CC1)C(=O)C2=CC(=O)NC3=CC=CC=C32,,
2412097,CN1C=CC=C1C(=O)OCC(=O)N(CCC#N)C2=CC=CC=C2,,
2412176,COC1=CC=C(C=C1)C(=O)CNC2=CC(=CC=C2)F,,
2412458,CC1CCC2(CC1)C(=O)N(C(=O)N2)CC(=O)NCC3=CC=C(C=C3)Cl,,
2412504,C1=CC(=C(C=C1Cl)Cl)CN2C=CSC2=NC(=O)CCl,,
2412563,CC1=CC=C(C=C1)C2=CC(=C(C=C2)OC(=O)C3=CNC(=O)C=C3)C,,
2412694,CC1=CC(=CC(=C1)N(CCC#N)C(=O)COC(=O)CN2C(=O)C3=CC=CC=C3C(=O)N2)C,,
2412869,CC(=O)NCC(=O)OCC(=O)NC1=NC(=CS1)C2=CC=CC=C2,,
2413047,CC1=C(SC=C1)C(=O)OCC(=O)N(CC2=CC=CC=C2)C(C)C,,
2413150,CC1=C(C=CC=C1Cl)NC(=O)CCC(=O)C2=CC=CS2,,
2413323,CCN(CC(=O)NC1=C(C=CC=C1F)F)C(=O)CC2=CC=CC=C2,,
2413375,CNC(=O)COC(=O)/C=C/C1=CC(=CC=C1)F,,
2413718,C1CCC(CC1)NC(=O)CSC2=CC=CC=[N+]2[O-],,
2414029,CC(C)CN(C1=NC2=CC=CC=C2S1)C(=O)C3=CC=CO3,,
2414076,C1=CC=C(C=C1)C2=CSC3=C2C(=O)NC(=N3)CSCC(=O)O,,
2414087,CCCN(CC(=O)NC1=CC=CC=C1C)C(=O)CCl,,
2414358,COC1=CC(=C(C=C1)O)C(=O)C2=CN(N=C2)C3=CC=CC=C3,,
2414715,C1=CC=C2C(=C1)C(=C(S2)C(=O)OCC(=O)NC(=O)N)Cl,,
2415002,C1CCN(CC1)C2=CC=C(C=C2)NC(=O)C3=NC4=CC=CC=C4C=C3,,
2415389,C1=CC=C2C(=C1)C(=O)NN(C2=O)CC(=O)OCC(=O)C3=CC(=C(C=C3)F)F,,
2415397,COC(=O)CNC(=O)COC(=O)/C=C/C1=CC=C(C=C1)F,,
2415562,C1=CC=C2C(=C1)C(=NN(C2=O)CCOC3=CC=CC=C3F)C(=O)O,,
2415764,C1=CC=C(C=C1)C2=CSC3=NC(=CC(=O)N23)CSC4=NN=NN4C5=CC=CC=C5,,
2415983,COC1=CC(=CC(=C1OC)OC)/C=C/C(=O)OCC(=O)NCCC2=CCCCC2,,
2416119,CN1C(=NN=C1SCC(=O)C2=C(C=C(C=C2)O)O)C3=CC=CC=C3,,
2416940,C1CCC(CC1)CCC(=O)OCC(=O)NC2=CC=C(C=C2)C(=O)N,,
2416957,CC(C)N(CC1=CC=CC=C1)C(=O)COC(=O)C2=CC=[N+](C=C2)[O-],,
2417140,C1=CC=C(C(=C1)C(=O)N2C(=O)C3=C(C2=O)C(=CC=C3)N)Cl,,
2417558,C1=CC(=C(N=C1)Cl)C(=O)OCC(=O)NCC2=CC=CS2,,
2417563,CC1=NC2=CC=CC=C2C(=C1)C(=O)OCC(=O)N(C)C3=CC=CC=C3,,
2417566,C1=CC=C(C=C1)N(CCC#N)C(=O)COC(=O)C2=CC(=O)NC3=CC=CC=C32,,
2417657,CC1=CC(=C(C(=C1C)S(=O)(=O)N2CCN(CC2)C(=O)C3=CC(=O)NC4=CC=CC=C43)C)C,,
2417959,C1CCC(CC1)NC(=O)COC(=O)C2=CC3=CC=CC=C3C=C2O,,
2417977,C1CCC(CC1)NC(=O)COC(=O)CCC(=O)C2=CC=C(C=C2)F,,
2418106,CC(=O)C1=CC=CC=C1NC(=O)COC(=O)C2=CC=[N+](C=C2)[O-],,
2418131,C1=CN=C(N=C1)NC(=O)COC(=O)C2=C(C=C(C=C2)F)F,,
2418253,C1=CC=C(C(=C1)CNC(=O)/C=C/C2=CC=CC=C2[N+](=O)[O-])Cl,,
2418493,CCNC(=O)COC(=O)C1=C(C=CS1)C,,
2418820,CC1=CC(=C(N1CC(C)C)C)/C=C(\C#N)/C(=O)OCC#N,,
2419067,CN1C(=C(C(=O)N(C1=O)C)C(=O)COC(=O)C2=CN=C(C=C2)Cl)N,,
2419555,CCC1=CC=C(C=C1)C(=O)COC(=O)CNC(=O)C2CCCCC2,,
2419857,CN(CC(=O)NCCN1CCOCC1)S(=O)(=O)C2=CC=C(C=C2)Cl,,
2419909,CC1=C(C(=NN1CC(=O)NC2=CC=C(C=C2)C(=O)C)C)[N+](=O)[O-],,
2420011,CNC(=O)COC(=O)C1=CC=CC=C1NC2=CC=CC=C2,,
2420094,CC1=CC=C(C=C1)S(=O)(=O)CCC(=O)N2CCN(CC2)C3=CC=CC=C3O,,
2420130,COC(=O)C1CCN(CC1)C(=O)C2=CC(=NC3=CC=CC=C32)C4=CC=CO4,,
2420148,C1CN(CCN1C2=CC=C(C=C2)O)C(=O)CCOC3=CC=CC=C3,,
2420225,COC1=C(C=C(C=C1)C(=O)NCCSCC2=CC(=CC=C2)Cl)OC,,
2420253,COC1=CC(=CC(=C1)C(=O)N2CC(=O)NC3=CC=CC=C32)OC,,
2421674,C1=COC(=C1)C2=C(OC(=C2C#N)NC(=O)CSC3=NC=NC4=C3C=CS4)C5=CC=CO5,,
2421810,CCCN(CC1CC1)C(=S)NC(=O)C2CC2,,
2421840,CC1=CC(=CC=C1)NC(=O)COC(=O)C2=CC3=CC=CC=C3OC2=O,,
2421843,CC1=NC2=CC=CC=C2C(=C1)C(=O)N3CCN(CC3)C(=O)C,,
2422308,CN1CCC(CC1)N(C)C(=O)COC2=CC=CC=C2Cl,,
2422324,COCCN1C(=C(C(=O)NC1=O)C(=S)NC(=O)C2=CC=CS2)N,,
2422516,C1=CC(=CC=C1C(=O)N)SC(F)(F)F,,
2422584,C1=CC=C(C=C1)C2=NN(N=N2)CC(=O)OCC(=O)NC3=CC=CC=C3Br,,
2422711,CC(=O)C1=CC=C(C=C1)NC(=S)NNC(=O)NC2CCCCC2,,
2423237,C1CSC(=N1)NC(=O)C2=CC=C(C=C2)C#N,,
2423459,CNC(=O)COC(=O)/C=C/C1=CC=CS1,,
2423776,COC(=O)CNC(=O)COC(=O)C1=CN=C(C=C1)Cl,,
2423787,C1=CC2=C(C=C1C(=O)O)N(N=N2)O,,
2424049,CC1=CC(=CC(=C1OCC(=O)O)C)Cl,,
2424055,CC(=O)C1=CC(=CC=C1)S(=O)(=O)NCCC(=O)O,,
2424149,C1CC/C(=C(\C(=S)NC(=O)C2=CC=CC=C2)/[N+](=O)[O-])/NCC1,,
2424155,COCCNC(=O)/C(=C/C1=CC=C(C=C1)C(=O)O)/C#N,,
2424258,CCOCCCNC(=O)/C(=C/C1=CC=CC=C1F)/C#N,,
2424504,CC1=CC(=C(N1CC2=CC=CO2)C)C(=O)CSC3=NN=C(S3)N,,
2424612,COC1=CC=C(C=C1)NC(=O)COC(=O)CC2CCCC2,,
2424786,COC1=CC=CC=C1C(=O)CSC2=NN=C(O2)C3=CC=CO3,,
2424890,C1=CC(=CC=C1NC(=O)COC(=O)C2=NC=C(C(=C2Cl)Cl)Cl)S(=O)(=O)N,,
2425033,C1=CC=C(C(=C1)CC(=O)OCC(=O)NC2=CC(=CC=C2)F)F,,
2425237,COC1=C(C=CC(=C1)/C=C/C(=O)OCC(=O)N2CC(=O)NC3=CC=CC=C32)O,,
2425270,C1=CC=C(C=C1)N(CCC#N)C(=O)COC(=O)C2=NNC3=CC=CC=C32,,
2425938,C1CC(=NC1)NNC(=O)C2CC2,,
2425972,CNC(=O)C1=CC=CC=C1F,,
2426036,COC1=C(C=CC(=C1)/C=C/C(=O)OCC(=O)NC2CCCCCCC2)O,,
2426503,COC1=C(C=C(C=C1)CCNC(=O)CSC2=NNC(=N2)N)OC,,
2426524,C1CCC(C1)NC(=O)NC(=O)CN2CCC(CC2)C(=O)N,,
2426734,C1CCCCCC2(CCCCC1)C(=O)NC(=O)N2,,
2427005,CC1=CC(=C(C=C1)C)SCC(=O)C2=CC=CN2,,
2427221,CC1=C(C(=NN1CC(=O)C2=CC=C(S2)Cl)C)[N+](=O)[O-],,
2427239,CC1=NC2=CC=CC=C2C(=C1)C(=O)OCC(=O)NC(C)C,,
2427316,C1CN(CCC12CC(=O)C3=CC=CC=C3O2)CC4=CC=CC=C4,,
2427403,C1CC1C(=O)NC2=NNC(=N2)C(F)(F)F,,
2427416,CC1=C(C=C(C=C1)C(=O)C(=O)C2=CC=CC=C2)C,,
2427957,CSC1=C(C=CC=N1)C(=O)OCC2=CC=C(C=C2)[N+](=O)[O-],,
2427970,CC1=NN=C(N(C1=O)N)SC(C)C,,
2428126,C1=CC(=C(N=C1)Cl)C(=O)OCC(=O)NC2=CC=C(C=C2)C#N,,
2428556,C1=CC=C(C(=C1)C(=O)NN=CC2=CC=C(C=C2)F)NS(=O)(=O)C3=CC=CS3,,
2428702,CC1=C(SC=C1)C(=O)OCC(=O)NCC2=CC=C(C=C2)Cl,,
2428735,CCCC(=O)OCC(=O)NC1=CC2=C(C=C1)OCO2,,
2428833,COC1=CC=CC=C1CNC(=O)COC(=O)C2CC2,,
2428898,C1=CC=C(C(=C1)C(=O)OCC(=O)NCC2=CC=CS2)Br,,
2429009,CC1=C(C=C(C=C1CCl)C(=O)O)CCl,,
2429100,CC1=CC=C(C=C1)COC(=O)C2=NN(C(=O)C3=CC=CC=C32)C,,
2429118,CC1=C(NC(=C1C(=O)C)C)C(=O)OCCOC2=CC=CC=C2,,
2429151,CN(C)C(=O)CSC1=NN=C2N1C3=CC=CC=C3C(=O)N2CC=C,,
2429249,CC1=CC(=C(C=C1)C)NC(=O)COC(=O)C2=C[N+](=CC=C2)[O-],,
2429407,C1CCC(CC1)C(=O)NC(=S)N(CCC#N)C2=CC=CC=C2F,,
2429712,COC1=C(C=C(C=C1)Cl)NC(=O)COC(=O)C2CCCCC2,,
2429760,CC1=C(NC(=C1C(=O)C)C)C(=O)COC(=O)C2=C(ON=C2C3=CC=CC=C3)C,,
2429777,COC1=C(C=C(C=C1)Cl)NC(=O)COC(=O)C2CC2,,
2429893,C1=CC(=C(C(=C1)Cl)COC(=O)C2=C(N=CC=C2)Cl)F,,
2430333,CC1=NC2=CC=CC=C2C(=C1)C(=O)NCC3=CC=CO3,,
2430380,C1=CC=C(C(=C1)CNC(=O)COC(=O)C2=CC=CO2)Cl,,
2430426,CC1=CC=C(C=C1)NC(=O)COC(=O)CNC(=O)C2=CC=CO2,,
2430743,CCNC(=O)COC1=C(C=C(C=C1)C=O)OC,,
2430859,CN(C1=CC=CC=C1)C(=O)CSC2=NN=C(N2N)C3=CC=CS3,,
2431002,CC1=CC=C(C=C1)NC(=O)CN(C)C(=O)COC(=O)C2=CC=C(C=C2)NC(=O)CC#N,,
2431096,C1CCC(C1)CCC(=O)OCC(=O)NC2=C(C=C(C=C2)F)Cl,,
2431145,C1CCC(C1)NC(=O)COC(=O)C2=CC=C(C=C2)C#N,,
2431349,C1COCCN1C(=O)COC(=O)C2=CC=C(C=C2)C#N,,
2431502,CC(C)N(CC1=CC=CC=C1)C(=O)COC(=O)C2=NC=CN=C2,,
2431635,CC1=CC(=C(C=C1)C(=O)OCC(=O)NC2CCCCCC2)C,,
2431643,CC1=NN(C(=C1)NC(=O)C(C)C)C2=NC3=CC=CC=C3S2,,
2431807,CC1(CC(=O)C(C(=O)C1)CC(=O)N2CCC(CC2)CC3=CC=CC=C3)C,,
2431964,CC1=C(C=C(C=C1)C(=O)N2CCCCCC2)S(=O)(=O)NC3=CC=C(C=C3)OC,,
2431976,C1CN(CCN1C2=NC=CC=N2)C(=O)CNC(=O)C3=CC=CC=C3F,,
2431987,COCCCN1C(=O)C2=C(NC1=S)SC3=C2CCCC3,,
2432348,C1CCC2=C3C(=NN(C3=O)C4=CC=CC=C4)N=C(N2CC1)SCC(=O)C5=CC=C(C=C5)OC(F)F,,
2432404,CC(C)(C)NC(=O)COC(=O)C1=CN=C(C=C1)Cl,,
2432541,CC1=C(SC=C1)C(=O)OCC(=O)NC2CCCC2,,
2432596,CC1=C(N2C=CC=CC2=C1C(=O)CCl)C(=O)C3=CC=C(C=C3)F,,
2432653,C1CCCN(CC1)C(=O)COC(=O)C2=CC=C(C=C2)C#N,,
2432738,C=CCNC(=O)COC(=O)COC1=CC=C(C=C1)Cl,,
2432955,C1COCCN1C(=O)COC(=O)C2=CC=C(C=C2)O,,
2433040,CC1=CC=CC=C1NC(=O)COC(=O)CCSC2=CC=CC=C2,,
2433057,CC(C)(C)NC(=O)COC(=O)CCC(=O)C1=CC=C(C=C1)F,,
2433103,CC1=C(C=CC(=C1)C(=O)OCC(=O)N2CCCCCC2)[N+](=O)[O-],,
2433158,CCC1=CC=C(C=C1)C(=O)OCC(=O)NC2CCCC2,,
2433163,CCOC1=C(C=CC=N1)C(=O)OCC(=O)NCC2=CC3=C(C=C2)OCO3,,
2433199,C1CCN(CC1)S(=O)(=O)C2=CC(=C(C=C2)N3CCOCC3)C(=O)O,,
2433271,CCCCNC(=O)CSC1=NC2=C(N1)C=C(C=C2)C,,
2433412,CCC1=CC=C(C=C1)C(=O)OCC(=O)N2CCCCCC2,,
2433535,COC1=C(C(=CC=C1)OC)C(=O)OCC(=O)NCC2=CC=CO2,,
2433674,CC1=CC=C(C=C1)CNC(=O)COC(=O)C2=NC=C(N=C2)C,,
2433772,CSC1=C(C=CC=N1)C(=O)OCC(=O)NC2=CC3=C(C=C2)OCO3,,
2433934,C1CCCC(CC1)NC(=O)CSC2=NN=C(N2N)C(F)(F)F,,
2434155,COC1=CC=C(C=C1)NS(=O)(=O)C2=CC=CC(=C2)C(=O)NN=CC3=C(C=C(C=C3)OC)OC,,
2434321,CC1=CC(=CC(=C1)C(=O)OCC(=O)N2CCCCCC2)C,,
2434365,CN(C)C1=CC=C(C=C1)C(=O)OCC(=O)N2CCCCCC2,,
2434453,CC1=CC(=C(O1)C)C(=O)OCC(=O)NCC2=CC=CC=C2Cl,,
2434456,CC1=CC(=CC(=C1)NC(=O)COC(=O)C2=C(OC(=C2)C)C)C,,
2434464,CCCCOC1=CC=C(C=C1)C(=O)OCC(=O)NC2CCCC2,,
2434543,CC1=CC=CC=C1SCC(=O)OCC(=O)N2CC(=O)NC3=CC=CC=C32,,
2434718,CCCNC(=O)CSC1=NC2=CC=CC=C2C(=O)N1CCC,,
2434774,CC1=C(C=CC(=C1)C(=O)OCC(=O)N2CCOCC2)[N+](=O)[O-],,
2434959,CNC(=O)COC(=O)CNC(=O)C1=CC(=CC(=C1)Cl)[N+](=O)[O-],,
2435017,CC1=C(C=CC=C1[N+](=O)[O-])C(=O)OCC(=O)N(C)C2=CC=CC=C2,,
2435085,CC1=C(C=C(C=C1)S(=O)(=O)NCCC(=O)NC2CCCCCC2)C,,
2435093,C1CCC(C1)NC(=O)COC(=O)C2=C(C(=CC=C2)Cl)Cl,,
2435201,CCOC1=CC=C(C=C1)C(=O)NCC(=O)OCC(=O)N2CCCC2,,
2435387,C1=CC=C(C=C1)C(=O)CC2=NC3=CC=CC=C3S2,,
2435403,C1=CC=C2C(=C1)N=C(S2)SCC3=CC=C(C=C3)C(=O)NN,,
2435457,CCOC(=O)/C=C\1/N(C(=O)CS1)CC(=O)NC2=CC(=CC=C2)F,,
2435526,C1CCCN(CC1)C(=O)C2=CC=C(O2)[N+](=O)[O-],,
2435548,C1COCCN1S(=O)(=O)C2=CC=CC(=C2)C(=O)NC3=NN=C(O3)C4=CC=CC=C4,,
2435622,CC1=C(C(=CC=C1)C(=O)OCC(=O)NCC2=CC3=C(C=C2)OCO3)C,,
2435626,C1COC2=C(O1)C=CC(=C2)C(=O)COC(=O)C3=CN=C(C=C3)Cl,,
2435628,CC1=CC=C(C=C1)CNC(=O)COC(=O)C2CCC2,,
2435653,CC1=C(C(=NO1)C)COC(=O)CNC(=O)C2=CC(=CC=C2)F,,
2435704,C=CCNC(=O)CN1C2=CC=CC3=C2C(=CC=C3)S1(=O)=O,,
2435706,COC1=CC(=C(C=C1)OC)NC(=O)CN2C3=CC=CC4=C3C(=CC=C4)S2(=O)=O,,
2435899,CC1=C(C(=NO1)C)COC(=O)[C@H](C(C)C)NC(=O)C2=CC=CC=C2,,
2436027,C1CN(CCC1C(=O)O)C(=O)CSC2=NN=C(O2)C3=CC=CC=C3,,
2436130,CC(C)N(C(C)C)C(=O)COC(=O)C1=CN=C(C=C1)Cl,,
2436445,C1=CC=C(C=C1)CCNC(=O)COC(=O)CCC(=O)C2=CC=C(C=C2)Cl,,
2436450,CC1=C(SC=C1)C(=O)OCC(=O)NCCC2=CC=CC=C2,,
2436782,C1=CC=C(C=C1)C2=NN=C(O2)COC(=O)C3=C(C=CC(=C3)Cl)[N+](=O)[O-],,
2437068,C1CCC2(C1)C(=O)N(C(=O)N2)CC(=O)NCC3=CC=CC=C3,,
2437106,COC1=CC(=CC(=C1O)OC)/C=C\2/C3=CC=CC=C3NC2=O,,
2437302,CCN1C(=O)C(=C(N(C1=O)CC2=CC=CC=C2)N)C(=O)CC#N,,
2437429,COCC(=O)OCC(=O)NC1=CC=CC=C1C2=CC=CC=C2,,
2437589,C1CCC2(CC1)C(=O)N(C(=O)N2)N,,
2437605,CC(C)N(C1=CC=CC=C1)C(=O)COC(=O)CCC(=O)C2=CC=CS2,,
2437621,C1=CC(=CC=C1C=O)C(=O)OCC(=O)NC2=C(C=C(C=C2)F)F,,
2437699,C1CC(=O)N(C1=O)CC2=C(C=CC=C2Cl)Cl,,
2437788,C1=CC=C2C(=C1)NC(=N2)NC(=O)CC3=CC=C(C=C3)Br,,
2438190,CC1=CC(=C(C=C1C)C(=O)COC(=O)CN2C(=O)C3(CCCC3)NC2=O)C,,
2438194,C1=CC=C(C(=C1)C(=O)NCC(=O)OCC(=O)NCC(F)(F)F)F,,
2438343,C1CC1C(=O)NNC(=O)C2=CC(=C(S2)Br)Br,,
2438347,CC1=CC=C(C=C1)N(C)S(=O)(=O)C2=CC=CC(=C2)C(=O)N3CCN(CC3)CC4=CC=CC=C4,,
2438676,CSC1=C(C=CC=N1)C(=O)NC2=CC3=C(C=C2)OCO3,,
2438682,CCC1=C(C=C(S1)C(=O)NC2=NC(=CS2)C)C,,
2439152,CC1=CN2C(=NC(=CC2=O)CN3C=C(C=CC3=O)C(F)(F)F)C=C1,,
2439154,CN1C(=NN=N1)SCC(=O)NC2=C(C=CS2)C(=O)N,,
2439224,CCC1=CC(=CC=C1)OCCN2C(=O)C3=CC=CC=C3C(=N2)C(=O)O,,
2439280,CC1=CC=C(C=C1)C(=O)NNC(=O)C2=CC=C(C=C2)S(=O)(=O)N3CCCCC3,,
2440126,CC1=CC=C(C=C1)N2C(=CC(=N2)C)NC(=O)CC#N,,
2440131,COC1=CC=C(C=C1)N(CC2=CC=CC=C2)S(=O)(=O)C3=C(C=CC(=C3)C(=O)O)Cl,,
2440137,C1=CC=C(C=C1)CN(C2=CC=CC=C2)S(=O)(=O)C3=C(C=CC(=C3)C(=O)O)Cl,,
2440370,CC1=C(SC(=N1)NCCOC)C(=O)C,,
2440433,CC1=C(C(=CC=C1)N2CCN(CC2)C(=O)C3=C(C=CC(=C3)S(=O)(=O)N(C)C)N4CCCC4)C,,
2440658,CC1=C(SC(=N1)NCC2=CC=CC=C2)C(=O)NC3=CC=CC=C3,,
2440663,CC1=C(SC(=NC)N1C)C(=O)NC2=CC=CC=C2,,
2440703,C1=CC=C(C=C1)OCCNS(=O)(=O)C2=CC(=C(C=C2)Cl)C(=O)O,,
2440804,COC1=C(C=C(C=C1)Cl)NC(=O)CNC2=CC=CC=C2N3CCOCC3,,
2440838,CC1=C(C2=CC=CC=C2N1)C(=O)COC(=O)C3=C[N+](=CC=C3)[O-],,
2440876,CCOC1=CC2=C(C=C1)OC(=C2C)C(=O)NC3=NC=CS3,,
2441086,CN1C=CC=C1C(=O)NC2=CC=C(C=C2)N3CCOCC3,,
2441116,CCOC(=O)N1CCN(CC1)CC(=O)NC2=CC(=C(C=C2)F)F,,
2441315,COC1=CC=CC=C1NC(=O)CN2CCSC3=CC=CC=C32,,
2441577,CC(C)(C)C(=O)COC(=O)CNC(=O)C1=CC(=CC(=C1)OC)OC,,
2441633,COC1=CC=CC(=C1)NC(=O)CN2CCSC3=CC=CC=C32,,
2441640,C1CN(CCN1CC2=CC=CC=C2)CC(=O)NCC3=CC=C(C=C3)Cl,,
2442124,C1=CC(=CC(=C1)Cl)S(=O)(=O)NCC(=O)O,,
2442182,CC1=C(C(=CC=C1)C(C)C)NC(=O)CN(C)CC2=CC=CC=C2C,,
2442289,CC1=CSC(=N1)NC(=O)C2=CC=C(S2)Br,,
2442621,COC1=C(C=C(C=C1)NC(=O)C2=CC=CC=N2)Cl,,
2442909,C1=CC=C(C=C1)C2=NN=C(O2)CCC(=O)C3=CC=C(C=C3)Cl,,
2442932,CSC1=CC=CC=C1NC(=O)C2=CC=CC=N2,,
2443218,C1CN(CCN1C2=CC(=CC=C2)Cl)C(=O)C3=CC=C(S3)[N+](=O)[O-],,
2443329,CC1=C(SC(=N1)NCC2=CC=CC=C2OC)C(=O)C,,
2443348,CCC1=NN=C(S1)NC(=O)CCNC(=O)C2=CC=CC=C2Cl,,
2443422,CC1=C(SC=C1)C(=O)OCC(=O)C2=C(N(C(=C2)C)C)C,,
2444004,CCCN(CC(=O)NC1=CC=CC=C1OC)C(=O)C2=CC3=CC=CC=C3O2,,
2444242,CSCC(=O)NC1=NC(=CS1)C2=CC3=C(C=C2)OCCO3,,
2444277,CC1=NN=C(S1)NC(=O)C2=CC=C(C=C2)S(=O)(=O)C(F)F,,
2444301,C1=CC(=CC(=C1)Cl)NC(=O)CNC(=O)C2=CC=CO2,,
2444322,C1OC2=C(O1)C=C(C=C2)CNC(=O)CNC(=O)C3=CC=CO3,,
2444564,C1CCC(CC1)NC(=O)CN2C3=CC=CC4=C3C(=CC=C4)S2(=O)=O,,
2444570,CC1=NC(=C(C=C1Cl)Cl)NC(=O)CSC2=NN=C(N2N)C3CC3,,
2444893,CC1=CC(=C(C(=C1)C)C(=O)COC(=O)C2=C(N=CC=C2)Cl)C,,
2444963,CC1=CC(=CC=C1)C(=O)NCC(=O)N2CC(=O)NC3=CC=CC=C32,,
2445236,CC1=CC=C(C=C1)NC(=O)NC2=NC=NC3=C2NC=N3,,
2445266,COC1=CC(=C(C=C1)OC)NC(=O)C2=NC3=CC=CC=C3S2,,
2445490,C1=CC=C2C(=C1)C=CC=C2OCN3C(=O)C4=CC=CC=C4N=N3,,
2445760,C1CCN(CC1)S(=O)(=O)C2=CC=CC(=C2)C(=O)NNC(=O)C3=CC=CC=C3,,
2445929,CCC1=CC=C(C=C1)C(=O)OCC(=O)NCC(F)(F)F,,
2445991,C1=COC(=C1)C(=O)NC2=NC3=C(S2)C=C(C(=C3F)F)F,,
2446015,C1=CC=C(C=C1)NC(=O)CN2C3=CC=CC4=C3C(=CC=C4)S2(=O)=O,,
2446182,CC1=CC=CC=C1N2C(=NN=N2)SCC3=CC(=O)N4C=CSC4=N3,,
2446233,COC1=CC(=CC=C1)OCC2=NN=C(O2)C3=CC=CS3,,
2446375,CC1=C(C(=C(C=C1)C)OC(=O)C2=NC=C(N=C2)C)C,,
2446441,CC1=CC(=C(C=C1)NC(=O)C2=C(C(=C(N2)C)C(=O)C)C)Br,,
2446512,C1=CC(=CC(=C1)NC(=O)CCNC(=O)C2=CC=CO2)C(F)(F)F,,
2446579,CCC1=CC=C(C=C1)C2=NN(C=C2C=O)CC3=CC=CC=C3,,
2446584,CCN(CC)CCNS(=O)(=O)C1=CC=C(C=C1)C(=O)NN,,
2446596,COCCNC(=O)CSC1=CC=CC=C1C(=O)O,,
2446736,CN1C(=CC2=CC=CC=C2C1=O)C(=O)O,,
2446824,CCC1=C(C(=C(N1)C(=O)O)C)C(=O)OC,,
2446878,CC1=CC(=CC=C1)C(=O)NCCC(=O)NCC2=CC=CC=C2F,,
2447227,COC1=C(C=C(C=C1)NC(=O)C2=CC=CC=N2)OC,,
2447380,CC1=CC=C(C=C1)CN(C)CC(=O)NC2=CC3=C(CCC3)C=C2,,
2447447,CC1=NN(C(=C1)NC(=O)NC2=CC(=CC=C2)Cl)C(C)(C)C,,
2447572,C1CN(CCN1C2=CC=CC=C2O)C(=O)CNC(=O)C3=CC=CC=C3,,
2447889,CC1=CC=C(C=C1)C(=O)COC2=NC(=NC3=CC=CC=C32)C,,
2447912,C1=CC=C(C(=C1)NC(=O)COC(=O)C2=CNC(=O)NC2=O)F,,
2448175,C1COC(=CO1)C(=O)OCC(=O)NC2=NC=C(C=C2)Cl,,
2448225,C[C@@H](C(=O)OCC(=O)NCC1=CC=CS1)NC(=O)N,,
2448440,C1CC2=C(C3=CC=CC=C3N=C2C1)C(=O)OCC#N,,
2448619,CC1=CN=C(C=N1)C(=O)OC2=C(C(=CC=C2)Cl)Cl,,
2448777,COC1=NC=C(C=C1)NC(=O)/C=C/C2=CC(=CC=C2)Br,,
2448937,CC1=C(C=CC(=C1)NC(=O)C2=CC3=NC=CN=C3C=C2)Br,,
2449001,CC1=C(N=C(N=C1C)SCC(=O)NC(=O)NC(C)C)C,,
2449194,CC(=O)NC1=CC=C(C=C1)C(=O)OCCC2=CC=CC=C2,,
2449454,C=CCOC1=CC=CC=C1CN(C2=CC3=C(C=C2)OCO3)C(=O)CCl,,
2449503,C1CCN(C1)C(=O)CNC(=O)C2=CC=CC=C2F,,
2449575,CC1=C(N2C=CC=CC2=C1)C(=O)C3=CC(=CC=C3)[N+](=O)[O-],,
2449805,CC1=C(C(=CC=C1)C)OC(=O)CC2=CC=CC=C2[N+](=O)[O-],,
2449806,CN(CC(=O)NC1=CC=C(C=C1)OC)C(=O)C2=CNC(=O)C=C2,,
2450240,CC1=CC=C(C=C1)S(=O)(=O)N2CCC(CC2)C(=O)NCCCN3CCCC3=O,,
2450324,CCOC1=CC=C(C=C1)CN(C)C(=O)CC2=CNC3=CC=CC=C32,,
2450523,C1CN(CC(=O)N1)C(=O)/C=C/C2=C(C=CC(=C2)Br)F,,
2450527,C1=CC(=CN=C1)NC(=O)C2=CC=C(C=C2)NC(=O)CC#N,,
2450587,CCOC1=CC=CC=C1NC(=O)C2=C(OC(=N2)C3=CC=CC=C3)C,,
2450646,CCOC(=O)C1=C(SC(=C1C)C)NC(=S)NC2=CN=CC=C2,,
2450650,CC(=O)NC1=CC(=C(C=C1)OC)NC(=O)C2=CC3=CC=CC=C3C=C2,,
2450951,CC(=O)NC1=CC=C(C=C1)OCC(=O)NCCC2=CC=CC=C2,,
2451027,CC1=CC=C(C=C1)NC(=O)CN(C)C(=O)COC2=CC=CC3=C2N=CC=C3,,
2451089,CC(=O)C1=CC=C(C=C1)N2CCN(CC2)C(=S)NCCCN(C)C,,
2451102,C1=CC=C(C=C1)C(C2=CC=CC=C2)NC(=O)C3=CC=C(C=C3)CO,,
2451164,COC1=C(C=C(C=C1)CN2C(=O)C3=CC=CC=C3C2=O)C(=O)O,,
2451326,CCCOC1=NC2=CC=CC=C2C=C1/C=C/C(=O)O,,
2451365,CCOC(=O)C1=C(SC2=C1CCCS2)N,,
2451975,CC1=CC=C(C=C1)C(=O)NCC(=O)N(C)CC2=CC=C(C=C2)OC,,
2452200,CC1=C(C(=NN1C2=CC=CC=C2)C)NC(=O)CCl,,
2452227,CN1C(=CC(=C(C1=O)C#N)C2=CC=C(C=C2)F)N,,
2452549,C1CCC(CC1)(CNC(=O)C2=CC(=CC=C2)[N+](=O)[O-])N3CCCCC3,,
2452594,CC1=NN=C(S1)NC(=O)C2=CC3=C(C=C2)SCC(=O)N3,,
2452809,C1CN(C2=CC=CC=C21)C(=O)COC(=O)C3=CC=NC=C3,,
2453059,C1CC1C(=O)NCC2=CC=CS2,,
2453286,C1CC2=C(C1)C=C(C=C2)NC(=O)CNC(=O)C3=CC=CC=C3F,,
2453568,C1=CC=C2C(=C1)C(=CN2)C(=O)CC#N,,
2453580,CC1=CC=C(C=C1)C2=NN(C(=C2)NC(=O)CCl)C3=CC=CC=C3,,
2453689,C1=CC=C(C=C1)C(=O)OCC(=O)C2=CC=CN2,,
2453988,COC(=O)C1=CC=C(C=C1)NC2=C3C=CSC3=NC=N2,,
2454102,CC(C)(C)NC(=O)COC(=O)C1=C(C=CC(=C1)Cl)[N+](=O)[O-],,
2454114,CC(C)NC(=O)COC(=O)C1=C(N=CC=C1)SC,,
2454583,C1CCN(CC1)C(=O)COC(=O)C2=NC3=CC=CC=C3C=C2,,
2454842,C1OC2=C(O1)C=C(C=C2)CNC(=O)COC(=O)CC3=CC=C(C=C3)[N+](=O)[O-],,
2454959,CC1=C(C=C(C=C1)SC2=C(C=CC=N2)C(=O)O)C,,
2454966,C1CN(CCN1C2=CC=CC=C2O)C(=O)C3=NC4=CC=CC=C4C=C3,,
2454977,CC1=CC(=CC=C1)C(=O)C2=C(SC3=C2CCCC3)N,,
2455004,CC1=CC(=CC=C1)N(CC2=CC=CC=C2)C(=O)CCl,,
2455483,CCC1=C(C(=CC=C1)CC)NC(=O)CNCC2=CC=CS2,,
2455613,CC1=NN=C(S1)SCC(=O)NC2=C(C=CS2)C#N,,
2455664,C1=CC(=CC(=C1)Cl)C(=O)NC2=CC=C(C=C2)S(=O)(=O)N,,
2455762,COC1=CC=C(C=C1)C2=NC(=CS2)C3=CC4=C(C=C3)OCC(=O)N4,,
2455905,C1=COC(=C1)C(=O)NCCC(=O)NC2=CC(=C(C=C2)C#N)Cl,,
2455927,CC1=C(C=CC(=C1)Cl)NC(=O)CSC2=NNC(=N2)N,,
2456191,C1CCC(CC1)CNC(=O)C2=CNC(=O)C=C2,,
2456205,C1CN(C1)C(=O)CSC2=NC3=CC=CC=C3C(=O)N2C4=CC=CC=C4,,
2456577,CC1=C(NC(=C1C(=O)OC(C)C)C)C(=O)O,,
2456580,C1C2CC3CC1CC(C2)(C3)C(=O)NCCC(=O)O,,
2457115,C1COCCN1C(=O)COC2=CC=C(C=C2)C(=O)C3=CC=CC=C3,,
2457356,CCOC(=O)N1CCN(CC1)C(=O)COC(=O)C2=C(C=C(C=C2)O)O,,
2457625,CN1C(=C(C(=O)N(C1=O)C)C(=O)CN(C)C2=CC=CC=C2)N,,
2457762,CC1=CC(=NC2=NC(=NN12)SCCCC(=O)C3=CC=CC=C3)C,,
2457942,CC(C)(C)NC(=O)C1=C(N=CC=C1)SC2=CC=CC=C2,,
2457944,CC1=C(C(=CC=C1)NC(=O)C2=NN(C(=N2)C3=CC=CC=C3)C4=CC=CC=C4)C,,
2458204,CC1=C(SC=C1)C(=O)NC2=NC(=CS2)C,,
2458297,C1CN(C2=CC=CC=C21)C(=O)CSC3=NN=C4N3C=CC=C4,,
2458790,C1C(=O)NC2=CC=CC=C2N1C(=O)C3=CN=C(C=C3)Cl,,
2458853,C1CCC(C1)NC(=O)NC(=O)CN2CCCC2,,
2459977,C1=CC(=CC=C1C2=CC=C(C=C2)O)C(=O)OCC(=O)N,,
2460056,C1CSC(=N1)NC(=O)C2=CC=CC=C2Cl,,
2460170,CN(CC1=CC=C(C=C1)F)C(=O)C2=CC3=C(C=C2)SCC(=O)N3,,
2460275,C1=CC=C2C(=C1)C(=O)N(N=N2)CSC3=NN=C(S3)N,,
2460625,C1=CC(=CC(=C1)Cl)CNC(=O)CSC2=NC=CC=N2,,
2460641,C1=CC(=CC=C1CCNC(=O)CSC2=NC=NN2)Cl,,
2460784,C1CCC(CC1)CNC(=O)C2=CC=C(C=C2)C#N,,
2460870,CN(CC1=C(C=CC=C1Cl)F)C(=O)C2=NC3=CC=CC=C3C=C2,,
2460931,CC1=C(C=C(C=C1)N2C(=O)C3=CC=CC=C3C=N2)Cl,,
2460945,COCCNC(=O)C1=CC2=CC(=CC(=C2OC1=O)Br)Br,,
2461173,CC(=O)C1=CC=CC=C1OCCOC2=C3C=CSC3=NC=N2,,
2461363,CCOC1=C(C=C(C=C1)C(=O)C2=CC=CC=C2C(=O)O)OCC,,
2461510,CCN(CC(=O)NC1=CC(=CC=C1)OC)C(=O)C2=CC=CO2,,
2461566,CC1=CC=C(C=C1)C(=O)NC2=CC=C(N(C2=O)C)C(F)(F)F,,
2461611,CC(C)CN1C(=C(C(=O)N(C1=O)C)C=O)N,,
2461765,C1CCCN(CCC1)CC(=O)NC(=O)NC2CCCCC2,,
2461859,CS(=O)(=O)C1=CC=CC=C1C(=O)NC2=CC=C(C=C2)S(=O)(=O)N3CCCC3,,
2461903,CC1=NC2=C(C=CC=C2OCC(=O)N3CCC4=CC=CC=C43)C=C1,,
2461963,CC1=C(C=C(C=C1)NC(=O)CN2CCCCCC2)[N+](=O)[O-],,
2462073,CC1=CC=C(C=C1)NC(=O)CN(C)CC(=O)NC2=CC=CC=C2C#N,,
2462270,CC1=C(C2=CC=CC=C2N1)C3=CSC(=N3)NC(=O)CSCCO,,
2462314,C1CC1(C2=CC=C(C=C2)Cl)C(=O)NC3=NC=CS3,,
2462370,C1CCN(C1)CC(=O)NC2=CC=CC=C2C(=O)C3=CC=CC=C3,,
2462542,COC1=CC=CC(=C1)C(=O)NCC2(CCCCC2)N3CCCCC3,,
2462570,CC1=CC2=C(C=C1)C(=CC(=O)O2)CSC3=NN=NN3C,,
2462591,CC1=CC=C(C=C1)CNC(=O)[C@H](C(C)C)NC(=O)C2=CC=C(C=C2)OC,,
2462605,CN(CC(=O)NC1=C(C(=C(C=C1)F)F)F)C(=O)C2=CC=C(C=C2)N3CCCC3=O,,
2462607,CC1=CC=C(O1)C(=O)N(C)CC(=O)NC2=C(C(=C(C=C2)F)F)F,,
2462840,C1=CN=C(N=C1)SCC(=O)NC2=CC=C(C=C2)S(=O)(=O)N,,
2462906,C1=CC2=C3C(=C1)N(S(=O)(=O)C3=CC=C2)CC(=O)NCC4=CC=C(C=C4)F,,
2463138,CNCC(=O)NC,,
2463208,CCOC1=CC=CC=C1NC(=O)C2=CC(=O)NC3=C2C=C(C=C3)S(=O)(=O)N4CCOCC4,,
2463677,CN(C)C1=CC=C(C=C1)C(=O)NC2=NC=CS2,,
2463687,C1CCN(C1)CC(=O)NC2=CC(=C(C=C2)C#N)Cl,,
2463702,CCC1=C(C=C(S1)C(=O)NC2=NC=CS2)C,,
2463754,CC1=CN=C(S1)NC(=O)C2=CC=CC=N2,,
2463899,COC1=NC=C(C=C1)NC(=O)C2=CC=CC(=C2)C3=CC=C(C=C3)O,,
2464066,CC(C)N(CC(=O)N)C(=O)C1=C(C2=C(S1)C=C(C=C2)F)Cl,,
2464271,CCOC1=C(C=CC=N1)C(=O)NC2=NC(=NS2)SC,,
2464308,CCOC1=C(C(=CC(=C1)C(=O)NC2=CC=C(C=C2)N3CCOCC3)Br)OC,,
2464348,CC1=CC=C(O1)C2=CSC(=N2)NC(=O)CC3=CC=C(C=C3)F,,
2464350,CCC1=NC2=C(C=C(C=C2)C(=O)NC3=CC4=C(C=C3)OCO4)N=C1CC,,
2464446,C1CCC2(CC1)C(=O)N(C(=O)N2)CCN3C(=O)C4=CC=CC=C4C3=O,,
2464612,C1=CC(=CC(=C1)F)/C=C/C(=O)OCC(=O)C2=CC=CN2,,
2464617,C1=CC=C(C(=C1)C(=O)OCC(=O)NC(=O)NCC2=CC=CO2)C(F)(F)F,,
2464730,CC1=NC(=C2C(=CSC2=N1)C3=CC=CS3)N4CCC(CC4)C(=O)N,,
2464811,CC(=O)NC1=CC2=C(C=C1)C(=CC(=O)O2)CSC3=NN=C(S3)N,,
2464912,COC1=CC=C(C=C1)CNC(=O)COC(=O)CCC2=CNC3=CC=CC=C32,,
2465017,CC1=CC(=NO1)NC(=O)CSC2=NN=C(N2CC3=CC=CC=C3)C4=CC=C(O4)Br,,
2465072,COC(=O)C1CCN(CC1)CC(=O)NC(=O)NC2CCCCC2,,
2465250,CC1=CC=NC2=NC(=NN12)C(=O)OCC(=O)NC(=O)NCC3=CC=CO3,,
2465521,CCOC(=O)C1=C(SC=C1C2=CC=C(O2)C)NC(=O)CN3CCC(CC3)C(=O)N,,
2465911,C1COCCN1CC(=O)NC2=CC3=C(C=C2)OC(O3)(F)F,,
2465961,CC1=NSC(=C1C(=O)OC)NC(=O)OC2=CC=CC=C2,,
2466151,COC(=O)CCCNC(=O)C1=CC=CC=N1,,
2466262,CC1=CC=C(O1)C(=O)NC2=NC(=CS2)C3=CC=CC=N3,,
2466270,CC1=C(C(=NO1)C)COC2=CC=C(C=C2)C(=O)NC3=CC=CC=C3C(=O)C,,
2466285,C1=CC(=CC=C1CNC(=O)C2=NC=CN=C2)S(=O)(=O)N,,
2466538,CCCCCC1=NN=C(S1)NC(=O)C2=NN(C(=O)C=C2)C,,
2466747,CC1=CC=C(C=C1)NC(=O)C(=O)NN,,
2466753,C1=CC=C(C=C1)C2=NN(C=C2/C=C/C(=O)O)CC3=CC=CC=C3Cl,,
2467109,CC(C)[C@@H](C1=NC2=CC=CC=C2N1)NC(=O)C3CCCC3,,
2467368,CC1=CC(=CC=C1)NC(=O)C2=CC=CC=C2N,,
2467378,CCOC1=C(C=CC=N1)C(=O)OCC(=O)NC(=O)NC(C)C,,
2467585,CCN(CC)C(=O)C1=CC=C(C=C1)NC(=O)C2=CC(=CC=C2)C(F)(F)F,,
2467590,CC1=CC(=NO1)NC(=O)COC(=O)C2=CC=CC=C2Cl,,
2467896,CC1=CC2=C(C=C1)C(=CO2)CC(=O)N3CCN(CC3)C4=CC=C(C=C4)OC,,
2468252,CC(C)(C)NC(=O)NC(=O)CN1CCCCCCC1,,
2468313,CN(CC(=O)NC1=CC=C(C=C1)F)C(=O)CCC2=CC=CC=C2,,
2468420,CC1=CC=C(N1C2=CC=C(C=C2)C(=O)NCCNC(=O)C)C,,
2468467,C1CN(CC(=O)N1)C(=O)CNC(=O)C2=C(C=C(C=C2)Cl)Cl,,
2468648,CCOC(=O)N1CCN(CC1)C(=S)NC2=CC=CC=C2C(C)C,,
2468760,COC(=O)C1=CC=C(C=C1)CNC(=O)CN2C=NN=N2,,
2469104,CC1=NC2=C(S1)C=C(C=C2)NC(=O)C3=NC4=CC=CC=C4C=C3,,
2469226,CN1C(=C(C(=O)N(C1=O)C)C(=O)COC(=O)CCC2CCCC2)N,,
2469376,CC(=O)C1=CC=C(C=C1)N2CCN(CC2)C(=O)C3=CC4=C(C=C3)N=CN4,,
2469443,C1=COC(=C1)/C=C/C(=O)OCC2=NN=C(O2)C3=CC=C(C=C3)Cl,,
2469681,COC1=CC=CC=C1CNC(=O)C2=CC3=CC=CC=C3O2,,
2469744,COC(=O)C1=CC=C(C=C1)COC2=C3C=CSC3=NC=N2,,
2469805,CN(CC(=O)NC1=CC=CC=C1Cl)CC(=O)N(C)C2=C(N(C(=O)NC2=O)CC3=CC=CC=C3)N,,
2469830,CC1=C(OC2=CC=CC=C12)C(=O)NC3=CC4=C(C=C3)OCO4,,
2469877,CC1=C(SC=C1)C(=O)NC2=CC=C(C=C2)OCC3=CC=CC=C3,,
2469898,C1CN(CC(=O)N1)C(=O)/C=C/C2=C(C=C(C=C2)Cl)Cl,,
2469975,C1CC1N2C(=NN=C2SCC(=O)N)C3=CC=CC=C3F,,
2469980,CC1=CC(=C(C=C1)C(=O)OCC(=O)N2CCCCCC2)O,,
2470137,CC1=NN=C(S1)NC(=O)C2CCCC2,,
2470424,COC1=CC=CC=C1C(=O)NCCC(=O)NC2=CN=CC=C2,,
2470552,C1=CC=C2C(=C1)C(=O)N(C(=S)N2)CCC3=CC=C(C=C3)S(=O)(=O)N,,
2470668,C1=CC=C(C=C1)SCC(=O)NC(=O)N,,
2470931,CC1=C(C=C(C=C1)S(=O)(=O)NCC(=O)NNC(=O)C2=CC=C(C=C2)Br)C,,
2471206,CCOC1=C(C=CC=N1)C(=O)NC2=CC3=C(C=C2)OCO3,,
2471294,C=CCN1C(=O)C2=C(C=C(S2)C3=CC=CC=C3)NC1=S,,
2471296,COC1=CC=C(C=C1)NC2=NC(=C(S2)C=O)Cl,,
2471305,CCN1C2=C(C=C(C=C2)C)C(=O)C1=O,,
2471334,CCN(CC)C(=O)C1=CN(N=C1C2=CC=C(C=C2)F)CCC#N,,
2471366,CCN(C1CCCCC1)C(=O)CSC2=C(C=CC=N2)C(=O)O,,
2471404,CC1=NC2=C(C=C1)C(=CC(=C2OCC(=O)OC)Cl)Cl,,
2472329,C1COCCN1C2=CC=C(C=C2)NC(=O)CSC3=NN=C4N3C=CC=C4,,
2472388,CC1=CC=NC2=NC(=NN12)C(=O)OCC(=O)N(CC3=CC=CC=C3)C(C)(C)C,,
2472408,COC1=C(C=C(C=C1)Cl)NS(=O)(=O)C2=CC=CC(=C2)C(=O)NC3CC3,,
2472630,CC1=C(N=C(N=C1C)SCC(=O)NC(=O)NCCOC)C,,
2473088,C1=CC=C(C=C1)C2=NN(C=C2C(=O)NC3=CC=C(C=C3)C(=O)O)CCC#N,,
2473148,CN(C1=CC=CC=C1)S(=O)(=O)C2=CC=C(C=C2)C(=O)N3CCN(CC3)C4=CC=CC=C4Cl,,
2473752,CSC1=CC=CC=C1C(=O)NC2=NC3=CC=CC=C3N2,,
2473940,C1=CC=C(C=C1)CCNS(=O)(=O)C2=CC=CC(=C2)C(=O)O,,
2473949,CCOC1=C(C=C(C=C1)Br)S(=O)(=O)NC2=CC=C(C=C2)S(=O)(=O)NC3=NOC(=C3)C,,
2474036,CC1=C(C=C(C=C1)NC(=O)CN2CCC3=CC=CC=C3C2)F,,
2474170,C1COCCN1C(=O)C2=CN(N=C2C3=CC4=C(C=C3)OCCO4)CCC#N,,
2474182,C1=CC(=C(C=C1COC(=O)CSC2=NN=C(S2)N)Cl)Cl,,
2474196,CCC(C)(C)NC(=O)C1=C(C2=C(O1)C=CC(=C2)OCC)C,,
2474210,C1=CC(=CC=C1/C=C/C(=O)O)N2C=CN=C2,,
2474213,CC(=O)N1CCN(CC1)C(=O)C2=CC(=C(C=C2)Cl)S(=O)(=O)N3CCCC3,,
2474265,CC1=C(C(=NO1)C)COC2=C(C=C(C=C2)C=O)OC,,
2474351,C1=CC=C(C=C1)CN2C=C(C(=N2)C3=CC=C(C=C3)Cl)/C=C/C(=O)O,,
2474404,CC1=CC=C(C=C1)S(=O)(=O)N2CCC[C@H]2C(=O)NC3=C(C=C(C=C3)F)C,,
2474469,C1=CC=C(C=C1)C(=O)COC(=O)CSC2=NN=C(S2)N,,
2474595,CS(=O)(=O)C1=CC=CC=C1C(=O)NC2=CC=CC3=C2C=CC=N3,,
2474635,CC1=C(C(=CC=C1)N2CCN(CC2)C(=O)C3=CC4=C(C=C3)NC(=C4C)C)C,,
2474665,C1=CC=C(C(=C1)C(=O)NCC(=O)NCCC2=CC=C(C=C2)Cl)F,,
2474678,COC1=CC(=C(C=C1)C(=O)OCC(=O)N2CCCC2=O)OC,,
2474690,C1CN(CC2=CC=CC=C21)C(=O)COC3=CC=CC=C3C(=O)N,,
2474752,CS(=O)(=O)C1=CC=C(C=C1)C(=O)N2CCC3=CC=CC=C3C2,,
2475602,C1=CC=C(C=C1)C2=NC(=CS2)CC(=O)NCC3=CC=CS3,,
2475767,C1CCC(CC1)NC(=O)NC(=O)COC(=O)/C=C/C2=CC=C(C=C2)[N+](=O)[O-],,
2475788,COC1=CC=CC=C1/C=C/C(=O)OCC(=O)NC(=O)NC2CCCC2,,
2476031,COC1=CC=CC=C1CNC(=O)COC(=O)CN2C=NC3=CC=CC=C32,,
2476387,COC1=CC(=CC(=C1OC)OC)C(=O)NNC(=O)C2=CC3=C(C=C2)OCCO3,,
2476663,COC1=C(C=C(C=C1)CCC(=O)OCC(=O)NC2=C(C=CS2)C(=O)N)OC,,
2476733,C1=CC=C(C(=C1)C#N)NC(=O)NC2=CC=C(C=C2)S(=O)(=O)N,,
2476754,CCSC1=NN=C(S1)NC(=O)NC2=CC=CC(=C2)C,,
2476904,C1CCC(C1)NC(=O)NC(=O)CN2C(=O)CCC2=O,,
2476995,CC1=CC(=NO1)C(=O)NC2=NC(=CS2)C,,
2477024,CC1=CSC(=N1)NC(=O)C2=CC(=CN=C2)Br,,
2477202,CC1=C(SC=C1)C(=O)NCC2=CC=C(C=C2)OC,,
2477265,CCOC1=C(C=C(C=C1)CCNC(=O)COC(=O)C2=CC=NC=C2)OCC,,
2477363,CCOC1=C(C=CC=N1)C(=O)NC2=CC(=C(C=C2)F)Cl,,
2477385,CCCNC(=O)COC(=O)/C=C/C1=CC=C(O1)C,,
2478156,CCOC1=CC=C(C=C1)OCCN2C(=O)C3=CC=CC=C3N=N2,,
2478295,COC1=CC(=CC(=C1OC)OC)NC(=O)C2=NNC(=O)C=C2,,
2478312,C1OC2=C(O1)C=C(C=C2)NC(=O)CC3=CSC=C3,,
2478755,C1CCCC2(CC1)C(=O)N(C(=O)N2)CC(=O)NCC3=CC=CC=C3Cl,,
2478929,COC1=C(C=C(C=C1)CC(=O)NCC2CCCCC2)OC,,
2478981,CCCCOC1=CC=C(C=C1)C(=O)NCC(=O)OCC(=O)C2=C(N(C(=O)N(C2=O)C)C)N,,
2480348,CC1=CC=CC=C1C(=O)OCC(=O)NCC2=CC=CS2,,
2480373,CC(=O)OC1=CC=C(C=C1)C2=CC=C(C=C2)C(=O)OCC(=O)C3=C(N(C(=O)N(C3=O)C)C)N,,
2480569,C1OC2=C(O1)C=C(C=C2)C3=N/C(=C\C4=CC=C(C=C4)C(=O)O)/C(=O)O3,,
2481042,CC1CCN(CC1)C(=O)COC(=O)C2=C(ON=C2C3=CC=CC=C3Cl)C,,
2481080,CC1=C(SC=C1)C(=O)NCC2=CC=CC=C2Cl,,
2481084,C1=CC(=C(C(=C1)F)C(=O)OCC(=O)NCC2=CC=CS2)F,,
2481263,CCOC1=C(C=CC=N1)C(=O)NCCC2=CC=C(C=C2)Cl,,
2481407,CN(CC(=O)NC1=CC=C(C=C1)OC)C(=O)C2=CC=CC=C2OC,,
2481637,CN(C)C1=CC=CC(=C1)C(=O)OCC(=O)N2CCC3=CC=CC=C3C2,,
2481641,C1CN(CC2=CC=CC=C21)C(=O)C3=CC(=O)NC4=CC=CC=C43,,
2482106,CC(=O)NC1=CC=C(C=C1)SCC(=O)N(C)CC(=O)NC2=CC=CC=C2Cl,,
2482266,C1OC2=C(O1)C=C(C=C2)CNC(=O)CSC3=NN=C(N3C4=CC=C(C=C4)Cl)CC5=CC=CS5,,
2482511,CC1=NC2=CC=CC=C2N=C1OCC(=O)NC3=CC=C(C=C3)F,,
2482626,CCN(C1=CC=CC=C1)S(=O)(=O)C2=CC=C(C=C2)C(=O)NC3=CC=CC(=C3)NC(=O)C,,
2483195,CCOC(=O)C1=C(NC(=C1C)C(=O)OCC2=CC=CC=C2F)C,,
2483199,C1=CC=C2C(=C1)C(=CN2)CC(=O)NCC3=CC=C(C=C3)Cl,,
2483295,CC1=C(C=C(O1)CSC2=NC3=CC=CC=C3C(=O)N2C)C(=O)OC,,
2483511,COC1=CC=C(C=C1)CNC(=O)CN2C(=O)C3(CCCCCCC3)NC2=O,,
2483771,CC(=O)NC1=CC=C(C=C1)NC(=O)C2=CC(=CC=C2)OC3=CC=CC=C3,,
2484019,C1=CC=C(C(=C1)CSC2=NC=NN2)C(=O)O,,
2484117,C1=CSC(=C1)C2=CSC3=C2C(=O)NC(=N3)C4=CC=C(C=C4)O,,
2484138,C1COCCN1C2=NC(=CS2)C3=CC4=CC=CC=C4O3,,
2484347,COC1=CC=CC(=C1O)C(=O)OCC(=O)NC(=O)NC2CCCC2,,
2484383,CC1=CC=C(C=C1)S(=O)(=O)N[C@@H](C(C)C)C(=O)OCC2=CC(=O)OC3=C2C=CC(=C3)NC(=O)C,,
2485069,CC1=C(C=C(C=C1)F)NC(=O)/C=C/C2=CC=C(C=C2)S(=O)(=O)N3CCOCC3,,
2485627,CN1CCC(CC1)N(C)C(=O)C2=CC(=C(C=C2)Cl)S(=O)(=O)N(C)C3=CC=C(C=C3)Cl,,
2486011,COC1=CC=CC=C1C2=NN=C(N2N)SCC(=O)NCC3=CC=CS3,,
2486492,CC(=O)C1=CC=C(C=C1)S(=O)(=O)NC2=CC3=C(C=C2)OCO3,,
2486757,CC1=C(C=CC(=C1)NC(=O)CC2=CSC=C2)Br,,
2486780,C1CCC(CC1)C(=O)NNC2=C3C=CC(=CC3=NC=C2)Cl,,
2486876,CSC1=C(C=CC=N1)C(=O)NC2=NC3=C(S2)C=C(C=C3)F,,
2487093,COC1=CC=C(C=C1)CCNC(=O)C2=CC(=C(N=C2)Cl)Cl,,
2487110,C1=CC(=CC=C1C#N)OC(=O)C2=NC=CN=C2,,
2487501,C1=CC=C2C(=C1)NC(=O)C3=NNC(=S)N23,,
2488507,COC1=CC=C(C=C1)CC(=O)OCC(=O)NNC(=O)C2=CC=CC=C2,,
2488871,CC(C)[C@@H](C(=O)OCC(=O)C1=CC=C(S1)Br)NC(=O)C2=CC=CO2,,
2489006,CC(=O)NC1=CC(=CC=C1)NC(=O)/C=C/C2=CC=C(C=C2)S(=O)(=O)N3CCOCC3,,
2489490,CC1=C(C(=O)N(N1C)C2=CC=CC=C2)C(=S)NC(=O)C3CC3,,
2489666,COC(=O)CNC(=O)COC(=O)/C=C/C1=CC=CC=C1[N+](=O)[O-],,
2489695,CC(C)(C)NC(=O)NC(=O)COC(=O)/C=C/C1=CC=C(C=C1)OC,,
2490092,CC1=CC=C(C=C1)NC(=O)CN2C(=O)C3=CC=CC=C3N=N2,,
2490584,CC1=CC=NC2=NC(=NN12)C(=O)OCC(=O)C3=CC=C(C=C3)NC(=O)CC(C)C,,
2490720,C1=CC=C(C(=C1)C(=O)NN)S(=O)(=O)N,,
2490721,CC1=C(C(=O)N(N1C)C2=CC=CC=C2)NC3=CC=C(C=C3)C(=O)C,,
2491225,CCCCNC(=O)COC(=O)C1=CC=CC=C1F,,
2491586,CCN1C(=O)C(=C(N(C1=O)CC2=CC=CC=C2)N)C(=O)CN(C)CC(=O)NC3=CC(=CC=C3)F,,
2491862,C1=CNC(=C1)C(=O)COC2=C(C=C(C=C2)Cl)Cl,,
2492231,C1CCC(C1)NC(=O)CSC2=NNC(=N2)C3=CC=C(C=C3)Br,,
2492468,COC1=CC=C(C=C1)N2CCN(CC2)C(=O)C3=CC(=CC=C3)S(=O)(=O)N4CCC5=CC=CC=C54,,
2492495,CC1=CC(=C(C=C1)NC(=O)CCC2=NC3=CC=CC=C3S2)O,,
2492559,COC(=O)C1=CC(=CC(=C1)OC(=O)C2=CNC(=O)C=C2)C(=O)OC,,
2492562,CC1=C(OC2=C1C=CC3=CC=CC=C32)C(=O)NN4CCOCC4,,
2492577,CC1=C(OC2=C1C=C(C=C2)OC)C(=O)NC(C)(C)C,,
2492684,C1=CC(=C(C=C1S(=O)(=O)N)C(=O)O)F,,
2492699,COC1=C(C=C(C=C1)C(=O)O)S(=O)(=O)N,,
2492710,CCOC(=O)C1=CC=C(C=C1)NC(=O)CSCCC(=O)O,,
2492720,CNS(=O)(=O)C1=C(C=CC(=C1)C(=O)O)OC,,
2493330,CCCN1C(=O)C2=CC=CC=C2N3C1=NN=C3SCC(=O)N,,
2494474,CCSC1=NC2=C(O1)C=CC(=C2)S(=O)(=O)N3CCOCC3,,
2494830,C1=COC(=C1)CNC(=O)COC(=O)C2=CC=C(C=C2)C=O,,
2495004,CS(=O)(=O)C1=CC=CC=C1C(=O)NC2=NC3=CC=CC=C3N2,,
2495005,CC(=O)OCC(=O)NC1=CC(=C(C=C1)OC)OC,,
2495631,CC(C)(C)NC(=O)COC1=CC=C(C=C1)C(=O)OC,,
2496326,CCC1=CC=CC=C1NC(=O)CN(C)CC2=C(C=CC3=CC=CC=C32)O,,
2496330,COC1=CC=C(C=C1)CC(=O)NCCC2=CC=C(C=C2)S(=O)(=O)N,,
2496927,CC(C)(C)NC(=O)NC(=O)CN1CCN(CC1)CC2=CC=CC=C2,,
2497380,C1=CC=C(C=C1)CN2C=C(C(=N2)C3=CN=CC=C3)C=O,,
2497385,COC1=CC2=C(C=C1)OC(=C(C2=O)C=O)N,,
2497643,C1=CC=C(C=C1)CN2C=C(C(=N2)C3=CN=CC=C3)C(=O)O,,
2498260,COC1=CC2=C(C=C1)C(=CO2)CC(=O)OCC(=O)NC(=O)N,,
2498562,CC1=CC=CC=C1CSCC(=O)NC2=NOC(=C2)C,,
2500325,C1CCC(=CC1)CCNC(=O)COC2=CC=CC=C2[N+](=O)[O-],,
2500347,C1=CC=C(C(=C1)[N+](=O)[O-])OCC2=CC(=O)N3C=CSC3=N2,,
2500361,CC1=CC(=NO1)NC(=O)CSC2=NN=C(N2C)C(F)(F)F,,
2500369,CC(=O)C1=CC(=C(C=C1)OC)COC2=CC=CC=C2[N+](=O)[O-],,
2500491,C1CCCN(CC1)CC(=O)NCCC2=CC=C(C=C2)S(=O)(=O)N,,
2500564,C1OC2=C(O1)C=C(C=C2)NC(=O)COC3=CC=CC=C3[N+](=O)[O-],,
2500572,C1CC1NC(=O)COC2=CC=CC=C2[N+](=O)[O-],,
2500874,C1C(=O)NC2=CC=CC=C2N1C(=O)COC(=O)C3=C(C=CC=C3Cl)F,,
2501158,CCOC(=O)C1=C(C2=CC=CC=C2N=C1C)C,,
2501378,C1=CC(=C(C=C1F)C(=O)C2=CC3=C(N=C2)N=C(S3)N)O,,
2501545,CC1=CC(=C(C(=C1)C)NC(=O)C2=CC3=NC=CN=C3C=C2)C,,
2502215,CC1=CC(=CC=C1)C2=NN=C(N2C)SCC(=O)C3=C(C=C(C=C3)O)O,,
2502269,CC1=C(SC=C1)C(=O)OCC(=O)NC2=CC(=CC=C2)F,,
2503967,CC1=CC=C(C=C1)NC(=O)CN(C)C(=O)CSC2=NN=C(N2CC=C)C3=CC=NC=C3,,
2505911,CSC1=C(C=CC=N1)C(=O)NC2CCCCCC2,,
2506754,C1CCC(=CC1)CCNC(=O)COC(=O)COC2=CC=CC=C2,,
2507035,C1CCC(C1)NC(=O)COC(=O)COC2=CC=CC=C2,,
2507145,CN1C(=NN=N1)SCC(=O)NC(=O)C2=CC=C(C=C2)S(=O)(=O)N(C)C,,
2507284,CC1=C(NC(=C1C(=O)C)C)C(=O)CSC2=NN=C(S2)C,,
2507288,CC1=NN=C(S1)SCC(=O)NC(=O)NC(C)C,,
2507361,CC1=NN=C(S1)SCC(=O)NC(=O)NCC2=CC=CO2,,
2507519,C1=CC(=CC=C1CNC(=O)CSC2=NN=CS2)F,,
2507537,C1CN(CC=C1C2=CC=CC=C2)CC(=O)NC3=CC=CC=C3C#N,,
2507689,CC1=C(OC2=CC=CC=C12)C(=O)C,,
2507867,C1CCCN(CC1)C2=CC=C(C=C2)C=O,,
2508685,CCCC(=O)OCC(=O)NC1=CC=CC=C1C#N,,
2510481,C1CN(CC2=CC=CC=C21)C(=O)C3=CC4=C(C=C3)N=CN4,,
2510759,CC1=C(C(=O)N(N1C)C2=CC=CC=C2)NC(=O)COC(=O)C3=CC=C(C=C3)OC,,
2511029,CC1=C(SC=C1)C(=O)NNC(=O)C2=CC=CC=C2F,,
2511118,CC1=C(C(=CC=C1)C)NC(=O)COC(=O)C2CC2,,
2511241,CC(=O)C1=CC=CC=C1NC(=O)COC(=O)CCC2CCCC2,,
2511447,C1CCC(C1)NC(=O)NC(=O)COC(=O)C2=CC=CC=C2F,,
2511796,C1CCC(C1)NC(=O)NC(=O)COC(=O)/C=C/C2=CC=CC=C2Cl,,
2512205,CC1=CC=NC2=NC(=NN12)C(=O)NC3=CC=C(C=C3)C(=O)NC4=CC=C(C=C4)OC,,
2512506,C1CC1NC(=O)COC(=O)/C=C/C2=CC(=CC=C2)Cl,,
2512552,C1C(=O)N(C(=O)N1)CC(=O)O,,
2512575,CCOC(=O)C1=C(C2=CC=CC=C2N=C1CCl)C3=CC=CC=C3,,
2512653,CN(C)S(=O)(=O)C1=CC(=C(C=C1)N2CCOCC2)C(=O)O,,
2513400,CC1=CC=C(C=C1)N2C=C(C(=N2)C3=CC=CC=C3)C(=O)O,,
2513473,CC1=NC2=C(C(=CS2)C3=CC=CS3)C(=O)N1CC(=O)O,,
2513657,CCOC(=O)C1=CC=CC=C1NC(=O)CC2=CC(=C(C=C2)OC)S(=O)(=O)N3CCOCC3,,
2514128,CC(C)(C)CC(=O)NC1=CC=C(C=C1)S(=O)(=O)NC2=NCCCCC2,,
2514833,CCOC1=CC=C(C=C1)CC(=O)NC2=NC=CS2,,
2514844,CCN(CC)C1=CC=C(C=C1)C(=O)OCC(=O)NC2=NOC(=C2)C,,
2515073,CC1=CC(=CC=C1)NC(=O)CON2C3=C(C=CC(=C3)S(=O)(=O)C)N=N2,,
2515454,CC(=O)N1CCN(CC1)CC(=O)NC2=C(C=CS2)C#N,,
2516470,C1CC1N2C(=O)NN=C2SCC(=O)NC3=CC=CC=C3C#N,,
2516584,C1CC1N2C(=O)NN=C2SCC(=O)NC3=C(C=C(C=C3)Cl)Cl,,
2516825,CC1=CC(=C(C=C1)NC(=O)CNC(=O)C2=CC=CO2)Cl,,
2517314,CCOC1=C(C=CC=N1)C(=O)NCCCSC2=CC=CC=C2,,
2517552,CC(C)[C@@H](C(=O)O)NC(=O)/C=C/C1=CC=C(C=C1)OC,,
2517571,C1=CC=C(C=C1)C(=O)C2=CC(=C(C=C2)N3C=NN=C3)[N+](=O)[O-],,
2517636,CC1=NC2=C(C=C1)C(=CC(=C2OCC(=O)NC(C)(C)C)Cl)Cl,,
2517644,C1OC2=C(O1)C(=CC(=C2)C(=O)O)Cl,,
2517654,C1=COC(=C1)C2=NOC(=C2)N,,
2517683,CNCC(=O)N1CCOCC1,,
2517760,C1=CC=C(C=C1)C2=C3C=C(C=CC3=NO2)/C=C/C(=O)O,,
2517806,COC1=C(C=CC(=C1)C=O)OCC(=O)N2CCCC2,,
2519122,C1CC1N2C(=O)NN=C2SCC3=NC4=CC=CC=C4S3,,
2519269,CC1=CN=C(S1)NC(=O)C2=C(C=CC(=C2)S(=O)(=O)N(C)C)N3CCCC3,,
2519306,COC1=CC=CC=C1NS(=O)(=O)C2=CC=C(C=C2)C(=O)NCC3=CC=C(C=C3)S(=O)(=O)N,,
2519375,CN(CC(=O)NC1=C(C(=C(C=C1)F)F)F)C(=O)C2CCCCC2,,
2519672,C1=CC(=CC=C1N2C=NN=N2)OCC(=O)NC3=CC(=C(C=C3)F)Cl,,
2519964,CCN1C(=NN=C1SCC(=O)NC2CC2)C3=CC=CC=C3OC,,
2520594,C1=CC=C(C(=C1)/C=C(\C#N)/C(=O)NC2=CC=C(C=C2)S(=O)(=O)N)Cl,,
2520612,COC(=O)C1=CC=CC=C1NS(=O)(=O)C2=CN=C(C=C2)Cl,,
2520723,COC1=C(C=C(C=C1)[N+](=O)[O-])NC(=O)CCC(=O)C2=CC=CS2,,
2520863,CCOC(=O)C1CCN(CC1)CC2=C(C3=CC=CC=C3C(=C2)Cl)O,,
2521019,C1CCC(C1)NC(=O)COC(=O)CC2=CC=C(C=C2)Cl,,
2521169,CSCC1=C(OC2=CC=CC=C21)C(=O)NC3=CC4=C(C=C3)OCO4,,
2521478,C1=CC(=C(C=C1OCC2=CC(=O)N3C=CSC3=N2)Cl)Cl,,
2521899,CC1=CC(=NO1)NC(=O)CN(C)S(=O)(=O)C2=CC(=CC=C2)Cl,,
2522158,CC1=C(C(=NO1)C2=CC=CC=C2)C(=O)NC3=C(C=CS3)C#N,,
2522994,CC1=CC2=C(C=C1)N=C(N2)SCC(=O)NCC3=CC=CS3,,
2523046,C1CC1NC(=O)COC2=C(C=C(C=C2)Br)F,,
2523205,CC1=CSC(=N1)NC(=O)CCNC(=O)C2=CC=CC=C2Cl,,
2523281,COC1=CC=C(C=C1)CCC(=O)OCC(=O)NCC2=CC=CC=C2,,
2524258,CN(CC(=O)NC1=CC=C(C=C1)F)C(=O)C2CCCC2,,
2524431,CC1=NC2=C(C(=N1)SCC(=O)N3CCOCC3)C(=O)N(C(=O)N2CC(C)C)C,,
2524533,C1=CC=C(C=C1)OCC(=O)NCC(=O)NCC2=CN=CC=C2,,
2524725,CCN(CC)C(=O)C1=CC=C(C=C1)NC(=O)COC2=CC=CC=C2F,,
2525087,CCCN(CC(=O)NC1=CC=CC=C1OC)C(=O)CC2=CC=CC=C2F,,
2525315,C1=CC=C2C(=C1)C(=CN2)CCCC(=O)NCC3=CC=CS3,,
2525555,CC1=CC(=C(N1C2CC2)C)C(=O)COC3=CC=CC=C3C(=O)N,,
2525578,CC1=NC2=CC=CC=C2C(=C1)C(=O)NC3=C(C=CS3)C#N,,
2525930,CC(=O)C1=CC(=C(C=C1)OC)COC,,
2525957,COC1=CC=CC=C1NC2=NC(=C(S2)C=O)Cl,,
2525992,CC(C)N1C2=C(C=N1)C(=CC(=N2)C3CC3)C(=O)O,,
2526129,COC1=CC=CC=C1C2=NN(C=C2/C=C/C(=O)O)CC3=CC=CC=C3,,
2526259,COC1=CC(=C(C=C1)NC(=O)CCNC(=O)C2=CC=CO2)OC,,
2526776,CCOC(=O)C1=C(NC=C1CC2=CC=CC=C2)C,,
2526840,CC(=O)NCC1=CC=C(C=C1)C(=O)CCl,,
2526877,C1OC2=C(O1)C=C(C=C2)C(=O)NNC(=O)C3=C(C=C(C=C3)F)F,,
2526913,CS(=O)(=O)C1=CC=C(C=C1)C(=O)N2CC(=O)NC3=CC=CC=C32,,
2526943,CN(CC1=C(C=CC=C1Cl)F)C(=O)C2=CC3=CC=CC=C3O2,,
2527066,C1CN(CCN1C=O)C(=S)NC2=CC=C(C=C2)OC(F)F,,
2527187,C1=CSC(=C1)S(=O)(=O)NC2=CC=C(C=C2)C(=O)NCC3=CC=C(C=C3)S(=O)(=O)N,,
2527198,C1=CC(=C(N=C1)Cl)C(=O)OCC(=O)NC2=C(C=CS2)C(=O)N,,
2527725,CC(=O)C1=CC=CC=C1OCCOC2=CC=C(C=C2)NC(=O)C,,
2527795,CC1=C(C=C(C=C1)F)NC(=O)CCOC2=CC=CC=C2,,
2528547,COC1=CC=C(C=C1)C(=O)NNC(=O)C2=CC(=C(C=C2)F)S(=O)(=O)N3CCOCC3,,
2528605,COC1=C(C=C(C=C1)Cl)C(=O)NNC(=O)C2=CC(=C(C=C2)F)S(=O)(=O)N3CCOCC3,,
2528825,COC1=CC(=CC(=C1OC)OC)NC(=O)C2=CC=CC=N2,,
2529101,CC1=CC=C(S1)C(=O)NC2=NC=CS2,,
2529294,C1CCC(C1)C(=O)NNC(=O)C2=CC=C(C=C2)F,,
2529296,COC1=CC=C(C=C1)CCC(=O)NNC(=O)C2=CC=C(C=C2)F,,
2529430,C1=CC=C(C=C1)CNC(=O)C2=CN(N=C2C3=CC=CS3)CCC#N,,
2529482,C1=CSC(=C1)C2=NN(C=C2C(=O)N)CCC#N,,
2529498,COC1=CC=C(C=C1)C2=NN(C=C2C(=O)NCC3=CC=CC=C3)CCC#N,,
2529752,CC1=NC2=C(S1)C=C(C=C2)NC(=O)CSC3=CC=CC=C3,,
2530160,C1CCC(C1)NC(=O)CC2=CC=C(C=C2)C3=CC=CC=C3,,
2530357,CC(C)[C@@H](C(=O)OCC(=O)NCC1=CC2=C(C=C1)OCO2)NS(=O)(=O)C3=CC=CC=C3,,
2530477,CCOC1=CC=C(C=C1)CN(C)C(=O)C2=NC3=CC=CC=C3C=C2,,
2531141,CC1=CN=C(S1)NC(=O)CC2=CC=C(S2)S(=O)(=O)N3CCOCC3,,
2531485,CC1=C(C(=CC=C1)N2CCN(CC2)C(=O)C3=CC=C(C=C3)S(=O)(=O)N(C)C4=CC=CC=C4)C,,
2531523,CCOC1=CC=C(C=C1)C(=O)N[C@@H](C(C)C)C(=O)NC2=CC=C(C=C2)S(=O)(=O)NC3=NC=CS3,,
2531772,CC(=O)N(C)CC1=CC=C(C=C1)C(=O)CCl,,
2531799,CCN(CC)C(=O)C1=NC=CC(=C1)Cl,,
2531819,CC1=C(C(=CC=C1)C(=O)OCC(=O)NCCN2C(=O)CSC2=O)[N+](=O)[O-],,
2531853,C1=CC=C(C(=C1)NC2=C(C=CC=N2)C(=O)OCC(=O)NC(=O)N)F,,
2531912,C1CCN(CC1)S(=O)(=O)C2=C(C=CC(=C2)C(=O)NCCC3=CC=C(C=C3)S(=O)(=O)N)Cl,,
2532005,C1=CSC(=C1C#N)NC(=O)CSC2=NN=CS2,,
2532110,C1CCC(C1)NC(=O)NC(=O)CSC2=NN=CS2,,
2532163,C1COC2=C(O1)C=CC(=C2)NC(=O)NC(=O)CSC3=NN=CS3,,
2532202,CCCN1C(=C(C(=O)N(C1=O)C)C(=O)COC2=C(C=C(C=C2)Br)F)N,,
2532337,C1=CC=C2C(=C1)C=CC=C2NC(=O)CSC3=NN=CS3,,
2532481,CSC1=CC=CC=C1NC(=O)CSC2=NN=CS2,,
2532614,CCCN(CC(=O)NC1=CC=CC=C1OC)C(=O)C2=CC=NC=C2,,
2532639,C1=COC(=C1)C(=O)NC2=NC(=CS2)C3=CC=C(S3)Cl,,
2532645,CC1=C(C=C(C=C1)NC(=O)CSC2=NC(=CS2)C)F,,
2532653,CC1=CSC(=N1)SCC(=O)NC(=O)NC(C)C,,
2532745,CC1=CC=C(C=C1)CNC(=O)CSC2=NC(=CS2)C,,
2532766,CCN(CC(=O)NCC1=CC=C(C=C1)Cl)C(=O)C2=C(C=CS2)C,,
2532865,C1=CC=C(C=C1)CCNC(=O)CCC2=CNC3=CC=CC=C32,,
2532898,CC1=CSC(=N1)SCC(=O)NC2=C(C=C(C=C2)F)Cl,,
2532933,CC1=CSC(=N1)SCC(=O)NC2=CC=CC=C2,,
2533627,C=CCNC(=O)COC1=CC=C(C=C1)OC2=CC=CC=C2,,
2533954,C1=CC(=CN=C1)CN(CCC#N)C(=S)NCC2=CC=CO2,,
2534340,C1=CC=C(C=C1)C(=O)C2=CC=C(C=C2)OCC(=O)NC3=CN=CC=C3,,
2534457,C=CCNC(=O)COC(=O)C1=CC(=C(C=C1)Cl)S(=O)(=O)N,,
2534561,CC1=NN=C(N1C)SCC2=NN=C(O2)C3=CC=CS3,,
2534664,CC1(C(=O)NC2=CC=CC=C2N1C(=O)CSC3=NC=CC=N3)C,,
2534732,CC(=O)C1=CC(=C(C=C1)OC2=NC=CN=C2)OC,,
2534940,CC1=CC=CC=C1NC(=O)C2=CC=C(C=C2)OCC3=C(ON=C3C)C,,
2535004,CCN(CC)C(=O)C1=C(NC(=S)C(=C1C2=CC=CO2)C#N)C,,
2535075,CC1=NN(N=C1C(=O)O)C2=CC(=CC=C2)Cl,,
2535079,C1=CC(=CC=C1C2=NNC(=O)O2)F,,
2535092,CC1=CC(=CC=C1)OCCOC2=CC=C(C=C2)N(C)S(=O)(=O)C3=CC=C(C=C3)NC(=O)C,,
2535403,C1=CC=C(C=C1)CC(=O)NCC(=O)NC2=CC(=CC=C2)Cl,,
2535430,CSC1=C(C=CC=N1)C(=O)OCC(=O)C2=CC=CN2,,
2535450,CC1=CC=C(C=C1)CSC2=NC3=CC=CC=C3C(=O)N2C,,
2536088,CCOC(=O)C1=CC=CC=C1NC(=O)C2=CC3=C(C=C2)N=CN3,,
2536119,CC(=O)C1=CC(=CC=C1)NC(=O)C2=CC(=O)NC3=CC=CC=C32,,
2536502,C1CCC(C1)NC(=O)CSC2=C(C=CC(=C2)Cl)Cl,,
2536503,CC(=O)C1=CC(=C(C=C1)OCC(=O)N2CCC3=CC=CC=C3C2)OC,,
2536679,COCC1=C(OC2=CC=CC=C21)C(=O)NC3CCCCCC3,,
2536883,COC1=C(C=CC(=C1)SC)C(=O)NC2=NC3=CC=CC=C3N2,,
2536951,CC(C)OCC1=C(OC2=CC=CC=C21)C(=O)NC3=NC=CS3,,
2537012,C1=CC=C2C(=C1)C(=NN(C2=O)CC(=O)C3=C(C=CC(=C3)F)F)C(=O)O,,
2537162,C1CC(=O)N(C1)C(=O)COC2=CC=C(C=C2)C#N,,
2537438,C1CN(CCN1CC2=CC3=C(C=C2)OCO3)C(=O)C4=CC5=CC=CC=C5O4,,
2537444,CSC1=C(C=CC=N1)C(=O)NCC2=CC=CC=C2Cl,,
2537555,C1=CC=C(C(=C1)/C=C/C(=O)OCC(=O)NC2=C(C=CS2)C(=O)N)[N+](=O)[O-],,
2538196,CN(C)C1(CCCCC1)CNC(=S)C2=CC=C(C=C2)C(=O)OC,,
2538200,CC(=O)NC1=CC=C(C=C1)C(=S)NCC2(CCCCC2)N(C)C,,
2538493,CC1=C(C(=NN1C2=CC=CC=C2)C)/C=C/3\C(=O)N(C(=S)N3C)C,,
2539057,CCN(CC(=O)NC1=CC(=C(C=C1)C)F)CC(=O)NC(C)C,,
2539107,CCOC1=CC=C(C=C1)S(=O)(=O)NCCC(=O)NC2CCC(CC2)C,,
2539690,CC(=O)C1=CC(=C(C=C1)OC)COC(=O)C2=C(N=CC=C2)SC,,
2539745,CC1=CC2=C(C=C1)C(=CC(=O)O2)COC(=O)C3=C(ON=C3C)C,,
2539938,CC1=C(C(=NO1)C)C(=O)OCC(=O)N(CCC#N)C2=CC=CC=C2,,
2540090,CCNC(=O)C1=CC=CC=C1SCC(=O)NC2=CC=C(C=C2)F,,
2540124,CC(C)C(=O)NC1=CC=CC=C1CC2=CC=CC=C2,,
2540178,COC1=C(C=C(C=C1)NC(=O)C2=CC=C(C=C2)N3CCCC3=O)Cl,,
2540266,CC1=C(N=C(O1)C2=CC=CC=C2)C(=O)NC3=C(C=CC(=C3)OC)OC,,
2540284,CC1=CSC(=N1)NC(=O)[C@@H]2CCCN2C(=O)C3=CC=CS3,,
2540926,CC1=CC(=C(N1C)C)C(=O)COC(=O)C2=NC=C(N=C2)C,,
2541655,COC1=CC=CC=C1/C=C/C(=O)OCC(=O)NC2=CC3=C(C=C2)OCO3,,
2541702,CCCSC1=NSC(=N1)NC(=O)C2=C(N=CC=C2)OCC,,
2542196,CCC(=O)C1=CC=C(C=C1)OCC(=O)NC2=CC3=C(C=C2)OCCO3,,
2542254,COC1=CC(=C(C=C1)/C=C/C(=O)N2CCNC(=O)C2)OC,,
2542487,CN1C=CC=C1C(=O)NCCC2=CC=CC=C2,,
2543144,C1=CC=C2C(=C1)C(=NC=N2)NNC(=O)/C=C/C(=O)O,,
2543155,C1=CC=C2C(=C1)C(=NC=N2)NNC(=O)C3=CC(=CC=C3)Cl,,
2543157,CC1=CC=C(C=C1)C(=O)NNC2=NC=NC3=CC=CC=C32,,
2543523,COC1=CC=CC(=C1)/C=C/C(=O)OCC(=O)NC2CC2,,
2543627,CC1=CC=CC=C1N2C(=NN=C2SCC(=O)NC3=NOC(=C3)C)C,,
2543985,CCN(C1=CC=CC2=CC=CC=C21)C(=O)COC3=CC=C(C=C3)C(=O)C,,
2544310,CNC(=O)NC(=O)COC1=C(C(=CC(=C1F)F)F)F,,
2544792,C1=CC=NC(=C1)NC(=O)/C(=C/C2=CC=CS2)/C#N,,
2544799,COC1=C(C=CC(=C1)/C=C(\C#N)/C(=O)NC2=CC=CC=N2)O,,
2544883,C1=CC(=CC=C1C(=O)OCC(=O)NC2=NC=C(C=C2)Cl)NC(=O)N,,
2544910,C=CCNC(=O)COC(=O)C1=C(N=CC=C1)NC2=CC=CC=C2F,,
2545068,CC(C)COC1=CC=C(C=C1)C(=O)NNC(=O)C2=CNC(=O)C=C2,,
2545117,CCOC1=C(C=CC=N1)C(=O)OCC(=O)NC2=NC=C(C=C2)Cl,,
2545591,C1COCCN1S(=O)(=O)C2=C(C=CC(=C2)C(=O)NNC(=O)COC3=CC=CC=C3F)F,,
2545942,CC1=C(C=CO1)C(=O)NNC(=O)C2CCCC2,,
2545956,CCC1=C(C=C(S1)C(=O)NCC2=CC=CC=C2)C,,
2545997,CN1C=CC=C1C(=O)NC(=O)CSC2=NN=C(N2C3=CC=CC=C3)C4CC4,,
2546012,COC1=CC(=CC(=C1OC)OC)CC(=O)OCC(=O)C2=CC=CN2,,
2546081,CC1=CC2=C(C=C1)C(=CO2)CC(=O)N3CCN(CC3)C4=CC=CC=C4,,
2546095,CC1=NN(C(=C1C(=O)O)Cl)CC(C)C,,
2546211,CC(C)CN1C(=O)C2=C(C=C(C=C2)C(=O)O)NC1=S,,
2546747,CCN(CC(=O)NC1=CC=C(C=C1)NC(=O)C)S(=O)(=O)/C=C/C2=CC=CC=C2,,
2547062,C1=CC=C(C=C1)C2=CC=CC=C2NC(=O)CC3=CC=CC=C3F,,
2547368,C1CCC(CC1)C(=O)NCC(=O)OCC(=O)NCC2=CC=CC=C2,,
2547750,CN1C=CSC1=NC(=O)C2=CC(=C(C=C2)Cl)[N+](=O)[O-],,
2547922,C1CCC(C1)C(=O)NNC(=O)CC2=CC=CC=C2,,
2547969,C1=CC(=NC=C1Cl)NC(=O)COC(=O)CC2=CSC=C2,,
2548547,C[C@@H](C1=CC=CC=C1)NC(=O)CNC(=O)C2=CC(=CC=C2)Cl,,
2548574,C1CCN(C1)S(=O)(=O)C2=CC=C(C=C2)NC(=O)C3=CC=C(O3)[N+](=O)[O-],,
2548692,CC(=O)C1=CC=C(C=C1)NC(=O)CN2CCCCCC2,,
2548699,C1CC2=CC=CC=C2N(C1)CC(=O)NCCC3=CC=C(C=C3)F,,
2548953,CC1=C(C=C(C=C1)NC(=O)CC2=CSC(=N2)C3=CC=CC=C3)F,,
2549255,C1CCC(C1)NC(=O)COC(=O)/C=C/C2=CC(=CC=C2)Br,,
2549851,CC1=CC=C(S1)C(=O)OCC(=O)C2=CC=CN2,,
2549861,C1=CNC(=C1)C(=O)COC(=O)/C=C/C2=CC=C(C=C2)[N+](=O)[O-],,
2549893,CC1=CSC(=N1)NC(=O)C2=CC=C(C=C2)S(=O)(=O)C,,
2550341,CC1=CC(=NC2=NC(=NN12)SCC(=O)N3CCN(CC3)C4=CC=CC=C4)C,,
2550378,C1CCC(CC1)NC(=O)NC(=O)CN2C(=O)C(=C(C=N2)Cl)Cl,,
2550380,COC1=CC=CC=C1CNC(=O)CN2C(=O)C3(CCCCCC3)NC2=O,,
2550668,CC1=CN=C(S1)NC(=O)CCC2=CC(=C(C(=C2)OC)OC)OC,,
2550878,CC1=CC=C(C=C1)C2=NN(N=N2)CCOC3=CC=CC=C3C(=O)C,,
2551104,C1=CC2=C3C(=C1)N(S(=O)(=O)C3=CC=C2)CC(=O)NC(=O)N,,
2551494,COC(=O)C1=CC(=CC(=C1)C(=O)NCC2CCCCC2)[N+](=O)[O-],,
2551566,CCCCN(C1=C(N(C(=O)NC1=O)CCC)N)C(=O)C2=CC=CC(=C2)C3=CC=C(C=C3)OC(=O)C,,
2552529,C1=CSC(=C1)CNC(=O)COC(=O)/C=C/C2=CC=C(C=C2)F,,
2552655,CC(=O)NC1=CC=C(C=C1)C(=O)OCC2=C(C=C(C=C2)F)Cl,,
2552807,CN1C=CSC1=NC(=O)C2=CC=C(C=C2)OC(F)(F)F,,
2553472,CC1=CC(=C(C=C1Cl)OC)NC(=O)CCNC(=O)C2=CC=CO2,,
2553782,C1CCC(CC1)CNC(=O)CCNC(=O)C2=CC=CC=C2,,
2554020,COC1=CC=CC=C1NC(=O)COC(=O)C2=C(C(=O)NC(=O)N2)N,,
2554270,C1OC2=C(O1)C=C(C=C2)NC(=O)NC3=C(C=C(C=C3)F)F,,
2554447,CC1=CC(=C(C=C1)C(=O)N2CCN(CC2)C3=NC=CC=N3)C,,
2554530,C1=CC=C(C=C1)CN2C=C(C(=N2)C3=CC=CS3)/C=C/C(=O)O,,
2554659,C1=COC(=C1)C2=NN=C(N=N2)C3=CC=CO3,,
2554738,C1=CC(=C(C=C1F)F)C(=O)OCC(=O)NC2=NC=C(C=C2)Cl,,
2554777,C1OC2=C(O1)C=C(C=C2)NC(=O)CSC3=CC=CC=C3C(=O)O,,
2555103,CCC1=NN=C(S1)NC(=O)C2=C(OC(=C2)C)C,,
2555468,CC1=CC=CC=C1OCC(=O)OCC(=O)NC2=CC3=C(C=C2)OCO3,,
2555772,C1CC(=O)N(C1)C(=O)CSC2=NN=NN2C3=CC=CC=C3,,
2555963,C1CN(CCC1(C2=CC=CC=C2)C(=O)O)S(=O)(=O)C3=CC=CC=C3,,
2556334,CCOC1=CC=C(C=C1)C2=NC3=C(C(=CS3)C4=CC=CS4)C(=O)N2,,
2556394,COC1=CC=C(C=C1)CC(=O)OCC(=O)NC2CCCCC2,,
2556661,C1=CC=C(C=C1)C(=O)COC(=O)CCNC(=O)C2=CC=CC=C2,,
2556847,CC1=CC=C(N1C)CNS(=O)(=O)C2=CC=C(C=C2)NC(=O)C,,
2556882,C1OC2=C(O1)C=C(C=C2)C(=O)OCC(=O)NC3=CC=CC=C3Cl,,
2556904,CC(C)N(CC(=O)N)C1=C2C=C(SC2=NC=N1)C3=CC=CC=C3,,
2556986,CCOC1=CC=C(C=C1)NC(=O)COC(=O)C2=CC3=C(C=C2)OCO3,,
2557019,C1CC2=C(C1)C=C(C=C2)NC(=O)CSC3=NC4=CC=CC=C4C(=O)N3C5=CC=CC=C5,,
2557216,CN1C=CC=C1C(=O)OCC(=O)NC2=CC3=C(C=C2)NC(=O)N3,,
2557321,CC1=C(C(=CC=C1)C(=O)OCC(=O)C2=CSC(=N2)N3CCCCC3)[N+](=O)[O-],,
2557714,C1CCC(CC1)(CNC(=O)COC2=C(C=C(C=C2)Cl)Cl)N3CCOCC3,,
2558172,C[C@@H](C(=O)OCC1=CC(=O)OC2=C1C=CC(=C2)OC)NS(=O)(=O)C3=CC=CC=C3F,,
2558548,CC1=CN=C(S1)NC(=O)C2=C(C=C(C=C2)SC)OC,,
2558565,CC1=CC(=C(O1)C)C(=O)NCC(=O)NC2=CC(=C(C=C2)F)F,,
2558670,CCC1=NN=C(S1)NC(=O)C2=C(N=CC=C2)SC,,
2558823,CSCC1=CC=C(C=C1)C(=O)NC2=CC=C(C=C2)C(=O)N,,
2558843,CCCOC1=CC=C(C=C1)C(=O)NCC2(CCCCC2)N(C)C,,
2558920,C1COCCN1C(=O)COC(=O)C2=C(C3=CC=CC=C3C=C2)O,,
2559025,CC1=CC=CC=C1C(=O)N2CCC(CC2)C(=O)NC3=NC=CS3,,
2559642,CC1=CC(=C(C=C1)OC)NC(=O)CN2C=NN=N2,,
2559660,CC(=O)N1CCN(CC1)S(=O)(=O)C2=CC(=C(C=C2)F)Cl,,
2559682,CC1=CC=C(O1)C(=O)OCC(=O)NCC2=CC=C(C=C2)F,,
2559708,CCCCC(=O)OCC(=O)C1=C(C(=C(N1)C)C(=O)C)C,,
2559755,CC(C)OC1=CC=C(C=C1)C(=O)NCC2(CCCCC2)N(C)C,,
2559757,CN(C)C1(CCCCC1)CNC(=O)C2=CC=C(C=C2)OC,,
2559924,CC1=C(C=C(C=C1)NC(=O)CN2C(=C(C(=N2)C)S(=O)(=O)N(C)C)C)C,,
2560197,C1CC1NC(=O)CNCCC2=CC=C(C=C2)S(=O)(=O)N,,
2560357,C1CCN(CC1)C2=NC3=C(S2)C(=CC(=N3)C4=CC(=CC=C4)Cl)C(=O)O,,
2560376,COC1=C(C=C(C=C1)C2=NC3=C(C(=C2)C(=O)O)SC(=N3)N4CCCCC4)OC,,
2560413,C1CCN(CC1)C2=NC3=C(S2)C(=CC(=N3)C4=CC=CC=C4)C(=O)O,,
2560417,C1=C(C(=C(NC1=O)SCC(=O)O)C#N)C(F)(F)F,,
2560531,CN1C(=O)C2=CC=CC=C2N3C1=NN=C3CCl,,
2560898,CCNC(=O)COC(=O)C1=C(C(=C(N1)C)C(=O)OC)C,,
2561213,CC1=C(OC2=C1C=C(C=C2)OC)C(=O)NCCC(C)C,,
2561217,CCOC1=C(C=C(C=C1)NC(=O)CN(C)C(=O)C2CCCC2)OCC,,
2561712,CC1=C(C(=NO1)C)CSC2=CC=CC=C2C(=O)O,,
2561763,CC1=NC(=CC=C1)N2C(=O)C3=CC=CC=C3NC2=S,,
2561818,C1=CC=C2C(=C1)C=NN3C2=NN=C3/C=C/C(=O)O,,
2561826,C1CCC(CC1)CNC(=O)CSC2=CC=CC=C2C(=O)O,,
2561880,CC(=O)NC(=O)COC(=O)C1=CC2=C(C=C1)N=CS2,,
2562058,C1CN(CCC1=O)C(=O)CCCN2C3=CC=CC=C3OC2=O,,
2562796,CC1=CC(=CC=C1)C(=O)OCC(=O)NC2=CC3=C(C=C2)OCCO3,,
2562819,CC1=NN=C(S1)SCC2=NN=C(O2)C3=CC=CS3,,
2563179,CCOC1=CC=CC=C1NC(=O)C2=CC3=C(C=C2)NC(=C3C)C,,
2563194,CCCC(=O)OCC(=O)C1=C(C(=C(N1)C)C(=O)C)C,,
2563801,C1CCC(C1)NC(=O)C2=NNC3=CC=CC=C32,,
2563970,CC1=C(C(=NN1CC2=C(C=CC(=C2)C(=O)C)OC)C)[N+](=O)[O-],,
2564443,CC1=C(C=C(C=C1)[N+](=O)[O-])NC(=O)CSC2=NNC(=N2)N,,
2564703,C1=CC=C(C(=C1)NC(=S)NC2=CC3=C(C=C2)NC(=O)N3)Cl,,
2564786,CC1=CC=C(C=C1)C(=O)CNC2=CC=CC=C2,,
2564980,CC1=CC2=C(C=C1)C(=CO2)CC(=O)NCC(C)(C)N3CCOCC3,,
2565072,CN(C1=CC=CC=C1OC)S(=O)(=O)C2=CC(=C(C=C2)Cl)C(=O)NCC3=CC=CO3,,
2565280,CC1=CC(=NO1)NC(=O)COC2=CC=CC=C2C#N,,
2565339,CC(C)NC(=O)COC1=CC=CC=C1C#N,,
2565410,C1=CC=C(C(=C1)C#N)OCC(=O)NC(=O)NCC2=CC=CO2,,
2565486,C1=CC=C2C(=C1)C(=NN(C2=O)CCOC3=CC(=CC=C3)Cl)C(=O)O,,
2565676,C1=CC(=CN=C1)CNC(=O)CCC(=O)C2=CC=CS2,,
2565885,C1CCN(CC1)S(=O)(=O)C2=CC(=C(C=C2)N3CCCC3)C(=O)O,,
2565969,C1=CC=C(C=C1)CN2C=C(C(=N2)C3=CC=CC=C3)/C=C/C(=O)O,,
2566057,C1CCC(CC1)CNC(=O)C2=CN=C(C=C2)Cl,,
2566102,C1=CC=C(C=C1)CN2C=C(C(=N2)C3=CC=CC=C3)C(=O)O,,
2566134,C1=CC(=CC(=C1)C(=O)O)CSC2=C(C=C(C=C2)Cl)Cl,,
2566316,CCN1C(=O)C(=O)N(C1=O)CC2=CC(=C(C=C2)OC)F,,
2566629,CC1=CC(=CC=C1)C(=O)N[C@@H](C(C)C)C(=O)N[C@@H](CCSC)C2=NC3=CC=CC=C3N2,,
2566808,CC1=CC(=C(C(=C1)C)OCC(=O)NC2=NN=C(O2)C3=CC=CO3)C,,
2567184,CC(C)CC1=NN=C(S1)NC(=O)C2=CC3=C(S2)CCC3,,
2567270,CN(C)C1=CC=CC(=C1)C(=O)NCC2=CC=CC=C2,,
2567345,CC1=CC(=NO1)C(=O)NC2=CC=C(C=C2)S(=O)(=O)N3CCCC3,,
2567438,C1=CC(=CC=C1C2=NN=CO2)OC3=C(C=C(C=C3)[N+](=O)[O-])Cl,,
2567467,C1=COC(=C1)CNC(=O)CCNC(=O)C2=CC=C(C=C2)[N+](=O)[O-],,
2567479,C1=CC=C(C=C1)C2=NC(=CS2)CC(=O)NCC3=CC=CO3,,
2567483,CC1=CC(=C(C=C1)C)NC(=O)C2=C(C=CC(=N2)Cl)Cl,,
2567501,C1CC1NC(=O)CSC2=C(C=CC(=C2)Cl)Cl,,
2567536,C1=CC=C(C=C1)C(=O)NC(=O)CSC2=CC=C(C=C2)Cl,,
2567887,C1CC1C2=NN=C(N2N)SCC(=O)NC3=CC=C(C=C3)N4CCOCC4,,
2567966,C1CN(CC=C1C2=CC=CC=C2)C(=O)C3=CC=CS3,,
2567991,CCOC1=CC=C(C=C1)CN(C)C(=O)CNC(=O)C2CCCCC2,,
2568109,C1CCC(CC1)(CNC(=O)COC2=CC=CC=C2[N+](=O)[O-])N3CCOCC3,,
2568387,C1=CC=C(C=C1)OC2=CC=C(C=C2)C(=O)NCC3=CC=NC=C3,,
2568535,C1=CC=NC(=C1)CCNC(=O)C2=CC=C(C=C2)OC(F)F,,
2568857,CCCNC(=O)CSC1=NC2=C(S1)C=C(C=C2)OCC,,
2568966,CCOC(=O)N1CCN(CC1)C(=O)CNC(=O)C2=CC=CC=C2F,,
2569005,C1=CC=C(C=C1)CC(=O)NCC(=O)NCCC2=CC=C(C=C2)S(=O)(=O)N,,
2569974,CC1=C(C(=NN1CC(=O)NC2(CCCCC2)C#N)C)[N+](=O)[O-],,
2570256,CC1=C(C2=CC=CC=C2N1)C(=O)CSC3=NC4=C(N3)C=C(C=N4)Cl,,
2570326,CC1=C(C(=NO1)C)C(=O)OCC(=O)NC2=CC=C(C=C2)C(=O)N,,
2570546,CCC1=CC=C(C=C1)C2=NC(=NN2)SCC(=O)N3CCOCC3,,
2570598,CC1=C(C(=NO1)C)COC(=O)C2=C(C3=CC=CC=C3O2)COC,,
2570751,CC1=CC(=NC2=NC(=NN12)C(=O)NC3=CC4=C(CCC4)C=C3)C,,
2571237,CC1=CC(=C(N1CCOC)C)C(=O)COC(=O)C2=C(N=CC=C2)SC,,
2571368,COC1=CC2=CC=CC=C2C=C1C(=O)NC3CCCCC3,,
2571604,CCNC(=O)COC(=O)CCNC(=O)C1=CC=C(C=C1)Cl,,
2571647,C1=CC(=C(N=C1)Cl)NC(=O)COC(=O)C2=CC(=CC(=C2)F)F,,
2571939,CC1=CSC(=N1)NC(=O)C2=CC(=CC=C2)NC(=O)C,,
2571989,CC1=CC=C(S1)C(=O)NCCC2=CNC3=CC=CC=C32,,
2572028,CC1=C(N=C(O1)C2=CC=CC=C2)C(=O)N3CCN(CC3)C4=CC=C(C=C4)F,,
2572085,CC1=CC=C(C=C1)OCCC(=O)NC2=CC3=C(C=C2)OCO3,,
2572372,C1=CC=NC(=C1)CCNC(=O)COC2=CC=C(C=C2)Cl,,
2572434,CC(=O)N1CCN(CC1)S(=O)(=O)C2=C(C=C(C=C2)Cl)F,,
2572571,C1=CC=C(C(=C1)CC(=O)NCC2=CC=C(C=C2)S(=O)(=O)N)F,,
2572613,C1=CC=C(C(=C1)NC(=O)C2=C(C=CC=C2Cl)F)Br,,
2572661,CCOC1=C(C=CC=N1)C(=O)NCCC2=CNC3=CC=CC=C32,,
2572739,CC1=CC(=C(C=C1)S(=O)(=O)N2CCN(CC2)C(=O)CN3C4=CC=CC=C4N=CC3=O)C,,
2572862,CC1=CC(=NO1)NC(=O)CSC2=NN=CN2C3=CC=CC=C3,,
2572928,CC1=C(C(=CC=C1)NC(=O)C2=CC=C(C=C2)OCC3=C(ON=C3C)C)C,,
2573256,COC1=CC=CC=C1NC(=O)CSC2=NN=CN2C3=CC=CC=C3,,
2573331,C1CCCN(CCC1)CC(=O)NC2=C(C(=CC=C2)Cl)Cl,,
2573541,C1CC(=O)N(C1)CCCNS(=O)(=O)C2=CC=CC(=C2)F,,
2573775,CC1=CC(=CC(=C1)NC(=O)CN2C(=O)C3=CC=CC=C3N=N2)C,,
2574091,CCOC1=C(C=CC=N1)C(=O)NCC2=CC=CC=C2Cl,,
2574102,CC1=CSC(=N1)NC(=O)C2=CC=C(C=C2)N3CCCC3=O,,
2574277,CC1CCN(CC1)C(=O)CNC(=O)C2=CC=C(O2)Br,,
2574323,CCCN1C(=C(C(=O)NC1=O)C(=O)CN2CCN(CC2)S(=O)(=O)C3=CC(=CC=C3)Cl)N,,
2574382,CC1=CC(=CC=C1)NC(=O)CN2CCSC3=CC=CC=C32,,
2574433,CC1=CC2=C(C=C(N=C2C=C1)C)C(=O)NC3=NC=CS3,,
2574590,CC1=C(C(=NO1)C)COC2=CC=C(C=C2)C(=O)NC3=CC=CC=C3,,
2575978,C1=CC=NC(=C1)C(=O)NCC2=CC=C(C=C2)S(=O)(=O)N,,
2576098,CC1=C(SC2=NC=NC(=C12)NCCCN3CCCC3=O)C,,
2576233,COC1=CC=C(C=C1)C(=O)NCC(=O)N2CCC3=CC=CC=C3C2,,
2576269,C1=CC=C2C(=C1)C=CC(=N2)C(=O)NC3=NC=CS3,,
2576489,CC1=C(C=C(C=C1)Cl)NC(=O)C2=CC=CC=N2,,
2576575,COC1=CC=CC=C1CC(=O)N2CCN(CC2)S(=O)(=O)C3=CC=CC=C3F,,
2576669,CCCN1C(=O)NN=C1SCC(=O)NCC2=CC=C(C=C2)C,,
2576679,CC1=C(NC2=C1C=C(C=C2)C(=O)NCC3=CC=CC=N3)C,,
2577541,C1=CC(=CC(=C1)F)C2=NC(=CS2)CC(=O)O,,
2577547,C1=CC(=CC=C1C2=NC(=CS2)CC(=O)O)F,,
2577847,C1=CC=C(C=C1)NC(=O)COC(=O)CCC2=CNC3=CC=CC=C32,,
2578228,C1=CC(=CC(=C1)Cl)N2C(=C(C=N2)C(=O)N)N,,
2578853,CC1=CC=C(S1)C(=O)NCC(=O)OCC(=O)C2=CC=CC=C2,,
2579010,C1=CC=NC(=C1)C(=O)NC2=CC(=C(C=C2)OC(F)F)Cl,,
2579466,CCN(CC(=O)NCC1=CC=C(C=C1)F)C(=O)/C=C/C2=CC=CO2,,
2579680,C1CCCC(CC1)NC(=O)C2=NN(C(=O)C=C2)CC3=CC=CC=C3,,
2579845,CC(=O)NC1=CC(=C(C=C1)OC)NC(=O)C2=CC=C(C=C2)Cl,,
2579979,CN1C(=C(C(=O)N(C1=O)C)C(=O)CN2CCC3=CC=CC=C3C2)N,,
2580107,CCOC(=O)N1CCN(CC1)CC(=O)NC2=C(C=CS2)C#N,,
2580276,C1COC2=C(O1)C=CC(=C2)C(=O)OCC(=O)NC3=CC=C(C=C3)F,,
2582718,CCOC1=CC=C(C=C1)OCCCCN2C=NC3=CC=CC=C3C2=O,,
2583017,CC(=O)NC1=CC=C(C=C1)NC(=O)CC2CCCC2,,
2583265,C1=CC=C2C(=C1)NC(=N2)NC(=O)C3=CC=C(C=C3)OC(F)F,,
2583301,CC1=CC(=C(C(=C1)C)OCC(=O)NC2=NC3=CC=CC=C3N2)C,,
2583326,C1=CC=C(C(=C1)CC(=O)NC2=NC3=CC=CC=C3N2)Cl,,
2583506,CC(C)OC1=CC=C(C=C1)C(=O)NC2=NC3=CC=CC=C3N2,,
2583514,C1=CC=C2C(=C1)C=C(O2)C(=O)NC3=NC4=CC=CC=C4N3,,
2583534,C1=CC=C2C(=C1)NC(=N2)NC(=O)C3=CC=C(C=C3)F,,
2583589,C1=CC=C(C=C1)CC(=O)NC2=NC3=CC=CC=C3N2,,
2583725,CC1=CC(=CC(=C1)C(=O)NC2=NC3=CC=CC=C3N2)C,,
2585229,CC1=CC(=C(N1CC(F)(F)F)C)C(=O)CN2C(=O)C(=C(C=N2)Cl)Cl,,
2591198,CCNC(=O)CSC1=NC(=CS1)C2=CC=C(C=C2)F,,
2608486,C1=CC(=CC=C1CCNC(=O)C2=NC=CN=C2)S(=O)(=O)N,,
2608606,CC1=C(C(=CC=C1)C)NC(=O)CN2CCNCC2,,
2608786,COC1=CC=CC=C1NC2=C(C=CC=N2)C(=O)O,,
2626966,CC1=CC(=C(N1C2=CC=CC=C2)C)C(=O)COC(=O)C3=COCCO3,,
2629406,C1=CC(=CC2=C1C=CC(=O)O2)OCC3=CC=C(C=C3)Br,,
2630158,CN1C(=NN=N1)SCC(=O)NCC2=CC(=C(C=C2)OC)OC,,
2648225,C1=CC=C(C=C1)C2=CC=C(C=C2)/C=C\3/C(=O)N(C(=S)S3)CC(=O)O,,
2653436,CC(C)(C)C(=O)CSC1=NC=NC2=C1C=NN2C3=CC=CC=C3,,
2653640,CC1=CC(=CC=C1)NC(=O)CN2CCN(CC2)C3=CC=CC=C3OC,,
2660463,C1=CC=NC(=C1)C2=CSC(=N2)NC(=O)CC3=CC=C(C=C3)F,,
2660519,C1=CC=NC(=C1)C2=CSC(=N2)NC(=O)COC3=CC(=CC=C3)F,,
2664862,CC1=CC=C(C=C1)NC(=O)C2=CN=C(C=C2)Cl,,
2666601,C1CCC(C1)CC(=O)NC2=NC=CS2,,
2666713,C1CCC(CC1)CNC(=O)C2=CC=C(C=C2)[N+](=O)[O-],,
2666799,C1CC(C1)C(=O)NNC(=O)C2=CC=C(C=C2)Cl,,
2670221,CN1CCN(CC1)C2=C(C=C(C=C2)Cl)NC(=O)/C=C/C3=CC(=CC=C3)F,,
2673450,C1CCC(C1)CC(=O)NC2=CC3=C(CCC3)C=C2,,
2674365,CC1=CC2=C(C=C1)C(=CO2)CC(=O)N3CCN(CC3)S(=O)(=O)C4=CC5=C(C=C4)OCCO5,,
2679292,CC1=CSC(=N1)NC(=O)C2=CC(=CC=C2)OC,,
2697127,CCC1=CC=C(C=C1)/C=C/2\CCC3=CC=CC=C3C2=O,,
2697446,C1CN(CCN1CC2=CC=CC=C2)CC(=O)NC3=CC=CC(=C3)C(F)(F)F,,
2709110,C1=CC=C2C(=C1)C(=O)N(C2=O)CCOC3=CC=CC=C3Cl,,
2716696,C1=C(C=C(C(=C1C=O)O)Cl)Br,,
2723592,CC(=O)NNC(=S)N,,
2723593,CC(=O)NC(=S)N,,
2723597,C1=CC=C(C=C1)C(=O)CN.Cl,,
2723599,C1=C(NC(=S)NC1=O)N.O,,
2723604,CCOC(=O)[C@H](CCCN=C(N)N)NC(=O)C1=CC=CC=C1.Cl,,
2723609,C(C(=O)O)ON.C(C(=O)O)ON.Cl,,
2723613,C[C@H](CCCC(C)C)[C@H]1CC[C@@H]2[C@@]1(CC[C@H]3[C@H]2CC=C4[C@@]3(CC[C@@H](C4)OC(=O)C5=CC=CC=C5)C)C,,
2723614,CCCCCCCCC(=O)O[C@H]1CC[C@@]2([C@H]3CC[C@]4([C@H]([C@@H]3CC=C2C1)CC[C@@H]4[C@H](C)CCCC(C)C)C)C,,
2723617,CCOC(=O)[C@H](CS)N.Cl,,
2723628,C1C(=O)NC(=S)NC1=O,,
2723636,CC(=O)OC[C@@H]1[C@H]([C@@H]([C@H]([C@H](O1)OC(=O)C)OC(=O)C)OC(=O)C)OC(=O)C,,
2723639,C(C(=O)N)N.Cl,,
2723640,CCOC(=O)CN.Cl,,
2723641,C(C(=O)O)(O)O,,
2723648,CC1=CC=NC(=O)N1.Cl,,
2723665,C1CC2=CC=CC=C2OC1C(=O)O,,
2723687,CC(=O)NC1=NNC(=S)S1,,
2723694,CC(C)(C)C1=CC=C(C=C1)C(=O)CCCCl,,
2723695,CC(C)C[C@@H](C(=O)OC)N.Cl,,
2723707,CC(=O)[CH-]C(=O)C.CC(=O)[CH-]C(=O)C.[Ni+2],,
2723722,CC(=O)[C@H]1CC[C@@H]2[C@@]1(CC[C@H]3[C@H]2CC=C4[C@@]3(CC[C@@H](C4)OC(=O)C)C)C,,
2723723,C1=C(NN=C1C(=O)O)C(=O)O.O,,
2723730,COC(=O)[C@H](CO)N.Cl,,
2723731,COC(=O)[C@H](CO)N,,
2723734,C1=CC(=C(C=C1S(=O)(=O)O)C(=O)O)O.O.O,,
2723735,CC(=O)N[C@@H](CSC1=CC=CC=C1)C(=O)O,,
2723758,C1CNC(CN1)C(=O)O,,
2723766,C1[C@@H]2C=C[C@H]1[C@@H]3[C@H]2C(=O)OC3=O,,
2723810,C(=O)[O-].[Na+],,
2723816,CCC(=O)[O-].[Na+],,
2723826,CN(C)C1=CC=C(C=C1)C=C2C(=O)NC(=S)S2,,
2723845,C1CC[C@H]([C@@H](C1)N(CC(=O)O)CC(=O)O)N(CC(=O)O)CC(=O)O,,
2723854,C1=CC2=C(C=C1S(=O)(=O)[O-])C(=C(N2)C3=NC4=C(C3=O)C=C(C=C4)S(=O)(=O)[O-])O.[Na+].[Na+],,
2723870,C1C(=NN(C1=O)C(=S)N)C2=CC=CC=C2,,
2723876,CN1C2CC(CC1C3C2O3)OC(=O)[C@H](CO)C4=CC=CC=C4.O.O.O.Br,,
2723877,CN1C2CC(CC1C3C2O3)OC(=O)[C@H](CO)C4=CC=CC=C4,,
2723880,CCOC(=O)C1CCN(CC1=O)CC2=CC=CC=C2.Cl,,
2723891,C(CC(=O)O)[C@@H](C(=O)O)N.Cl,,
2723896,C(=C(\C(=O)O)/Br)(\C(=O)O)/Br,,
2723897,C[C@H](CCCC(C)C)[C@H]1CC[C@@H]2[C@@]1(CC[C@H]3[C@H]2CC=C4[C@@]3(CC[C@@H](C4)OC(=O)C)C)C,,
2723901,C1CNCCC1=O.O.Cl,,
2723920,C1(=NC(=O)NC(=O)N1)C(=O)[O-].[K+],,
2723923,C(=O)[O-].[NH4+],,
2723935,COC1=CC=C(C=C1)C[C@@H](C(=O)O)N,,
2723942,C1=CC=C(C=C1)COC(=O)N[C@@H](CC(=O)O)C(=O)O,,
2723970,[2H]C([2H])(C(=O)O[2H])N([2H])[2H],,
2724018,CC(C)NC[C@H](C1=CC(=C(C=C1)O)O)O.[C@@H]([C@H](C(=O)O)O)(C(=O)O)O,,
2724023,C1CSC2=N[C@H](CN21)C3=CC=C(C=C3)Br.C(=O)(C(=O)O)O,,
2724048,CC1=C(C=CC(=C1)Cl)OCC(=O)[O-].[Na+],,
2724058,CCC(C)C(=O)C(=O)[O-].[Na+],,
2724059,CC(C)C(=O)C(=O)[O-].[Na+],,
2724073,[Li+].C1=CC=C(C=C1)C(=O)[O-],,
2724093,CC1=C(C(=O)N(N1)C2=CC(=C(C=C2Cl)S(=O)(=O)O)Cl)N=NC3=CC=C(C=C3)S(=O)(=O)O,,
2724114,CC(=O)[CH-]C(=O)C.CC(=O)[CH-]C(=O)C.O=[V+2],,
2724118,[Li+].[Li+].[Li+].C(C(=O)[O-])C(CC(=O)[O-])(C(=O)[O-])O.O.O.O.O,,
2724135,C1C(NCC2=CC=CC=C21)C(=O)O.Cl,,
2724148,C(C(C(=O)[O-])O)(C(=O)[O-])O.O.O.O.O.[Na+].[K+],,
2724159,CC(=C)[C@H]1CCC(=CC1)C=O,,
2724160,CC(=C)[C@H]1CCC(=CC1)C(=O)O,,
2724170,C(CO)[C@H](C(=O)O)N,,
2724174,CC1=CC2=C(C3=CC=CC=C3N=C2C=C1)C=O,,
2724179,C1=CC(=CC=C1C(=O)N[C@@H](CCC(=O)O)C(=O)O)[N+](=O)[O-],,
2724192,CC(=O)[O-].CC(=O)[O-].O.O.[Zn+2],,
2724193,C(=O)(C(=O)[O-])[O-].O.[K+].[K+],,
2724216,CC(=O)[CH-]C(=O)C.CC(=O)[CH-]C(=O)C.[Co+2],,
2724224,C(C(C(=O)[O-])O)(C(=O)[O-])O.[NH4+].[NH4+],,
2724246,[Li+].CC(=O)CC(=O)[O-],,
2724268,C(=O)(C(F)(F)F)[O-].[NH4+],,
2724275,CC(C)(C)[Si](C)(C)N(C)C(=O)C(F)(F)F,,
2724279,C[C@H](CC(=O)OC)O,,
2724295,C1[C@H]2[C@H](CC(=O)O2)[C@H]([C@@H]1OC(=O)C3=CC=C(C=C3)C4=CC=CC=C4)CO,,
2724329,C(CN)C(C(=O)O)N.Cl.Cl,,
2724333,[C@H]1([C@@H]2[C@@H]([C@H](C(=O)O2)O)O[C@H]1O)O,,
2724336,C([C@H](C(=O)O)N)S(=O)(=O)O,,
2724354,[C@@H]([C@@H](C(=O)O)S)(C(=O)O)S,,
2724355,C1[C@@H]([C@H](O[C@H]1N2C=CC(=NC2=O)N)CO)O.O,,
2724360,COC1=C2C3=C(C(=O)CC3)C(=O)OC2=C4[C@@H]5CCO[C@@H]5OC4=C1,,
2724361,COC1=C2C3=C(C(=O)OCC3)C(=O)OC2=C4[C@@H]5C=CO[C@@H]5OC4=C1,,
2724362,COC1=C2C3=C(C(=O)OCC3)C(=O)OC2=C4[C@@H]5CCO[C@@H]5OC4=C1,,
2724368,C1=CC(=C(C=C1N)O)C(=O)[O-].[Na+],,
2724371,C1=CC=C(C=C1)C(=O)NC(CCCN=C(N)N)C(=O)NC2=CC=C(C=C2)[N+](=O)[O-].Cl,,
2724377,COC(=O)[C@H](CSSC[C@@H](C(=O)OC)N)N,,
2724380,CC(=O)N[C@@H](CC1=CN=CN1)C(=O)O.O,,
2724385,C[C@@H]1[C@H]([C@H](C[C@@H](O1)O[C@@H]2[C@H](O[C@H](C[C@@H]2O)O[C@@H]3[C@H](O[C@H](C[C@@H]3O)O[C@H]4CC[C@]5([C@@H](C4)CC[C@@H]6[C@@H]5C[C@H]([C@]7([C@@]6(CC[C@@H]7C8=CC(=O)OC8)O)C)O)C)C)C)O)O,,
2724406,C1(=C(NC(=S)NC1=O)N)N=O,,
2724411,CN(C)C1=CC=C(C=C1)C(=C2C=CC(=[N+](C)C)C=C2)C3=CC=CC=C3.CN(C)C1=CC=C(C=C1)C(=C2C=CC(=[N+](C)C)C=C2)C3=CC=CC=C3.C(=O)(C(=O)O)O.C(=O)(C(=O)[O-])O.C(=O)(C(=O)[O-])O,,
2724414,CC(=O)[O-].C1=CC2=C(C=C1N)SC3=CC(=[NH2+])C=CC3=N2,,
2724431,CCC(=O)N(C1=CC=CC=C1)C2(CCNCC2)C(=O)OC,,
2724440,C1CNCCC1C(=O)C2=CC=C(C=C2)F,,
2724446,CCOC(=O)[C@@H]1CCC(=O)N1,,
2724453,C1[C@H]([C@@H]([C@@H]2[C@H]1OC(=O)C2)CO)O,,
2724466,C1CCC(CC1)(C(=O)O)N.Cl,,
2724480,C[N+](C)(C)C[C@H](CC(=O)[O-])O,,
2724489,COC1=CC=C(C=C1)C(C2=CC=CC=C2)(C3=CC=C(C=C3)OC)OC[C@@H]4[C@H](C[C@@H](O4)N5C=NC6=C(N=CN=C65)NC(=O)C7=CC=CC=C7)O,,
2724490,COC1=CC=C(C=C1)C(C2=CC=CC=C2)(C3=CC=C(C=C3)OC)OC[C@@H]4[C@H](C[C@@H](O4)N5C=CC(=NC5=O)NC(=O)C6=CC=CC=C6)O,,
2724505,C1=CC=C(C=C1)CC[C@@H](C(=O)O)N,,
2724540,C[C@H](C(=O)O)Cl,,
2724542,COC(=O)C1CC1C(=O)OC,,
2724554,C(CCCCCCCCCCCC(=O)O)CCCCCCCCCCC(=O)O,,
2724573,C[C@@H]1CC[C@H]([C@@H](C1)OC(=O)[C@@H](C)O)C(C)C,,
2724611,CO[C@](C1=CC=CC=C1)(C(=O)Cl)C(F)(F)F,,
2724622,C[C@@H](C1=CC=CC=C1)C(=O)O,,
2724628,CC(C)(C)OC(=O)NCCCC[C@@H](C(=O)O)NC(=O)OCC1C2=CC=CC=C2C3=CC=CC=C13,,
2724629,CC[C@H](C)[C@@H](C(=O)O)NC(=O)OCC1C2=CC=CC=C2C3=CC=CC=C13,,
2724630,C1=CC=C2C(=C1)C(C3=CC=CC=C32)COC(=O)NCCC(=O)O,,
2724631,C1=CC=C2C(=C1)C(C3=CC=CC=C32)COC(=O)N[C@@H](CCCN=C(N)N)C(=O)O,,
2724632,CSCC[C@@H](C(=O)O)NC(=O)OCC1C2=CC=CC=C2C3=CC=CC=C13,,
2724684,CC(=O)O.C(=N)(N)N,,
2724691,CCCCCCCCCCCCCCCCCC(=O)[O-].[Na+],,
2724702,CC(=O)OC[C@@H]1[C@H]([C@@H]([C@H]([C@@H](O1)OC(=O)C)OC(=O)C)OC(=O)C)OC(=O)C,,
2724741,C1C(=CC(=O)N1)OCC2=CC=CC=C2,,
2724754,C[C@](CC1=CC=CC=C1)(C(=O)O)N,,
2724758,CC(C)(C)OC(=O)N[C@@H](CCC(=O)O)C(=O)O,,
2724762,CC[C@H](C)[C@@H](C(=O)O)NC(=O)OC(C)(C)C,,
2724765,CC(C)(C)OC(=O)N[C@@H](CCCCNC(=O)OCC1=CC=CC=C1)C(=O)O,,
2724772,CC[C@H](C)[C@@H](C(=O)O)NC(=O)OCC1=CC=CC=C1,,
2724774,C1=CC=C2C(=C1)C(C3=CC=CC=C32)COC(=O)N[C@@H](CC(=O)N)C(=O)O,,
2724791,COC(C(=O)OC)O,,
2724794,C1[C@@H]([C@H](C(=O)O1)O)O,,
2724805,C1COCCOCCOC2=C(C=CC(=C2)C(=O)O)OCCOCCO1,,
2724807,CC(C)[C@@H](C(=O)O)NC(=O)CN,,
2724822,C1=CC(=C(C=C1C(=O)O)N)C(=O)O,,
2724875,C[C@H]([C@@H](C(=O)O)N)OC,,
2724883,C1=CC=C2C(=C1)C=CC=C2C[C@@H](C(=O)O)N,,
2724889,CCOC(=O)COC1=C2CC3=CC(=CC(=C3OCC(=O)OCC)CC4=C(C(=CC(=C4)C(C)(C)C)CC5=C(C(=CC(=C5)C(C)(C)C)CC1=CC(=C2)C(C)(C)C)OCC(=O)OCC)OCC(=O)OCC)C(C)(C)C,,
2724912,CC(=O)C1=C(C=C(C=C1)O)F,,
2724914,CN1C(=CC(=O)N1)C(F)(F)F,,
2724939,CCOC(=O)[C@H](CC1=CC=C(C=C1)O)N.Cl,,
2724967,C1=CC(=C(C=C1F)N)C(=O)O,,
2725043,C(=O)(C(C(F)(F)F)(C(F)(F)F)O)O,,
2725048,CC1=CC(=CC(=C1)NC(=O)CC2=CC=C(C=C2)OC(C)(C)C(=O)[O-])C.[Na+],,
2725061,C1=CC(=C(C=C1F)Cl)CC(=O)O,,
2725444,CC1CCCC(N1C(=S)NCC2=CC=CO2)C,,
2725582,C1=CC=C(C=C1)CCNC2=C(C=C(C=C2)[N+](=O)[O-])C(=O)O,,
2725651,CC(C)(C)C(=O)NC1=CC=C(C=C1)S(=O)(=O)N,,
2725665,CCOC(=O)C(C)OC1=CC=C(C=C1)S(=O)(=O)N,,
2725675,CC1=NNC(=O)C1CC2=CC=CC=C2,,
2725680,CCCCC1=C(NC(=S)NC1=O)C,,
2725832,C1=CC=C2C(=C1)C(=O)N(C(=S)N2)C3=CN=CC=C3,,
2725835,C1=CC=C(C=C1)CNC(=S)NCCNC(=O)CC2=CC=C(C=C2)O,,
2726015,CC(C(=O)NC1=CC=C(C=C1)Cl)ONC(=O)C2=CC(=CC(=C2)C(F)(F)F)C(F)(F)F,,
2726030,CC1=CC(=NC(=C1C#N)OC(=O)C2=CC=CS2)C,,
2726122,C1=CC(=CC=C1CC(=O)NC2=NC=CS2)[N+](=O)[O-],,
2726141,CC1=C(C(=NO1)C2=C(C=CC=C2Cl)Cl)C(=O)NN3CCCCCC3,,
2726215,CC1=CC(=NN1C2=CC=CC=C2)NC(=O)OC,,
2726246,C1=CC=C(C=C1)C2=C(C(=O)ON2)N=NC3=C(C=CC=C3Cl)F,,
2726416,CC1=C(C(=O)C=CN1)OCC2=CC=CC=C2,,
2726555,C1=CC=C(C=C1)NC2=C(C(=O)NS2)C#N,,
2726558,C1=CC(=CC=C1NC2=C(C(=O)NS2)C#N)Cl,,
2726559,C1=CC=C(C(=C1)NC2=C(C(=O)NS2)C#N)Cl,,
2726567,C1=CC=C(C(=C1)C(F)(F)F)NC2=C(C(=O)NS2)C#N,,
2726628,CCOC(=O)CNC(=S)SC,,
2726660,C1C(=O)N(C(=S)N1)CCC2=CC(=C(C=C2)O)O,,
2726661,C1C(=O)N(C(=S)N1)CCCN2C=CN=C2,,
2726681,C1=CC=C(C=C1)NC(=O)NC2=CC3=C(C=C2)N=NS3,,
2726774,C1=CC=C2C(=C1)C(=O)C(=O)NN2,,
2726815,C1CSCC2=C1NN(C2=O)C3=CC=CC=C3,,
2726998,C1=CC=NC(=C1)C2=CC(=NO2)C3=C(C=C(C=C3)Cl)Cl,,
2727208,C1=CC(=NC=C1C(=O)N)OCC(F)(F)F,,
2727251,C1=CC(=CN=C1)N2C(=NOC2=O)C3=C(C=C(C=C3)Cl)Cl,,
2727313,C1=CC(=C(C(=C1)Cl)C2=NOC(=N2)C3=CC=NO3)Cl,,
2727315,CC(C)(C)C1=CC=C(C=C1)C2=NOC(=N2)C3=CC=NO3,,
2727397,CC1CC(=O)NN=C1C2=CC=CS2,,
2727400,CCOC(=O)CC1=NN=C(O1)C2=CC=CC=C2,,
2727464,C1=CC(=C(N=C1)OC2=C(C=C(C=C2)Cl)Cl)C(=O)N,,
2727494,CCC1=C(C(=O)NC(=S)N1)C#N,,
2727495,CC1=CC=C(C=C1)CC2=CC(=NNC2=O)C,,
2727506,CCOC(=O)C1=C(N(N=C1)C2=CC=C(C=C2)[N+](=O)[O-])N,,
2727559,C1=CSC(=C1)C(=O)NC2=NN=C(S2)SC3=C4C=CC(=CC4=NC=C3)Cl,,
2727563,C1=CC2=C(N=C1)SNC2=O,,
2727612,C1=CC(=O)NN=C1C2=CC=NC=C2,,
2727728,C1C(CC(=O)NC1=O)C2=CC=C(C=C2)Cl,,
2727739,CC1=NN(C(=C1)NC2=CC=CC=C2C(=O)O)C3=CC=C(C=C3)OC,,
2727812,C1=CC(=CC=C1NCCC(=O)O)Cl,,
2727858,C(CCC(=O)NCC(=O)O)CC(=O)NCC(=O)O,,
2727899,CCOC(=O)C1=CC2=C(N1)C=CC(=C2)F,,
2727906,CN1CCCCC(C1=O)C2=CC(=CC=C2)OC,,
2728050,C=CCCOC1=CC=CC=C1C(=O)N,,
2728077,C1CC2=C(C=C3C(=N2)CCCC3=O)C(=O)C1,,
2728161,CC(C)OC1=CC=CC=C1C(=O)N,,
2728177,C1=CC2=C(C=C1F)C=C(N2)C(=O)NN,,
2728342,C1=CC=C2C(=C1)C3=CC=CC=C3N2CC(=O)NN,,
2728364,CC(C)(C)OC(=O)C(C)(C)SC1=NN=C(S1)N,,
2728451,CC1=C(C2=C(N1)C=CC(=C2)C(C)C)CC(=O)O,,
2728459,CC1=C(SC(=N1)C2=CC=C(C=C2)Cl)C(=O)C,,
2728482,CC(C)(C)OC(=O)N1C=CC2=C1C=CC(=C2)Br,,
2728512,CC1=NC2=C(C=C1)C=C(C=C2)NC(=O)CC3=CC=CC=C3,,
2728601,CC1(CC(=O)C2=C(O1)C=C(C=C2)OCC3=CC=C(C=C3)[N+](=O)[O-])C,,
2728636,CC1CC(=O)NC2=CC=CC=C2S1,,
2728645,CC1(CC(=O)N(C2=CC=CC=C2S1)CC(=O)O)C,,
2728743,CC1=CC(=NC2=C1C(=O)NN2C)C,,
2728810,CC1=CC=C(C=C1)S(=O)(=O)CC(=O)C2=CC=C(C=C2)[N+](=O)[O-],,
2728904,CC(=O)OC[C@@H]1[C@H]([C@@H]([C@H]([C@@H](O1)OC(=O)C)N2C(=O)C3=CC=CC=C3C2=O)OC(=O)C)OC(=O)C,,
2728914,C1=CC=C(C=C1)C(=O)OC[C@@H]2[C@H]([C@H]([C@@H](O2)C#N)OC(=O)C3=CC=CC=C3)OC(=O)C4=CC=CC=C4,,
2729004,CC(C)(C)OC(=O)N[C@@H](CCCN=C(N)N)C(=O)O.O.Cl,,
2729042,C1C(=O)C2=C(C1=O)C(=C(C(=C2Cl)Cl)Cl)Cl,,
2729105,C1CCC(CC1)N2C=C(C(=O)C3=CC=CC=C32)C(=O)O,,
2729243,CC(=O)N1CCC2=C1C(=CC(=C2)Br)[N+](=O)[O-],,
2729254,C1=CC=C(C=C1)S(=O)(=O)C(CCC(=O)O)(CCC(=O)O)C#N,,
2729402,COC(=O)C(C1=CC=C(C=C1)NC(=O)C2=CC(=C(C=C2)Cl)Cl)(C(F)(F)F)O,,
2729422,CCOC(=O)C1=C(N=C2N(C1C3=CC=CC=C3)C(=O)CS2)C,,
2729564,C1CCC(CC1)C(=O)N2CCN(CC2)S(=O)(=O)C3=CC(=CC(=C3)C(F)(F)F)C(F)(F)F,,
2729629,CC1=CC(=O)C(=CC1=O)Br,,
2729711,COC(=O)CC1=C2C(=CC=C1)C(=O)C3=CC=CC=C3O2,,
2730572,CCC1=CC(=O)NC(=S)N1,,
2730876,CC(C)NC(=O)NNC(=O)CN1N=C(N=N1)C2=C(C(=CC=C2)Cl)Cl,,
2731039,COC1=CC=C(C=C1)CNC2=CC=C(C=C2)C(=O)O,,
2731104,CC1=CC2=C(C=C1)NC(=S)N(C2=O)C3=CC=C(C=C3)OC,,
2731126,C1=CC=C2C=C(C=CC2=C1)NCN3C4=CC=CC=C4C(=O)C3=O,,
2731143,CC1=NC(=NO1)C2=CC(=C(C(=C2)OC)OC)OC,,
2731158,CC(C)C(C(=O)O)NS(=O)(=O)C1=CC=CC=C1,,
2731237,C1=CC=C(C=C1)C(=O)C2=CC=CC=C2N3C(=O)C=CC3=O,,
2731248,CSC1=CC=CC(=C1)NC(=O)N,,
2731365,C1=CC(=CC(=C1)Cl)C(=O)NNC(=S)N,,
2731466,CC1=CC(=NO1)N=CC2=C(C(=CC(=C2)Cl)Cl)O,,
2731520,CC(C)(C)NC(=O)NCCO,,
2731732,COC1=CC(=CC(=C1OC)OC)NCN2C3=CC=CC=C3C(=O)C2=O,,
2731733,CCC1=CC=C(C=C1)NCN2C3=CC=CC=C3C(=O)C2=O,,
2731746,C1C(C(=O)N(C1=O)C2=CC=CC=C2)SC3=CC=CC=C3C(=O)O,,
2731753,C1=CC=C(C(=C1)C(=O)O)NC2=C(C=C(C=C2)[N+](=O)[O-])C(=O)O,,
2731805,C1CC(=O)NC(C1[N+](=O)[O-])C2=CC=C(C=C2)Cl,,
2731872,C1C(=O)N(C(=S)S1)C2=CC(=CC=C2)Br,,
2731884,C1C(=O)N(C(S1)C2=CN=CC=C2)C3=CC=C(C=C3)Cl,,
2731886,C1C(=O)N(C(S1)C2=CN=CC=C2)C3=CC=CC=C3,,
2731891,CC(C)(C)C1=CC=C(C=C1)N2C(SCC2=O)C3=CN=CC=C3,,
2731902,CC(C)(C)C1=CC=C(C=C1)NCN2C3=CC=CC=C3C(=O)C2=O,,
2731904,C1=CC=C2C(=C1)C(=O)C(=O)N2CNC3=CC=CC=C3Br,,
2731954,C1C(=O)N(C(S1)C2=CN=CC=C2)CC3=CC=C(C=C3)Cl,,
2731970,COC1=CC(=C(C=C1)NC2=C(C=CC(=C2)C(F)(F)F)Cl)C(=O)O,,
2732003,CC1(CC(=CC(=O)C1)OC(=O)C2=CC=C(C=C2)Cl)C,,
2732022,C1C(=O)N(C(S1)C2=CN=CC=C2)CC3=CC(=C(C=C3)Cl)Cl,,
2732040,CC1=C(C2=CC=CC=C2O1)CNC(=O)NCC3=CC=CS3,,
2732117,COC1=CC(=C(C=C1)N2C(=O)C=CC2=O)[N+](=O)[O-],,
2732123,CN(C)/C=C(\C#N)/C(=O)OC,,
2732233,CC1=CC=C(C=C1)NC2=NN=C(O2)CC3=CC(=C(C=C3)OC)OC,,
2732263,C1=CSC(=C1)CCNC(=O)C2=CC=C(C=C2)Cl,,
2732306,C1CC1CN2C(SCC2=O)C3=CN=CC=C3,,
2732314,CCOC(=O)CCN1C2=CC=CC=C2N(C1=S)CCC(=O)OCC,,
2732331,CC1CC(=O)N(C(=O)C1)C2=CC=C(C=C2)Br,,
2732348,COC1=CC=C(C=C1)N2C(=O)CC(C2=O)SCC3=CC=C(C=C3)Cl,,
2732349,C1CC(=O)N(C(=O)C1)C2=CC=C(C=C2)F,,
2732368,CC1(CC(=O)N(C(=O)C1)C2=CC(=CC(=C2)Cl)Cl)C,,
2732424,CCOC(=O)C1=C(NC(=S)NC1C2=CC=CS2)C,,
2732456,C1CC(CC=C1)C2C(CCC(=O)N2)[N+](=O)[O-],,
2732543,CC1=CC(=C(C(=C1)C2(C(=O)C3=CC=CC=C3C2=O)O)O)C,,
2732545,CC1=C(C(=C(C=C1)C2(C(=O)C3=CC=CC=C3C2=O)O)O)C,,
2732547,CC1=CC=C(C=C1)N2C(C3=CC=CC=C3C2=O)C(=O)C4=C(C=CC(=C4)OC)O,,
2732574,CN1C(=C(C(=O)N(C1=O)C)C(C[N+](=O)[O-])C2=CC=CC=C2OC)N,,
2732579,C1=CC=C(C=C1)C(=O)OC2=CC=CC=C2CCC(=O)O,,
2732613,COC1=CC=C(C=C1)N2C(=O)CC(C2=O)N3CCCCC3,,
2732618,CC1=C(C(=CC=C1)C)N2C(=O)CC(C2=O)N3CCSCC3,,
2732655,COC1=C(C=C(C=C1)Cl)N2C(=O)C3=C(C2=O)N=CC=C3,,
2732667,COC1=CC(=CC(=C1)N2C(=O)CSCC2=O)OC,,
2732733,CN1C(=O)N(C(=O)S1)C2=CC=CC=C2,,
2732737,C1C(C(=O)N(C1=O)C2=CC=CC=C2)SCCC(=O)O,,
2732752,C1=CC2=C(C=C1OC(F)(F)F)C(=O)C(=O)N2,,
2732796,CC1=C(C=C(C=C1)NC(=O)C2CCCCC2C(=O)O)C,,
2732945,CCOC(=O)C(C)C1=CC2=C(C=C1)C=C(C=C2)OC,,
2733079,CC1=CC=C(C=C1)N2C(=O)N(C(=O)S2)CC3=CC=C(C=C3)F,,
2733127,C1=CC(=CC(=C1)Cl)[C@H](C(=O)O)O,,
2733199,CC(C)C[C@@H](C(=O)N)N.Cl,,
2733206,CC(C)(C)OC(=O)NCCO,,
2733208,COC(=O)[C@H](CS)N.Cl,,
2733211,COC(=O)C[P+](C1=CC=CC=C1)(C2=CC=CC=C2)C3=CC=CC=C3.[Br-],,
2733226,C1[C@H](NCC2=CC=CC=C21)C(=O)O,,
2733245,CCOC(=O)C(=O)C1=CSC(=N1)NC=O,,
2733254,C(C(=O)OC(=O)CI)I,,
2733257,C[C@@H](C(=O)OC)N.Cl,,
2733259,C1CC1(C#N)C(=O)O,,
2733262,C1COC2=C(C1=O)C=C(C=C2)F,,
2733268,C(=O)(C(C(C(C(C(C(C(=O)O)(F)F)(F)F)(F)F)(F)F)(F)F)(F)F)O,,
2733269,C(=O)(C(C(C(C(C(C(C(C(C(=O)O)(F)F)(F)F)(F)F)(F)F)(F)F)(F)F)(F)F)(F)F)O,,
2733270,COC(=O)C(C(C(C(C(C(C(C(C(F)(F)F)(F)F)(F)F)(F)F)(F)F)(F)F)(F)F)(F)F)(F)F,,
2733272,C1CC1(C(=O)N)C(=O)O,,
2733273,CCOC(=O)CCC(F)(F)F,,
2733279,C1=CC(=CC=C1C[C@H](C(=O)O)N)I,,
2733294,CCC/C=C/COC(=O)C,,
2733295,CC(=O)NC(CC1=CC=C(C=C1)F)C(=O)O,,
2733300,C1=CC(=C(C=C1/C=C/C(=O)O)F)F,,
2733302,C1=CC(=C(C(=C1)I)C(=O)O)F,,
2733305,C(=O)(C(C(F)(F)F)(F)F)[O-].[Na+],,
2733324,C1=CC(=CC(=C1)C(=O)Cl)CCl,,
2733326,CC(C)C(OC(=O)Cl)Cl,,
2733335,CN(C(=O)N[C@@H]1[C@H]([C@@H]([C@H](OC1O)CO)O)O)N=O,,
2733398,CCOC(=O)C(=S)N,,
2733401,COC1=C(C=C(C=C1)C(=O)O)F,,
2733487,CCCC[C@@H](C)[C@H]([C@H](C[C@@H](C)C[C@@H](CCCC[C@H](C[C@@H]([C@H](C)N)O)O)O)OC(=O)C[C@@H](CC(=O)O)C(=O)O)OC(=O)C[C@@H](CC(=O)O)C(=O)O,,
2733489,CCCC[C@@H](C)[C@H]([C@H](C[C@@H](C)CCCCCC[C@H](C[C@@H]([C@H](C)N)O)O)OC(=O)C[C@@H](CC(=O)O)C(=O)O)OC(=O)C[C@@H](CC(=O)O)C(=O)O,,
2733503,CC1(C([N+](=C(N1[O])C2=CC=C(C=C2)C(=O)O)[O-])(C)C)C,,
2733505,CC(=NCCCC[C@@H](C(=O)O)N)N.Cl.Cl,,
2733506,CC(=NCCCC[C@@H](C(=O)O)N)N,,
2733514,C(C[C@@H](C(=O)O)N)CNC(=S)N,,
2733517,C1[C@@H](N[C@@H]1C(=O)O)C(=O)O,,
2733518,C(C1=C(C(=O)NO1)Br)C(C(=O)O)N,,
2733525,CC/C(=C(\C1=CC=CC=C1)/C2=CC=C(C=C2)OCCN(C)C)/C3=CC=CC=C3.C(C(=O)O)C(CC(=O)O)(C(=O)O)O,,
2733535,CCCCCCCCCCCCCCCCCCOC[C@H](COP(=O)([O-])OCC[N+](C)(C)C)OC(=O)C,,
2733573,C[Si](C)(C)CC(=O)O[Si](C)(C)C,,
2733604,C1=C(NC(=S)N1)C[C@@H](C(=O)O)N,,
2733646,CCOC(=O)[C@H]1[C@@H](O1)C(=O)OCC,,
2733653,CC(C)(C)C1=CC2=C(C(=C1)CC3=CC(=CC(=C3OCC(=O)O)CC4=CC(=CC(=C4OCC(=O)O)CC5=C(C(=CC(=C5)C(C)(C)C)C2)OCC(=O)O)C(C)(C)C)C(C)(C)C)OCC(=O)O,,
2733659,C1=C(C(=NC(=C1F)Cl)Cl)C(=O)O,,
2733668,COC(=O)C1=C2C=CNC2=CC=C1,,
2733673,COC1=CC=C(C=C1)[C@H]2[C@H](C(=O)NC3=CC=CC=C3S2)O,,
2733675,CC(C)(C)OC(=O)N[C@@H](CC1=CC=CC=C1)CO,,
2733680,CC1=CC=C(C=C1)C(CC(=O)O)N,,
2733689,C1=C(C(=C(C(=C1F)F)F)F)C(=O)Cl,,
2733699,CC1=C(C=CC=C1N)C(=O)O,,
2733708,CCOC(=O)CC(=O)C1=CC(=C(N=C1Cl)Cl)F,,
2733748,CCC[C@@H](C(=O)O)NC(=O)OC(C)(C)C,,
2733749,CC(=O)NC1=CC=C(C=C1)C=NNC(=S)N,,
2733768,C[C@H](CCC(=O)NCCS(=O)(=O)O)[C@H]1CC[C@@H]2[C@@]1([C@H](C[C@H]3[C@H]2CC[C@H]4[C@@]3(CC[C@H](C4)O)C)O)C,,
2733779,CC1=CC(=O)OC2=C1C=CC(=C2)O[C@H]3[C@@H]([C@H]([C@@H]([C@H](O3)CO)O)O)O,,
2733782,CC1=CC(=O)OC2=C1C=CC(=C2)O[C@@H]3[C@H]([C@H]([C@@H]([C@H](O3)CO)O)O)O,,
2733785,C1=CC=C2C(=C1)C(=CN2)O[C@H]3[C@@H]([C@H]([C@@H]([C@H](O3)C(=O)O)O)O)O,,
2733787,CC1=CC(=O)OC2=C1C=CC(=C2)O[C@H]3[C@@H]([C@H]([C@@H]([C@H](O3)CO)O)O)NC(=O)C,,
2733813,C1CC(=O)O[C@@H]1CO,,
2733839,CC(=C)C(=O)O[Si](C)(C)C,,
2733848,CCOC(=O)[C@@H](CCC1=CC=CC=C1)O,,
2733850,C1=CC=C(C=C1)[P+](CCC(=O)O)(C2=CC=CC=C2)C3=CC=CC=C3.[Br-],,
2733866,C1=CC(=C(C=C1O)O)C2=CC3=C(C=C2O)OC4=CC(=O)C(=CC4=N3)C5=C(C=C(C=C5)O)O,,
2733879,CCOC(=O)C[C@@H](CC#N)O,,
2733883,C([C@H](CN)O)C(=O)O,,
2733920,C1[C@H](NC2=CC=CC=C21)C(=O)O,,
2733928,CC(=O)O[C@H](CC(=O)O)C[N+](C)(C)C.[Cl-],,
2733930,C1=CC=C(C=C1)COC(=O)NCC[C@@H](C(=O)O)O,,
2733954,C1=CC2=C(C=CC(=C2)N)C=C1C(=O)O,,
2733957,B(C1=CC(=CC=C1)C(=O)O)(O)O,,
2733970,COC1=C(C(=CC(=C1F)F)C(=O)O)F,,
2733977,CCCC(CCOC(=O)C)SC(=O)C,,
2733981,C1(=C(N=C(NC1=O)N)O)N,,
2734019,CC1=CC2=C(C=C1C)N(C3=NC(=O)NC(=O)C3=N2)C[C@@H]([C@@H]([C@@H](COP(=O)([O-])OP(=O)([O-])OC[C@@H]4[C@H]([C@H]([C@@H](O4)N5C=NC6=C(N=CN=C65)N)O)O)O)O)O.[Na+].[Na+],,
2734022,C1=CC(=C(C(=C1C(=O)Cl)F)F)F,,
2734041,C(C(C(=O)[O-])O)(C(=O)[O-])O.[Cu+2],,
2734086,CC1=C(C(=O)C(=C(C1=O)C)CC[C@@](C)(CCC[C@H](C)CCC[C@H](C)CCCC(C)C)O)C,,
2734121,CC(=O)C[N+]1=CC=CC=C1.[Cl-],,
2734142,CC(=O)O[C@@H]1[C@H]2CO[C@H](O2)[C@@H]([C@H]1OC(=O)C)OC(=O)C,,
2734270,C1=C(C(=C(C(=C1F)F)O)F)C(=O)O,,
2734310,B(C1=CC(=CC=C1)C(=O)C)(O)O,,
2734321,B(C1=CC=CN1C(=O)OC(C)(C)C)(O)O,,
2734357,B(C1=CC=CO1)(O)O,,
2734367,B(C1=C(C=CC(=C1)C=O)OC)(O)O,,
2734369,B(C1=CC=C(C=C1)C(=O)OC)(O)O,,
2734394,C1=CNC(=O)NC1=S,,
2734401,C1COCCC1(C(=O)O)N,,
2734444,C[C@H]1COC(=O)O1,,
2734449,C1=CC=C2C(=C1)C(C3=CC=CC=C32)COC(=O)N[C@@H](CC4=CC=C(C=C4)Br)C(=O)O,,
2734580,C1C(OC2=C(C1=O)C=C(C=C2)O)C3=CC=CC=C3,,
2734629,C1=CC2=C(C(=C1)C=O)NC=C2,,
2734641,C1CC(OC1)C(=O)N2CCNCC2,,
2734646,CC1=C(OC2=CC=CC=C12)C,,
2734653,B1(OC(C(O1)(C)C)(C)C)C2=CC(=CC=C2)C(=O)O,,
2734668,CC(C)(C)[C@@H](C(=O)O)NC(=O)OC(C)(C)C,,
2734685,CCCCCCCCC1=CC=C(C=C1)C=O,,
2734688,COC1=CC=C(C=C1)CC(=O)Cl,,
2734707,C1C[C@@H](OC1)C(=O)O,,
2734733,C[C@H]1[C@@H]([C@H](C=CO1)OC(=O)C)OC(=O)C,,
2734751,C1=CC(=CC=C1C[C@@H](C(=O)O)N)[N+](=O)[O-].O,,
2734767,COC(=O)CCN.Cl,,
2734792,CC(C(=O)NN)OC1=C(C=C(C=C1)Cl)Cl,,
2734793,C1=CC(=C2C(=C1Cl)C(=O)C(=O)N2)Cl,,
2734800,C1=CSC(=C1)C(C(=O)C2=CC=CS2)O,,
2734802,[C@@H]1([C@H](O1)C(=O)O)C(=O)O,,
2734891,COC(=O)[C@H](CC1=CNC2=CC=CC=C21)N.Cl,,
2734893,C[C@H]([C@@H](C(=O)OC)N)O.Cl,,
2734903,C1=CSC(=N1)C=O,,
2734920,C(C(=O)O)(C(F)(F)F)N,,
2734942,CCCOC(=O)[C@H](C)O,,
2734969,C1[C@H](NC(=O)O1)CC2=CC=CC=C2,,
2734983,C(=O)(O)[O-].[Cs+],,
2734985,C(=O)(C(F)(F)Cl)[O-].[Na+],,
2734988,CCC(=O)O[C@H]1CC[C@@]2([C@H]3CC[C@]4([C@H]([C@@H]3CC=C2C1)CC[C@@H]4[C@H](C)CCCC(C)C)C)C,,
2735001,CC(=O)OCC(C=C)OC(=O)C,,
2735011,CCOC(=O)CC1=CSC(=S)N1,,
2735038,C=CC1COC(=O)O1,,
2735060,C1=CC(=O)C=CC1=NC2=CC=C(C=C2)[O-].[Na+],,
2735067,CCCCCCCCCCCC(=O)[O-].[Na+],,
2735070,[Li+].C1=C(C=C(C(=C1C(=O)[O-])O)I)I,,
2735097,C1=CC=C2C(=C1)C(=O)C=C(C2=O)S(=O)(=O)[O-].[K+],,
2735102,CN1CCC[C@H]1C2=CN=CC=C2.[C@@H]([C@H](C(=O)O)O)(C(=O)O)O.[C@@H]([C@H](C(=O)O)O)(C(=O)O)O.O.O,,
2735111,CCCCCCCCCCCCCCCC(=O)[O-].[Na+],,
2735116,C1=CC=C(C(=C1)C(=C2C=CC(=O)C=C2)C3=CC=C(C=C3)[O-])C(=O)[O-].[Na+].[Na+],,
2735122,C(=O)[O-].[K+],,
2735133,C(=O)([O-])[O-].O.[Na+].[Na+],,
2735148,C1=CC(=C(C=C1N=C2C=C(C(=O)C(=C2)Cl)Cl)Cl)[O-].[Na+],,
2735208,C(C(=O)[O-])C(CC(=O)[O-])(C(=O)[O-])O.O.[K+].[K+].[K+],,
2735223,CCC1=C(C=CC(=C1)Br)NC(=O)C,,
2735224,CC1=C(C=CC(=C1)NC(=O)C)C(=O)O,,
2735229,CC(=O)NCCC1=CNC2=C1C=C(C=C2)OC(=O)C,,
2735255,CC1=C(N2C=CC=CC2=N1)C(=O)C,,
2735263,CC(=O)C1=CSC(=C1)[N+](=O)[O-],,
2735266,CC(=O)C1=CC=C(C=C1)NC(=S)N,,
2735293,CC(C)(C)C1=CC(=C(S1)C(=O)N)N,,
2735309,COC(=O)C1(CC1)N,,
2735406,C1=CC(=CC(=C1)N)CCC(=O)O,,
2735449,C1CN(CCN1)C(=O)C2COC3=CC=CC=C3O2,,
2735450,C1C(OC2=CC=CC=C2O1)C(=O)O,,
2735472,C1=CC=C(C=C1)C(=O)NC(=S)NC(=O)N,,
2735473,C1=CC=C(C=C1)C(=O)NC(=S)N,,
2735497,C1=CC=C(C=C1)COC2=CC=CC3=C2C=C(N3)C(=O)O,,
2735510,C[N+](C)(C)CC=O.[Cl-],,
2735534,C1=CC=C(C=C1)C(=O)C2=CC=CC=C2Br,,
2735588,CC1=C(C(=CC=C1)C(=O)O)Br,,
2735589,CC1=C(C(=CC=C1)Br)C(=O)O,,
2735590,CC1=C(C=CC=C1Br)C(=O)O,,
2735609,C1=CC(=CC=C1CCC(=O)O)Br,,
2735636,CC(C)(C)OC(=O)NC1=CN(C(=C1)C(=O)O)C,,
2735646,CC(C)(C)OC(=O)N1CCC(CC1)C(=O)N,,
2735647,CC(C)(C)OC(=O)N1CCCC(C1)C(=O)O,,
2735686,CC(C)(C)C1=NN(C(=O)C1)C,,
2735705,C1C(=O)N(C2=CC=CC=C2O1)CC(=O)O,,
2735794,C1=CC(=CC=C1C2=CC=NO2)Cl,,
2735816,C1=CN=CC(=C1C(=O)O)Cl,,
2735831,C1=CC2=C(C=CC(=O)O2)C=C1C=O,,
2735867,C1=CC(=CC(=C1)C(=O)CBr)C#N,,
2735935,C(C1=C(C(=C(C(=C1F)F)F)F)F)C(C(=O)O)N,,
2735995,C1=CC=C(C(=C1)C(=O)C2=C(C=CC(=C2)Cl)O)Cl,,
2736001,C1=CNC2=C(C1=O)C(=CC(=C2)Cl)Cl,,
2736047,CSC(=C(C#N)C(=O)C1=CC(=CC=C1)C(F)(F)F)SC,,
2736073,CC(=O)C1=C(C=CC(=C1)OCC(F)(F)F)OCC(F)(F)F,,
2736078,C1=CC(=C(C=C1OCC(F)(F)F)C(=O)O)OCC(F)(F)F,,
2736155,C1=CC2=C(C=C1C(F)(F)F)C(=O)C=C(N2)C(F)(F)F,,
2736170,C1=C(C=C(C=C1C(F)(F)F)C(F)(F)F)C(=O)CBr,,
2736210,COC1=NC(=NC(=C1)C(=O)O)OC,,
2736224,CC12CC3CC(C1)(CC(C3)(C2)C(=O)O)C,,
2736249,CC1=C(NC(=S)NC1=O)C,,
2736270,CCCCCCCC(C)(C)C(=O)O,,
2736289,CC1=CC(=C(N1CC2=CC=NC=C2)C)C(=O)O,,
2736303,CC1=NN2C(=C(C=NC2=C1)C(=O)O)C,,
2736319,CC1=C(C(=NO1)C)S(=O)(=O)Cl,,
2736338,CCOC(=O)C1=CNC(=S)N1,,
2736354,CCC12CC3CC(C1)CC(C3)(C2)C(=O)O,,
2736416,CC(=O)NC1=C(C=C(C=C1)Br)OC(F)(F)F,,
2736443,CCOC(=O)C(=O)C1=CC=C(C=C1)C,,
2736461,CCOC(=O)CC(=O)C1=CC=CC=N1,,
2736464,C1=CC(=CC=C1C(F)(F)F)NC(=O)CCl,,
2736478,CCOC(=O)C1=NNC(=C1)C2=CC=CS2,,
2736490,C1CN(CCC1C(=O)O)C(=O)OCC2C3=CC=CC=C3C4=CC=CC=C24,,
2736491,C1[C@H](N(CS1)C(=O)OCC2C3=CC=CC=C3C4=CC=CC=C24)C(=O)O,,
2736518,C1C2CC3(CC1CC(C2)(C3)O)C(=O)O,,
2736520,C1=CC(=C(C=C1C(=O)N)Cl)F,,
2736537,C1=CC(=C(C=C1Cl)C(=O)O)F,,
2736548,C1=CC(=C(C=C1C(=O)Cl)Cl)F,,
2736554,C1=CC2=CC(=O)NC=C2C=C1,,
2736581,CC1=C(C(=NO1)C2=C(C=CC=C2Cl)F)C(=O)Cl,,
2736611,C1=CC2=C(C(=C1)Cl)NC(=CC2=O)C(F)(F)F,,
2736671,CC(=O)NC1=C(C=C(C=C1)C(F)(F)F)Cl,,
2736684,CC(C)C1=CC=CC=C1NC(=O)C,,
2736690,CC(C)N1C2=C(C=C(C=C2)C(=O)O)N=N1,,
2736707,C1=C(ON=C1)C(=O)Cl,,
2736733,COC(=O)C1=C(C=CS1)S(=O)(=O)Cl,,
2736740,CC(=O)NC1=C(C=C(C=C1)C#N)C(F)(F)F,,
2736741,CC(=O)NC1=CC(=C(C=C1)C#N)C(F)(F)F,,
2736742,C1=CC(=CC(=C1)N2C=C(C(=O)NC2=O)C#N)C(F)(F)F,,
2736756,COC1=CC=C(C=C1)C2=CC=NO2,,
2736758,COC1=CC=C(C=C1)N2CC(CC2=O)C(=O)O,,
2736807,COC(=O)C1=C(C=C(S1)C2=CC=CS2)N,,
2736896,CN1C=NC=C1C(=O)OC,,
2736915,CN1C=C(C=C1C(=O)O)[N+](=O)[O-],,
2736930,CC1=CC=C(C=C1)C(C=O)C=O,,
2736937,CN1CCCC(C1)C(=O)O,,
2736953,COC(=O)C1CN2CCC1CC2,,
2737049,C1=CC(=C(C(=C1)F)F)C(C(=O)O)N,,
2737050,C1=CC(=C(C=C1F)F)C(C(=O)O)N,,
2737056,C1C(=O)C2=C(C1=O)C(=CC=C2)[N+](=O)[O-],,
2737068,C1=CC(=CC=C1C2=CN=CO2)[N+](=O)[O-],,
2737107,C1C(CN(C1=O)C2=CC=CC=C2)C(=O)O,,
2737111,COC(=O)C(C(=O)OC)F,,
2737140,C1=CC=C(C=C1)C#CC2=CC=C(S2)C=O,,
2737153,CCOC(=O)C1=CN=C(N=C1C(F)(F)F)N,,
2737170,CCOC(=O)C1=C(C=C(C=C1)F)F,,
2737171,CCOC(=O)C1=CC(=C(C=C1)F)F,,
2737196,CCOC(=O)C1=CNC2=C(C1=O)C=C(C=C2)C(F)(F)F,,
2737239,CCOC(=O)C(=O)C(F)(F)F,,
2737256,C1=CN(C=C1)C2=CC=C(C=C2)C(=O)O,,
2737276,CC(=O)C1=CC=C(C=C1)OCC2=CC=C(C=C2)F,,
2737332,C1=CC(=C(N=C1)C=O)O,,
2737379,CC1=C(C(=CC=C1)C(=O)O)F,,
2737408,CC(C)(C)OC(=O)C1=CC(=CC=C1)N,,
2737412,CCOC(=O)C1=C(NC(=S)NC1C2=CC=CC=C2)C,,
2737428,CCOC(=O)CC1=CC=C(C=C1)OCC2=CC=CC=C2,,
2737439,CCOC(=O)C1=C(C=CC=C1Cl)Cl,,
2737451,C1=CC(=CC(=C1)F)C(=O)CBr,,
2737489,C1=CC(=CC(=C1)F)CCC(=O)O,,
2737635,COC(=O)C1=CC2=C(C=C1)NC=C2,,
2737787,CC1=CC=C(C=C1)S(=O)(=O)N2C=CC(=C2)C(=O)C,,
2737793,CC(=O)C1=CNC=C1,,
2737811,B(C1=CC=C(C=C1)C(=O)N)(O)O,,
2737837,COC1=CC=C(C=C1)CN2C(=O)C=CC2=O,,
2737879,CC1(CC2=C(C(C(=C(O2)N)C#N)C3=CC=CC=C3)C(=O)C1)C,,
2738114,CCSC(=S)C1=C(NN(C1=O)C2=CC=CC=C2)C,,
2738139,C1=CC=C(C=C1)C2=NC=C(N2)C(=O)O,,
2738239,CCC1=C(NC(=C1C)C)C(=O)OCC2=CC=CC=C2,,
2738284,C1CN2CCC1C(C2)OC(=O)NC3=CC=CC=C3F,,
2738285,C1CN2CCC1C(C2)OC(=O)NC3=CC=C(C=C3)F,,
2738286,C1CN2CCC1C(C2)OC(=O)NC3=CC=CC=C3Cl,,
2738287,C1CN2CCC1C(C2)OC(=O)NC3=CC(=CC=C3)Cl,,
2738288,C1CN2CCC1C(C2)OC(=O)NC3=CC=C(C=C3)Cl,,
2738289,CC1=CC(=CC=C1)NC(=O)OC2CN3CCC2CC3,,
2738291,C1CN2CCC1C(C2)OC(=O)NC3=CC=C(C=C3)C(F)(F)F,,
2738327,C1CCC(CC1)(CC(=O)NC2=CC3=CC=CC=C3C=N2)CC(=O)O,,
2738355,C1=CC=C2C(=C1)N=C(S2)C3=CC=C(C=C3)NC(=O)CSCC(=O)O,,
2738575,CN1CCN(CC1)C2=CC=C(C=C2)CNC(=O)C3=CC=NO3,,
2739083,CC(C)(C)C1=CC(=C(S1)C(=O)OC)CS(=O)(=O)C2=CC=CC=N2,,
2739167,C1=CC=C(C=C1)C(=O)NC2=CC=C(C=C2)C3=CN=CO3,,
2739169,C1=CC(=CC=C1C2=CN=CO2)NC(=O)C3=C(C=C(C=C3)F)F,,
2739174,CC1=C(C(=NO1)C)C2=NC(=NO2)CSC3=CC=C(C=C3)Cl,,
2739176,CC1=CC=C(C=C1)SCC2=NOC(=N2)C3=C(ON=C3C)C,,
2739179,CC1=CC=C(C=C1)C2=CN=CO2,,
2739181,C1CC1C(=O)NC2=CC=C(C=C2)C3=CSN=N3,,
2739182,C1=CC(=CC=C1C2=CSN=N2)NC(=O)C(Cl)(Cl)Cl,,
2739221,CC1=C(C(=NO1)C)C2=NC(=NO2)CS(=O)(=O)C3=CC=C(C=C3)Cl,,
2739223,CC1=CC(=C(C=C1Cl)C)S(=O)(=O)CC2=NOC(=N2)C3=C(ON=C3C)C,,
2739289,C1=CC(=CC(=C1)N)C2=CN=CO2,,
2739312,C1CC1C(=O)N2CCC3=C(C2C4=CC=C(C=C4)Cl)C=CS3,,
2739317,CC1=CC(=C(N1C2=CC=C(C=C2)Cl)C)C(=O)O,,
2739375,C1CC1C(=O)OC2=CC=C(C=C2)C3=CSN=N3,,
2739518,COC1=CC=C(C=C1)OC(=O)C2=CN=C3N(C2=O)CCS3,,
2739606,CC1=C(N=C(O1)C(=O)N)C2=CC=CC=C2,,
2739688,C1=CSC(=C1Br)C(=O)O,,
2739696,CC(=O)CC1=NSC(=N1)NC2=CC=CC=C2,,
2739786,CC1=C(C(=C(C(=N1)C)C(=O)O)C2=CSC=C2)C(=O)O,,
2739865,CC1=C2C(=O)CCN2C3=CC=CC=C13,,
2740012,C1=CC=C(C=C1)C2=NC(=NO2)C3=CC=C(S3)C4=NOC=C4,,
2740074,COC(=O)C1=C(C=CS1)Br,,
2740075,C1=CSC=C1C(=O)CC#N,,
2740234,C1C(=O)N(C(=O)CS1)C2=CSC(=C2C3=CC=CC=C3)C(F)(F)F,,
2740290,C1=CC=C(C=C1)C2=C(SC(=C2)COC(=O)NC3=CC=CC=C3)C(F)(F)F,,
2740352,COC(=O)C1=CC(=O)N(N1)C2=CC=C(C=C2)C(F)(F)F,,
2740497,CS(=O)(=O)C1=CC=C(S1)C(=O)O,,
2740568,CC(=O)NC1=CC=C(C=C1)S(=O)(=O)N2CCN(CC2)C3=NC=CC(=C3)C(F)(F)F,,
2740600,C1C(SC2=CC=CC=C2NC1=O)C3=CC=CO3,,
2740635,C1=CC=C(C=C1)C2=NC(=CS2)C(=O)NN,,
2740643,CCOC(=O)C1=C(N(N=C1C)C2=CC=C(C=C2)[N+](=O)[O-])C,,
2740698,CC(C)(C)C(=O)N1CCCC1C(=O)O,,
2740713,C1CC(N(C1)C(=O)C2=CC=CS2)C(=O)O,,
2740735,C1CN(CCC1C(=O)C2=CC=CC=C2)C(=O)C3=CC=CS3,,
2740754,C1CN(CCC1C(=O)C2=CC=CC=C2)C(=O)NC3=CC=CC=C3,,
2740757,C1CN(CCC1C(=O)C2=CC=CC=C2)C3=C(C=CC=N3)[N+](=O)[O-],,
2740817,CC1=CC=C(C=C1)C(=O)C2CCNCC2.Cl,,
2740915,C1=CC(=C(C=C1Cl)Cl)CCC(=O)O,,
2740936,C1=CC=C2C(=C1)NC(=O)C3=CC=CN23,,
2740991,C1=CC(=CC=C1COC2=CC=C(C=C2)C3=NN=CO3)F,,
2741000,CC1=CC=C(C=C1)C(=O)C2CCN(CC2)C(=O)C3=CC=C(C=C3)C,,
2741096,COC(=O)C1=CC(=O)N(N1)C2=C(C=C(C=C2Cl)C(F)(F)F)Cl,,
2741137,CCOC(=O)C1=CC=C(C=C1)N2C(=CC(=N2)C)C,,
2741326,CC(C)(C)OC(=O)NC1=CC=C(C=C1)OC,,
2741381,C1=C(NC=C1Br)C(=O)O,,
2741409,C1CN(CCN1C2=C(C=CC=N2)C(F)(F)F)C(=O)NC3=CC=CC=C3,,
2741479,C1CCN(CC1)C(=O)NC(=O)C2=CC(=CC(=C2)Br)Br,,
2741532,CC(C)(C)C1=CC=C(S1)C(=O)N2CCCC2,,
2741548,C1CN(CCC1C(=O)C2=C(C=C(C=C2)F)F)C3=NC=C(C=C3)[N+](=O)[O-],,
2741589,C1CN(CCN1C2=C(C=CC=N2)C(F)(F)F)C(=O)C3=CC=CC=C3,,
2741656,C1CCN(C1)C(=O)C23CC4CC(C2)CC(C4)C3,,
2741741,CC1=CC=C(C=C1)NC(=O)N2CCN(CC2)C3=C(C=CC=N3)C(F)(F)F,,
2741827,CC1=CC=C(C=C1)N2CC(CC2=O)C(=O)O,,
2741833,C1C(CN(C1=O)C2=CC=C(C=C2)OC3=CC=CC=C3)C(=O)O,,
2741834,CC1=CC(=CC(=C1)N2CC(CC2=O)C(=O)O)C,,
2741895,C1CN(CCN1C2=NC=C(C=C2)NC(=O)C3=CC=CS3)C4=C(C=CC=N4)C(F)(F)F,,
2741902,CC1=CC=C(C=C1)C(=O)N2CCC(CC2)C(=O)C3=C(C=C(C=C3C)C)C,,
2742110,CC1=CC=C(C=C1)CN2CC(CC2=O)C(=O)O,,
2742170,CC1=C(C(=C(N1C)C)C(=O)OC)C(=O)C,,
2742171,CCOC(=O)C1=C(N(C(=C1)C)C2=CC=CC=C2)C,,
2742198,CC1=C2C=NNC(=O)C2=C(N1C3=CC=CC=C3)C,,
2742278,CC1=C(C=C(O1)C(C)(C)C)C2=CC(=NN2)NS(=O)(=O)C3=CC=CS3,,
2742391,CC1=CC=C(C=C1)NC(=O)C2=C(N(C(=C2)C3=CC=CC=C3)CCCN4CCOCC4)C,,
2742550,CC1=C(C=C(N1CCCN2CCOCC2)C3=CC=CC=C3)C(=O)NC4=CC=CC(=C4)C(F)(F)F,,
2742727,CC1=C(C=C(N1CCCN2CCOCC2)C3=CC=CC=C3)C(=O)NC4=CC=CC=C4,,
2742869,CC1=C(C(=C(N1C)C)S(=O)(=O)N2CCOCC2)C(=O)OC,,
2743180,CC(C)(C)C1=CC=C(C=C1)C2=NOC(=N2)C(=O)NN,,
2743222,CN(C)C(=O)N1C(=NC(=N1)C2=CC=C(C=C2)Cl)SC,,
2743226,C1CCC(CC1)N2C(=O)NNC2=S,,
2743305,CC(C)N1C(=O)NNC1=S,,
2743369,CC1=CC(=O)N2C(=N1)N=C(N2)SCC3=CC=C(C=C3)Cl,,
2743476,C1=CC(=CC=C1OC2=C(C=C(C=C2)C(=O)N)[N+](=O)[O-])Cl,,
2743521,CC1=C(SC(=N1)C2=CC=C(C=C2)Cl)C(=O)NN,,
2743626,CC1=C(C(=NN1C)C(=O)NNC(=O)C2=CC=CS2)Br,,
2743680,C1CCC(CC1)N2C(=O)NN=C2SC3=NC=C(S3)[N+](=O)[O-],,
2743763,CC1=C(SC(=N1)C)C(=O)NNC(=O)NC2=CC=C(C=C2)Cl,,
2743794,CCN1C(=CC(=N1)C)C(=O)O,,
2743870,C=CCN1C(=O)NN=C1SC2=NC=C(S2)[N+](=O)[O-],,
2743884,CCOC(=O)C1=CSC(=N1)COC2=CC=CC=C2Cl,,
2743898,C1COCCN1NC(=O)NC2=CSC(=N2)CC3=C(C=CC=C3Cl)Cl,,
2743970,CCOC(=O)C1=C(N=C(S1)C2=CC=CC=C2)C,,
2743980,CC1=NC(=CS1)CSC2=NNC(=O)N2C3=CC=CC=C3,,
2744008,CCOC(=O)C1=CSC(=N1)COC2=CC=C(C=C2)OC,,
2744028,CCOC(=O)C1=C(N=C(S1)C2=CC=CS2)C,,
2744060,CC1=NC(=CS1)C(=O)NNC(=O)NC2=CC=C(C=C2)Cl,,
2744126,C1CSC(S1)C2=CC=C(C=C2)OCC(=O)NC3=CC=C(C=C3)Cl,,
2744127,CC(C)C1=CC=C(C=C1)NC(=O)COC2=CC=C(C=C2)C3SCCS3,,
2744152,CC1=NC(=CS1)C2=NN=C(N2C)SCC(=O)NC3=CC=C(C=C3)Cl,,
2744502,CC1=C(N(OC1=O)C)C2=NC(=NO2)C3=CC=C(C=C3)C(C)(C)C,,
2744514,CC1=C(SC(=N1)C2=CC=C(C=C2)C(F)(F)F)C(=O)NN,,
2744515,CC(C)(C)C1=NN(C(=C1)C(=O)O)CC2=CC=CC=C2,,
2744532,CC1=CC=C(C=C1)NC(=O)C2=CC(=NN2CC3=CC=CC=C3)C(C)(C)C,,
2744553,CC1=CC(=NO1)C2=NC(=NO2)C3=CC=C(C=C3)C(C)(C)C,,
2744573,CC1=NN(C(=C1)C(=O)O)C(C)(C)C,,
2744595,CC1=CC(=NO1)C2=NN=C(O2)C3=CC(=CC=C3)C(F)(F)F,,
2744621,CC1=CC(=NO1)C2=C(C(=NO2)C)C(=O)O,,
2744628,CC(=O)CN1C2=CC=CC=C2OC1=O,,
2744685,C1=CC(=C(C=C1Cl)Cl)NC(=O)NC2=CC=NO2,,
2744804,CC(=O)C1=CSC(=N1)COC2=CC=C(C=C2)Cl,,
2744827,CC1=CC(=NO1)C2=C(C(=NO2)C)C(=O)N,,
2744898,CC1=C(C(=NO1)C(=O)OC)C2=CC=NN2C(=O)C3=CC=C(C=C3)Cl,,
2745138,CCOC(=O)C1=NOC(=C1)C2=CC=CS2,,
2745313,CCOC(=O)C1=NOC(=C1)C2=CSC(=N2)NC3=C(C=C(C=C3C)C)C,,
2745447,CCOC(=O)C1=CN=C(N=C1NN=CC2=C(C=CC=C2Cl)Cl)C(F)(F)F,,
2745540,CCOC(=O)C1=CN=C(N=C1OC2=CC=CC=C2)C(F)(F)F,,
2745568,CC1=C(C(=NO1)C2=CC=CC=C2)C3=CC=NN3,,
2745582,CC1=C(C(=NO1)C2=CC=C(C=C2)Cl)C3=CC=NN3S(=O)(=O)C4=CC=C(C=C4)Cl,,
2745583,CC1=CC=C(C=C1)S(=O)(=O)N2C(=CC=N2)C3=C(ON=C3C4=CC=C(C=C4)Cl)C,,
2745687,CC(C)(C)NC(=S)NN=CC1=C(C=NN1C2=C(C=C(C=C2)F)F)C(=O)OC,,
2745721,CC1=C(C(=NO1)C2=CC=CC=C2)C3=NC(=NC=C3)N,,
2746295,CC(=O)NC1=CC(=C(C=C1)Br)Cl,,
2746574,C1=CC(=CC(=C1)Cl)NC(=O)CSC2=NN=C(O2)C3=NC=C(C=C3)C(F)(F)F,,
2746741,C1=CC=C(C(=C1)NC(=O)NC2=CC=CC(=C2)C(F)(F)F)SC3=NC=C(S3)[N+](=O)[O-],,
2747052,CC1=CC=C(C=C1)CN2C(=CC(=N2)C)C(=O)NC3=CC=C(C=C3)Cl,,
2747053,CC1=CC=C(C=C1)CN2C(=CC(=N2)C)C(=O)NC3=CC=CC=C3Cl,,
2747117,C1COC2=C(O1)C=CC(=C2)N3C(=O)NN=C3SC4=NC=C(S4)[N+](=O)[O-],,
2747147,C1=CC=C(C=C1)COC2=CC=C(C=C2)N3C(=NN=C3SC4=NC=C(S4)[N+](=O)[O-])C5=CC=CO5,,
2747334,CSC1=NN=C(S1)SCC(=O)C2=CC3=C(C=C2)OCCO3,,
2747396,C1=CC(=C(C=C1NC(=O)C2=NSC(=C2Cl)Cl)Cl)F,,
2747545,CS(=O)(=O)C1=CC=C(C=C1)C(=O)NC2=CC=CC=C2Cl,,
2747565,CC(=O)C1=CC=C(S1)C#N,,
2747583,CC1=C(N=C(S1)C)CC(=O)O,,
2748280,CCOC(=O)C1=C(NC(=S)NC1C2=CC=CO2)C,,
2748626,C1CC(=CC(=O)C1)NC2=CC=C(C=C2)Cl,,
2748718,C1=CC(=CC=C1N2C=C(N=N2)C=O)[N+](=O)[O-],,
2748769,C1=CC(=CC=C1N2C=C(N=N2)C=O)Cl,,
2748785,C1=CC=C(C=C1)C2=C(ON=C2)N,,
2749721,C1=CC(=C(C=C1O)O)C(=O)C2=C(C(=C(C=C2)O)O)O,,
2750328,C1C(=NN(C1=O)C2=CC=CC=C2)C3=CC=C(C=C3)[N+](=O)[O-],,
2750949,CCCCCC(C(=O)O)O,,
2751156,CC1(OC(=O)C(=CN(C)C)C(=O)O1)C,,
2751330,C1CCC(=O)C(C1)CCC(=O)C2=CC=CC=C2,,
2751812,CC(C)C1=CC(=O)C2=C(C1=O)CC[C@@H]3[C@@]2(CCCC3(C)C)C,,
2752597,CC1=C(C(=C(C=C1)C=O)C)C,,
2752638,CC1=C(NC2=CC=CC=C12)C(=O)O,,
2752699,COC1=CC=C(C=C1)C2CC3=CC=CC=C3C(=O)O2,,
2752926,C1CC2=CC=CC=C2C(=O)C(=O)C3=CC=CC=C31,,
2753159,C/C(=C\OC(=O)C)/C1=CC=CC=C1,,
2754067,CCCCCCCCN1CCCCCC1=O,,
2754492,CCCC1=NN(C(=C1[N+](=O)[O-])C(=O)N)C,,
2754648,COC1=CC=C(C=C1)C2=C3C(=O)C=CC4=CC=CC(=C43)C=C2,,
2754650,C1=CC2=C3C(=C1)C(=O)C(=CC3=C(C=C2)C4=CC=C(C=C4)O)O,,
2755073,COCOC1=CC(=C(C=C1)C=O)O,,
2755328,COC(=O)CC(C1=CC=CC=C1)N,,
2755443,CC(=O)OC1=CC(=O)CCC1,,
2755701,CC(=O)NC1=CN=C(C=C1)OC,,
2755719,C1=CC=C2C(=C1)C(=O)C=C(C2=O)NCC3=CC=C(C=C3)Cl,,
2755902,C1=CC=C(C=C1)CNC2=CC(=O)C3=CC=CC=C3C2=O,,
2755911,C1=CC=C(C=C1)C[C@@H](C(=O)N)NC(=O)OCC2=CC=CC=C2,,
2755953,CC(C)(C)OC(=O)N[C@H](C1=CC=CC=C1)C(=O)O,,
2756017,CC(C)(C)OC(=O)N1C[C@H](C[C@H]1C(=O)O)F,,
2756043,CC(C)(C)OC(=O)NCC1=CC=CC(=C1)CN,,
2756058,CC(C)(C)OC(=O)N1CCCNCC1,,
2756087,C1=CC=C2C(=C1)C(C3=CC=CC=C32)COC(=O)NCCCCCC(=O)O,,
2756127,C1=CC=C2C(=C1)C(C3=CC=CC=C32)COC(=O)N[C@@H](CCCNC(=O)N)C(=O)O,,
2756298,CC(C(=O)OC)N.Cl,,
2756390,C1=CC(=CC=C1C2=CC(=C(S2)C(=O)N)N)Cl,,
2756440,C1=CC=[N+](C=C1)CC(=O)N.[Cl-],,
2756441,C1=COC(=C1)C(CN)O,,
2756534,C1=CC=C(C=C1)C2=CC(=C(S2)C(=O)N)N,,
2756552,COC(=O)C1=C(SC2=C1CCCC2)N,,
2756583,C1C(NC(S1)C2=CC3=C(C=C2)OCO3)C(=O)O,,
2756587,COC(=O)CC(=O)C1=CC2=C(C=C1)OCO2,,
2756602,C1C=CCC(C1C(=O)C2=CC=CC=C2)C(=O)O,,
2756624,C1=CC=C(C=C1)CNCC(=O)O.Cl,,
2756645,COC(=O)CC1=CC=C(C=C1)OCC2=CC=CC=C2,,
2756678,C1OC2=C(O1)C=C(C=C2)C3=CC(=CC=C3)C(=O)O,,
2756771,CC(C)(C)OC(=O)NC1=CC=C(C=C1)O,,
2756797,CC(C)(C)OC(=O)N1CCN(CC1C(=O)O)C(=O)OCC2C3=CC=CC=C3C4=CC=CC=C24,,
2756801,CC(C)(C)OC(=O)N1CC(C1)O,,
2757009,C1=CC(=NC(=C1)Br)C=O,,
2757029,CC(=O)C1=C(C=CC(=C1)Br)OC,,
2757149,CCOC(=O)CC(=O)C1=CC=C(C=C1)Br,,
2757188,C1=C(SC(=C1)Br)C(=O)CCl,,
2757348,CC(C)(C)C1=CC=C(C=C1)C(=O)C(F)(F)F,,
2757369,COC(=O)CCCCCCCCCC[Si](C)(C)Cl,,
2757392,C1C(=O)N(C2=C(O1)C=CC(=C2)Cl)CCC(=O)O,,
2757441,C1=CC=C2C(=C1)C3=C(O2)C=CC(=C3)C(=O)CCl,,
2757870,CC(C(=O)O)SC1=CC=C(C=C1)Cl,,
2757925,C1=CSC(=C1)C(=O)CCl,,
2758231,C1=C(C=C(C=C1Cl)Cl)C(=O)C(F)(F)F,,
2758561,CC1=CC(=C(C(=C1)C(=O)C)O)C,,
2758572,CC1=CC(=CC(=C1OC)C)C(=O)C,,
2758642,CN(C)C(=O)CN1CCNCC1,,
2758678,C1CC2CC1C3C2C(=O)N(C3=O)C4=CC=CC=C4C(=O)O,,
2758812,CCOC(=O)C1CCN(CC1)C(=O)OC(C)(C)C,,
2758814,CCOC(=O)C(=O)C1=CC(=CC=C1)Cl,,
2758815,CCOC(=O)C(=O)C1=CC=C(C=C1)Cl,,
2758833,C1COC2=C(O1)C=CC(=C2)C(=O)O,,
2758835,C1COC2=C(O1)C=CC(=C2)C(=O)CCC(=O)O,,
2758844,CCOC(=O)CC(=O)C1=CC=C(C=C1)F,,
2758864,CCOC(=O)C(=O)C1=CC=C(C=C1)OC,,
2758945,C1=CC2=C(C=C1C(=O)O)C(=O)C3=C2C=CC(=C3)C(=O)O,,
2758948,C1=CC(=CC(=C1)F)C(=O)CC#N,,
2758968,CC(=O)C1=CC=C(C=C1)OCC2=CC(=CC=C2)F,,
2759225,B(C1=CC(=C(C=C1)OC)C=O)(O)O,,
2759296,C1=CC(=CC(=C1)O)C2=CC=C(C=C2)C=O,,
2759301,C1=CC(=CC(=C1)C(=O)O)C2=CC(=CC=C2)O,,
2759303,C1=CC=C(C(=C1)C2=CC=C(C=C2)O)C(=O)O,,
2759351,CCOC(=O)C1=CN2C=CC=NC2=N1,,
2759365,CC1=C(C(=CC=C1)C(=O)O)I,,
2759486,CC(C)C1=CC=C(C=C1)C(=O)Cl,,
2759517,CC(C)C1=CC(=CC=C1)C(=O)C(F)(F)F,,
2759518,CC(C)C1=CC=C(C=C1)C(=O)C(F)(F)F,,
2759532,COCC(=O)NN,,
2759547,COC1=CC=CC=C1C2=CC(=CC=C2)C(=O)O,,
2759548,COC1=CC=CC=C1C2=CC=C(C=C2)C(=O)O,,
2759550,COC1=CC=CC(=C1)C2=CC(=CC=C2)C(=O)O,,
2759551,COC1=CC=CC(=C1)C2=CC=C(C=C2)C(=O)O,,
2759552,COC1=CC=C(C=C1)C2=CC=C(C=C2)C(=O)O,,
2759583,CC1=C(C=CC(=C1)C(=O)O)OC,,
2759696,CCOC(=O)CC(=O)C1=CC(=CC=C1)OC,,
2759699,COC1=CC=C(C=C1)C(=O)CC(=O)OC,,
2759813,CC1=CC(=CC=C1)C2=CC=C(C=C2)C=O,,
2759814,CC1=CC=CC=C1C2=CC(=CC=C2)C(=O)O,,
2759816,CC1=CC(=CC=C1)C2=CC=C(C=C2)C(=O)O,,
2759840,COC1=CC(=C(C=C1)OC)C(=O)OC,,
2759870,CC1=C2C(=CC=C1)C(=O)OC(=O)N2,,
2759976,COC(=O)C(C(C(C(C(C(C(C(C(C(C(C(C(C(C(F)(F)F)(F)F)(F)F)(F)F)(F)F)(F)F)(F)F)(F)F)(F)F)(F)F)(F)F)(F)F)(F)F)(F)F)(F)F,,
2760067,CSC1=CC=C(C=C1)C2=CC(=CC=C2)C(=O)O,,
2760084,CC1=C(SC=C1)C(=O)NN,,
2760116,CC1=CC(=CC=C1)C(=O)C(F)(F)F,,
2760140,C1COCCN1CCC(=O)O.Cl,,
2760150,C1=CC=C2C=C(C=CC2=C1)C3=CC(=CC=C3)C(=O)O,,
2760277,CCOC(=O)CC(=O)C1=CC=CC(=C1)C,,
2760316,C=CC(=O)OCC(C(C(C(C(C(C(C(C(F)(F)F)(F)F)(F)F)(F)F)(F)F)(F)F)(F)F)(F)F)(F)F,,
2760333,C(=O)(C(OC(C(OC(C(OC(C(C(C(F)(F)F)(F)F)(F)F)(F)F)(F)F)(F)F)(F)F)(F)F)(F)F)O,,
2760340,CCOC(=O)C1=CC=CC=C1OC2=CC=CC=C2,,
2760357,CC(C(=O)O)NC1=CC=CC=C1,,
2760439,C1CCN(CC1)C(=O)CN2CCNCC2,,
2760448,CC1=CC(=CC=C1)C(=O)N2CCNCC2,,
2760505,C1=CC=C(C(=C1)C2=CN=CC=C2)C(=O)O,,
2760596,B1(OC(C(O1)(C)C)(C)C)C2=CC=C(C=C2)C(=O)C,,
2760718,C1=CC=C(C(=C1)C=O)C2=CC=C(C=C2)OC(F)(F)F,,
2760722,C1=CC(=CC(=C1)C(=O)O)C2=CC=C(C=C2)OC(F)(F)F,,
2760965,CC(C)(C)C1=C(C2=CC=CC=C2N1)C=O,,
2760995,CN(C)C(=O)C(=O)O,,
2761032,CC1=C(C2=CC=CC=C2N1C)C(=O)O,,
2761046,C1=CN=NC=C1C(=O)O,,
2761051,C1=CNC(=O)C=C1C#N,,
2761058,CS(=O)(=O)C1=CC(=C(C=C1)C(=O)O)N,,
2761157,C1CN(CCC1C(=O)O)CC2=CC=NC=C2,,
2761404,CC(C)(C)OC(=O)N(C)C1CCNC1,,
2761491,C1=CC=C(C(=C1)C[C@@H](C(=O)O)N)Cl,,
2761492,C1=CC(=CC(=C1)Cl)C[C@@H](C(=O)O)N,,
2761494,CC1=CC(=CC=C1)C[C@@H](C(=O)O)N,,
2761498,C1=CC(=C(C=C1C[C@@H](C(=O)O)N)Cl)Cl,,
2761499,C1=CC=NC(=C1)C[C@@H](C(=O)O)N,,
2761506,C[C@@H](CC(=O)O)N,,
2761525,CC(C)C[C@@H](CC(=O)O)N,,
2761541,C1C[C@H](NC1)CC(=O)O,,
2761550,C1=CC=C2C(=C1)C(=CN2)C[C@@H](CC(=O)O)N,,
2761558,CC(C)[C@@H](CC(=O)O)N,,
2761809,C(CC(=O)N)[C@@H](CC(=O)O)N,,
2761813,C1=CC=C(C=C1)CCC[C@@H](C(=O)O)N,,
2761815,C1=CC=C(C=C1)C2=CC=C(C=C2)C[C@@H](C(=O)O)N,,
2762259,C1=CC(=CC(=C1)Br)C[C@@H](C(=O)O)N,,
2762289,C1=CC=C(C=C1)[C@@H]([C@H](C(=O)O)O)NC(=O)C2=CC=CC=C2,,
2762430,CC(=O)CC1=CC(=C(C=C1)O)O,,
2762437,CC1=C2C(=CC=C1)NC=C2C=O,,
2762479,C1COCCN1C2=NC=CC(=C2)C(=O)O,,
2762732,CN1CCN(CC1)CC(=O)O,,
2762759,CC1=CC(=C(S1)C)C=O,,
2762884,C1=CC=C(C=C1)C2=NC(=CC=C2)C(=O)O,,
2762924,C1=CN=CC(=C1C(=O)O)[N+](=O)[O-],,
2762940,C1=CC=C2C(=C1)C(=CO2)CC(=O)O,,
2762958,COC1=CC(=C(C=C1)C(=O)CCC2=CC=C(C=C2)O)O,,
2763159,CCCCCCCC1=C(C(=O)C2=CC=CC=C2N1)O,,
2763178,C1=CC2=C(C(=C1)Br)C(=CN2)C=O,,
2763194,CC(C)(C)OC(=O)N[C@H]1COC1=O,,
2763209,C1=C(N=C(S1)Br)C(=O)O,,
2763214,C1=C(N=CS1)C=O,,
2763336,C1=CC(=CC(=C1)OC2=NC=CC=N2)C=O,,
2763377,CCOC(=O)CN1CCS(=O)(=O)CC1,,
2763539,CC(=O)C1=CC=CC=C1C#N,,
2763562,C1=CN=C(N=C1)OC2=CC=C(C=C2)C=O,,
2763608,C1=CC=C(C=C1)CC(=O)C2=CNC(=C2)C(=O)C(Cl)(Cl)Cl,,
2763614,C1=CN(N=C1)C2=NC=C(C=C2)C(=O)O,,
2763623,CCOC(=O)C1=C(N=C(S1)C2=CC=CC=N2)C,,
2763625,CC1=CC=C(C=C1)C2=NC(=C(S2)C(=O)O)C,,
2763642,CC1C(=O)NC2=CC=CC=C2N1,,
2763644,CN1C(=C(C(=N1)C2=CC=CC=C2)C=O)Cl,,
2763657,C1=CC=C(C=C1)C2=C(NC3=CC=CC=C32)C(=O)O,,
2763658,C1=CC=C(C=C1)C2=C(NC3=CC=CC=C32)C(=O)NN,,
2763688,CC1=C(C(=O)NN1)CCO,,
2763690,CC1=C(C(=O)N(N1)C2=CC=CC=C2)CCO,,
2763746,CC1=C(SC(=N1)C2=CC=CS2)C(=O)O,,
2763754,CC1=NC(=NN1C2=CC(=CC(=C2)Cl)Cl)C(=O)O,,
2763801,CN1C2=CC=CC=C2C(=C1OC3=CC=C(C=C3)Cl)C=O,,
2763819,CC1=C2C(C3=C(CC(CC3=O)(C)C)NC2=NN1)C4=CC=CC=C4,,
2763830,C1C(=O)NC2=C(O1)C=C(C=C2)[N+](=O)[O-],,
2763839,CC1=CC2=C(C=C1)OCC(=O)N2,,
2763899,CN1C(=CN=C1SCC(=O)C2=CC=C(C=C2)Cl)CO,,
2763902,COC(=O)C1=CC=CC=C1C(=O)N2CC(CO2)O,,
2763914,COC(=O)C1CCN(CC1)C2=NN=C(C=C2)Cl,,
2763915,C1CN(CCC1C(=O)O)C2=NN=C(C=C2)Cl,,
2763923,C1=CC=C(C=C1)C2=C(SC(=N2)C3=CC=CC=C3)CC(=O)O,,
2763947,C1=CC=C(C(=C1)C=O)OC2=CC=CC=C2C#N,,
2764031,C1=CC(=CC=C1SC2=C(N=NS2)C(=O)O)Cl,,
2764053,C1=CC(=NC=C1C=O)Cl,,
2764083,COC(=O)C1=CN=C(C=C1Cl)Cl,,
2764166,CN1C2=C(C=C(S2)C(=O)O)C(=N1)C3=CC=CC=C3,,
2764198,CC(C)C1=CC=C(C=C1)NC2CCN(CC2)C(=O)OC(C)(C)C,,
2764204,C1=C(C(=C(S1)C(=O)CCl)Br)Br,,
2764224,C1=CC=C(C=C1)CN2C=C(C=CC2=O)C(=O)O,,
2764268,C1=CC=C2C(=C1)C(=CN2CC3=CC(=CC=C3)Cl)CC(=O)O,,
2764294,COC1=CC=CC(=C1)C(CC(=O)O)N,,
2764392,CC(=O)C1=CC(=CC=C1)OC2=NC=CC=N2,,
2764411,C1=CC(=CC(=C1)O)C(CC(=O)O)N,,
2764458,C1C(=O)NC2=C(O1)C=CC(=C2)C(=O)CCl,,
2764519,CC(C)(C)OC(=O)N1C=C(C2=CC=CC=C21)C=O,,
2764700,CCOC(=O)/C(=C\N(C)C)/C#N,,
2764765,COC(=O)C1=C(C2=C(S1)C=NC=C2)N,,
2764809,C1=CC=C(C=C1)C(=O)CN2C=NC=N2,,
2764863,CCNC(=O)C1=CN(C(=O)C=C1)CC2=C(C=C(C=C2)Cl)Cl,,
2765033,C1=CC(=C(C=C1CSC2=C(SC=C2)C(=O)O)Cl)Cl,,
2765062,COC1=CC=C(C=C1)S(=O)(=O)NC(CC2=CC=CC=C2)C(=O)O,,
2765064,C1CC(N(C1)S(=O)(=O)C2=CC=C(C=C2)Cl)C(=O)O,,
2765073,C1CC(N(C1)S(=O)(=O)C2=CC=C(C=C2)Br)C(=O)O,,
2765097,C=CCON1C(=O)C2=CC=CC=C2C1=O,,
2765355,C1=CC(=CC=C1C2=C3C=C(C=CC3=NO2)C4=NC(=NC=C4)N)Cl,,
2765745,CC(=O)C1=CC=C(C=C1)N2CC2C3=CC=NC=C3,,
2765977,CCC1=C(NC(=O)N1C2=CC=C(C=C2)OC(F)(F)F)C(C)S(=O)(=O)C3=CC=C(C=C3)C,,
2766023,COC1=CC=C(C=C1)C(CC(=O)O)N2CC3=CC=CC=C3C2=O,,
2766175,CC1=C(C(C2=C(N1)CC(CC2=O)(C)C)C3=CN=CC=C3)C#N,,
2766284,C1=CC(=NC=C1C2=CN=CO2)Cl,,
2766364,CNC(=O)C1=CC(=CN1)Br,,
2766365,C1CCN(CC1)C(=O)C2=CC(=CN2)Br,,
2766374,COC(=O)C1=CC=C(C=C1)N2C=CN=C2,,
2766375,C1=CC=C(C=C1)C(=O)CN2C=CC=N2,,
2766673,C1=CC=C(C=C1)N2C(=O)C(=CN2)C3=CC(=CC=C3)Cl,,
2766715,CC(=O)C1=CC=C(C=C1)N2C=C(C(=O)NC2=O)C#N,,
2766847,CC1=CC(=O)N(N1)C,,
2766929,CC(C)(C)C1=CC=C(C=C1)N2C(=O)C=C(C(=N2)C#N)Cl,,
2766974,CC1=CC(=C(C(=O)N1)S(=O)(=O)C2=CC=CC=C2)C,,
2767223,C1=CC=C2C(=C1)C(=O)OC(=N2)NC3=CC=CC=C3Cl,,
2767224,C1=CC=C2C(=C1)C(=O)OC(=N2)NC3=CC(=CC=C3)Cl,,
2767267,C1CN(CCC1C(=O)O)C2=NC=CC=N2,,
2767296,CCCNC(=O)C1=CC(=CC=C1)C(F)(F)F,,
2767304,C1=CC=C(C=C1)C2=CC=C(C(=O)N2)C(=O)O,,
2767330,CC1=CC=C(C=C1)C2=NN=C3C4=CC=CC=C4C(=O)C3=C2,,
2767579,C1=CC=C(C(=C1)CN2C(=O)C(=O)NC2=O)F,,
2767613,C1=CC(=C(C=C1Cl)Cl)CN2C(=O)C(=O)N(C2=O)CC(=O)O,,
2767673,COC1=CC=C(C=C1)OC2=CC=CC=C2C=O,,
2767855,COC(=O)C1=NN2CCCNC(=O)C2=C1,,
2767905,C1=CC=NC(=C1)SCCC(=O)O,,
2768116,CCOC(=O)C1=C(N=C2N(C1C3=CC=CC=C3)C(=O)C(S2)C)C,,
2768133,C1=CC2=NC(=CN2C3=C1C(=CC(=N3)C(F)(F)F)C(F)(F)F)C4=NN=CO4,,
2768148,CCOC(=O)C1=C(NC(=S)N(C1C2=CC=CC=C2)C(=O)C)C,,
2768203,CC(=O)C1=CN=C(S1)C2=CC=CC=N2,,
2768260,C1CCC2=C(C1)C=C(C(=O)N2)C#N,,
2768366,COC1=CC=C(C=C1)C2=CC=C(C(=O)N2)C(=O)O,,
2768377,C1=CC(=CC=C1CC2C(=O)NC(=O)S2)N,,
2768493,C1=CC(=CC=C1C(=O)N)N2C=CN=C2,,
2768679,CC1=C(SC(=N1)C2=CC=C(C=C2)Cl)C(=O)O,,
2768946,CC1=CC2=C(C=C1C)N=C(N2)C3=CC=CNC3=O,,
2769229,COC1=CC=C(C=C1)SC2=C(C=C(C=C2)NC(=O)C3=CC=CC=C3Cl)C#N,,
2769258,COC1=CC=C(C=C1)N2C(=O)C(=C(C=N2)Cl)Cl,,
2769315,C1=CC=C(C=C1)C2=NOC(=C2)C(=O)NC3=CC=C(C=C3)F,,
2769340,COC(=O)C(C(C(C(C(C(C(C(C(C(C(C(C(F)(F)F)(F)F)(F)F)(F)F)(F)F)(F)F)(F)F)(F)F)(F)F)(F)F)(F)F)(F)F)(F)F,,
2769350,CC1=NC2=C(O1)C=CC(=C2)F,,
2769352,COC(=O)C(OC(C(OC(C(OC(C(C(C(F)(F)F)(F)F)(F)F)(F)F)(F)F)(F)F)(F)F)(F)F)(F)F,,
2769356,COC(=O)C(OC(C(OC(C(C(C(F)(F)F)(F)F)(F)F)(F)F)(F)F)(F)F)(F)F,,
2769358,COC(=O)C(OC(C(OC(C(OC(F)(F)F)(F)F)(F)F)(F)F)(F)F)(F)F,,
2769360,CC(=C)C(=O)OCC(C(C(C(C(C(C(C(C(F)(F)F)(F)F)(F)F)(F)F)(F)F)(F)F)(F)F)(F)F)(F)F,,
2769420,C1=CC=C(C=C1)C2=CC=C(O2)C=O,,
2769440,CCCCC1=C(NC(=C1C)C(=O)OCC)C,,
2769539,COC(=O)C1(CC1)C(=O)OC,,
2769634,CC1=C(SC(=C1)C(=O)O)C,,
2769651,C(=O)(C(C(C(C(F)(F)Cl)(F)F)(F)F)(F)F)O,,
2769656,C1C(OC(=O)O1)F,,
2769667,C(=O)C(C(C(C(F)(F)F)(F)F)(F)F)(F)F,,
2769668,C(=O)(C(C(C(C(F)(F)F)(F)F)(F)F)(F)F)OC(=O)C(C(C(C(F)(F)F)(F)F)(F)F)(F)F,,
2769705,C1C(=O)NC2=C(C=C(C=C2)Br)C(N1)C3=CC=CC=C3,,
2769959,C1CC(CN(C1)S(=O)(=O)C2=CC=C(C=C2)Cl)C(=O)O,,
2769960,CC1=CC=C(C=C1)S(=O)(=O)N2CCCC(C2)C(=O)O,,
2769961,C1CC(CN(C1)S(=O)(=O)C2=CC=CC=C2[N+](=O)[O-])C(=O)O,,
2769970,C1CN(CCC1C(=O)O)C2=C(C=C(C=C2)C(F)(F)F)[N+](=O)[O-],,
2770072,C1=CC2=C(C=C1N)C(=O)C3=C(O2)C=CC(=C3)N,,
2770155,C1CN(CCC1C(=O)O)S(=O)(=O)C2=CC=CS2,,
2770161,CC1=CC(=C(C(=C1)C)S(=O)(=O)N2CCCCC2C(=O)O)C,,
2770163,COC1=CC=C(C=C1)S(=O)(=O)N2CCCC(C2)C(=O)O,,
2770164,CC(=O)NC1=CC=C(C=C1)S(=O)(=O)N2CCCC(C2)C(=O)O,,
2770165,CC(=O)NC1=CC=C(C=C1)S(=O)(=O)N2CCCCC2C(=O)O,,
2770497,C1CC(=O)N(C1)CCl,,
2770839,CC1=CC(=CC=C1)NC2C(=O)NC(=O)S2,,
2770855,CC(C)C(C(=O)O)NC(=O)C1=CC=C(C=C1)Cl,,
2770973,CC1CN(CC(O1)C)S(=O)(=O)C2=CC=C(C=C2)C(=O)O,,
2770975,CC1CCCCN1S(=O)(=O)C2=CC=C(C=C2)C(=O)O,,
2771097,C1CNCCC12CC(=O)C3=CC=CC=C3O2.Cl,,
2771140,C1C2CC3CC1CC(C2)(C3)CC(=O)NO,,
2771319,C1=CC=C(C=C1)NC(=O)CC(=S)N,,
2771349,C1=CC(=CC=C1C2=NNC(=C2)C(=O)O)[N+](=O)[O-],,
2771350,C1=CC(=CC=C1C2=CC(=NO2)C(=O)O)Br,,
2771382,C1C=CC2C1C(NC3=C2C=C(C=C3)C(=O)O)C4=CC(=CC=C4)[N+](=O)[O-],,
2771419,C1CN(CCN1)C2=CC(=C(C=C2)[N+](=O)[O-])NCC3=CC=CO3,,
2771476,C1=CC(=CC=C1C(=O)CC(=O)C(F)(F)F)F,,
2771758,C1=CC(=C2C(=C1)NC=N2)C(=O)O,,
2771812,C1=CC=C(C=C1)NC2=NC=C(C=C2)C(=O)O,,
2771826,CC(C)(C)OC(=O)N1CCNC2=CC=CC=C2C1,,
2771871,C(=O)/C(=C(\C(=O)O)/Cl)/Cl,,
2771875,C1=CC=C(C=C1)C2=C(N=NC(=N2)SCC(=O)O)C3=CC=CC=C3,,
2771919,C1=CC=C(C(=C1)C2=C3C=C(C(=O)C(=C3OC4=C(C(=C(C=C24)Br)[O-])Br)Br)Br)C(=O)[O-],,
2771930,C1=CC=C(C(=C1)C2=CC=C(O2)C=O)C(=O)O,,
2771937,CC(C)OC(=O)C(C)NC1=CC(=C(C=C1)F)Cl,,
2771944,C1C(OC(=O)N1)COCC2=CC=CC=C2,,
2771946,C1=CC=C2C(=C1)C3=CC=CC=C3N2CC(COC4=CC=C(C=C4)C(=O)O)O,,
2771949,C1COC2=CC3=NC(=C(C=C3C=C2O1)C=O)Cl,,
2772029,CC(CCC1=CC=CO1)N,,
2772042,CC(CC1=CNC2=CC=CC=C21)C(=O)O,,
2772064,C1CCC2(C1)C(CC(=O)O2)C(=O)O,,
2772166,CCN1CCN(CC1)C2=C(C(=O)N3C=CC=CC3=N2)C=O,,
2772172,C1CS(=O)(=O)CC1N(C2=CC=CC=C2)C(=O)CCl,,
2772187,CC1=CN2C(=NC(=C(C2=O)C=O)N3CCN(CC3)C)C=C1,,
2772203,CC(CC1=CC=CO1)N,,
2772293,C1=CC=C(C(=C1)C2=CC=CO2)C(=O)O,,
2772300,C1=CC(=CC(=C1)C(=O)O)C2=CC=C(C=C2)N,,
2772368,C1C(CC(=O)C2=CN=C(N=C21)N)C3=CC=CO3,,
2772439,CCC(C)SC1=NC2=CC=CC=C2N1CC(=O)O,,
2772641,CC1=CC=C(C=C1)OCCN2C3=CC=CC=C3N=C2SCCC(=O)O,,
2772706,CC1=CC=C(C=C1)OCCSC2=NC3=CC=CC=C3N2CC(=O)O,,
2772712,C1=CC=C2C(=C1)N=C(N2CC(=O)O)SCCOC3=CC=CC=C3F,,
2772885,CC1=C(NC2=C1C=CC(=C2)C(=O)O)C,,
2773228,B(C1=CC(=CC=C1)NC(=O)OC(C)(C)C)(O)O,,
2773239,C1=CC=C(C=C1)CN2C=NC=C2C=O,,
2773243,B(C1=CC=C(C=C1)C(=O)NCC2=CC=CC=C2)(O)O,,
2773282,C(=O)(C(F)(F)Br)O,,
2773289,C1C2=C(C=C(C=C2)Br)NC1=O,,
2773331,C1=CC(=C(C=C1Br)F)C(=O)N,,
2773341,C1=CC(=C(C=C1C(=O)O)F)Br,,
2773346,C1C2=C(C=CC(=C2)C#N)NC1=O,,
2773375,B(C1=CC=C(C=C1)C(=O)N(CC)CC)(O)O,,
2773405,B(C1=CC=CC=C1C(=O)OCC)(O)O,,
2773429,B(C1=C(C=CS1)C=O)(O)O,,
2773430,B(C1=CC=C(S1)C=O)(O)O,,
2773435,C1=CC(=CC2=C1C=CN2)C=O,,
2773492,B(C1=CC(=CC(=C1)[N+](=O)[O-])C(=O)OC)(O)O,,
2773502,COC(=O)C1=CN=C(S1)Br,,
2773507,CN1C=NC=C1C(=O)O,,
2773577,C1=C(SC=N1)C=O,,
2773727,C1=CC(=C(C=C1C(C(=O)O)N)Cl)F,,
2773875,C1=CC2=C(C=CO2)C=C1C=O,,
2773898,C1=CC(=C(C=C1Cl)C=O)N,,
2774040,C1CC(=O)NC2=C1C=C(C=C2)O,,
2774067,C1=CC(=C2C(=C1)OC(O2)(F)F)C(=O)O,,
2774307,CCC(C)NC(=O)C1=CC=CC=C1N,,
2774345,CC1=NN(N=C1C(=O)NN)C2=CC=CC=C2,,
2774349,CC1=NN(N=C1C(=O)N)C2=CC=CC=C2,,
2774365,CCOC(=O)C(=O)NC1=CC=C(C=C1)F,,
2774397,CCOC(=O)C1=CC(=C(C=C1F)F)F,,
2774421,CN1C=C(C=C1C=O)C(=O)C2=CC=C(C=C2)F,,
2774431,C1=CC=C(C(=C1)C(=O)C2=CC=C(S2)CC#N)F,,
2774436,C1=CC=C2C(=C1)C(=CN2CC3=CC=C(C=C3)F)CC(=O)O,,
2774498,C1=CC2=C(C=C1F)C(=O)C=CN2,,
2774526,CCCSC1=C(C=CC=N1)C(=O)O,,
2774528,CCCCCSC1=C(C=CC=N1)C(=O)O,,
2774574,CC1=C(C=C(C=C1)C=O)F,,
2774700,CN1C(=O)C(=C(C=N1)S(=O)(=O)CC2=CC=CC=C2)Br,,
2774706,CN1C(=CN=C1SCC(=O)C2=CC=C(C=C2)F)CO,,
2774744,COC1=C(C(=C(C=C1)Br)OC)C(=O)O,,
2774753,COC1=C(C(=C(C=C1[N+](=O)[O-])Cl)OC)C(=O)O,,
2774756,C1=C(C=C(C=C1Cl)Cl)N2C(=O)C(=C(C=N2)Cl)Cl,,
2774866,C1=CC(=C(C=C1Cl)Cl)N2C(=O)C(=C(C=N2)Cl)Cl,,
2774892,C1=CC(=CC=C1OC(=O)C(=C(Cl)Cl)Cl)S(=O)(=O)C2=CC=C(C=C2)OC(=O)C(=C(Cl)Cl)Cl,,
2774902,C1=CC(=C(N=C1)OC2=CC=C(C=C2)Cl)C(=O)N,,
2774908,CC(=O)CC(=O)C(C(C(F)(F)F)(F)F)(F)F,,
2774909,C(CC(C(C(F)(F)F)(F)F)(F)F)C(=O)O,,
2774917,C(CC(C(=O)O)C(=O)O)CC(C(C(F)(F)F)(F)F)(F)F,,
2774938,CN1C(=O)C(=C(C=N1)OC)Cl,,
2774977,C=CC(=O)OCC(C(C(F)(F)F)F)(F)F,,
2775088,CC1=CC2=C(C=C1)NC(=CC2=O)C(F)(F)F,,
2775089,CC1=C2C(=CC=C1)C(=O)C=C(N2)C(F)(F)F,,
2775104,C1=CC2=C(C=C1OC(F)(F)F)C(=O)C=CN2,,
2775106,C1=CC2=C(C=C1OC(F)(F)F)C(=O)C=C(N2)C(F)(F)F,,
2775107,C1=CC2=C(C(=C1)OC(F)(F)F)NC(=CC2=O)C(F)(F)F,,
2775114,C1=C(C(=O)NC(=C1)C(F)(F)F)C(=O)N,,
2775130,C1=CNC(=O)C=C1C(F)(F)F,,
2775139,CC1=C(N=C(O1)C2=CC=CC=C2)CC(=O)O,,
2775142,C1=CC=C2C(=C1)C(=O)NN=C2Cl,,
2775149,CC(=O)C1=C(C=C(C=C1O)O)O.O,,
2775249,CCNC1=CC=C(C=C1)C(=O)O,,
2775426,COC(=O)C1=C2C(=CS1)C(=O)C=C(N2)C(F)(F)F,,
2775461,CC(=O)C(C(C(C(F)(F)F)(F)F)(F)F)(F)F,,
2775476,COC(=O)C(C(C(C(C(C(C(C(F)(F)F)(F)F)(F)F)(F)F)(F)F)(F)F)(F)F)(F)F,,
2775491,COC(=O)C(C(C(C(C(C(C(C(C(C(F)(F)F)(F)F)(F)F)(F)F)(F)F)(F)F)(F)F)(F)F)(F)F)(F)F,,
2775518,COC(=O)C(C(F)(F)F)(C(F)(F)F)F,,
2775536,CC(CC(F)(F)F)C(=O)O,,
2775542,CC(C)C(C(=O)O)NS(=O)(=O)C1=CC=CC(=C1)C(F)(F)F,,
2775652,C1COC2=C(C=C(C=C2)C(=O)CCC(=O)O)OC1,,
2775665,CN1C=C(C(=N1)C(F)(F)F)C(=O)O,,
2775691,CN1C2=C(C=C(S2)C(=O)O)C(=N1)C(F)(F)F,,
2775706,CCCCCCCCCCCC(=O)N1CC(=O)NC(=O)C1,,
2775810,C=CC(=O)OCC(CC(C(C(C(F)(F)F)(F)F)(F)F)(F)F)O,,
2775840,C(=O)(C(C(C(C(F)(F)F)(F)F)(F)F)(F)F)Cl,,
2775843,C(=O)(C(C(C(C(C(=O)Cl)(F)F)(F)F)(F)F)(F)F)Cl,,
2775863,C=CC(=O)OCC(C(C(C(COC(=O)C=C)(F)F)(F)F)(F)F)(F)F,,
2776030,C(=O)(C(C(C(C(C(C(C(C(=O)O)(F)F)(F)F)(F)F)(F)F)(F)F)(F)F)(F)F)O,,
2776041,C(=O)(C1(C(C(C(C(C1(F)F)(F)F)(F)F)(F)F)(F)F)F)O,,
2776044,C(=O)(C1(C(C(C(C(C1(F)F)(F)F)(F)F)(F)F)(F)F)F)F,,
2776049,C=CC(=O)OCC1(C(C(C(C(C1(F)F)(F)F)(F)F)(F)F)(F)F)F,,
2776050,CC(=C)C(=O)OCC1(C(C(C(C(C1(F)F)(F)F)(F)F)(F)F)(F)F)F,,
2776058,C(=O)(C(C(C(C(C(C(C(C(C(C(C(=O)O)(F)F)(F)F)(F)F)(F)F)(F)F)(F)F)(F)F)(F)F)(F)F)(F)F)O,,
2776063,CC(=O)CCCN(C)C,,
2776093,C(=O)(C(C(C(C(C(C(C(F)(F)F)(C(F)(F)F)F)(F)F)(F)F)(F)F)(C(F)(F)F)F)(F)F)O,,
2776124,C(=O)(C(C(C(C(C(C(F)(F)F)(F)F)(F)F)(F)F)(F)F)(F)F)OC(=O)C(C(C(C(C(C(F)(F)F)(F)F)(F)F)(F)F)(F)F)(F)F,,
2776132,C(C(C(C(C(C(C(=O)Cl)(F)F)(F)F)(F)F)(F)F)(F)F)(F)F,,
2776148,C(=O)(C(C(F)(F)F)(OC(C(C(F)(F)F)(OC(C(C(F)(F)F)(OC(C(C(F)(F)F)(OC(C(C(F)(F)F)(OC(C(C(F)(F)F)(OC(C(C(F)(F)F)(F)F)(F)F)F)(F)F)F)(F)F)F)(F)F)F)(F)F)F)(F)F)F)F,,
2776164,CC1=C(C(=NN1)C)C(=O)O,,
2776166,C=CC(=O)OCC(CC(C(C(C(C(C(F)(F)F)(F)F)(F)F)(F)F)(F)F)(F)F)O,,
2776167,CC(=C)C(=O)OCC(CC(C(C(C(C(C(F)(F)F)(F)F)(F)F)(F)F)(F)F)(F)F)O,,
2776171,C1COC2=C(O1)C=CC(=C2)C(=O)CBr,,
2776190,C1=COC(=C1)Br,,
2776195,CC(=C)C(=O)OCCC(C(C(C(F)(F)F)(C(F)(F)F)F)(F)F)(F)F,,
2776196,C=CC(=O)OCC(CC(C(C(C(F)(F)F)(C(F)(F)F)F)(F)F)(F)F)O,,
2776198,CC(=C)C(=O)OCC(CC(C(C(C(F)(F)F)(C(F)(F)F)F)(F)F)(F)F)O,,
2776206,CC(=C)C(=O)OCCC(C(C(C(C(C(C(C(C(C(F)(F)F)(C(F)(F)F)F)(F)F)(F)F)(F)F)(F)F)(F)F)(F)F)(F)F)(F)F,,
2776220,C=CC(=O)OCCC(C(C(C(C(C(F)(F)F)(C(F)(F)F)F)(F)F)(F)F)(F)F)(F)F,,
2776222,CC(=C)C(=O)OCCC(C(C(C(C(C(F)(F)F)(C(F)(F)F)F)(F)F)(F)F)(F)F)(F)F,,
2776226,CC(=C)C(=O)OCC(CC(C(C(C(C(C(F)(F)F)(C(F)(F)F)F)(F)F)(F)F)(F)F)(F)F)O,,
2776234,C1=CC(=CN=C1)C(=O)CBr.Br,,
2776235,CC(=C)C(=O)OCC(CC(C(C(C(C(C(C(C(F)(F)F)(C(F)(F)F)F)(F)F)(F)F)(F)F)(F)F)(F)F)(F)F)O,,
2776239,C1=CN=CC=C1C(=O)CBr.Br,,
2776244,C(CC(C(C(C(C(C(F)(F)F)(F)F)(F)F)(F)F)(F)F)(F)F)C(=O)O,,
2776252,C(=O)(C(C(C(C(C(C(C(C(F)(F)F)(F)F)(F)F)(F)F)(F)F)(F)F)(F)F)(F)F)Cl,,
2776253,C(C(C(C(C(C(C(C(C(=O)Cl)(F)F)(F)F)(F)F)(F)F)(F)F)(F)F)(F)F)(F)F,,
2776263,C1=CC=C2C(=C1)C=C(O2)CO,,
2776264,C1=CC=C2C(=C1)C=C(O2)Br,,
2776266,B(C1=CC2=CC=CC=C2O1)(O)O,,
2776269,C(C=O)C(C(C(C(C(C(F)(F)F)(F)F)(F)F)(F)F)(F)F)(F)F,,
2776282,C(=O)(C(C(C(C(C(C(C(F)(F)F)(F)F)(F)F)(F)F)(F)F)(F)F)(F)F)[O-].[NH4+],,
2776307,C=CC(=O)OCC(CC(C(C(C(C(C(C(C(F)(F)F)(F)F)(F)F)(F)F)(F)F)(F)F)(F)F)(F)F)O,,
2776312,CC(C)C(=O)OCCC(C(C(C(C(C(F)(F)F)(F)F)(F)F)(F)F)(F)F)(F)F,,
2776317,C1=CSC(=C1)C2=NC(=CS2)C(=O)O,,
2776322,C1=CSC(=C1)C2=CC(=CN=C2)C(=O)O,,
2776418,C1=CC(=CC=C1C2=CN=CO2)Br,,
2776448,C1=CC=C(C=C1)N2C(=C(C=N2)C(=O)NN)C(F)(F)F,,
2776477,C1=CN(N=C1)C2=CC=C(C=C2)C=O,,
2776488,C1=CC(=CC=C1C=O)N2C=NC=N2,,
2776519,CC1=NOC(=C1CO)C2=CC=CC=C2,,
2776534,C1=CN(C=C1)C2=C(SC=C2)C(=O)O,,
2776541,CC1=NN(C2=C1C=C(S2)C(=O)O)C,,
2776547,C1=CSC(=C1)C2=CC(=NO2)CO,,
2776579,CC1=CC(=C(N1C2CC2)C)C(=O)O,,
2776618,C(=O)(C(C(C(=O)F)(F)F)(F)F)F,,
2776702,C1=C(C2=C(N1)C(=C(C(=C2F)F)F)F)C=O,,
2776723,CC(=O)C1=CC(=C(C=C1)OC)CCl,,
2776796,C1(=C(C(=C(C(=C1F)F)C(F)(F)F)F)F)C(=O)O,,
2776799,C(CC(C(F)(F)F)(C(F)(F)F)F)C(=O)O,,
2777138,C1=COC(=C1)C(=S)N,,
2777164,CN1C=CC=C1C(=O)C(Cl)(Cl)Cl,,
2777172,C1=CC2=C(C(=C1)C(=O)N)C(=CC=C2)C(=O)O,,
2777192,C1=CC=C(C(=C1)C=O)OC(F)(F)F,,
2777223,C1=CC=C(C(=C1)C(=O)O)OC(F)(F)F,,
2777267,C1=C(SC=C1C(=O)O)[N+](=O)[O-],,
2777280,C1C(CN(C1=O)CC2=CC=CO2)C(=O)O,,
2777298,CC1=CC=C(C=C1)C(=O)C(=O)C2=CC=C(C=C2)Cl,,
2777319,C1=CC(=CC=C1CC(=O)O)OC(F)(F)F,,
2777391,C1=CC(=C(C=C1[N+](=O)[O-])C(=O)NC2=CC=NC=C2)Cl,,
2777397,CC1=NN(C(=C1C=O)Cl)C,,
2777432,C1=CC(=CC(=C1)C(F)(F)F)C(=O)NCC(=O)O,,
2777492,COC(=O)C1=C(C=C(S1)C2=CC=C(C=C2)Cl)N,,
2777494,CC(=O)C1=C(C=C(S1)C2=CC=C(C=C2)Cl)N,,
2777544,CC(=O)C1=C(C=C(S1)C(C)(C)C)N,,
2777549,C1=CN=CC(=C1C(F)(F)F)C(=O)O,,
2777551,C1=CC(=NC=C1C(=O)O)C(F)(F)F,,
2777566,COC(=O)C1=C(C=CS1)Cl,,
2777583,CCCC1=C(C=NN1C2=CC=C(C=C2)Cl)C(=O)O,,
2777650,CCOC1=C(SC=C1)C(=O)OC,,
2777652,CCOC1=C(SC=C1)C(=O)O,,
2777692,C1=CC(=CC(=C1)C(F)(F)F)C2=CC=NC3=C(C=NN23)C(=O)N,,
2777710,CC(C(=O)O)NS(=O)(=O)C1=CC=CC(=C1)C(F)(F)F,,
2777858,C1=CC(=CC=C1C(=O)O)SC(F)(F)F,,
2777972,C(C(=O)O)C(F)(F)F,,
2778113,COC1=C(C(=CC(=C1)C=O)I)OC,,
2778181,C1=CC(=C(C=C1F)C(=O)O)Br,,
2778260,C(=O)(C(OC(C(OC(C(OC(F)(F)F)(F)F)(F)F)(F)F)(F)F)(F)F)O,,
2778333,CC(=C)C(=O)OCC(CC(C(C(C(C(C(C(C(F)(F)F)(F)F)(F)F)(F)F)(F)F)(F)F)(F)F)(F)F)O,,
2778360,CC1=NOC(=C1)NC(=O)CCl,,
2778379,COC1=CSC=C1C(=O)O,,
2778500,COC1=CSC=C1C(=O)N,,
2778568,CC(C)S(=O)(=O)C1=CSC(=C1N)C(=O)OC,,
2778659,CC(C)S(=O)(=O)C1=C(SC(=C1N)C(=O)OC)SC,,
2778677,C(=O)(C(OC(C(OC(C(C(C(F)(F)F)(F)F)(F)F)(F)F)(F)F)(F)F)(F)F)O,,
2778719,C1=CC=NC(=C1)C2=CC=C(S2)C(=O)N,,
2778792,CCOC(=O)CC1C(=O)NC2=CC=CC=C2S1,,
2778939,C1=CC(=C(C(=C1)F)C(=O)N)N,,
2778994,C1=CC(=C(C=C1CCC(=O)O)F)F,,
2779069,[C@@H](C(=O)O)(C(F)(F)F)O,,
2779224,C1=CC(=CC=C1NC(=O)N)OC(F)(F)F,,
2779230,C=CC(=O)OCC(C(C(COC(=O)C=C)(F)F)(F)F)(F)F,,
2779236,C1=CC=C(C=C1)C#CC2=CC(=CN=C2)C(=O)O,,
2779280,C1=CC=C(C=C1)[P+](CCCCCC(=O)O)(C2=CC=CC=C2)C3=CC=CC=C3.[Br-],,
2779313,CC(=O)C1=CC=C(C=C1)C#CC2=CC=CC=C2,,
2779364,COC(=O)C1=C(C=CC(=C1)F)F,,
2779374,C1=C(C=C(C(=C1C=O)O)F)F,,
2779383,C1=CC2=C(C(=C1)C(=O)O)NC(=O)C2=O,,
2779452,CC(=O)NC1=C(C=C(C=C1)C(F)(F)F)N,,
2779641,C1CC2=C(C=CC(=C2)C(=O)O)NC1,,
2779698,CC(=O)C1=CN=C(C=C1)Cl,,
2779708,CCOC(=O)C1=C(OC(=C(C1C2=CC=CC=C2)C#N)N)C,,
2779747,CN=C1N(C(=O)C(S1)CC(=O)O)C,,
2779749,C1=CC=C2C(=C1)C(=NO2)N,,
2779751,COC1=CC=CC2=C1C(=NO2)N,,
2779901,C1C2=C(C(=CC(=C2)F)C(=O)O)OCO1,,
2780090,C1=CC=C(C(=C1)CC(=O)O)I,,
2780190,CC(=O)NC1=CC2=C(C=C1)C(=O)CCC2,,
2780924,CC1=C(C(=NO1)C2=C(C=CC=C2Cl)F)C(=S)N,,
2781028,C1=CC(=NC=C1C(=O)O)OCC(F)(F)F,,
2781043,C([C@H]([C@H](C(=O)O)O)O)O,,
2781239,COC(=O)C1=CC2=NC=CN=C2C=C1,,
2781529,C1=CC=C(C=C1)C2=CSC(=N2)NC(=O)CCl,,
2781722,CC1=C(C(=O)NC(=C1Cl)C)C#N,,
2781852,C1=CC2=C(C=C1Cl)ONC2=O,,
2782214,C1=CC=C(C(=C1)C(=O)[O-])F.[Na+],,
2782321,C(C(=O)N)(F)F,,
2782349,CCOC(=O)CC(F)(F)F,,
2782393,C(=O)(C(OC(C(OC(F)(F)F)(F)F)(F)F)(F)F)O,,
2782408,C(=O)(C(C(F)(F)F)(C(F)(F)F)F)C(C(F)(F)F)(F)F,,
2782413,C(CC(C(C(C(C(C(C(C(F)(F)F)(F)F)(F)F)(F)F)(F)F)(F)F)(F)F)(F)F)C(=O)O,,
2782446,C(CC(=O)O)CC(F)(F)F,,
2782473,C(=O)(C(C(C(C(C(C(C(C(F)(F)Cl)(F)F)(F)F)(F)F)(F)F)(F)F)(F)F)(F)F)O,,
2782569,C(=O)(C(C(C(C(C(C(F)(F)F)(F)F)(F)F)(F)F)(F)F)(F)F)Cl,,
2782595,CCOC(=O)C(C(F)(F)F)(OC(C(C(F)(F)F)(F)F)(F)F)F,,
2782609,C(C(=O)O)(C(F)(F)F)F,,
2782643,C1=CN=CC(=C1C(F)(F)F)C(=O)N,,
2782682,C1=CC=C(C(=C1)C2=CC=CC(=C2)C=O)F,,
2782683,C1=CC=C(C(=C1)C2=CC(=CC=C2)C(=O)O)F,,
2782685,C1=CC(=CC(=C1)C(=O)O)C2=CC(=CC=C2)F,,
2782686,C1=CC(=CC(=C1)F)C2=CC=C(C=C2)C(=O)O,,
2782688,C1=CC(=CC(=C1)C(=O)O)C2=CC=C(C=C2)F,,
2782689,C1=CC(=CC=C1C2=CC=C(C=C2)F)C(=O)O,,
2782716,C1=CC(=CC(=C1)C(=O)O)C2=CC(=CC=C2)C(F)(F)F,,
2782788,C1=CC2=C(C=CC(=C2)F)C=C1C(=O)O,,
2782930,C1=C(C(=CNC1=O)C(=O)O)C(F)(F)F,,
2783169,C1=CC=C(C(=C1)C(C(=O)O)O)F,,
2783172,C1=CC(=CC=C1C(=O)CC#N)F,,
2783343,C(C(=O)Cl)C(F)(F)F,,
2783363,C1=CNC(=O)C(=C1)F,,
2783376,C(CC(C(C(C(C(C(C(F)(F)F)(F)F)(F)F)(F)F)(F)F)(F)F)(F)F)C(=O)O,,
2783398,C1=CC(=C(C=C1O)F)C(=O)O,,
2783559,C1COCCN1P(=O)(C(C=O)Cl)N2CCOCC2,,
2783926,C1COC(=O)C1N2C(=O)C3=CC=CC=C3C2=O,,
2783999,C1=CC=C2C(=C1)NC(=O)C(O2)CC(=O)O,,
2784139,C1C2=C(C=C(C=C2)O)NC1=O,,
2784470,CC1=CC(=O)C(=NN1C2=CC=CC=C2)C(=O)O,,
2784734,C1=C(C=NC=C1Br)C=O,,
2784952,C1C(=O)N(C(=O)N(C1=O)C2=CC=CC=C2)C3=CC=CC=C3,,
2785054,CN1C2=CC=CC=C2C(=O)C(C1=O)(Cl)Cl,,
2785128,CN1C=NC2=C1C(=O)NC(=O)N2CC3=CC=CC=C3,,
2785144,CC1=CC(=C(C=C1)NC(=O)CN2C(=O)C3=CC=CC=C3C2=O)C,,
2785731,COC1=CC2=C(C=C1)C3=C(O2)C4=C(C=C(C=C4)OC)OC3=O,,
2785758,C1CC(=O)NC2=C1C=CC(=C2)O,,
2785858,CN1C2=NC3=CC=CC=C3C=C2C(=O)N(C1=O)C,,
2786126,C1=CC=C(C=C1)C(=O)OC2=CC(=O)N(C3=CC=CC=C32)C4=CC=CC=C4,,
2786128,C1CC2=C3C(=CC=C2)C(=CC(=O)N3C1)OC(=O)C4=CC=CC=C4,,
2786143,C1CC2=C3C(=CC=C2)C(=O)C(=O)N3C1,,
2786514,C1=CC=C2C(=C1)C(=O)C3=C(C2=O)OC4=CC=CC=C43,,
2786702,COC1=C(C(=O)NC=C1)C#N,,
2787034,COC1=CC=C(C=C1)C=C2C(=O)NC(=S)S2,,
2787053,C1=CC=C(C(=C1)C=C2C(=O)NC(=S)S2)Cl,,
2787061,C1=CC=C(C=C1)OCC(=O)NC2=NC=CS2,,
2787147,C1=CC=C(C(=C1)[N+](=O)[O-])SNC(CC(=O)N)C(=O)O,,
2787197,COC1=CC=C(C=C1)C(=O)NC(CC2=CNC3=CC=CC=C32)C(=O)O,,
2787214,C1C(NC(S1)C2=CC(=CC=C2)Br)C(=O)O,,
2787235,C1C2CC3CC1CC(C2)(C3)C(=O)NCCC4=CC=CC=C4,,
2787253,CC(C)NC(=O)C(C(C(=O)O)OC(=O)C1=CC=CC=C1)OC(=O)C2=CC=CC=C2,,
2787282,CC1=CC=CC=C1NC(=O)NC2=CC=C(C=C2)Cl,,
2787405,CC1=C(C(C(=C(N1)C)C(=O)OCCOC)C2=CC(=CC=C2)[N+](=O)[O-])C(=O)OCCOC,,
2787482,CC(C(=O)OC)OC1=CC2=C(C=C1)C(=CC(=O)O2)C3=CC=CC=C3,,
2787515,CCOC(=O)C1=C(NC(=O)NC1C2=CC=C(C=C2)O)C,,
2787683,CCOC(=O)C1=C(NC(=S)NC1C2=CC(=CC=C2)[N+](=O)[O-])C,,
2787704,CC1=CC=C(C=C1)NC(=S)NC(=O)C2=CC=CC=C2,,
2787755,CC(C)COC(=O)C(C)NC1=NNC(=S)NC1=O,,
2787761,C1=CC=C(C(=C1)C(=O)NC2=CC=C(C=C2)[N+](=O)[O-])Cl,,
2788239,CC1=CC=C(C=C1)N2C(=O)CC(C2=O)SC3=CC=CC=C3C(=O)O,,
2788317,CC(C1=CC=CC=C1)NC(=O)C2=CC3=CC=CC=C3OC2=O,,
2788330,C1C(OC2=CC=CC=C2O1)C(=O)NC3=CC=C(C=C3)F,,
2788350,COC1=CC=CC(=C1)NC(=O)C2COC3=CC=CC=C3O2,,
2788358,CC1=CC=CC=C1NC(=O)C2COC3=CC=CC=C3O2,,
2788362,CC1=C(C=C(C=C1)NC(=O)C2COC3=CC=CC=C3O2)C,,
2788363,CC1=CC(=C(C=C1)C)NC(=O)C2COC3=CC=CC=C3O2,,
2788365,CCC1=CC=CC=C1NC(=O)C2COC3=CC=CC=C3O2,,
2788367,CC1=C(C=CC=C1Cl)NC(=O)C2COC3=CC=CC=C3O2,,
2788369,COC1=CC=C(C=C1)NC(=O)C2COC3=CC=CC=C3O2,,
2788370,CCOC1=CC=CC=C1NC(=O)C2COC3=CC=CC=C3O2,,
2788379,CC(=O)C1=CC(=CC=C1)NC(=O)C2COC3=CC=CC=C3O2,,
2788382,C1C(OC2=CC=CC=C2O1)C(=O)NC3=CC=C(C=C3)[N+](=O)[O-],,
2788390,CC(C1=CC=CC=C1)NC(=O)C2=CC3=CC=CC=C3O2,,
2788682,CC(C)CCOC(=O)C(C)SC1=NNC(=O)NC1=O,,
2788860,CCOC(=O)C1=C(SC2=C1CCC(C2)C)N,,
2789038,C1=CC=C2C(=C1)N=C(S2)/C(=C(/C3=CC=CO3)\O)/C#N,,
2790041,CC1CCC2=C(C1)SC3=C2C(=O)NC=N3,,
2790079,CCOC(=O)C1=C(OC2=C(C1C3=CC=CC=C3)C=CC(=C2)O)N,,
2790920,CC(C)(C)C1CCC2=C(C1)SC(=C2C(=O)OC)N,,
2791194,CC1CCC2=C(C1)C3=C(N2)C=CC(=C3)C(=O)O,,
2791617,C1=CC=C(C=C1)CNC(=O)COC2=CC=C(C=C2)Cl,,
2791626,CC1=CC(=NN1C(CC(=O)O)C(=O)O)C,,
2792419,C1CC(N(C1)C2=NC=NC3=CC=CC=C32)C(=O)O,,
2792660,C1C(C(=O)N(C1=O)C2=CC=CC=C2)NC3=CC=CC=C3,,
2793014,CN1CCCC2=C1C=CC(=C2)C=O,,
2793325,C1=CC=C2C(=C1)C(=O)NC(N2)C3=CC=C(C=C3)O,,
2793381,C1C(=O)N(C(=O)S1)CC2=CC(=CC=C2)C(=O)O,,
2793709,CC1=NN(C2=C1C(=O)OC3=CC=CC=C32)C4=CC=CC=C4,,
2793798,C1C(OC(=O)N1CC2=CC=CC=C2)CO,,
2794050,CCOC(=O)C1=C(NC(=O)NC1C2=CC(=CC=C2)[N+](=O)[O-])C,,
2794133,C[C@H](C1=CC=CC=C1)NC(=O)C2=CC(=CC(=C2)[N+](=O)[O-])[N+](=O)[O-],,
2794584,CC1=CSC(=C1)C(=O)O,,
2794620,C1CN(CCC1O)C(=O)OCC2=CC=CC=C2,,
2794667,C1=CC(=CC(=C1)Cl)C2=NC(=CS2)C(=O)O,,
2794718,C1=CN(C=N1)CCC(=O)O,,
2794720,C1=CC(=CC(=C1)C2=CC=C(C=C2)C(=O)O)C=O,,
2794724,C1=CC=C(C(=C1)C=O)C2=CC=CC=C2C(=O)O,,
2794740,CCOC(=O)C1=C(SC2=C1CCN(C2)C(=O)OC(C)(C)C)N,,
2794770,CC1=CC2=C(C=C1)SC(=C2)C=O,,
2794795,CC1=CC=C(C=C1)C2=NC(=CS2)C(=O)O,,
2794808,C1CN(CCN1)C2=NC=CC3=C2C=CO3,,
2794830,C1=CC2=C(C=C1Br)NC=C2C=O,,
2794851,C1=CC=C(C=C1)C(=O)C[N+]2=CC3=CC=CC=C3C=C2.[Br-],,
2794855,C1=CC=C(C=C1)CNC(=O)C2=C(N=CC=C2)Cl,,
2794916,C1CCC(CC1)N(C2=CC=CC=C2)C(=O)CCl,,
2795014,C1COC2=C1C=CC=C2C(=O)O,,
2795033,C1COC2=C(C=CC=C2O1)C=O,,
2795076,C1=COC(=C1)C(=O)CBr,,
2795093,CC1=CC2=C(CCC2=O)C=C1,,
2795110,CC(C)C[C@@H](C(=O)O)NC(=O)CCl,,
2795179,C1=CC2=C(C=CO2)C=C1CO,,
2795374,C1=CC2=C(C=C1Cl)C(=CN2)C=O,,
2795462,C1=CC2=C(C=NN2C=C1)C(=O)O,,
2795464,CCOC(=O)C1=C2C=CC=CN2N=C1,,
2795465,CC1=C(N=C(O1)C)C(=O)O,,
2795474,CN1C(=C(C=N1)C(=O)O)C2=CC=CC=C2,,
2795542,C1=CC(=CC(=C1)C(=O)O)C2=CC=NN2,,
2795562,C1=CC(=CC(=C1)C(=O)O)C2=CC=NC=C2,,
2795565,C1=CC(=CC(=C1)Br)C2=CN=CO2,,
2795575,C1=CC(=CC(=C1)C(=O)O)C2=CN=CC=C2,,
2795636,C1=COC(=C1)C(=O)NC2=CC=C(C=C2)OC3=CC=C(C=C3)OC(F)(F)F,,
2795707,CC1=CC=C(C=C1)S(=O)(=O)N2CCCN(CC2)C(=O)OC(C)(C)C,,
2795963,CC1=NC(=C(C=C1C2=NC(=CS2)C3=CC=CC=C3)C(=O)O)C(F)(F)F,,
2795990,CC(=O)NC1=C(C=C(C=C1)S(=O)(=O)N)Cl,,
2796026,CC1=C(C=C(O1)C2=CC=CS2)C(=O)O,,
2796306,CC(C)(C)OC(=O)NCCNC(=O)C1=CC=CS1,,
2796370,CCCCCC1=CC=C(C=C1)C(=O)NC2=CN=CC=C2,,
2796393,C1=CC=C(C=C1)CNC(=O)C2=CC=C(O2)[N+](=O)[O-],,
2796408,C1=CC=C(C(=C1)NC(=S)NCC2=CC=CO2)Cl,,
2796870,CCOC(=O)C1CCN(CC1)C2=CC=C(C=C2)[N+](=O)[O-],,
2796945,C1=CSC(=C1)C=C2C(=O)NC(=S)S2,,
2796987,C1=CC=C(C(=C1)C(=O)N)NCC(=O)C2=CC=C(C=C2)Cl,,
2796998,CCOC(=O)C(=CNC1=CC=C(C=C1)N2CCOCC2)C(=O)OCC,,
2797236,CC(C1=CC=CC=C1)NC(=O)C2=CC=CC=C2N,,
2797288,C1=CC=C(C=C1)CCNC(=S)NNC(=O)CCC2=CC=C(C=C2)O,,
2797435,C1CC(=O)N(NC1=O)C2=CC=CC=C2,,
2797516,C1CCN(CC1)C2=C(C=C(C=C2)C3=NNC(=O)C4=CC=CC=C43)[N+](=O)[O-],,
2797541,C1=CC(=CC(=C1)[N+](=O)[O-])C2=NOC(=N2)CCCC(=O)O,,
2797577,C1CCN(CC1)C2=C(C=C(C=C2)C(F)(F)F)NC(=O)C3=CC=NC=C3,,
2797587,C1=CC=C(C(=C1)C(=O)C2=CC(=C(C=C2)SC3=CC=C(C=C3)Cl)[N+](=O)[O-])C(=O)O,,
2797588,C1=CC=C(C=C1)SC2=C(C=C(C=C2)C(=O)C3=CC=CC=C3C(=O)O)[N+](=O)[O-],,
2797678,COC1=CC(=CC(=C1OC)OC)CCC(=O)OC,,
2797685,C1=CC=C(C=C1)OC2=C(C=CC=N2)C(=O)NN,,
2797686,C1=CC=C(C=C1)OC2=C(C=CC=N2)C(=O)OC3=CC=CC=C3,,
2797744,C1=CC(=CC=C1C(=O)CNC2=CC(=CC(=C2)C(F)(F)F)C(F)(F)F)Cl,,
2797972,CC1=C(C(=NO1)C2=C(C=CC=C2Cl)F)C(=O)N3CCN=C3SC,,
2798140,C1=C(NC=C1Br)C(=O)C(Cl)(Cl)Cl,,
2798211,C1=CC(=CC=C1C(=O)CN)Cl.Cl,,
2798216,C1=CC(=CC=C1C(=O)CN)Br.Cl,,
2798239,C1=CC=C(C(=C1)C(=O)NCC(=O)C2=CC=C(C=C2)Br)F,,
2798261,C1=CC=C(C(=C1)C(=O)NC(=O)OCC2=C(C=C(C=C2)Cl)Cl)F,,
2798264,C1=CC=C(C(=C1)C(=O)NNC(=S)N)Cl,,
2798276,CC(C)(C)C1=CC(=C(C(=C1)C=O)O)C=O,,
2798283,CC(C)(C)C(=O)NC1=C(C=C(C=C1)F)[N+](=O)[O-],,
2798285,C1COCCN1C(=O)C2=CC3=CC=CC=C3S2,,
2798306,CC(=O)NC1=C(C(=CC=C1)F)C(=O)O,,
2799070,CC1=CC2=C(C=C1)N=C3C(=N2)C4=CC=CC=C4C3=O,,
2799110,C1=CSC(=C1)CNC(=O)N,,
2799272,C1CSCCN1C(=O)CC#N,,
2799571,CC\1=NN(C(=O)/C1=C/N(C)C)C2=CC=CC=C2,,
2799619,CC(C)(C)C1=CC=C(C=C1)NC(=O)CCl,,
2799649,CC1=CC(=C(C=C1Cl)Cl)SCC2=NNC(=O)C2,,
2799722,C1CCNC(=O)C(C1)NC(=O)C2=CC=CC=C2NC(=O)C3=CC4=CC=CC=C4S3,,
2799764,C1=CC=C(C=C1)S(=O)(=O)C2=CC(=C(C=C2)[N+](=O)[O-])OC(=O)C3=CC=C(C=C3)Cl,,
2799766,C1=CC=C2C(=C1)C=C(C(=O)O2)[N+](=O)[O-],,
2799782,C1=CC(=C(C=C1C(=O)NC2=NN=C(S2)SC3=NC4=C(S3)C=CC(=C4)Cl)Cl)Cl,,
2799786,CC1=CC=C(C=C1)CNC(=O)C2=C(N=CC=C2)SC3=CC(=CC=C3)Cl,,
2799937,CC(C)(C)C1=CC=C(C=C1)C2=NN=C(O2)C3=CC=CC=C3N,,
2799963,COC1=CC=CC(=C1)C2=NN=C(O2)C3=CC=CC=C3[N+](=O)[O-],,
2800022,C1=CN=C(C=C1C(=O)N)Cl,,
2800172,CC(C)(C)C1=CC=C(C=C1)C(=O)NC2=CN=C(C=C2)OC3=CN=CC=C3,,
2800173,C1=CC(=CN=C1)OC2=NC=C(C=C2)NC(=O)C3=CC=C(C=C3)C(F)(F)F,,
2800176,C1=CC(=CN=C1)OC2=NC=C(C=C2)NC(=O)NC3=CC=C(C=C3)Cl,,
2800251,CN1C(=O)C(=C(C=N1)N(C)NC(=O)NC2=CC=CC=C2)Cl,,
2800257,CN1C(=O)C(=C(C=N1)N(C)NS(=O)(=O)C2=CC=C(C=C2)Cl)Cl,,
2800260,CN1C(=O)C(=C(C=N1)S(=O)(=O)CC2=CC=CC=C2)Cl,,
2800273,C1=CC=C2C(=C1)C=C(S2)C(=O)OC3=CC(=CN=C3)Cl,,
2800278,C1=CSC(=C1)C(=O)OC2=CC(=CN=C2)Cl,,
2800344,COC(=O)C1=CC2=CC=CC=C2S1,,
2800647,C1=CC(=CC=C1C(=O)NCCS(=O)(=O)C2=NC=C(C=C2)C(F)(F)F)Cl,,
2800757,CC1=CC=C(C=C1)S(=O)(=O)N(CCC#N)CC2=CC=CO2,,
2800759,COC1=C(C=C(C=C1)S(=O)(=O)N(CCC#N)CC2=CC=CO2)OC,,
2800769,CCCN(C1=CC=C(C=C1)C)C2=NC(=O)C3=C(S2)N=CC=C3,,
2800874,CC1=CC2=NC=C(C(=O)N2C=C1)C(=O)O,,
2800899,CC1=C(C(=CC=C1)C(=O)Cl)C,,
2800987,CC1=C(C(=CC=C1)C(=O)N)C,,
2801003,CC(C)(C)C1=CC(=CC(=C1)C(=O)NC2=CN=CC=C2)C(=O)NC3=CN=CC=C3,,
2801017,CCOC(=O)C1=C(C2=C(C=CC(=C2N=C1)F)F)SC3=CC=CC=C3,,
2801046,C1=CC(=CC(=C1)SCC(=O)O)C(F)(F)F,,
2801110,CN(C)/C=C\1/C(=O)OC(=N1)C2=C(N=CC=C2)OC3=CC=C(C=C3)Cl,,
2801266,CC1=NC(=CS1)C2=CC3=C(C=C2)NC(=O)CC3,,
2801356,CC1=NC(=C(O1)C2=CC=CC=C2)C3=CC=C(C=C3)[N+](=O)[O-],,
2801447,C1=C(C=C(C2=C1NC(=O)C(=O)N2)Br)C(F)(F)F,,
2801564,C1=CC=C(C=C1)COC2=CNC(=CC2=O)CO,,
2801581,CCC(=O)C1=C(C=C(C=C1)SC(=O)N(C)C)O,,
2801696,C1=CC=C2C(=C1)C(C(=O)N2)(C(F)(F)F)O,,
2801746,CC1=CC(=CC=C1)C(=O)C2=CC=CC=C2C(=O)O,,
2801781,CCN(CC)C(=O)C1=CC=CC2=C1C3=CC=CC=C3C2=O,,
2801971,CC(=O)N[C@@H]1[C@H]([C@@H]([C@H](O[C@@H]1OCC2=CC=CC=C2)CO)O)O,,
2802078,C1=CC=C(C=C1)N2C(=O)N=C3N(C2=O)C4=CC=CC=C4S3,,
2802101,CCOC(=O)C(=C1SC(=C(C#N)C(=O)OCC)S1)C#N,,
2802240,CC1(C=CC2=C3C(=O)C=C(OC3=C4C=COC4=C2O1)C5=CC=CC=C5)C,,
2802268,CC12CC3(CC(C1)(CC(C2)(C3)C(=O)O)C)C,,
2802386,COC1=CC=CC=C1C2CCN(CC2)C(=O)C3=CC=CC=C3,,
2802462,CC(C)C1=CC=C(C=C1)C2=CC(=O)C3=CC=CC=C3O2,,
2802466,CC1=CC=C(C=C1)C2CC(=O)C3=CC=CC=C3O2,,
2802526,CCC(COC(=O)C)NC1=NC2=C(N1)C(=O)N(C(=O)N2C)C,,
2802540,C1CN2CCC1C(C2)NC(=O)C3=CC(=CC=C3)Cl,,
2802556,CCCCCCCCOC1=CC=C(C=C1)C2=CC=C(C=C2)C(=O)O,,
2802709,C1CN2CCC1C(C2)OC(=O)C3=CC=C(C=C3)[N+](=O)[O-],,
2802738,C1=CC=C(C=C1)CNC(=O)CC2C(=O)NC3=CC=CC=C3S2,,
2802741,C1C2C1N(C(=O)N2)C(=O)OCC3=CC=CC=C3,,
2802894,C1=CC=C(C=C1)[C@H]2[C@@H](N(NC2=O)C(=O)NC3=CC=C(C=C3)Br)C4=CC=CC=C4,,
2802924,C1CC2C(CC1C(=O)N2CC3=CC=CC=C3)O,,
2803005,C1=CC=C(C=C1)C2=NC3=C(C=C(C=C3)Br)C(=C2)C(=O)N,,
2803132,C1=CC=NC(=C1)C=C2C(=O)NC(=S)NC2=O,,
2803154,CC1=CC(=C(C(=C1)CC(C)(C)C(=O)O)C(=O)O)C,,
2803185,CSC1=C(C(=O)NC(S1)C2=CC=C(C=C2)Cl)C#N,,
2803197,C1=CC=C2C(=C1)C(=O)N(C(N2)C3=C(C(=CC(=C3)Cl)Cl)O)CC4=CN=CC=C4,,
2803204,C1C2CC(C1C=C2)NC(=S)NNC(=O)C3=CC=NC=C3,,
2803205,C1C2CC(C1C=C2)NC(=S)NNC(=O)C3=CN=CC=C3,,
2803312,CN(C)C1=CC=C(C=C1)C(=O)NNC(=O)C2=CC=C(C=C2)Cl,,
2803369,CCN1C(C(CCC1=O)C(=O)O)C2=CC=C(C=C2)OC,,
2803479,COC1=CC(=C(C=C1N2C(=O)C=CC2=O)OC)Cl,,
2803551,CC(=O)C1=CC=CC=C1OCC(=O)O,,
2803648,C1=CC(=C(C=C1NC(=S)NNC(=O)CC#N)Cl)Cl,,
2803729,CC1=CC(=C(C(=C1)CC(C)(C)C(=O)O)C(=O)NC2=CC=CC=C2)C,,
2803736,CC1=C(C=C(C=C1)NC(=O)C2=C(C=C(C=C2CC(C)(C)C(=O)O)C)C)C,,
2804076,C1=CC=C(C=C1)C2=C(N=NN2C3=CC=CC(=C3)C(F)(F)F)C(=O)O,,
2804116,C1=CC=C(C=C1)C2=C(N=NN2C3=CC=C(C=C3)[N+](=O)[O-])C(=O)N,,
2804166,CC(=O)NC1=C(C=C(C=C1F)Br)F,,
2804201,CN(C)C1=C(C=C(C=C1F)C(=O)NCC2=CC=CC=C2)F,,
2804211,CC1=C(N=NN1C2=CC=CC=C2C#N)C(=O)C,,
2804224,CC1=C(N=NN1C2=C(C=CC=C2F)F)C(=O)C,,
2804318,CC1=C(C=C(C=C1)NC(=O)C2=C(N=NS2)C)Cl,,
2804434,C1C(CN(C1=O)C2=CC(=CC=C2)Cl)C(=O)O,,
2804676,CN(C)C1=C(C=C(C=C1)[N+](=O)[O-])C(=O)O,,
2804709,CC1CC(CN(C1)C2=C(C=C(C=C2)NS(=O)(=O)C3=CC=CC=C3)C(=O)O)C,,
2804937,C1=CC2=C(C=C1Br)C(C(=O)N2)O,,
2804980,CC1=C(C(=NO1)C2=C(C=CC=C2Cl)F)C(=O)N3CCSCC3,,
2805168,CC1=C(C(=NO1)C2=C(C=CC=C2Cl)Cl)C(=O)C3=CC=CC=C3,,
2805176,C1=CC(=CC=C1CCNC(=O)NC2=CC=C(C=C2)Cl)Cl,,
2805179,C1=CSC(=C1)C(=O)NCCC2=CC=C(C=C2)Cl,,
2805308,CC1=CC(=NO1)NC(=O)CSC,,
2805330,C1=CC2=C(C=C1Br)C=C(O2)C3=CC=NN3,,
2805353,C1=CC(=C(C=C1F)F)NC(=O)C2=C(SC(=C2)Cl)Cl,,
2805459,CC1=C(C=NN1C2=C(C=C(C=C2Cl)Cl)Cl)C(=O)C,,
2805518,C1CC(CN(C1)C(=O)NC2=CC=C(C=C2)Cl)CN3C=CC=C3,,
2805561,CC1=C(C(=NO1)C2=C(C=CC=C2Cl)Cl)NC(=O)NC3CCSC3,,
2805571,C1CCNC(=O)C(C1)NC(=O)NC2=CC=C(C=C2)Cl,,
2805612,C1CN(CCC1C(=O)N)C2=C(C=CC=N2)[N+](=O)[O-],,
2805617,CC1SCC(CS1)NC(=O)C2=CC(=CC=C2)Cl,,
2805620,CC1SCC(CS1)NC(=O)C2=CC=C(C=C2)Cl,,
2805621,CC1SCC(CS1)NC(=O)C2=CC=CC=C2Cl,,
2805634,C1CN(CCC1C(=O)N)C(=S)NC2CC3CC2C=C3,,
2805655,C1CSCC1NC(=O)C2=CC(=CC=C2)Cl,,
2805665,C1CSCC1NC(=O)C2=CC=CC=C2NS(=O)(=O)C3=CC=CC=C3,,
2805728,CC1=C(C(=NO1)C)S(=O)(=O)OC2=CC=C(C=C2)OC,,
2805937,CN(C)C1=C(C(=O)OC(=C1)C2=CC(=C(C=C2)Cl)Cl)Cl,,
2805940,CN(C)C1=C(C(=O)OC(=C1)C2=CC=C(C=C2)Br)Cl,,
2805944,CN(C)C1=C(C(=O)OC(=C1)C2=C(C=C(C=C2)Cl)Cl)Cl,,
2805958,CN(C)C1=C(C(=O)OC(=C1)C2=CC=C(C=C2)F)Cl,,
2806276,C1=CC=C(C(=C1)NC(=S)NC(=O)C2=CSC(=C2)[N+](=O)[O-])Cl,,
2806283,C=CCNC(=S)NC(=O)C1=CSC(=C1)[N+](=O)[O-],,
2806286,C1CCN(CC1)C(=S)NC(=O)C2=CSC(=C2)[N+](=O)[O-],,
2806293,C1=CC=C(C(=C1)NC(=O)NC2=CSC(=C2)[N+](=O)[O-])Cl,,
2806295,C1=CC(=CC=C1NC(=O)NC2=CSC(=C2)[N+](=O)[O-])Cl,,
2806313,C1=CC=C(C(=C1)C(=O)NC(=O)NC2=CC=C(C=C2)C3=CN=CO3)Cl,,
2806316,C1=CC(=CC=C1C2=CN=CO2)NC(=O)NC3=CC=C(C=C3)Cl,,
2806328,CC(C)(C)C(=O)NC1=CC=CC(=C1)C(=O)OC,,
2806336,COC(=O)C1=CC(=CC=C1)NC(=O)NC2=CC=C(C=C2)Cl,,
2806337,COC(=O)C1=CC(=CC=C1)NC(=O)NC2=C(C=C(C=C2)Cl)Cl,,
2806346,COC(=O)C1=CC(=CC=C1)NC(=O)NC(=O)C2=CC=CC=C2Cl,,
2806353,C1=CC=C(C=C1)S(=O)(=O)NC2=CC=C(C=C2)C3=CN=CO3,,
2806356,CCN1C=C(C(=O)C2=C1C=CC(=C2)Cl)C(=O)O,,
2806369,COC(=O)C1=CC(=CC=C1)NC(=S)NC2=CC=CC=C2Cl,,
2806372,COC(=O)C1=CC(=CC=C1)NS(=O)(=O)C,,
2806410,C1=CN=CC=C1NC(=O)CC#N,,
2806436,C1=CC=C(C(=C1)NC(=S)C(C#N)C(=O)NC2=CC=CC(=C2)C(F)(F)F)Cl,,
2807057,C1COCCN1CCC(=O)C2=CC=C(C=C2)OCC3=CC=CC=C3.Cl,,
2807080,CC1=CC(=C(C=C1)C(C)NC(=O)C2=CC(=C(C=C2)Cl)Cl)C,,
2807150,C1=CC=C(C=C1)C(=O)C2=C(C=CC(=C2)Cl)NC(=O)C3=CC=CC=C3Cl,,
2807156,C1=CC=C2C(=C1)C(=O)NC(N2)C3=CC=C(C=C3)Cl,,
2807459,CC1=C(C2=C(C=C1)N=C(CC(=O)N2)C3=CC=CC=C3O)C,,
2807548,C1C2CC3CC1CC(C2)C3N(C(=O)C4=CC=C(C=C4)F)OC(=O)C5=CC=C(C=C5)F,,
2807713,CN1C=CC(=N1)NC(=O)NC2=CC=C(C=C2)Cl,,
2807754,CC(C)(C)C1=CC(=C(S1)C(=O)OC)NC(=O)NC2=CC=C(C=C2)Cl,,
2807796,CN1C=C(C(=N1)C(F)(F)F)NC(=O)NC2=CC=C(C=C2)C(F)(F)F,,
2807822,CCOC(=O)CC(=O)NC1=CC=NN1,,
2807849,CC(=O)C1=C(C=C(S1)C2=CC=CC=C2)N,,
2807869,C1=CSC=C1C2=CC(=C(S2)C(=O)N)N,,
2807902,CC1=CC(=O)N(C1=O)C2=NN(C=C2)C,,
2807997,CCCC1=C(C=NN1C2=CC=CC=C2)NC(=O)NC3=CC=C(C=C3)F,,
2808002,CCCC1=C(C=NN1C2=CC=CC=C2)C(=O)NC3=CC=C(C=C3)F,,
2808202,COC(=O)C1=C(C=CS1)NC(=O)CC2=CC=CS2,,
2808275,CC(=C)C1=C(C(=O)C=CC=C1)O,,
2808345,CC1=C(C(=CS1)NC(=O)C)C(=O)OC,,
2808363,COC(=O)C1=C(C=CS1)NC(=O)C2=CC=C(C=C2)C#N,,
2808418,CC1=CC=C(N1C2=C(SC=C2)C(=O)O)C,,
2808531,CC1=CC=C(C=C1)S(=O)(=O)O.C1=CC=C(C=C1)COC(=O)C[C@@H](C(=O)OCC2=CC=CC=C2)N,,
2808547,C1=CSC2=C1C(=O)NC=N2,,
2808627,CC1=CC=C(N1C2=C(C=CS2)C(=O)O)C,,
2808767,CN1C(=CC=N1)NC(=O)NC2=CC=CC=C2,,
2808768,CN1C(=CC=N1)NC(=O)NC2=CC=C(C=C2)Cl,,
2808792,COC(=O)C1=C(C=CS1)S(=O)(=O)NC2=CC=C(C=C2)Cl,,
2808992,CCOC(=O)C1=CC(=C(C=C1)OCCOC)OCCOC,,
2809248,C1=CSC(=C1)C(=O)NC2=CC=C(C=C2)N3C=CC(=N3)C(F)(F)F,,
2809273,C1CN(CCN1C2=NC(=NS2)C3=CC=CC=C3)C(=O)NC4=CC=CC=C4,,
2809328,COC(=O)C1=CN(C=C(C1=O)F)CC2=CC=C(C=C2)C(F)(F)F,,
2809351,CC1=C(C(=NO1)C2=CC=CC=C2Cl)C(=O)NC(=S)NC3=CC=C(C=C3)C(C)C,,
2809539,C1=CC(=C(C(=C1)Cl)OCC2=NOC(=N2)CSC3=NN=CN3C4=CC=C(C=C4)C(F)(F)F)Cl,,
2809581,CC1=CC=C(C=C1)C(=O)CN2C=C(N=C2C)[N+](=O)[O-],,
2809605,CN1C(=C(C(=N1)C(F)(F)F)C2=CC=C(C=C2)OC)NC(=O)C3=CC=CO3,,
2809628,CC1=CSC(=C1C2=NC3=CC=CC=C3S2)NC(=O)C,,
2809754,CCCCNC(=O)N1CCN(CC1)C(C2=CC=CC=C2)C3=CC=CC=C3,,
2809794,CC(C)(CC(=O)NC1=NN(C2=CC=CC=C21)C)CC(=O)O,,
2809808,C1=CC(=CC=C1C(=O)CSC2=NN=NN2C3=CC=C(C=C3)O)F,,
2809931,CN1C(=CC=C1S(=O)(=O)N2CCCCCC2)C(=O)OC,,
2810098,C1=CC(=CC(=C1)OC2=C(C=CC(=C2)[N+](=O)[O-])C(=O)O)[N+](=O)[O-],,
2810116,CN1C(=C(C(=N1)C(F)(F)F)C2=CC=C(C=C2)Br)NC(=O)NC3=C(C=C(C=C3)F)F,,
2810159,COC1=C(C=C2C(=O)CC(C2=C1)C3=CC=CC=C3)OC,,
2810166,COC1=CC=C(C=C1)C2=NNC(=O)C=C2,,
2810167,C1=CC=C2C(=C1)C=CC(=C2C3=C(C=CC4=CC=CC=C43)C(=O)O)C(=O)O,,
2810212,CC(C)(C)C1=CSC(=N1)NNC(=O)C2=CC=C(C=C2)Cl,,
2810320,CN1C(=CC=C1S(=O)(=O)N(CC2=CC=CC=C2)CC3=CC=CC=C3)C(=O)O,,
2810413,CC1=C(C=C(O1)S(=O)(=O)N2CCCCC2)NC(=O)NC3=CC=CC=C3,,
2810449,CC1=CC(=C(C(=C1)C)N2C(=NN=N2)SCC(=O)NC3=CC=CC=C3Cl)C,,
2810469,CC(C)(C)OC(=O)N1CCC(CC1)CNC(=O)C2=CC=CS2,,
2810470,CC(C)(C)OC(=O)N1CCC(CC1)CNC(=O)C2=CC=CC=C2,,
2810507,CC1=C(C(=NC(=N1)C2=CC=CC=N2)SCC(=O)C3=CC=C(C=C3)F)Cl,,
2810518,CC(C)(C)C1=CC=C(C=C1)C2=NOC(=N2)C3=CC4=C(C=C3)OCC4,,
2810519,C1COC2=C1C=C(C=C2)C3=NC(=NO3)C4=CC(=CC(=C4)C(F)(F)F)C(F)(F)F,,
2810520,C1COC2=C1C=C(C=C2)C3=NC(=NO3)C4=CC=C(C=C4)F,,
2810536,CC(=O)NC1=CC(=CC=C1)N2N=C(N=N2)SCC(=O)NC3=CC(=C(C=C3)F)Cl,,
2810543,CC(=O)NC1=CC(=CC=C1)N2N=C(N=N2)SCC(=O)C3=CC(=NO3)C4=CC=CC=C4,,
2810589,CC1=C(C=C(O1)S(=O)(=O)N2CCOCC2)C(=O)NC3=CC=C(C=C3)F,,
2810627,CC1=CN(C2=CC=CC=C12)CCC(=O)NC3=CC=C(C=C3)N4CCOCC4,,
2810635,C1CS(=O)(=O)CCN1CC2=CC=C(C=C2)NC(=O)C3=CC=CC=C3,,
2810641,C1=CN=CC=C1NC(=O)C2=CC=C(O2)OC3=CC(=CC(=C3)Cl)Cl,,
2810676,C1=CC=C(C=C1)CNC(=O)CCN2C(=O)C=CC(=N2)C3=CC=C(C=C3)F,,
2810695,CN1C(=C(C(=N1)C(F)(F)F)C2=CC=C(C=C2)F)NC(=O)NC3=CC=C(C=C3)F,,
2810721,CC1=CC=C(C=C1)C(=O)NCCN2CCNC2=O,,
2810759,C1COCCN1C2=C(C=C(C=C2)C(F)(F)F)NC(=O)NC3=CC=C(C=C3)OC(F)(F)F,,
2810810,CC(C)N1C2=C(C=C(C=C2)Cl)N=C1SCC(=O)C3=CC=CC=C3,,
2810818,CCOC(=O)C1=C(C=CC(=C1)NC(=O)CC(C)(C)CC(=O)O)N2CCCCC2,,
2810830,CCOC(=O)C1=C(OC2=C(C1C(C#N)C(=O)OCC)C=C(C=C2)Cl)N,,
2810938,C1C2=C(C=C(C=C2)NC(=O)C3=CC=CC=C3C(=O)O)C(=O)O1,,
2810963,CCOC(=O)C1=C(SC2=C1CCN(C2)C)NC(=O)NC3=CC=C(C=C3)C,,
2810970,C1=CC=C(C=C1)C2=CC(=O)N3C(=N2)C(=C(N3)C(F)(F)F)C4=CC=CC=C4,,
2810999,CC(C)C1=CC(=C(C(=C1)Br)NC(=O)NC2=CN=CC=C2)Br,,
2811317,COC(=O)C1=CN=C(N=C1C(F)(F)F)N2CCCN(CC2)S(=O)(=O)C3=CC=CC=C3,,
2811411,CCCC1=C(C=NN1C2=CC=CC=C2)C(=O)NC3=C(C=C(C=C3)F)F,,
2811427,CN1C2=C(C(=CC=C2)OC)C(=N1)NC(=O)NC3=CC=CC=C3OC,,
2811466,C1=CC2=C(C=C1Cl)C(=CS2)CNC(=O)COCC(=O)O,,
2811511,C1=CC(=CC(=C1)NC(=O)NC2=CC(=CC=C2)Cl)C(=O)O,,
2811587,C1COCCN1S(=O)(=O)C2=CC=C(C=C2)NC(=O)C3=CC=CC=C3,,
2811624,CC(C)(C)C1=NN(C(=C1)C(=O)NCC2=CC(=CC3=C2OCOC3)F)C,,
2811662,C1C2=C(C=C(C=C2)NS(=O)(=O)C3=CC=C(C=C3)C(F)(F)F)C(=O)O1,,
2811714,C1=CC=C(C=C1)OC2=C(C(=CC=C2)Cl)CNC(=O)CSCC(=O)O,,
2811755,CC1=C(C=CC=C1Cl)NC(=O)NC2=CC(=NN2C)C(C)(C)C,,
2811926,CC(C)(C)C1=NN(C(=C1)NC(=O)NC2=CC=CC=C2OC)C,,
2811961,CC1=NN(C(=C1)N2C(=O)C3=CC=CC=C3C2=O)C,,
2812029,CNC1=NN=C(S1)C2=CC=CO2,,
2812130,CC1=CC(=NO1)C(=O)N2CCN(CC2)C3=C(C=CC=N3)C#N,,
2812147,CC1=CC(=NO1)C(=O)NNC2=CC=CC=C2F,,
2812151,C1CC(C1)C(=O)NNC2=CC=CC=C2F,,
2812287,C1=CC=C(C=C1)NC(=O)NC2=CC(=CC=C2)S(=O)(=O)N,,
2812454,C1=CC=C(C=C1)C(=O)NC2=NC3=CC=CC=C3C=C2,,
2812455,CC1=CC=C(C=C1)C(=O)NC2=NC3=CC=CC=C3C=C2,,
2812537,C1CC(C2=CC=CC=C2C1)NC(=O)NC3=CC=CC=C3F,,
2812570,C1=CC(=C(C(=C1)Cl)C(=O)NNC2=CC=C(C=C2)Cl)F,,
2812572,CCC1=CC=C(C=C1)C(=O)NNC2=CC=C(C=C2)Cl,,
2812576,C1=CSC(=C1)C(=O)NNC2=CC=C(C=C2)Cl,,
2812624,C1CS(=O)(=O)CCN1CC2=CC=C(C=C2)NC(=O)C3=CC=C(C=C3)Cl,,
2812685,C1CN(C(C(=O)N1)CC(=O)NC2=CC=C(C=C2)F)C(=O)NC3=CC=CC=C3,,
2812761,C1=CC=C(C=C1)NC(=O)NC2=NC3=CC=CC=C3C=C2,,
2812766,C1=CC=C(C=C1)C(CNC(=O)C2=CC=CS2)O,,
2812790,C1=CC=C(C=C1)OC2=CC=C(O2)C(=O)O,,
2812803,C1COCCN1C(=O)CC(CC(=O)O)C2=CC=CC=C2,,
2812808,C1=CC=C(C=C1)NC(=O)NC2=CC=C(C=C2)N3C=CC(=N3)C(F)(F)F,,
2812810,CC1=CC(=CC(=C1)NC(=O)NC2=CC=C(C=C2)N3C=CC(=N3)C(F)(F)F)C,,
2812816,C1=CC=C(C=C1)C(CC(=O)NC2=NC3=CC=CC=C3C=C2)CC(=O)O,,
2812911,CC(C)(C)C1=CC=C(C=C1)C(=O)NC2=CC(=CC=C2)S(=O)(=O)N,,
2812916,C1=CC=C(C=C1)OC2=C(C=CC=N2)C(=O)NC3=CC(=CC=C3)S(=O)(=O)N,,
2812918,CCCC1=C(C=NN1C2=CC=CC=C2)C(=O)NC3=C(C=CC(=C3)S(=O)(=O)N(C)C)C,,
2812928,CC1=C(C=C(C=C1)S(=O)(=O)N(C)C)NC(=O)CCC2=CC=CC=C2,,
2812964,C1=CC=C2C(=C1)C=CC(=N2)NC(=O)C3=CC=C(C=C3)Cl,,
2812968,C1=CC=C2C(=C1)C=CC(=N2)NC(=O)C3=CC=CC=C3Cl,,
2812969,C1CCC(CC1)C(=O)NC2=NC3=CC=CC=C3C=C2,,
2813152,CN1CCN(CC1)CC(=O)NC2=CC=CC=C2OC3=CC=CC=C3,,
2813162,C1CN(CCC1C(=O)N)C2=C(C=CC=N2)C#N,,
2813193,C1CN(CCC1C(=O)O)C(=O)CCC2=CC=CC=C2,,
2813197,C1CCNC(=O)C(C1)NC(=O)C2=CC=CC=C2,,
2813200,CC1=CC=C(C=C1)C(=O)NC2CCCCNC2=O,,
2813255,CC(=O)NC1=CC=C(C=C1)C2=CN3CCSC3=N2,,
2813269,CCOC(=O)C1CCN(CC1)C(=O)C2=CC3=C(C=C(C=C3N2)C)C,,
2813282,CC(C)(C)C1=CC2=NC3=C(CN(C3=O)CC4=CC=CC=C4)C(=O)N2N1,,
2813342,CCOC(=O)C1CCCN(C1)C(=O)NC2=C(ON=C2C3=CC=CC=C3)C,,
2813385,CC1=CC(=O)OC2=C1C=CC(=C2)NC(=O)CCC(=O)O,,
2813415,C1COCCN1C2=CC=CC=C2NC(=O)C3=CSC=C3,,
2813478,C1=CC(=CC=C1C(F)(F)F)NC(=O)NC2=CC=C(C=C2)S(=O)(=O)N,,
2813558,CC(C)(C)C1=CC(=NO1)NC(=O)NC2=CC=CC=C2,,
2813559,CC(C)(C)C1=CC(=NO1)NC(=O)NC2=C(C=C(C=C2)Cl)Cl,,
2813595,CCOC(=O)C1CCN(CC1)C(=O)NC2=CC=C(C=C2)OC(F)(F)F,,
2813816,C1=CC=C(C=C1)C2=NOC(=C2)C3=CSC(=N3)N,,
2813818,CC1=C(C(=NO1)NC(=O)CSCC(=O)O)Br,,
2813892,CN(C1CCCCC1)C(=O)NC2=CC=CC=C2,,
2813904,CN(C1CCCCC1)C(=O)C2=CC3=C(C=C2)OCO3,,
2813998,CCOC(=O)CC1=CSC(=N1)NC(=O)NC2=CC=C(C=C2)F,,
2814015,CCC1=CC(=C(S1)N)C(=O)C2=CC=C(C=C2)OC,,
2814020,C1CN(CC2=C1C(=C(S2)N)C(=O)C3=CC=C(C=C3)Cl)CC4=CC=CC=C4,,
2814138,C1=CC=C(C=C1)C(=O)NC2=CC3=C(C=C2)NC=C3,,
2814150,CC1=C(SC(=N1)NC2=CC=CC=C2)C(=O)C3=CC=CC=C3,,
2814166,CCC1=CC=CC(=C1NC(=O)N(C)C2CCCCC2)C,,
2814179,CC1=C(SC(=N1)C2=CC=CC=C2)C(=O)NC3=CC=C(C=C3)S(=O)(=O)N,,
2814197,C1=CC(=CC(=C1)OC2=NC=C(C=C2)NC(=O)C3=CC=CO3)C(F)(F)F,,
2814251,CCOC(=O)C1=NN(C(=O)C2=C(SC=C21)NC(=O)C)C3=CC=CC=C3,,
2814271,CC(C)(C)C1=CC=C(C=C1)OC2=NC=C(C=C2)NC(=O)C3=CC=CO3,,
2814277,CC(C)(C)C1=CC=C(C=C1)OC2=NC=C(C=C2)NC(=O)NC3=CC=CS3,,
2814375,CCC1=CC(=C(S1)NC(=O)CN2CCCC2)C(=O)C3=CC=C(C=C3)OC,,
2814376,CCC1=CC(=C(S1)NC(=O)CN2CCN(CC2)C)C(=O)C3=CC=C(C=C3)OC,,
2814486,CC1CC(=O)NC2=CC=CC=C2N1C(=O)NC3=C(C=CC(=C3)F)C,,
2814498,C1=CC=C(C(=C1)C(=O)NC(=O)C2=CC=C(C=C2)C(F)(F)F)O,,
2814505,CC1=C(C(=NO1)C)C(=O)NC2=NC3=C(S2)C=C(C=C3)Cl,,
2814506,C1=CC(=CC=C1C(=O)NC2=CC3=C(C=C2)NC=C3)F,,
2814507,COC1=CC=C(C=C1)C(=O)NC2=CC3=C(C=C2)NC=C3,,
2814556,CN1C(=NN=C1SCC(=O)NNC(=O)NC2=CC=CC=C2)C3=CC=CC=C3,,
2814562,C1=CC=C2C(=C1)C(=C(N=N2)C(=O)N)N,,
2814576,CC1=C(C(=O)NC(=C1)C2=CC=CC=C2)C#N,,
2814667,C1CCN(CC1)C(=O)C2=CC3=C(C=C2)OCCCO3,,
2814907,C1=CC=C2C(=C1)C(=O)N(S2(=O)=O)CC(=O)C3=CC(=C(C=C3)O)O,,
2814914,C1=CC=C2C(=C1)C(=O)N(S2(=O)=O)CC(=O)C3=CC=C(C=C3)F,,
2814962,CN1C(=CC(=N1)C2=CC=CC=C2)NC(=O)C3=CC=CC=C3,,
2815029,CC1=CN(C(=O)NC1=O)CC2=CC=CC=C2CN3C=C(C(=O)NC3=O)C,,
2815052,CC1=NN(C(=C1)NC(=O)NC2=CC(=C(C=C2)Cl)Cl)C3=CC=CC=C3,,
2815087,CC1=NN(C2=NC(=C(C=C12)C(=O)N)N)C3=CC=CC=C3,,
2815115,CC1=NN(C(=C1)NC(=O)NC2=CC(=CC=C2)Cl)C3=CC=CC=C3,,
2815183,COC1=CC=CC=C1CC(=O)NC(=O)C2=CC=CC=C2O,,
2815186,CCCC1=CC=C(C=C1)C(=O)NC(=O)C2=CC=CC=C2O,,
2815202,C1=CC=C2C(=C1)C(=O)N(C2=O)CC(=O)C3=CC=C(C=C3)F,,
2815231,COC1=CC=CC(=C1)C(=O)NC2=NC(=NN2)SCC3=CC=C(C=C3)Cl,,
2815238,C1CN(CCN1C2=NC=CC=N2)C(=O)CCCC(=O)O,,
2815239,C1CN(CCN1C2=NC=CC=N2)C(=O)CCC(=O)O,,
2815275,CC1=CC(=CC(=C1)NC(=O)NC2=CC(=NN2C)C3=CC=CC=C3)C,,
2815417,C1COC2=C1C=C(C=C2)C(=O)NC(=O)C3=CC=CC=C3O,,
2815427,C1CC1CNC(=O)NC2=CC=CC=C2,,
2815457,CC1=CC(=CC=C1)NC(=O)NCC2CC2,,
2815504,CCOC(=O)N1CCC(CC1)NC(=O)C2=CC=C(C=C2)Cl,,
2815595,COC1=NC=C(C=C1)NC(=O)NC2=CC=CS2,,
2815672,C1COCCN1C(=O)NCC2=CC=C(C=C2)C#N,,
2815691,CCOC(=O)C1=C(N(C=N1)CC2=CC=CC=C2)N,,
2815692,C1=CC=C2C(=C1)NC(=O)C(=N2)C3=CC=C(C=C3)Cl,,
2815694,CC1=C(C=C(C=C1)NC(=O)NC2=CN=CC=C2)Cl,,
2815701,CC1=CC=C(C=C1)S(=O)(=O)NC(=O)NC2=CC=C(C=C2)N(C)C,,
2815733,CC(C)(C)OC(=O)N1CCCN(CC1)C(=O)NC2=CC(=CC=C2)Cl,,
2815734,CC(C)(C)OC(=O)N1CCCN(CC1)C(=O)NC2=CC=C(C=C2)C(F)(F)F,,
2815750,CC(C)(C)OC(=O)N1CCCN(CC1)C(=O)NC2=CC=CC=C2,,
2815847,CC1=CC(=NN1C(C)(C)C)C(=O)NC2=CC3=C(C=C2)OCCO3,,
2815870,C1=CC=C2C(=C1)C3=CC=CC=C3N2CC(=O)O,,
2816272,CN1C2=C(C(=O)N(C1=O)C)NC(=N2)C3=CC=CO3,,
2816326,C1=CSC(=C1)C2=CC(=C(C(=O)N2)C#N)C3=CC=CS3,,
2816397,CCOC(=O)C1=CNN2C1=NC(=CC2=O)C,,
2816402,C1=CC=C(C=C1)C2=C(N=NC(=N2)SCC(=O)N)C3=CC=CC=C3,,
2816447,C1C2=C(C3=CC=CC=C3O1)NC(=O)C(=C2C4=CC=NC=C4)C#N,,
2816450,C1C2=C(C3=CC=CC=C3O1)NC(=O)C(=C2C4=CC=CC=C4Cl)C#N,,
2816532,C1CN2C3=C1C=CC=C3C4=C(C2=O)C(=CC(=O)O4)OC(=O)C5=CC=C(C=C5)F,,
2816594,CCOC(=O)N1CCC2=C(C1)SC(=C2C#N)NC(=O)CN3CCOCC3,,
2816682,CC1=CC=C(C=C1)N2CC(=O)NC3=C(C2=O)SC4=C3C(=CC(=N4)C)C,,
2816749,CCOC(=O)N1CCC2=C(C1)SC3=C2C(=O)N(C=N3)C,,
2816764,C1C(=NC2=CC=CC=C2S1)NNC(=O)C3=CC=C(C=C3)Cl,,
2817021,C1CN(C2=CC=CC=C21)CC(=O)NC3=CC=C(C=C3)S(=O)(=O)N,,
2817097,CCOC(=O)C1=C(NC(=O)NC1C2=C(C=C(C=C2)Cl)Cl)C,,
2817110,C1=CC=C(C=C1)C2=CSC(=N2)NNC(=O)C3=CC=CS3,,
2817165,C1=COC(=C1)C2=CC(=NC(=C2C#N)N)C3=CC=CO3,,
2817242,C1=CC=C2C(=C1)C(=O)C3=C(C=CC(=C3C2=O)NCCC4=CC=C(C=C4)O)NCCC5=CC=C(C=C5)O,,
2817424,C1=C(OC(=C1)[N+](=O)[O-])C2=NN=C(O2)SCC(=O)O,,
2817441,C1=CC=C2C(=C1)C3=NC4=CC=CC=C4OC3=C(C2=O)Cl,,
2817459,CC1=CC(=CC=C1)NC2=C(C(=O)C3=CC=CC=C3C2=O)Cl,,
2817491,C1=CC=C2C(=C1)C(=O)C=C(O2)C3=CC=C(C=C3)C(=O)OCC#N,,
2817619,C1CC(N(C1)CC2=CC=CC=C2)C(=O)NC3=CC=CC=C3C(=O)C4=CC=CC=C4,,
2817661,C1=CC=C(C=C1)CN2C=CNC2=O,,
2817797,CC(=O)NC12CC3CC(C1)CC(C3)(C2)NC(=O)C,,
2817810,COC1=CC=CC(=C1)C2C(=O)C3=CC=CC=C3C2=O,,
2817957,CCOC(=O)N[C@@H](CC1=CC=CC=C1)C(=O)O,,
2817968,C1=CC=C2C(=C1)C=CC(=N2)C(=O)C3=CC=CC=N3,,
2818091,C1=CC=C(C=C1)C2=CC(=O)C(=CC2=O)Cl,,
2818112,COC1=CC=CC2=C1OCC2=O,,
2818125,C1=CC=C2C(=C1)C(=O)C3=C(C=CC(=C3C2=O)F)F,,
2818143,COC1C2=C(C=C(C=C2OC)OC)C(=O)O1,,
2818144,COC1=C(C(=CC(=C1)C(=O)O)Br)OC,,
2818250,CC1=CC=C(C=C1)C(=O)OC2=CC(=O)C3=CC=CC=C3C2=O,,
2818276,CC1=C(C(NC(=O)N1)C2=CC=C(C=C2)OC)C(=O)C,,
2818321,CC1=C(C(C2=C(N1)CC(CC2=O)(C)C)C3=CC(=CC=C3)OC)C#N,,
2818324,CC1C(=C(NC(=C1C(=O)OC)C)C)C(=O)OC,,
2818378,COC(=O)C1=C(SC2=C1CCC2)N,,
2818388,C1=CC(=CC=C1C2=CC=C(C=C2)Br)C(=O)O,,
2818389,C1=CC=C(C=C1)CNC(=O)NCCCCCCNC(=O)NCC2=CC=CC=C2,,
2818433,C1=CC(=CC=C1C2=CC=C(O2)C3=CC=C(C=C3)[N+](=O)[O-])[N+](=O)[O-],,
2818492,COC(=O)C1=C(C=CC=C1F)N,,
2818509,CCOC(=O)C1=C(ON=C1C)C2=CC=CO2,,
2818650,CC(=O)C1=CC(=C(C=C1)SC2=CC=CC=C2)[N+](=O)[O-],,
2818703,C1=CC(=C(C=C1NC(=O)C(=O)NN)Cl)Cl,,
2818760,CC1=CC=C(C=C1)C2NC3=CC=CC=C3C(=O)N2,,
2818813,CC1=CC2=NC(=CC(=O)N2N1)C3=CC=CC=C3,,
2819128,C1CSC(=C(C#N)C(=O)C2=CC=CC=C2)S1,,
2819294,C1=CC=C2C(=C1)N=C(O2)SCC#N,,
2819305,CC(=O)NNC(=S)NC1=CC(=CC=C1)F,,
2819353,C1CC1C(=O)/C(=C/NC2=CC(=C(C=C2)F)Cl)/C#N,,
2819453,C1=CC=C(C=C1)S(=O)(=O)C2=CSC(=C2NC(=O)C3=CC=CC=C3Cl)Br,,
2819500,CCCS(=O)(=O)C1=CSC(=C1N)C(=O)OC,,
2819595,CC1=NC=CC(=N1)C2=CC(=CC=C2)NC(=O)C3=CC=CC=C3Cl,,
2819603,CC1=NC=CC(=N1)C2=CC(=CC=C2)NC(=O)NC3=CC=C(C=C3)Cl,,
2819605,CC1=NC=CC(=N1)C2=CC(=CC=C2)NC(=O)NC,,
2819664,C1=CSC(=C1)SCC(=O)NC2=CC=C(C=C2)Cl,,
2819674,C1=CC(=CC(=C1)C(=O)O)CSC2=CC=CS2,,
2819703,C1=CC=NC(=C1)C2=CC=C(S2)C(=O)NC3=CC=C(C=C3)Cl,,
2819737,CC1(OC(=O)C(=CNC2=CC=CC=N2)C(=O)O1)C,,
2819808,CC(C)SC1=C(C(=C(S1)C(=O)O)C2=CC=C(C=C2)Cl)C#N,,
2819872,CNC(=S)NNC(=O)C1=CC=CS1,,
2819895,COC(=O)C1=C(C(=C(S1)N2CCCCC2)C#N)N,,
2819905,CCCS(=O)(=O)C1=CSC=C1NC(=O)C2=C(ON=C2C3=C(C=CC=C3Cl)F)C,,
2819993,CC(=O)C1=CC(=C(S1)SC2=C(C(=CC=C2)Cl)Cl)[N+](=O)[O-],,
2820001,C1=COC(=C1)CS(=O)(=O)CC2=NC(=CS2)C3=CC=C(C=C3)Cl,,
2820002,C1=CC(=CC(=C1)[N+](=O)[O-])C2=CSC(=N2)CS(=O)(=O)CC3=CC=CO3,,
2820129,CC(=O)NNC(=O)C1=C2CCC=CC2=C(S1)SC,,
2820262,CC(C)(C)S(=O)(=O)/C(=C/NC1=C(SC=C1)C(=O)OC)/C#N,,
2820402,CC1=CC(=NC2=C1C(=NN2C)C)NNC(=O)NC3=CC(=CC=C3)Cl,,
2820862,C1CC(=C(C(=O)C1)Cl)OC(=O)C2=CC(=CC=C2)C(F)(F)F,,
2820879,C1=CC(=CC=C1C2=NC(=NO2)C3=NC=CN=C3)Cl,,
2820916,CC(C)(C)C(=O)CSC1=NC=C2CCC3=CSC(=C3C2=N1)SC,,
2821100,CC1=NN(C2=NC=C(C(=C12)OC3=CC=C(C=C3)Cl)C(=O)N)C,,
2821331,CC1=C(C(=C2N1CSC2)C(=O)OC)C(=O)OC,,
2821638,C1=CC(=C(C=C1Cl)Cl)C(=O)OCCSC2=CC=C(C3=NON=C23)[N+](=O)[O-],,
2821679,CC1=C(SC(=N1)C2COC3=CC=CC=C3O2)C(=O)O,,
2821709,CC(C)(C)NC(=O)C1=CC2=C(C=C1)OCC2,,
2821908,C1=C(C=NC(=C1Cl)C(=O)O)C(F)(F)F,,
2821933,C1CN(CCC1C(=O)N)C2=NC=C(C=C2)C(F)(F)F,,
2822129,COC1=CC(=NC2=C1C=C(C=C2)C#CCOC(=O)NC3=CC(=CC=C3)Cl)C(F)(F)F,,
2822406,CC(C)(C)C1=NN(C(=C1)NC(=O)NC2=CC(=CC(=C2)Cl)Cl)C,,
2822496,C1=CC=C(C=C1)C#CC2=CC=C(O2)C(=O)SC3=NNC(=N3)C(F)(F)F,,
2822532,CCOC(=O)C1=C(OCC1=O)NC2=CC=C(C=C2)Cl,,
2822603,C1C(CN1C(C2=CC=CC=C2)C3=CC=CC=C3)OC(=O)NC4=CC=C(C=C4)OC(F)(F)F,,
2822818,C1=CC=C(C=C1)NC(=O)NNC(=O)CC2=NC(=NO2)C3=NC=CN=C3,,
2822852,COC1=CC=C(C=C1)NC(=O)NCC2=CC=CC=C2,,
2822858,CSC1=CC=C(C=C1)NC(=O)NCC2=CC=CC=C2,,
2822865,COC1=CC=CC(=C1)NC(=O)NCC2=CC=CC=C2,,
2822876,C1=CC=C(C=C1)CN2C(=O)C3=C(N=CN3)N(C2=O)C4=CC(=CC=C4)F,,
2822957,CCOC1=C(C=CC(=C1)C(=O)O)OC,,
2823014,CCCCC#CC1=CC=C(O1)C(=O)NNC(=S)NC,,
2823055,C1=CC=C(C=C1)CN2C(=O)C3=C(N=CN3)N(C2=O)C4=CC=CC=C4,,
2823068,CC1=CC=CC=C1N2C3=C(C(=O)N(C2=O)CC4=CC=CC=C4)NC=N3,,
2823086,COC1=CC=C(C=C1)NC(=O)NC2=CC3=NON=C3C=C2,,
2823223,CCCN1C(=O)C(=CN(C1=O)C2=CC=CC=C2C)Br,,
2823321,C1=CC=C(C=C1)NC(=O)NC2=CC3=C(C=C2)N=CC=C3,,
2823642,CC1=C(C=C(C=C1)NC(=O)C2=CC3=C(C=C(C=C3N2)C)C)F,,
2823659,C1=CC=C(C=C1)CCNC(=O)C2=CC3=C(N2)C(=CC=C3)[N+](=O)[O-],,
2823686,C1CC(C1)C(=O)N2CCN(CC2)C3=C4C=CC(=CC4=NC=C3)Cl,,
2823699,C1CN(CCN1C2=C3C=CC(=CC3=NC=C2)Cl)C(=O)C4=C(N(N=C4)C5=CC=CC=C5)C(F)(F)F,,
2823829,C1=CC(=CC=C1NC(=O)NC(=O)C2=C(C=C(C=C2)F)F)Cl,,
2823865,CCOC(=O)C1=CC=C(C=C1)NC(=S)NN,,
2824057,CCOC(=O)C1=C(N=C(S1)Br)C,,
2824058,CC1=C(SC(=N1)Br)C(=O)O,,
2824070,CC1=NC2=C(O1)C=C(C=C2)NC(=O)NC,,
2824155,C1=CC2=C(C=C1Cl)C(=C(S2)Cl)CC3=NC(=CS3)C(=O)NN,,
2824175,C1=CC=C(C=C1)S(=O)(=O)NNC(=O)C2=CSC(=N2)C3=CN=CC=C3,,
2824236,C1=CC=C(C(=C1)NC(=O)C2=CSC(=N2)C3=CN=CC=C3)Cl,,
2824238,C1=CC(=CN=C1)C2=NC(=CS2)C(=O)NC3=C(C=C(C=C3)Cl)Cl,,
2824333,C1=CC=C(C=C1)CNC(=O)C2=CSC(=N2)C3=CN=CC=C3,,
2824465,CN(C)C1=NC2=CC=CC=C2C(=C1)NC(=O)NC3=CC=CC=C3,,
2824466,CN(C)C1=NC2=CC=CC=C2C(=C1)NC(=O)NC3=CC(=CC=C3)Cl,,
2824823,C1[C@@H]([C@@H](OC2=CC(=CC(=C21)O)O)C3=CC(=C(C(=C3)O)O)O)OC(=O)C4=CC(=C(C(=C4)O)O)O,,
2824907,C1=CC=C(C=C1)S(=O)CC2=CC=CC=C2C(=O)O,,
2824953,CC(=O)NCC1=CC=CC=C1Br,,
2824963,CC(=O)NC1=CC(=C(C=C1)SC2=CC=CC=C2C(=O)O)C(=O)O,,
2824991,CN1C(=O)CC(NC2=CC=CC=C21)C3=CC=CC=C3.Cl,,
2825024,COC1=CC2=C(C=C1)C(=O)CC(O2)C3=CC=CC=C3,,
2825048,CN(C)C1=CC=C(C=C1)C(=O)C(F)(F)F,,
2825117,CC\1=NN(C(=O)/C1=C/2\C(=NN(C2=O)C3=CC=CC=C3)C)C4=CC=CC=C4,,
2825269,CCOC(=O)C1=CC=C(C=C1)C2=CC(=O)C3=CC=CC=C3O2,,
2825454,CN(C)/C=C(/C1=NN=NN1C2=CC=CC=C2)\C(=O)C3=CC=CC=C3,,
2825455,CN(C)/C=C(/C1=NN=NN1C2=CC=C(C=C2)OC)\C(=O)C3=CC=CC=C3,,
2825456,CN(C)/C=C(/C1=NN=NN1C2=CC=C(C=C2)F)\C(=O)C3=CC=CC=C3,,
2825491,CC(C)N1C(=O)C2=CC=CC=C2N(S1(=O)=O)CC3=CC=CC=C3,,
2825511,CC12CC[C@H](C[C@@H]1CCC3C2CCC4(C3CCC4=O)C)O,,
2825669,CCOC(=O)CC1=C(NC(=C1)C)C(=O)OCC,,
2825690,C1=CC=C2C(=C1)C3=C4C(=C(C=C3)[N+](=O)[O-])C=CC=C4C2=O,,
2825766,CC1([C@@H](N[C@H](S1)CNC(=O)CC2=CC=CC=C2)C(=O)O)C,,
2825946,C1C(C(=O)N(C1=O)CC2=CC=NC=C2)SC3=CC=C(C=C3)Cl,,
2825971,COC(=O)C1=C(C(=C(C1=O)C(=O)OC)C2=CC=CC=C2)C3=CC=CC=C3,,
2825993,C1=CC=C(C=C1)NC2=NC(=O)C3=CC=CC=C3O2,,
2826073,CN(C)/C=C/1\CC2=CC=CC=C2C1=O,,
2826086,CSC1=CC=C(C=C1)NC(=O)NCC2=CN=CC=C2,,
2826191,C1=CC=C(C=C1)C2=CC=C(C=C2)NC(=O)C3=CC=CC=C3C(=O)O,,
2826269,C1=CC=C2C(=C1)C=NN(C2=O)C3=CC=C(C=C3)S(=O)(=O)N,,
2826521,C1COCCN1CCCN2C(=O)C3=CC=CC4=C3C(=CC=C4)C2=O,,
2826598,CCOC(=O)C1=CC(=C(C=C1)NC(=O)C)[N+](=O)[O-],,
2826621,CCOC(=O)C1=CC2=NC(=C(N=C2C=C1)C)C,,
2826639,CCCNC1=C(C(=O)C1=O)N,,
2826713,CCCCCCCCCCCCCCCCCCCCCCCCCC(=O)N[C@@H](CO[C@@H]1[C@@H]([C@H]([C@H]([C@H](O1)CO)O)O)O)[C@@H]([C@@H](CCCCCCCCCCCCCC)O)O,,
2826714,CCCCCCCCCCCCCCCCCCCCCCCC(=O)N[C@@H](CO[C@@H]1[C@@H]([C@H]([C@H]([C@H](O1)CO)O)O)O)[C@@H]([C@@H](CCCCC)O)O,,
2826718,CCC(C)CC(C)CCCCCCCCC(=O)N[C@H]1C[C@H]([C@H](NC(=O)[C@@H]2[C@H](CCN2C(=O)[C@@H](NC(=O)[C@@H](NC(=O)[C@@H]3C[C@H](CN3C(=O)[C@@H](NC1=O)[C@@H](C)O)O)[C@@H]([C@H](C4=CC=C(C=C4)O)O)O)[C@@H](CCN)O)O)NCCN)O,,
2826719,CCCCCC1=C(C(=CC(=C1)O)O)C(=O)O,,
2826726,CNC1=CC=CC=C1C(=O)O[C@@H]2[C@H](O[C@H]([C@@H]2O)N3C=NC4=C(N=CN=C43)N)COP(=O)(O)OP(=O)(O)O,,
2826762,CC1=C(C(=NN1CC2=CC=CC=C2)C)C(=O)O,,
2826771,CC1CC2=CC=CC=C2C(=O)N1,,
2826774,CC(C1=CC=CC=C1)NC(=O)CC2=CC=CC=C2,,
2826792,C1C(C1C(=O)NN)C2=CC=CC=C2,,
2826916,CC1=CN=C(C=[N+]1CC(=O)C2=CC=CC=C2)C.[Br-],,
2827008,C1CN(CC(C1(C2=CC=CC=C2)O)C(=O)C3=CC=CC=C3)CC4=CC=CC=C4,,
2827264,COC(=O)C(CC1=CNC2=CC=CC=C21)N.Cl,,
2827372,COC1=CC=C(C=C1)C(=O)OC(CN2C=CN=C2)COC3=CC=CC=C3,,
2827384,C1=CC=C(C=C1)COC(=O)C2C(C(=[N+](O2)[O-])C(=O)OCC3=CC=CC=C3)C4=CNC5=CC=CC=C54,,
2827422,CCOC(=O)C1=CC=C(C=C1)NC(=O)C23CC4CC(C2)CC(C4)C3,,
2827423,CC1=CC=CC=C1N=NC2=CC(=C(C=C2)NC(=O)C3=CC=CO3)C,,
2827446,CC(C(=O)O)NC(=O)C1=CC=CO1,,
2827468,CN1CCN(CC1)C(=O)C23CC4CC(C2)CC(C4)C3,,
2827474,CC(CC1=CNC2=CC=CC=C21)NC(=O)OCCCl,,
2827646,CC(C1=CC=CC=C1)NC(=O)C2=CC=CC=C2N=CC3=C(C=CC4=CC=CC=C43)O,,
2827709,CC1=CC(=CC=C1)N2C(=O)CC(C2=O)N3CCOCC3,,
2827731,C1C(NC(S1)C2=CC=C(C=C2)F)C(=O)O,,
2827740,C1C(NC(S1)C2=CC=CO2)C(=O)O,,
2827835,CCC(C(=O)NC1=C(C=C(C=C1C)C)C)N2CCCCCC2,,
2827840,CC1=CC=CC=C1NC(=O)CN2CCOCC2.Cl,,
2828046,COC(=O)C1=C(C=NN1)Br,,
2828082,CCN(CC)C1=CC2=C(C=C1)C(=C(C(=O)O2)C=O)Cl,,
2828334,CN1C(=O)C(NC1=S)CC2=CNC3=CC=CC=C32,,
2828582,CCOC(=O)C1=C(NC2=C(C1C3=CC=C(C=C3)Br)C(=O)CC(C2)(C)C)C,,
2828583,C1C(C(=O)NN=C1C2=CC=CC=C2)C3=CNC4=CC=CC=C43,,
2828593,CC1=C(C(NC(=S)N1)C2=CC=CC=C2)C(=O)NC3=CC=CC=C3,,
2828708,C1C(NC(CC1=O)C2=CC=CC=C2)C3=CC=CC=C3,,
2828727,CC1(CC(=O)C(C(N1)(C)C)C(C2=CC=CC=C2)O)C,,
2828913,C1=CC(=CC=C1NC(=O)CCC(=O)O)Br,,
2828935,C1C(=NN(C1=O)C2=CC=C(C=C2)[N+](=O)[O-])C3=CC=CC=C3,,
2828937,CC1(CC(=CC(=O)C1)NC2=CC=CC=C2C#N)C.Cl,,
2829042,CCN(CC)CC(COC1=C(C=CC2=C1SC(=C2C(=O)OCC)NC(=O)C)Br)O,,
2829045,CCOC(=O)C1=C(SC2=C1CCCC2=O)N,,
2829091,C12C(NC(=O)N1)N(C(=O)N2)[N+](=O)[O-],,
2829167,CC1=CC2=C(C=C1)N3CCN(C4C3=C2CCC4)C(=O)C,,
2829238,C1C2C=CC1C(C2C(=O)NC3=CC(=CC=C3)Cl)C(=O)O,,
2829240,C1C2C=CC1C(C2C(=O)NC3=CC=CC(=C3)C(F)(F)F)C(=O)O,,
2829276,CCOC(=O)C1=C(NC(=S)NC1C2=CC=C(C=C2)OC)C,,
2829333,CC(C)(C)NS(=O)(=O)C1=CC2=C(C=C1)C(=O)C3=CC=CC=C3C2=O,,
2829347,CCOC(=O)C1=CC=CC=C1I,,
2829712,CC(=O)NC1=CC2=NC3=CC=CC=C3N=C2C=C1NC(=O)C,,
2829724,C1=CC=C(C=C1)NC(=O)CC2C(=O)NC3=CC=CC=C3N2,,
2829762,CC(C1CC1)NC(=O)NC(=O)C2=CC(=CC=C2)[N+](=O)[O-],,
2829932,C1=COC(=C1)C(=O)NC(C(Cl)(Cl)Cl)NC(=S)NC2=CC=C(C=C2)C(=O)O,,
2830094,COC1=CC=C(C=C1)C(=O)NC(C(Cl)(Cl)Cl)NC(=S)NC2=CC=C(C=C2)S(=O)(=O)N,,
2830270,COC1=CC=C(C=C1)C(=O)NC(C(Cl)(Cl)Cl)SC2=CC=C(C=C2)Cl,,
2830271,C1=CC(=CC=C1C(=O)NC(C(Cl)(Cl)Cl)SC2=CC=C(C=C2)Cl)[N+](=O)[O-],,
2830496,CC(C)NCC(=O)C1=CC(=C(C=C1)O)O.Cl,,
2830531,CCC(=O)NC(C(Cl)(Cl)Cl)NC(=S)NC1=C(N(N(C1=O)C2=CC=CC=C2)C)C,,
2830700,CCOC(=O)C1CCCN2C1=NC3=C(C2=O)C4=C(S3)CCCC4,,
2831603,COC1=C(C=CC(=C1)C=C2C(=O)NC(=S)S2)O,,
2831728,CCOC(=O)C1=C(C2=C(S1)N=CC(=C2)[N+](=O)[O-])N,,
2831829,CCC(=O)OC1(CCN(CC1C)C)C2=CC=CC=C2.Cl,,
2831986,C1=CC2=C(C(=C1)O)N=C(C=C2)C(=O)N,,
2832020,C1=CSC(=C1)C(=O)C2=CC(=C(C=C2)N)[N+](=O)[O-],,
2832097,C1=CC=C(C=C1)N2C(=O)C3=CC=CC=C3C2(C4=CC=C(C=C4)O)C5=CC=C(C=C5)O,,
2832202,C1CN2CCC1C(C2)C(=O)O,,
2832411,C1C2C1C3C=CC2C4C3C(=O)N(C4=O)NC(=O)C5=CC(=CC=C5)Br,,
2832641,CC(C(=O)NN)OC1=CC(=CC=C1)Cl,,
2833078,C1=CC=C2C(=C1)C(NC2=O)CC(=O)N,,
2833773,C1=CC=C(C=C1)OC2=C(C3=C(C=C2)C(=O)C4=CC=CC=C4C3=O)N,,
2833812,C(=O)(C(C(F)(F)F)(O)O)O,,
2833927,CC(=O)N(C1=CC=C(C=C1)C(=O)O)C2=C(C(=O)C3=CC=CC=C3C2=O)N4CCOCC4,,
2833933,CC1=CC=C(C=C1)NC2=C(C(=O)C3=CC=CC=C3C2=O)N4CCCCC4,,
2834002,CC(=O)C1=C(N=C(N=C1SC)C2=CC=CC=C2)N,,
2834213,CC(=O)O.CN1CCCC(C1)CN2C3=CC=CC=C3SC4=CC=CC=C42,,
2834221,CC(=O)C1=CC2=C(C=C1N)OCCO2,,
2834416,CC1CCC(C(C1)OC(=O)CN2C3=CC=CC=C3[N+](=C2C4=CC=C(C=C4)OC)C)C(C)C.[Cl-],,
2834423,CC1CCC(C(C1)OC(=O)CN2C3=CC=CC=C3[N+](=C2C4=CC=CC=C4)C)C(C)C.[Cl-],,
2834475,COC1=CC=CC=C1NC(=O)CC2C(=O)NC3=CC=CC=C3N2,,
2834581,CC1=CC(=C(C=C1)N2C(=O)C=CC2=O)[N+](=O)[O-],,
2834616,CN(C)CCCN1C(=O)C2=CC=CC3=C2C(=CC=C3)C1=O,,
2834638,CC1=CC2=C(C=C1)NC3=C2CCCC3NC(=O)CCl,,
2834684,CC1CCCC(N1C(=O)CCS)C(=O)O,,
2834688,CCCC1=NC(=NC2=C1C(=O)CC(C2)(C)C)N,,
2834777,CCCC(=NOCC=C)C1C(=O)CC(C(C1=O)C(=O)OC)(C)C,,
2834825,C1C(CC(=O)C=C1NC2=CC=CC=C2)C3=CC=CC=C3,,
2834912,C1C(N(N=C1C2=CC=C(C=C2)Cl)C3=CC=CC=C3)C4=CC=CO4,,
2834946,C1C(C(CC(C1C(=O)O)C(=O)O)C(=O)O)C(=O)O,,
2834959,CC(C)(C)C(=O)NC1=NC=CS1,,
2835201,CC1CC(N(C2=CC=CC=C12)C(=O)C)(C)C,,
2835229,CC1CC(C2=CC=CC=C2N1C(=O)C3=CC=C(C=C3)C(C)(C)C)N(C4=CC=CC=C4)C(=O)C,,
2835307,CC(C)CCOC1=CC=C(C=C1)C2(C(=O)NC(=O)N2)C,,
2835309,CCCOC1=CC=C(C=C1)C(CC(=O)O)N,,
2835393,CC1=CC(=O)N2C(=N1)SC(=N2)C3=CC=CC=C3,,
2836049,C1=CC2=C(C=C1O)C(=O)C3=C(O2)C=CC(=C3)O,,
2836108,CC1=CC=C(C=C1)N2CC3=CC=CC=C3C2=O,,
2836166,C1=CC=C2C(=C1)C3=CC=CC=C3N2CCC(=O)NN,,
2836318,C1CCN(CC1)CC2=CC=C(O2)C(=O)O.Cl,,
2836419,C1COCCN1CCOC(=O)C2=CC=CC=C2.Cl,,
2836425,C1C2CC3CC1CC(C2)(C3)C(=O)NC4=CN=CC=C4,,
2836593,C1=CC=C(C(=C1)C(=O)O)NC2=C(C3=NON=C3C(=C2)Cl)[N+](=O)[O-],,
2836605,C1=CC=C(C(=C1)C(=O)O)NC2=CC=C(C3=NON=C23)[N+](=O)[O-],,
2836717,C1CCC2(CC1)C(CC(=O)O2)C(=O)N3CCOCC3,,
2836734,CC1CCCC(N1S(=O)(=O)C2=CC=C(C=C2)NC(=O)C)C,,
2836828,CCCCCN(CCCCC)C(=O)C1=CC=CC=C1C(=O)NC2=CC=C(C=C2)Br,,
2836868,C1C(C(C(=O)N1)C(=O)O)C2=CC=CC=C2,,
2836875,CCOC(=O)C1C(CN(C1=O)C(=O)C2=CC(=CN=C2)Br)C3=CC=CC=C3,,
2836941,CC1=C(C(NC(=O)N1)C2=CC=CC=C2)C(=O)OCC3=CC=CC=C3,,
2837048,CC1=CC(=C(C=C1)NC(=O)C2=CC=CO2)[N+](=O)[O-],,
2837056,C1=CC(=CN=C1)C(=O)NC2=NC=C(C=C2)[N+](=O)[O-],,
2837293,C1CC(N(C1)S(=O)(=O)C2=CC=CC=C2)C(=O)O,,
2837423,CC1=C(C(NC(=O)N1)C2=CC=CS2)C(=O)NC3=CC=CC=C3,,
2837466,C1COCCN1CC(=O)NC2=CC=C(C=C2)[N+](=O)[O-],,
2837530,CC1=CC(=CC(=C1)C(=O)OC2CC3CCC(C2)N3C)C,,
2837573,CCOC(=O)C1=C(OC2=C(C1C3=CC=C(C=C3)[N+](=O)[O-])C=CC(=C2)O)N,,
2837663,CC(C)(C(COC1=CC=CC2=C1N(C(=O)C=C2OC)C)O)O,,
2837843,C1C(C(=O)N(C1=O)CC2=CC=CC=C2)N(C3=CC=CC=C3)O,,
2837888,C1CN(CCN1C2=CC=C(C=C2)[N+](=O)[O-])C(=O)CC3=CC=CC=C3,,
2837966,C1CN(CCN1C2=CC=C(C=C2)[N+](=O)[O-])C(=O)CC3=CC=C(C=C3)[N+](=O)[O-],,
2838196,C1CN(CCC1CC2=CC=CC=C2)CC3=COC4=CC=CC=C4C3=O,,
2839009,CC1=CC2=C(C(C(=C(O2)N)C#N)C3=CC=CS3)C(=O)O1,,
2839113,COC1=CC(=C(C=C1)NC(=O)CSC2=CC=CC=N2)[N+](=O)[O-],,
2839290,C1CC2=CC3=C(N=C2C1)SC(=C3N)C(=O)N,,
2839408,CC1(CC2=C(C(C(=C(O2)N)C#N)C3=COC=C3)C(=O)C1)C,,
2839615,CC1(CC2=C(C(C(=C(O2)N)C#N)C3=CC=C(C=C3)OC)C(=O)C1)C,,
2839622,CCOC(=O)C1=C(OC(=C(C1C2=CC=CS2)C#N)N)C,,
2839743,CCCC1C2CC=CC2C3=C(N1)C=CC(=C3)C(=O)O,,
2839791,CN(C)C1=C(C=C(C=C1)C=C2C(=O)NC(=S)NC2=O)[N+](=O)[O-],,
2839874,CC1C(=O)NC(S1)C2=CC=C(C=C2)OC,,
2839914,CC1C(=O)N(C(S1)C2=CC=CC=C2)CC3=CC=CC=C3,,
2840206,CN(C)C1=CC=CC2=C1C(=O)C3=CC=CC=C3C2=O,,
2840530,CN(C)C1=C(C=C(C=C1)C=C2C(=O)NC(=O)NC2=O)[N+](=O)[O-],,
2840573,COC(=O)C1=C(C2(C(=O)C3=CC=CC=C3C2=O)OC1C4=CC(=CC=C4)F)C(=O)OC,,
2840871,CCOC(=O)C1=CC2=C(C=C1)NC3=C2CCCC3O,,
2840997,CCN(CC)C1CC(=O)N(C1=O)C2=CC(=CC=C2)Cl,,
2841012,CC1=CC(=CC(=C1N)C)C(C2=CC=CO2)C3=CC(=C(C(=C3)C)N)C,,
2841053,C1CC[NH+](CC1)CCC(=O)C2=CC=CC=C2.[Cl-],,
2841175,C1C(N(N=C1C2=CC=CC=C2)C(=O)C3=CC=CC=C3)C4=CC=CC=C4,,
2841181,CCCC1CCC(=CC1=O)C2=CC=C(C=C2)OCC,,
2841226,C1CCC(CC1)NCC(=O)C2=CC(=C(C=C2)O)O.Cl,,
2841378,C1C(N(N=C1C2=CC=CC=C2)C=O)C3=CC=CC=C3,,
2841560,CC(C)CC(=O)OC1C(C2=C(C=CC3=C2OC(=O)C=C3)OC1(C)C)OC(=O)C,,
2841561,CC(C)(C1CC2=C(O1)C=C3C(=C2)C=CC(=O)O3)OC(=O)C4=CC=CC=C4,,
2841629,CC1(CC2=C(C(NC3=CC=CC=C3N2)C4=CC(=C(C=C4)OC)OC)C(=O)C1)C,,
2841659,CC1=C(C(=O)N(N1C)C2=CC=CC=C2)C(C3=CC=CC=C3O)C4=C(N(N(C4=O)C5=CC=CC=C5)C)C,,
2841812,C1CCC(C(C1)C(=O)NCC2=CC=CC=C2)C(=O)O,,
2842210,CCOC(=O)C(C#N)C1=CC=CC=N1,,
2842426,CCOC(=O)N1CCN(CC1)S(=O)(=O)C2=CC=CC(=C2)[N+](=O)[O-],,
2842515,C1C2CC3CC(C2)(CC1C3=O)C(=O)O,,
2842562,C1C2CC3CC1CC(C2)C3=CC(=O)O,,
2842664,C1=CC(=CC=C1C(=O)NCCCN2C=CN=C2)Cl,,
2842756,CCOC(=O)C1C(CN(C1=O)C(=O)C2=CC=C(C=C2)OC)C3=CC=CC=C3,,
2842933,CCN1C(=O)C2=C3C(=C(C=C2)Cl)C=CC=C3C1=O,,
2843164,COC1=CC=C(C=C1)C(=O)N2CC(CC2=O)C3=CC=C(C=C3)Cl,,
2843418,CSC1=C(C(=O)N(N=C1)C2=CC=CC=C2)SC,,
2843496,CCN(CC)CC(=O)NC1=C(C=C(C=C1C)C)C.Cl,,
2843517,CC1CCN(CC1)C(=O)C2COC3=CC=CC=C3O2,,
2843603,COC1=CC=C(C=C1)NC(=O)CC2C(=O)NC3=CC=CC=C3N2,,
2844150,CC1=CC(=C(C=C1)C)NC(=O)C2CC(=O)N(C2)C3CCCCC3,,
2844462,CC1(CC2=C(C(NC3=C2C4=CC=CC=C4C=C3)C5=CC(=C(C=C5)OC)Br)C(=O)C1)C,,
2844776,CC1=CC(=CC2=C1C(=O)/C(=C/3\C(=O)C4=C(S3)C=C(C=C4C)Cl)/S2)Cl,,
2844802,C1C(=O)N(C(S1)C2=CC(=CC=C2)[N+](=O)[O-])C3=CC=CC=C3,,
2844987,C1C(=O)N(C(S1)C2=CC=CC=C2)C3=CC=C(C=C3)[N+](=O)[O-],,
2845137,CC(CC1=CC=CC=C1)NC(=O)C2=CC=C(C=C2)N,,
2845493,C1CC(CN(C1)CC2=CC3=CC=CC=C3C=C2)C(=O)N,,
2846758,CCOC(=O)C1=C(SC2=C1CCCC2)NC(=O)C34CC5CC(C3)CC(C5)C4,,
2847363,CC1(CC(CC(N1[O])(C)C)OC(=O)C2=CC=CC=C2)C,,
2847852,C1CCC(CC1)N2C(=O)C3=C(N2)C4=C(C=C3)C(=O)C5=CC=CC=C5C4=O,,
2848107,C1C2=C(C(NC3=CC=CC=C3N2)C4=CC=CC=C4)C(=O)N1,,
2848123,CCOC(=O)C1=C(NC2=C(C1C3=CC=CC=C3Cl)C(=O)CC(C2)(C)C)C,,
2848160,COC1=C(C=C(C=C1)C2=NC3=CC=CC=C3O2)OC,,
2848220,C1=CC(=CC(=C1)Cl)C(=O)NCCCN2C=CN=C2,,
2848449,CC1=CC(=C[N+](=C1)C(C)C(=O)C2=CC=C(C=C2)C3=CC=CC=C3)C.[Br-],,
2849228,CC1=CC2=C(C=C1)OC(CC2=O)(C(F)(F)F)O,,
2849295,CC1=C(C(=CC=C1)C)OCCSC2=NC3=CC=CC=C3N2CC(=O)O,,
2849387,CCOC1=CC=C(C=C1)C(=O)CCN2CCOCC2.Cl,,
2849425,C1CC(=O)N(C1)CC(=S)N,,
2849603,CC(C)CC1=CC=C(C=C1)C(C)C(=O)NC2=CC=CC=C2O,,
2849628,CC(C1=CC=CC=C1)NC(=O)C2=CC(=NC3=CC=CC=C32)C4=CC=CC=C4,,
2849634,C1CCN(CC1)C2=C(C(=O)C3=CC=CC=C3C2=O)NC4=CC(=CC=C4)Br,,
2849820,CC(C)(C)C1=CC=C(C=C1)C(=O)NC2=CC=C(C=C2)[N+](=O)[O-],,
2849973,CN1C(=O)C2=C3C(=C(C=C2)N(C)C)C=CC=C3C1=O,,
2850150,CC(C)(CNC(=O)C1=CC=C(C=C1)OC)CNC(=O)C2=CC=C(C=C2)OC,,
2850227,CCSC1=C(C(C(=C(N1)C)C(=O)NC2=CC=CC=C2OC)C3=CC=CC=C3Cl)C#N,,
2850256,CC1CCC2=C(C1)SC(=C2C(=O)OC(C)C)N,,
2850604,CC1=CC=C(C=C1)NC2=C(C=C(C=C2)C(=O)O)[N+](=O)[O-],,
2850642,CC1(N=C(N=C(N1C2=CC=CC(=C2)C(=O)O)N)N)C.Cl,,
2850672,CCOC1=CC=C(C=C1)C(=O)NCC2CCCO2,,
2850732,CC1CN(CC(O1)C)C2=C(C(=O)N3C=CC=C(C3=N2)C)C=O,,
2850825,C1CCN(CC1)C2=C(C(=O)C3=CC=CC=C3C2=O)NC4=CC(=CC=C4)O,,
2851123,C1=CC=C(C=C1)COC2=CC=C(C=C2)C=C3C(=O)NC(=O)NC3=O,,
2851338,C1C2CC3CC1CC(C2)(C3)NC(=O)C4=NC5=CC=CC=C5C=C4,,
2851364,CCCCN1C2=CC=CC=C2N=C1NC(=O)C3=CC=CC=C3,,
2852109,CCC(C1=CC=CC=C1)C(=O)NC2=CC(=CC(=N2)C)C,,
2852188,CC1CCC2=C(C1)SC(=C2C(=O)N)NC(=O)C3=CC=CC=C3[N+](=O)[O-],,
2852569,CC(C)C1=CC=C(C=C1)NC(=O)C2CC3CCC2C3,,
2852749,CC1CCC2=C(C1)SC(=C2C(=O)N)N,,
2852875,CC1=C(C=CC=C1[N+](=O)[O-])C(=O)NC2=CC(=C(C=C2)F)Cl,,
2853037,C1C(N(N=C1C2=CC=CC=C2)C3=CC=C(C=C3)C(=O)O)C4=CC=CC=C4,,
2853283,CC1=CC=C(C=C1)C(=O)NC2=NC=C(S2)[N+](=O)[O-],,
2853311,CC(C)(C)C1=CC(=NO1)C2=CC=CC=C2,,
2853693,C1CN(CCN1CC2=CC3=C(C=C2)OCO3)C4CC(=O)N(C4=O)CCC5=CC=CC=C5,,
2853923,C1CC(OC1)CNC(=O)C2=C(C3=CC=CC=C3S2)Cl,,
2853935,CC1CCC2=C(C1)SC(=C2C(=O)N)NC(=O)C3=CC(=CC=C3)[N+](=O)[O-],,
2854246,C1CCC2C(C1)C(=O)N(C2=O)CCCCCC(=O)O,,
2854540,CC1=C(C(NC(=O)N1)C2=CC=C(C=C2)F)C(=O)OC3CCCCC3,,
2854638,C1C(C2=C(C3=CC=CC=C3C=C2)NC1=O)C4=CC(=CC=C4)[N+](=O)[O-],,
2854758,CC1=C(C(NC(=O)N1)C2=CC(=CC=C2)O)C(=O)OCC3CCCCC3,,
2855319,CC1=C(C(NC(=O)N1)C2=CC=C(C=C2)O)C(=O)OCC3CCCCC3,,
2855521,CC1=C(C(NC(=O)N1)C2=CC=C(C=C2)F)C(=O)OCC3=CC=C(C=C3)OC,,
2855592,CC1=C(C(C2=C(N1)CCCC2=O)C3=CC=C(C=C3)N(C)C)C(=O)OCCOC,,
2855815,C1CSCCN1C2CC(=O)N(C2=O)C3=CC(=CC=C3)Cl,,
2856102,CCOC(=O)C1=C(NC(=C(C1C2=C(C(=C(C(=C2F)F)F)F)F)C(=O)OCC)C)C,,
2856113,CCOC1=CC=CC=C1N2C(=O)CC(C2=O)N(C3=CC=CC=C3)O,,
2856131,C1COC2=C(O1)C=CC(=C2)S(=O)(=O)NCCCCCC(=O)O,,
2856144,CC1=C(C=CC=C1Cl)NC(=O)C2CC(=O)N(C2)C3=CC=C(C=C3)Br,,
2856177,C1CC(OC1)CNS(=O)(=O)C2=CC=C(C=C2)C(=O)O,,
2856224,C1C(N(N=C1C2=CC=C(C=C2)F)C3=CC=CC=C3)C4=CC=CO4,,
2856288,COC(=O)C1=CC=CC=C1NC(=O)C2CC(=O)N(C2)C3CCCCC3,,
2856381,C1=CC=C(C=C1)CN2C(=O)C(NC2=S)CC3=CC=C(C=C3)O,,
2856422,C1COC2(O1)C3=C(C=CC(=C3)F)NC2=O,,
2856466,CC1=C(C=C(C=C1)NC(=O)C2CCCCC2C(=O)O)Cl,,
2856612,CC(=O)NC(CC(=O)O)C1=CC=C(C=C1)[N+](=O)[O-],,
2856734,C1CCN(CC1)CC(COC2=CC=CC=C2C(=O)CCC3=CC=CC=C3)O,,
2856987,CCN(CC)CC(COC1=CC=CC=C1C(=O)CCC2=CC=CC=C2)O,,
2857161,CC1=C(C=C(C=C1)OCCSC2=NC3=CC=CC=C3N2CCC(=O)O)C,,
2857746,C1C(=NN(C1(C2=CC=CC=C2O)O)C(=O)C3=CC=CC=C3)C(F)(F)F,,
2858523,CC1=CC2=C(C=C1C)N(C(=N2)NCCCO)CC(=O)C3=CC(=C(C(=C3)C(C)(C)C)O)C(C)(C)C,,
2859218,CCCOC1=CC=CC=C1N2C(=O)CC(C2=O)N(C3=CC=CC=C3)O,,
2859221,COC1=CC(=C(C=C1)NC2=CC(=O)CC(C2)C3=CC=CC=C3)OC,,
2859342,C1=CC=C(C=C1)CNC(=O)CC2C(=O)N=C(S2)N,,
2859533,COC1=CC=CC=C1NC(=O)CC2C(=O)NC3=C(S2)C=CC(=C3)C(F)(F)F,,
2859689,COC1=CC=C(C=C1)C(CC(=O)C2=CC=CC=C2)C3CCCCC3=O,,
2859804,CC1=C(C=C(O1)CSCC2CCCO2)C(=O)O,,
2859888,CCOC(=O)C1=CC2=C(C=C1)NC(C3C2C=CC3)C(=O)O,,
2860044,COC1=CC=C(C=C1)C2N(C(=O)CS2)CCC3=CC(=C(C=C3)OC)OC,,
2860655,C1C2C1C3C=CC2C4C3C(=O)N(C4=O)C5=CC=CC6=CC=CC=C65,,
2860669,CC1(CC(=O)N(O1)C2=CC=CC=C2)O,,
2861706,C1COCCN1C2=CC=C(C=C2)NC3CC(=O)N(C3=O)CC4=CC=CC=C4,,
2861871,CC1CC2=C(N=C3C=CC(=CC3=C2S1)C(=O)O)C,,
2862027,CCC(C)(C)C1CCC2=C(C1)SC(=C2C(=O)N)N,,
2862126,C1CC(OC1)C(=O)NC2=CC=C(C=C2)OC3=CC=CC=C3,,
2862158,CC1=CC2=C(C=C1)NC(=O)CN(C2C3=CC=CC=C3)C(=O)C,,
2862530,CC1=C(C=C(C=C1)C(=O)NCCCN2C=CN=C2)C,,
2862548,CCC1=NN=C(S1)NC(=O)C2CCCO2,,
2862625,CC1=CC(=C(C=C1)OC)NC(=O)C2CC2C3=CC=CC=C3,,
2863230,CC1(CC(=O)C(C(C1C(=O)OC)C2=CC=CC=C2)C(=O)OC)O,,
2863862,CCN(CC)C1=C(C(=O)N(C2=CC=CC=C21)C)[N+](=O)[O-],,
2863945,CC1=C(C(=NO1)C2=CC=CC=C2)C(=O)N3CCN(CC3)C4=C(C=C(C=C4)[N+](=O)[O-])Cl,,
2864134,CC1=C(C=CC(=C1)[N+](=O)[O-])NC(=O)C2=CC3=CC=CC=C3O2,,
2864411,CC1=C(C(NC(=O)N1C)C2=CC=CC3=CC=CC=C32)C(=O)OC,,
2864586,C1=CC(=CC(=C1)C(F)(F)F)C=C2C(=O)NC(=O)S2,,
2864596,C1C2C1C3C=CC2C4C3C(=O)N(C4=O)NC(=O)C5=CC=C(C=C5)Br,,
2864711,CC1=C(C2(C(=O)C3=CC=CC=C3C2(N1)O)O)C#N,,
2864982,CCOC(=O)C1=C(NC(=O)CC1C2=CC=CC=C2)C,,
2865089,CC(=O)CC1=NC(CC2=CC=CC=C21)(C)C,,
2865149,CC(=O)N1CCN(CC1)C2=CC=C(C=C2)[N+](=O)[O-],,
2865236,C1=CC=C(C(=C1)C2C3C(=NC4=CC=CC=C4S2)C5=CC=CC=C5C3=O)F,,
2865851,C1=CC=C2C(=C1)C3=NC4=CC=CC=C4SC(C3C2=O)C5=CC(=CC=C5)F,,
2866203,COC1=CC=C(C=C1)N=CC2=C(N(C(=O)C3=CC=CC=C32)C4=CC=C(C=C4)OC)O,,
2866356,CC1(CC2=C(C(NC3=CC=CC=C3N2)C4=CC=CC=C4OC)C(=O)C1)C,,
2866412,C1=CC=C2C(=C1)C3=C(O2)C=C(C=C3)NC(=O)C4=CC=C(O4)[N+](=O)[O-],,
2866993,CC1=CC(=CC2=C1SC3=CC=CC=C3C2=O)O,,
2867165,CC1=C(C(C2=C(N1)CCCC2=O)C3=CC=CC=C3[N+](=O)[O-])C(=O)OCCC4=CC=CC=C4,,
2867455,CSC1=CC=C(C=C1)C2NC3=CC=CC=C3C(=O)N2,,
2867506,C1CN(CCN1C2CC(=O)N(C2=O)C3=CC=CC=C3F)C4=CC=CC(=C4)C(F)(F)F,,
2867529,CC1=C(C(NC(=O)N1)C2=CC=CO2)C(=O)OC,,
2867550,CCOC1=CC=C(C=C1)N2C(=O)C3C(N(OC3C2=O)C4=CC=CC=C4)C5=CC=CS5,,
2868141,CC(=O)C1=C(C(=O)N(C1C2=CC=C(C=C2)Cl)C3=CC=CC=N3)O,,
2868392,CCNC(=O)C1C(C(C(O1)N2C=NC3=C(N=CN=C32)N)O)O,,
2868468,CC1(CC(=CC(=O)C1)NCCN2CCN(CC2)C(=S)NCC=C)C,,
2868490,CC(C)(C)C1=CC(=CC2=CC(=C(C=C2)OC)OC)C=C(C1=O)C(C)(C)C,,
2869021,CN=C(NC1=CC=CC=C1OC)SC2CC(=O)N(C2=O)C3=CC=C(C=C3)C(=O)OC,,
2869028,CN=C(NC1=C(C=CC(=C1)Cl)Cl)SC2CC(=O)N(C2=O)C3=CC=C(C=C3)C(=O)OC,,
2869403,C1CCC2=NN(C(C2C1)(C(F)(F)F)O)C(=O)CC3=CC=C(C=C3)[N+](=O)[O-],,
2869474,COC1=CC=C(C=C1)C(=O)NNC2=C(CCC2)C(=O)C(F)(F)F,,
2869527,CC(C1=CC=CC=C1)NC(=O)C2=CC=CC=C2Cl,,
2869892,CC1=C(C(C2=C(N1)CC(CC2=O)(C)C)C3=CC=C(C=C3)C4=CC=CC=C4)C(=O)OCC5=CC=C(C=C5)OC,,
2870264,C1=CC2=C3C(=C1)C(=O)N(C(=O)C3=CC=C2)CCCC(=O)NCC4=CC=CO4,,
2870460,CC1=C(C(=CC=C1)NC(=O)CC2C(=O)NC3=C(N2)C=C(C(=C3)C)C)C,,
2870836,CC(=O)N(C)C1=C(C(=O)C2=CC=CC=C2C1=O)N3CCOCC3,,
2870842,CNC(=O)C(=O)NC1=NC(=CS1)C23CC4CC(C2)CC(C4)C3,,
2870897,COC(=O)C1=C(C2=C(C=C1)C(=O)C3=CC=CC=C3C2=O)O,,
2870946,C1C=C(CC2C1C(=O)N(C2=O)CN(CC3=CC=CO3)CN4C(=O)C5CC=C(CC5C4=O)Cl)Cl,,
2871851,CC(=O)NC(C1=CC=C(C=C1)Cl)C2=C(C3=C(C=CC=N3)C=C2)O,,
2871854,C1=CC=C(C=C1)CN2C(=O)C(NC2=S)CCC(=O)N,,
2871881,C1=CC=C(C=C1)C(C2=C(C3=C(C=CC=N3)C=C2)O)NC(=O)C4=CC=CC=C4,,
2871911,C1=CC=C(C=C1)CC2C(=O)N(C(=S)N2)C3=CC=CC=C3,,
2871948,CC1=CC(=C(C=C1C)[N+](=O)[O-])C2=CC=C(O2)C=C3C(=NN(C3=O)C4=CC=C(C=C4)C(=O)O)C,,
2871966,CC1=CC=C(C=C1)C(C2=C(C3=C(C=CC=N3)C=C2)O)NC(=O)C4=CC=CC=C4,,
2871979,C1OC2=C(O1)C=C(C=C2)C(C3=C(C4=C(C=CC=N4)C=C3)O)NC(=O)C5=CC=CC=C5,,
2871997,C1=CC=C(C=C1)N2C(=O)C(NC2=S)CC(=O)O,,
2872023,CSCCC1C(=O)N(C(=S)N1)C2=CC=CC=C2,,
2872116,C1CC2C(=O)N(C(=S)N2C1)CC3=CC=CC=C3,,
2872155,C1=CC=C(C=C1)N2C(=O)C(NC2=S)CCC(=O)O,,
2872206,CC(=O)NC(C1=CC(=CC=C1)[N+](=O)[O-])C2=C(C3=C(C=CC=N3)C=C2)O,,
2872314,CC1C(=O)N(C(=S)N1)C2=CC=CC=C2,,
2872315,C1=CC=C(C=C1)CSCC2C(=O)N(C(=S)N2)C3=CC=CC=C3,,
2872367,CC1=CC2=C(C=C1C)OC(=N2)C3=CC=C(C=C3)NC(=O)C4=CC5=CC=CC=C5O4,,
2872399,C1=CC=C(C=C1)N2C(=O)C(NC2=S)CC3=CC=C(C=C3)O,,
2872439,CC(=O)NC(C1=CC2=CC=CC=C2C=C1)C3=C(C4=C(C=CC=N4)C=C3)O,,
2872768,CC1=C(C=CC=C1Cl)NC(=O)C2CC(=O)N(C2)C3=CC=CC=C3,,
2872805,C1C=CC2C1C(NC3=C(C=CC(=C23)[N+](=O)[O-])C(=O)O)C4=CC=CC=C4,,
2872879,CCC1=CC=CC=C1N2C(=O)C3C4CCC(C3C2=O)C=C4,,
2872940,C1=CC=C(C=C1)CC(C(=O)O)N2C(=O)/C(=C/3\C4=CC=CC=C4N(C3=O)CC(=O)O)/SC2=S,,
2873125,CC1=C(C=C(C=C1)N2C(=O)C3C4CCC(C3C2=O)C=C4)Cl,,
2873178,C1=CC=C(C(=C1)C2NC3=CC=CC=C3C(=O)N2O)O,,
2873275,CCOC(=O)C1=C(NC(=O)NC1C2=CN(N=C2C3=CC=C(C=C3)Cl)C4=CC=CC=C4)C,,
2873401,CCCCNC(=O)CC1C(=O)NC2=CC=CC=C2N1,,
2873523,CCC(C)C1=CC=C(C=C1)NC(=O)CN2C=NC3=C2C(=O)N(C(=O)N3C)C,,
2873539,C1CC(OC1)CNC(=O)C2=CC(=NC3=CC=CC=C32)C4=CC=CC=C4,,
2874023,CCOC1=CC=C(C=C1)C2N(C(=O)CS2)C3=C(N(N(C3=O)C4=CC=CC=C4)C)C,,
2874446,CC(CC(=O)O)C(=O)C1=CC(=C(C=C1)Cl)[N+](=O)[O-],,
2874455,C1COCCN1NC(=O)NC23CC4CC(C2)CC(C4)C3,,
2874795,C1COC2=C(O1)C=C3C(=C2)NC=C(C3=O)C(=O)O,,
2874798,CC1CC(C2=CC=CC=C2N1C(=O)C3=CC=NC=C3)NC4=CC=CC=C4,,
2874849,CC1=CC2=C(C=C1C)NC(=O)C(N2)CC(=O)NC3=CC(=CC=C3)Cl,,
2874943,C1=CC=C(C=C1)C(=O)N/C(=C\C2=CC=CO2)/C(=O)NCC3=CN=CC=C3,,
2874948,CC1=CC=C(C=C1)C(=O)N/C(=C\C2=CC=C(C=C2)OC)/C(=O)NCCCN3C=CN=C3,,
2875733,CC(=CC1=C(C2=C(O1)C=CC(=C2)[N+](=O)[O-])N3CCOCC3)C,,
2875918,CCCCC1CCC(CC1)C2=NC(=NO2)C3=CC=NC=C3,,
2876107,CC1=C(C=C(C=C1)C(=O)NC2=CC=CC=C2C(=O)O)S(=O)(=O)NC3=CC=C(C=C3)Br,,
2876206,CC(=O)N1C2=CC=CC=C2CCC3=C1C=C(C=C3)N.Cl,,
2876243,C1COCCN1C2=C(C(=O)SC3=CC=CC=C32)[N+](=O)[O-],,
2876413,C1CCN(C1)C2=C(C(=O)SC3=CC=CC=C32)[N+](=O)[O-],,
2876575,CCC(=O)NC(C1=C(C2=C(C=CC=N2)C=C1)O)C3=CC=CC=C3OC,,
2876596,CCCC(=O)NC(C1=C(C2=C(C=CC=N2)C=C1)O)C3=CC=CC=C3OC,,
2876611,CCCC(=O)NC(C1=CC=C(C=C1)Cl)C2=C(C3=C(C=CC=N3)C=C2)O,,
2876731,CCCC(=O)NC(C1=C(C2=C(C=CC=N2)C=C1)O)C3=CC=CC=C3Cl,,
2876739,CC(C)C(=O)NC(C1=CC=C(C=C1)Cl)C2=C(C3=C(C=CC=N3)C=C2)O,,
2876744,CCC(=O)NC(C1=CC=C(C=C1)C)C2=C(C3=C(C=CC=N3)C=C2)O,,
2876839,CC(C)C(=O)NC(C1=CC=C(C=C1)OC)C2=C(C3=C(C=CC=N3)C=C2)O,,
2876872,CCCC(=O)NC(C1=CC=C(C=C1)OC)C2=C(C3=C(C=CC=N3)C=C2)O,,
2876959,CC(C)C(=O)NC(C1=C(C2=C(C=CC=N2)C=C1)O)C3=CC=CO3,,
2877039,CC(C1=CC=C(C=C1)OC)NC(=O)CCC2=CC=CC=C2,,
2877092,COC1=C(C=C(C=C1)C(C2=C(C3=C(C=CC=N3)C=C2)O)NC(=O)CC4=CC=CC=C4)OC,,
2877115,C1C(C(=O)N(C1=O)C2=CC=CC=C2)NCC3=CC=C(C=C3)F,,
2877352,CN1C(=O)CC(C1=O)N2CCN(CC2)C(=O)C3=CC=CC=C3,,
2877764,CC1(CC(CCO1)(CC(=O)O)C2=CC=CC=C2)C,,
2877858,CC1=NN(C(C1)(C2=CN=CC=C2)O)C(=O)CC3=CC=CC=C3,,
2877953,CCOC1=C(C=CC(=C1)[N+](=O)[O-])NC(=O)C,,
2877964,C1CC2C(=NN(C2=O)C3=CC=CC=C3)C1,,
2878297,CC1CC(C(C1(C#N)C#N)(C#N)C#N)N(C(=O)C)N(C)C,,
2878770,COC1=CC=C(C=C1)C2=CC(=O)CC(C2)C3=CC=CC=C3,,
2879094,C1CCN(C1)C2=C(C(=O)N(C3=CC=CC=C32)C4=CC=CC=C4)[N+](=O)[O-],,
2879284,CC1(C(CCC1(C)C(=O)O)C(=O)NC2=CC(=CC=C2)F)C,,
2879765,C1CCN(CC1)C2=C(C=C(C=C2)C(=O)O)[N+](=O)[O-],,
2880001,COC1=CC(=CC(=C1OC)OC)CN2CCN(CC2)C(=O)C3=CC=C(C=C3)C4=CC=CC=C4.C(=O)(C(=O)O)O,,
2880101,CC(C)CCCC(C)CCOC(=O)CN1CCCC1,,
2880249,CCCN1C2=CC=CC=C2C(C1=O)(C3COC(CC3=O)(C)C)O,,
2880483,CC1=CC(=C(N1C2=CC=CC=C2)C)C=C3C(=O)N4C5=CC=CC=C5N=C4S3,,
2880512,CSC1=NC2=C(S1)C=C(C=C2)N3C(=O)C4CCCCC4C3=O,,
2880983,CC1CC(N(C2=CC=CC=C12)C(=O)CN3C(=O)C4=CC=CC=C4C3=O)(C)C,,
2881486,C[N+]1=CN(C=C1)CC(=O)C2=CC=C(C=C2)OC.[Br-],,
2881730,CCC(C)C1C(=C(OC2=C1C(=O)CC(C2)(C)C)N)C#N,,
2881787,C1CCN(CC1)CCN2C3=CC=CC=C3N(C2=N)CC(=O)C4=CC(=CC=C4)[N+](=O)[O-].Br,,
2881855,COC1=C(C=C(C=C1)C(=O)C[N+]2=CN(C=C2)C=C)OC.[Br-],,
2882012,CC1(CC2=C(C(NC3=CC=CC=C3N2)C4=CC(=CC=C4)F)C(=O)C1)C,,
2882129,CC1=CC=C(C=C1)C23CC4CC(C2)CC(C4)(C3)C(=O)NC(C)C,,
2882724,CC1=C(C(NC(=O)N1C)C2=CC3=C(C=C2[N+](=O)[O-])OCO3)C(=O)OC4CCCC4,,
2883143,CC(=O)NC1=CC=C(C=C1)NC(=O)C2C3CCC(C3)C2C(=O)O,,
2883188,C1CC(OC1)CN2C(=O)C3=CC=CC=C3C2=O,,
2883270,COC1=CC=C(C=C1)C2CC(=CC(=O)C2)NCC3=CC=CC=C3,,
2883369,C1CCC(CC1)N2CC(CC2=O)C(=O)NC3=CC(=CC=C3)[N+](=O)[O-],,
2883607,C1=CC=C2C(=C1)C(=CN2)C3(C4=CC=CC=C4NC3=O)C5=CNC6=CC=CC=C65,,
2883649,C1C2CC3CC1CC(C2)(C3)NC(=O)NCC4=CC5=C(C=C4)OCO5,,
2883762,CC(C)CN(CC(C)C)C1=C(C=C(C=C1)C=C2C(=O)NC(=S)NC2=O)[N+](=O)[O-],,
2883826,C1C(=NC2=CC=CC=C2NC1=O)C(C(C(C(F)(F)F)(F)F)(F)F)(F)F,,
2883829,COC(=O)C1CC(=O)N(C1)C2=CC=CC=C2,,
2884317,C1=CC=C(C=C1)N2C(=NNC2=S)CCN3C(=O)C4=CC=CC5=C4C(=CC=C5)C3=O,,
2884448,CCOC(=O)C1C(C(=NN1)C(=O)C2=CC=CC=C2)C3=CC=CC=C3,,
2885026,C1C2C1C3C=CC2C4C3C(=O)N(C4=O)NC(=O)CC5=CC=CC=C5,,
2885051,CC1=CC=C(C=C1)C2C3=CC=CC=C3C(=O)O2,,
2885266,CCC(=O)C1=CC(=C(C=C1)N2CCN(CC2)C(=O)C3=C(C=CC(=C3)[N+](=O)[O-])N4CCN(CC4)C)F,,
2885983,CC1(CC2=C(C(NC3=CC=CC=C3N2)C4=CC=C(C=C4)F)C(=O)C1)C,,
2886035,CC1=CC(=CC(=C1)N2C(=O)CC(C2=O)SC3=NC=NN3)C,,
2886111,CC(C)(C)C1CCC2=C(C1)SC(=C2C(=O)N)NC(=O)C3=CC=NC=C3,,
2886159,COC1=C(C=CC(=C1)[N+](=O)[O-])NC(=O)C2=CC=CO2,,
2886294,CC1=C(C=CC=C1Cl)NC(=O)C2C3CC(C2C(=O)O)C=C3,,
2886315,C1CCC(CC1)NC(=O)NCC2CCCO2,,
2886349,C1COCCN1C(=O)C(C2=CC=CC=C2)SC3=CC=CC=C3,,
2886431,CC(=O)NC1=NC=C2C(=N1)CC(CC2=O)C3=CC=CO3,,
2886682,CC1=CC(=C(C=C1)C)NC(=O)C2CC3CCC2C3,,
2886843,CCCC(C)NC(=O)CC1=CC=CC=C1,,
2887106,C1CCC2=C(CC1)SC(=C2C#N)NC(=O)CCC(=O)O,,
2887176,CC1CCC2=C(C1)SC(=C2C(=O)N)NC(=O)OC,,
2887254,CCOC1=CC=C(C=C1)NC(=S)NC(C(Cl)(Cl)Cl)NC(=O)OCC,,
2887357,CCCC1CCC2=C(C1)SC(=C2C(=O)N)N,,
2887414,CC1=CC(=C(C(=C1)C)NC(=S)NC(C(Cl)(Cl)Cl)NC(=O)C2=CC=CC=C2)C,,
2887735,CCCN1C(NC2=CC=CC=C2C1=O)C3=CC(=C(C=C3)O)OCC,,
2888416,C1CN(CCN1C2=C3C=CC=NC3=C(C=C2)[N+](=O)[O-])C(=O)C4=CC=CC=C4F,,
2888648,CS(=O)(=O)N(CC1=CC=CO1)CC(CN2C3=CC=CC=C3C4=CC=CC=C42)O,,
2888779,C1=CC=C(C=C1)CN2C(NC3=CC=CC=C3C2=O)C4=C(C=C(C=C4)Cl)Cl,,
2888798,CCN(CC)CCN1C(NC2=CC=CC=C2C1=O)C3=CC=C(C=C3)Br,,
2889447,CC1=CC(=CC=C1)NC(=O)C(C)SCC2=CC=CC=C2,,
2889488,C1=CC(=C(C=C1C(F)(F)F)[N+](=O)[O-])NCCCNC(=O)C2=CC(=C(C=C2Cl)F)F,,
2889673,C1C(CN(C1=O)C2=CC=CC=C2Cl)C(=O)O,,
2889757,CCCC(C)C(=O)NC1=NC=C(C=C1)Cl,,
2889774,CC1=CC=C(C=C1)N2C(=O)CC(C2=O)SC3=NC(=CC(=N3)C)C,,
2889950,CC(C1=CC=CC=C1)NC(=O)CSC2=CC=CC=C2,,
2890930,CC1=CC=C(C=C1)C2C(=C(C(=O)N2C3=CC=CC=N3)O)C(=O)C,,
2890949,C1CCN(C1)C2=CC=CC3=C2C(=O)C4=CC=CC=C4C3=O,,
2891204,CC(=O)C1=C(C(=O)N(C1C2=CC=C(C=C2)F)CC3=CC=CC=C3)O,,
2891534,COC1=CC(=CC(=C1OC)OC)C2CC(=O)NC3=C2C=C(C4=CC=CC=C43)Br,,
2891624,CCN1C2=C(C=C(C=C2)C3C4=C(CCCC4=O)NC(=C3C(=O)OCC5CCCO5)C)C6=CC=CC=C61,,
2891665,CCOC(=O)C1=C(OC2=C1C=C(C=C2)OCC(=O)NN)C3=CC=CC=C3,,
2891717,CC1=C(C(C(=C(N1)C)C(=O)OCC=C)C2=CC=CO2)C(=O)OCC=C,,
2891912,C1CS(=O)(=O)CC1NC(=O)C2=CC=CS2,,
2891925,CC1=C(C(C(=C(N1)C)C(=O)OCC=C)C2=CC(=CC=C2)[N+](=O)[O-])C(=O)OCC=C,,
2891931,COC1=C(C=C(C=C1)S(=O)(=O)NCC2CCCO2)C(=O)O,,
2892324,C1COCCN1C2=C(C=C(C=C2)C(=O)C3=CC=CC=C3C(=O)O)[N+](=O)[O-],,
2892631,C1=CC(=CN=C1)CNC2=C(C=C(C=C2)C(=O)O)[N+](=O)[O-],,
2892691,CC1=CC(=C(N1C2=CC(=C(C=C2)NC3CCCC3)[N+](=O)[O-])C)C=O,,
2892922,C1=CC=C(C=C1)CNC2=C(C=C(C=C2)S(=O)(=O)NC3=CC(=CC(=C3)C(=O)O)C(=O)O)[N+](=O)[O-],,
2893185,COC(=O)N1C2=CC=CC=C2C=CC3=CC=CC=C31,,
2893391,C1CCN(CC1)C2=C(C(=O)C3=CC=CC=C3C2=O)NC4=CC=C(C=C4)F,,
2893826,CC(C)N(C)CCOC(=O)C1COC2=CC=CC=C2O1.Cl,,
2894099,C1=CC=C2C(=C1)C(C(=O)N2)(C3=CC=C(C=C3)N)C4=CC=C(C=C4)N,,
2894730,COC1=C(C(=C(C=C1)C2C(CCC(=O)N2)[N+](=O)[O-])OC)OC,,
2895148,CCN1C2=CC=CC=C2C(C1=O)(C3=CC=C(C=C3)O)C4=CC=C(C=C4)O,,
2896669,COC1=C(C=C(C=C1)C(C2=CC(=C3C=CC=NC3=C2O)Cl)NC(=O)C4=CN=CC=C4)OC,,
2897388,COC1=CC=C(C=C1)C(=O)NC(C2=CC=CC=C2Cl)C3=CC(=C4C=CC=NC4=C3O)Cl,,
2897418,COC1=C(C=C(C=C1)Cl)NC(=O)C(C2=CC=CC=C2)OC,,
2897589,CC1(CCS(=O)(=O)C1)NC(=O)NC2=CC=CC=C2,,
2897643,CC(C(=O)NC1=CC=CC=C1F)SCC2=CC=CC=C2,,
2897943,C1OC2=C(O1)C=C(C=C2)N3C(=O)C4=CC=CC=C4C3(CC5=CC=CC=C5)O,,
2898037,C1COCCN1C2=C(C=C(C=C2)[N+](=O)[O-])C(=O)C3=CC=CC=C3,,
2898124,CCOC1=CC=CC=C1C2CC(=O)NC3=C2C=C(C(=C3)C)C,,
2898142,CC1=CC=C(C=C1)NC2=NC(=CS2)C3=C(N=C(S3)NC(=O)C)C,,
2898215,CC1=CC2=C(C=C1C)NC(=O)CC2C3=C(C=CC(=C3)Br)F,,
2898262,CC1CC2=CC=CC=C2N1C(=O)C34CCC(C3(C)C)(C(=O)C4)C,,
2898877,CC(C)(C)C1CCC2=C(C1)SC(=C2C(=O)O)NC(=O)C3=CC=CO3,,
2898885,COC1=C(C=C(C=C1)N(CC(=O)NCCSCC2=CC(=CC=C2)Cl)S(=O)(=O)C)Cl,,
2899851,CC1=CCC(C(C1)C(=O)NC2=CC=C(C=C2)C3=NC4=C(S3)C=C(C=C4)C)C(=O)O,,
2899994,CC(=O)N1CCN(CC1)CC(CN2C3=CC=CC=C3C4=CC=CC=C42)O,,
2900185,CCCCNC(=O)N1CCC2=CC=CC=C2C1,,
2900371,CC1=CC(=C(C=C1)C)N2CC(CC2=O)C(=O)O,,
2900552,CC1CCN(CC1)CCC(=O)NC2=CC(=C(C=C2)F)F,,
2900602,CCC1=CC=C(C=C1)N2CC(CC2=O)C(=O)O,,
2901381,CC1=CC=C(C=C1)NC(=O)CCCC(=O)OC(C)C(=O)C2=CC=CC=C2,,
2901408,CC1=CC(=CC=C1)NC(=O)CCN2CCCCC2.Cl,,
2901712,C1CN(CC2=CC=CC=C21)C(=O)NC3=CC=CC4=CC=CC=C43,,
2901741,CSCCC1C(=O)N(C(=S)N1)CC2=CC=CC=C2,,
2901805,CC1=NC(=NC=C1)SC2CC(=O)N(C2=O)C3=CC=C(C=C3)NC(=O)C,,
2902152,CCCS(=O)(=O)N1CCN(CC1)CC2=CC3=C(C=C2)N(C4=CC=CC=C43)CC.C(=O)(C(=O)O)O,,
2902416,C1C(CN(C1=O)C2=CC=CC=C2)C(=O)NC3=CC(=CC=C3)Br,,
2902946,CCC1=CC=C(C=C1)N2CC(CC2=O)C(=O)OC,,
2903278,C1CN(CC2=CC=CC=C21)C(=O)NC3=CC=C(C=C3)[N+](=O)[O-],,
2904011,C1=CC=C(C=C1)NC(=O)C2=CC=C(O2)C3=CC=C(C=C3)Br,,
2904040,C1=CC=C(C=C1)C2=CC=C(C=C2)C(=O)NCCC3=CC=C(C=C3)S(=O)(=O)N,,
2904443,CC1=CC(NC2=C1C=C(C=C2)OC(=O)C3=CN=CC=C3)(C)C,,
2904993,CC1=CC(=NC(=N1)SC2CC(=O)N(C2=O)C3=CC=C(C=C3)Cl)C,,
2905306,CC(COC)NC(=O)C1=CC=CC=C1OC(=O)C,,
2905426,CC(COC)NC(=O)C1C2=CC=CC=C2OC3=CC=CC=C13,,
2905562,C1CCN(CC1)CCOC(=O)C2(CCCC2)C3=CC=CC=C3.Cl,,
2905641,CN1CCN(CC1)C2=C(C=C(C=C2)C(=O)C3=CC=CC=C3)[N+](=O)[O-],,
2905675,C1=COC(=C1)C(=O)NCCC2=CC=C(C=C2)S(=O)(=O)N,,
2905902,CC1=CC(=O)C2=C(N1)C=CC(=C2)Br,,
2905926,COC1=CC(=C(C=C1)OC)C2C(CCC(=O)N2)[N+](=O)[O-],,
2905938,C1CC(=O)NC(C1[N+](=O)[O-])C2=CC=C(C=C2)C(F)(F)F,,
2906318,C1CC(=O)NC(C1[N+](=O)[O-])C2=C(C=CC(=C2)Br)F,,
2906692,CC(C)C(=O)NCCCC1=CC=CC=C1,,
2906793,C1=CC(=CN=C1)CNC2=C(C=C(C=C2)[N+](=O)[O-])C(=O)N,,
2907402,CC1=CC2=C(C=C1)N(C(=O)C2(C3=CC(=C(C=C3)O)OC)C4=CC(=C(C=C4)O)OC)C,,
2907426,C1C2CC3CC1CC(C2)(C3)NC(=O)CCCC4=CC=CC=C4,,
2907785,CCSC1=C(C=CS1)C2C(=C(N(C3=C2C(=O)CC(C3)(C)C)C4=CN=CC=C4)N)C#N,,
2908011,CC1=CC=C(C=C1)C2=NC(=C(O2)NCCCN3C=CN=C3)C#N,,
2908311,CC1=CC=CC=C1NC2=NC3=CC=CC=C3C(=N2)NCC4=CC=CO4.Cl,,
2908636,C1=CC=C2C(=C1)N=C(N2CC(=O)C3=CC(=CC=C3)Br)NCCCO.Br,,
2908637,CCC1CCCCN1C(=S)NC(=O)C2=CC(=CC=C2)[N+](=O)[O-],,
2908676,CC1CN(CC(O1)C)C(=S)NC(=O)C2=CC=C(C=C2)Cl,,
2908732,CC1CN(CC(O1)C)C(=S)NC(=O)C2=CC=CC=C2,,
2908985,C1=CC=C2C(=C1)C(=NC(=N2)NC3=CC=C(C=C3)F)NCC4=CC=CO4.Cl,,
2909142,CC1=C(C(N2C(=O)CCSC2=N1)C3=CC=C(C=C3)OC(=O)C4=CC=CO4)C(=O)OCC=C,,
2909272,C1CC(OC1)CNC(=S)NC(=O)C2=CC=CC=C2,,
2909386,C1COCCN1CCN2C(C(=C(C2=O)O)C(=O)C3=CC=CO3)C4=CC=NC=C4,,
2909444,COC1=CC(=C(C=C1)C2C(=C(C(=O)N2CCN3CCOCC3)O)C(=O)C4=CC=CO4)OC,,
2909914,C1CCC2=CC3=C(N=C2CC1)SC(=C3N)C(=O)NC4=NN=C(S4)C5=CC=CC=C5,,
2910258,CC1CN(CC(O1)C)S(=O)(=O)C2=CC=CC(=C2)C(=O)O,,
2910343,COC1=CC=C(C=C1)C2=CC3=C(C(=CC=C3)OC)OC2=O,,
2910602,C1=CC=C2C(=C1)C(=NC(=N2)NC3=CC=C(C=C3)Cl)NCC4=CC=CO4.Cl,,
2910633,CC1=CC(=CC=C1)NC2=NC3=CC=CC=C3C(=N2)NCC4=CC=CO4.Cl,,
2910877,COC1=CC(=CC(=C1OC)OC)C(=O)ON=C(CC2=CC=CC3=CC=CC=C32)N,,
2910934,CC1=C(C(=O)NN1)C(C2=CC=C(C=C2)Cl)C3=C(NNC3=O)C,,
2911125,CC(CN1C=NC2=CC=CC=C21)C(=O)O,,
2911150,COC1=CC=CC=C1N2CCN(CC2)C3CCN(CC3)C4CCC(CC4)C5=CC=CC=C5.C(=O)(C(=O)O)O,,
2911244,CCN1CCN(CC1)C2CCN(CC2)C(=O)COC3=CC=C(C=C3)C4=CC=CC=C4,,
2911491,CC1=CC(=CC=C1)N2CC(CC2=O)C(=O)O,,
2911546,CC1=C(C=C(C=C1)C(=O)N2CCN(CC2)C3=CC=C(C=C3)[N+](=O)[O-])Cl,,
2911603,CC1=CC(=C(C(=C1)C)N2CC(CC2=O)C(=O)O)C,,
2911882,CC1=NN=C(S1)N2C(C(=C(C2=O)O)C(=O)C3=CC=CS3)C4=CC=C(C=C4)OCC=C,,
2911939,CCOC1=C(C=CC(=C1)C2C(C(NC(=O)N2)(C(F)(F)F)O)C(=O)C3=CC=C(C=C3)Cl)O,,
2911975,CC1=CC=CC=C1N2CC(CC2=O)C(=O)O,,
2912208,C1C(CN(C1=O)C2=CC=C(C=C2)Br)C(=O)O,,
2912528,CC(CN1CCCCC1)OC(=O)C2=CC(=CC=C2)F.Cl,,
2912652,C1C(CN(C1=O)C2=CC=C(C=C2)F)C(=O)O,,
2912769,CC(CC1=CC=CC=C1)N2C(=O)C3=CC=CC=C3C2=O,,
2912797,CC1=C(C(=O)NN1)C(C2=CC3=C(C=C2)OCO3)C4=C(NNC4=O)C,,
2913082,CN1C2=CN(C(=C2C(=O)N(C1=O)C)C3=CC=CC=C3)C4=CC=CC=C4O,,
2913270,C1=CC=C(C=C1)N2C(=O)C(NC2=O)CC(=O)O,,
2913384,CCOC1=CC=C(C=C1)C(=O)OC(C)CN2CCCCC2.Cl,,
2913712,CC(CN1C2=CC=CC=C2N=N1)C(=O)O,,
2914288,CC(CCC1=CC=CC=C1)NC(=O)C2=CC=C(C=C2)F,,
2914378,CCCNC1=C(C(=O)C2=CC=CC=C2C1=O)N(C3=CC(=CC=C3)F)C(=O)C,,
2914414,CC(CCC1=CC=CC=C1)NC(=O)C2=CC(=CC=C2)OC,,
2914829,CC(CCC1=CC=CC=C1)NC(=O)C2=CC(=CC=C2)F,,
2914863,COC1=CC=CC(=C1)NC(=O)C(=O)NCCCN2C=CN=C2,,
2915068,C1CC(C2=C(C1)C3=CC=CC=C3N2CC4=CC=CC=C4)C(=O)N,,
2915198,CCCCC(CC)CNC(=O)C1=CC=CS1,,
2915215,CC1=CC=C(C=C1)C2CC(=NN2C(=O)C3=CC=C(O3)Br)C4=CC=CS4,,
2915811,C1=CC=C2C(=C1)C(C(=O)N2CC3=CC=C(C=C3)Cl)(CC(=O)C4=CC=CS4)O,,
2915995,CC(CCC1=CC=CC=C1)NC(=O)C2=CC(=CC(=C2)OC)OC,,
2916180,C=CCC1=CC=CC=C1OCC(CN2C(=O)C3=CC=CC=C3C2=O)O,,
2916909,C1=CC=C2C(=C1)C(=C(O2)C(=O)C3=CC=C(C=C3)Br)N,,
2917131,C1CCN(C1)CC(=O)NC2=CC(=CC=C2)Cl.Cl,,
2917555,COC1=CC2=C(C=C1)C(=O)CC(O2)(C(C(F)(F)F)(F)F)O,,
2918437,COC1=CC(=C(C=C1)N2C(=O)CC(C2=O)SC3=NC=NN3)OC,,
2918689,C1C(=O)C2=CC=CC=C2OC1(C(C(F)(F)F)(F)F)O,,
2918701,CC(=O)CC1(C2=CC=CC=C2N(C1=O)CN3CCN(CC3)C4=CC=CC=C4)O,,
2918713,CCOC1=CC=C(C=C1)N2C(=O)CC(C2=O)SC3=NC(=CC(=N3)C)C,,
2918857,CC1CC(N(C2=C1C=C(C=C2)OC)C(=O)CSC3=NC4=CC=CC=C4S3)(C)C,,
2919356,CC1=NC(=NC=C1)SC2CC(=O)N(C2=O)C3=CC=C(C=C3)Br,,
2919874,C1CN(CCN1C2=CC(=C(C=C2)[N+](=O)[O-])N3CCOCC3)C(=O)C4=CC=CC=C4,,
2919881,C1C(CN(C1=O)C2=CC=CC=C2)C3=NC4=CC=CC=C4N3,,
2920402,CC1=CC=C(C=C1)C(C2=CC(=C3C=CC=NC3=C2O)Cl)NC(=O)C,,
2920461,CC1CCC2=C(C1)SC3=C2C(=O)N(C(=S)N3)C,,
2920571,CCC(=O)NC(C1=CC=CO1)C2=CC(=C3C=CC=NC3=C2O)Cl,,
2920793,CC(=O)NC(C1=CC=CS1)C2=CC(=C3C=CC=NC3=C2O)Cl,,
2920814,CC(C)C(=O)NC(C1=C(C=C(C=C1)Cl)Cl)C2=C(C3=C(C=CC=N3)C=C2)O,,
2920952,CCCCC(=O)NC(C1=CC=C(C=C1)N(CC)CC)C2=C(C3=C(C=CC=N3)C=C2)O,,
2921040,CC1CCOC2(O1)C3=CC=CC=C3NC2=O,,
2921179,C1=CC(=CC=C1C2C3=C(NC(=S)NC3=O)OC4=C2C(=O)NC(=S)N4)[N+](=O)[O-],,
2921215,CCCC(=O)NC(C1=C(C=C(C=C1)Cl)Cl)C2=C(C3=C(C=CC=N3)C=C2)O,,
2921404,CC(C)C1=CC=C(C=C1)C(C2=C(C3=C(C=CC=N3)C=C2)O)NC(=O)C,,
2921493,CC(=O)NC(C1=CC=CC=C1)C2=CC(=C3C=CC=NC3=C2O)Cl,,
2921716,CCC(=O)NC(C1=CC=CS1)C2=CC(=C3C=CC=NC3=C2O)[N+](=O)[O-],,
2921752,CCC(=O)NC(C1=CC(=C(C=C1)OC)OC)C2=CC(=C3C=CC=NC3=C2O)Cl,,
2921832,C1CC1C(=O)NC2=CC=C(C=C2)[N+](=O)[O-],,
2922048,CCCCC(=O)NC(C1=C(C=C(C=C1)Cl)Cl)C2=C(C3=C(C=CC=N3)C=C2)O,,
2922086,CC(=O)NC(C1=CC=C(C=C1)OC)C2=CC(=C3C=CC=NC3=C2O)Cl,,
2922130,CCN(CC)C1=CC=C(C=C1)C(C2=C(C3=C(C=CC=N3)C=C2)O)NC(=O)C(C)C,,
2922148,CC1CCN(CC1)C2=C(C=C(C=C2)C(=O)O)[N+](=O)[O-],,
2922155,CC(=O)NC(C1=CC=C(C=C1)N(C)C)C2=CC(=C3C=CC=NC3=C2O)Cl,,
2923755,C1COCCN1CCOCCOC2=CC=CC=C2C3=CC=CC=C3.C(=O)(C(=O)O)O,,
2925004,CC1=CC=CC2=NC(=O)CC(N12)(C)C(=O)O,,
2925014,CC1CC2=C(O1)C=CC(=C2)C(=O)NC3=CC=CC=C3C(=O)OC,,
2925330,CC1CCC2C(C1)C(=O)N(C2=O)C3=CC=C(C=C3)CC4=CC=NC=C4,,
2926613,COC1=CC(=C(C=C1)C2C(CCC(=O)N2)[N+](=O)[O-])OC,,
2926616,C1CCC(CC1)N2CC(CC2=O)C(=O)NCCC3=CC=CC=C3Cl,,
2926768,CC1=C(C(C2=C(N1)CC(CC2=O)C3=CC=CC=C3OC)C4=CC(=CC=C4)O)C(=O)OCCOC,,
2926974,CC1CC(N2C3=C1C=C(C=C3C(=O)C2=O)OC)(C)C,,
2927068,CC1CC(N2C3=C1C=C(C=C3C(=O)C2=O)C)(C)C,,
2927070,C1CCC(CC1)N2C(=NN=N2)SCC3=NC(=NO3)C4=CC=CC=C4,,
2927147,CC1=C(C(=CC=C1)N2CC(CC2=O)C(=O)O)C,,
2927168,CC1=CC(=C(C=C1NC(=O)C2=CC=CC=C2O)Cl)[N+](=O)[O-],,
2927276,CC1CC(NC2=C1C=C(C=C2)OC(=O)C3=CC=CO3)(C)C,,
2927305,CN1CC2=C(C=CC(=C2)Br)NC1=O,,
2927343,C1CCC2=C(C1)C3=C(O2)C=CC(=C3)OCC(=O)O,,
2927361,CC1(CC(C2=CC=CC3=C2N1C(=O)C3=O)(C)C4=CC=CC=C4)C,,
2927573,CCCC(=O)NC(C1=CC=C(C=C1)Cl)C2=CC(=C3C=CC=NC3=C2O)Cl,,
2927700,CC1=CC=C(C=C1)NC2CC(=O)N(C2=O)C3=CC=C(C=C3)C,,
2927731,CC1=CC=CN2C1=NC3=C(C2=O)C=C(C(=N)N3CCOCCO)C(=O)NC(C)C4=CC=CC=C4,,
2927953,C1=CC=C(C=C1)CCC(=O)NC(C2=CC=CS2)C3=CC(=C4C=CC=NC4=C3O)Cl,,
2928031,CC1=CC=CN2C1=NC3=C(C2=O)C=C(C(=N)N3CC4CCCO4)C(=O)NCCC5=CC=CC=C5,,
2928075,CC(CN1CCOCC1)OC(=O)CC2=CC=C(C=C2)Cl.Cl,,
2928142,CC1=CC=C(C=C1)S(=O)(=O)N2CCCCC2C(=O)O,,
2928530,C1=CC=C(C=C1)C2NC3=CC=CC=C3C(=O)N2CC4=CC=CO4,,
2928555,CCOC(=O)N1CCN(CC1)C2=NC=C(C=C2)C(F)(F)F,,
2928664,C1C=C(CC2C1C(=O)N(C2=O)C3=NC=NN3)Cl,,
2928707,CCCC(=O)NC(C1=CC(=C(C=C1)OC)OC)C2=CC(=C3C=CC=NC3=C2O)Cl,,
2928736,CCCCC(=O)NC(C1=CC=CS1)C2=CC(=C3C=CC=NC3=C2O)Cl,,
2928882,C1=CC=C(C(=C1)C(=O)N)NC(=O)C2=CC3=C(S2)C=CC(=C3)[N+](=O)[O-],,
2929050,CC1=CC=CN2C1=NC3=C(C2=O)C=C(C(=N)N3CC=C)C(=O)NCCCOC,,
2929156,CCCC(=O)NC(C1=CC=C(C=C1)N(CC)CC)C2=CC(=C3C=CC=NC3=C2O)Cl,,
2929506,C1=CC=C(C=C1)CCC(=O)NC(C2=CC=C(C=C2)Cl)C3=C(C4=C(C=CC=N4)C=C3)O,,
2929627,CC1=C(C=C(C=C1)NC(=O)C2=C(C=CC(=C2)NC(=O)C3CC=CCC3C(=O)O)N4CCOCC4)Cl,,
2929681,CC1=CC=CN2C1=NC3=C(C2=O)C=C(C(=N)N3CCC4=CC=CC=C4)C(=O)NCC5CCCO5,,
2929726,CC1CCC2=CC=CC=C2N1C(=O)C3=CC(=C(C(=C3)OC)OC)OC,,
2929884,CCCC(=O)NC(C1=CC=CS1)C2=CC(=C3C=CC=NC3=C2O)Cl,,
2929967,CC(=O)NC1=NN=C(S1)SCC(=O)NC2=C(C=C(C=C2)OC)[N+](=O)[O-],,
2930014,CC(=O)NC1=NN(C(S1)(C)C2=CC=CC=C2)C(=O)C,,
2930017,C1C2CC3CC1CC(C2)(C3)NC(=O)C4=CC=C(O4)Br,,
2930224,CC(C)CC(=O)NC(C1=CC(=C(C=C1)OC)OC)C2=C(C3=C(C=CC=N3)C=C2)O,,
2930332,C1C=CCC(C1C(=O)NC2=C(C=CC(=C2)Cl)Cl)C(=O)O,,
2930384,CC1=CC=CN2C1=NC3=C(C2=O)C=C(C(=N)N3CCOC)C(=O)NCCC4=CC=CC=C4,,
2930873,C1CCCN(CC1)C(=O)C2CCCN(C2)CCCC3=CC=CC=C3.C(=O)(C(=O)O)O,,
2930958,COC(=O)N1C(CC(=N1)C2=CC=C(C=C2)Br)(C(F)(F)F)O,,
2930961,CC(C)C1C2=C(CC(N1)C(=O)OC)C3=CC=CC=C3N2,,
2930974,COC(=O)C1=C(SC2=C1CCCCC2)NC(=O)CCCC(=O)O,,
2931603,CS(=O)(=O)C1=CC2=C(C=C1)N=C(S2)NC(=O)C3CCCO3,,
2931685,C1=CC=C(C=C1)C(=O)CC(C(=O)O)NC2=C(C(=CC=C2)Cl)Cl,,
2931812,C1C2CC3CC1CC(C2)(C3)NC(=O)C4=NC=CN=C4,,
2931988,CC(CCC1=CC=CC=C1)NC(=O)C2CC2,,
2932043,CC1=CC(=NN1C(=O)C23CC4CC(C2)CC(C4)C3)C,,
2932372,C1CC(OC1)CNC(=O)C2=CC=CC3=CC=CC=C32,,
2932469,COC(=O)C1=CC(=C(C=C1)C(=O)OC)NC(=O)C2CCCO2,,
2932477,CC1=C(C=C(O1)CC(C)C)C(=O)NCCCC(=O)O,,
2932546,C1CCN(C1)CC(=O)NC2=CC=C(C=C2)C3=NC4=C(O3)C=CC(=C4)NC(=O)CN5CCCC5,,
2932589,CCC(C1=CC=CC=C1)NC(=O)C2=CC(=NC3=CC=CC=C32)C4=CC=CC=C4,,
2932747,C1CCC(CC1)NC(=O)N2CCN(CC2)C3=CC=C(C=C3)[N+](=O)[O-],,
2932860,CC1=C(C=CO1)C(=O)NC2=C(C=CC(=C2)C(F)(F)F)Cl,,
2933135,COC1=CC(=C(C=C1)NC(=O)C2CCCO2)OC,,
2933462,CC1=C(C(=CC=C1)NC(=O)C2CC2C3=CC=CC=C3)C,,
2933647,C1CN(CCN1C2=NC=CC=N2)C(=O)C3=CC(=CC=C3)Cl,,
2933833,CC(=O)NC1=CC=C(C=C1)S(=O)(=O)N2CCN(CC2)C3=NC4=CC=CC=C4C(=N3)NC5CCCC5,,
2934282,C1=CC=C(C=C1)C2C(=C(C(=O)N2CC3=CC=CO3)O)C(=O)C4=CC=CS4,,
2934348,C1=CC(=CC(=C1)O)C2C(=C(C(=O)N2CC3=CC=CO3)O)C(=O)C4=CC=CO4,,
2936391,C1CN(CCN1C2CC(=O)N(C2=O)C3=CC=C(C=C3)F)C4=NC5=CC=CC=C5S4,,
2936632,C1CN(CCN1C2CC(=O)N(C2=O)C3=CC=CC=C3)C4=CC=C(C=C4)O,,
2937007,CCOC(=O)N1CCC2=C(C1)C3=C(N2)C=CC(=C3)C,,
2937056,C1CC2=C(C(C3=C(N2)C4=CC=CC=C4C3=O)C5=CC(=CC=C5)O)C(=O)C1,,
2937086,CN1CCC(C(C1)C(=O)C2=CC=C(C=C2)Cl)(C3=CC=C(C=C3)Cl)O,,
2937841,CC1=CC=C(C=C1)S(=O)(=O)NCCC(C2=CC=C(C=C2)F)C3=CC=CO3,,
2939282,COC1=CC=C(C=C1)CN2C(=O)C3=CC=CC4=C3C(=CC=C4)C2=O,,
2939635,CC1=CC(=NC2=CC=CC=C12)SC(C)C(=O)O,,
2939686,CC1=CC=C(C=C1)CC(=O)NCCCN2C=CN=C2,,
2939973,C#CCN1C2=CC=CC=C2C(C1=O)(CC(=O)C3=CC4=C(C=C3)OCCO4)O,,
2940337,CC(CC1CC(OC1=O)(C)C)C(=O)NC2=CC=C(C=C2)[N+](=O)[O-],,
2940986,C1CN(CCN1CC(=O)NC2=CC=C(C=C2)OC3=CC=CC=C3)C4=CC=CC=C4,,
2941536,C1=CSC(=C1)C2=NC3=C(C(=C2)C(F)(F)F)C(=C(S3)C(=O)NC4=CC=C(C=C4)[N+](=O)[O-])N,,
2941796,COC1=CC=CC=C1N2CC(CC2=O)C(=O)O,,
2941839,CC1=CC=C(C=C1)C(=O)NC(C(C)C)C(=O)O,,
2941894,C1CN(CCN1C2=C(C=C(C=C2)[N+](=O)[O-])C(=O)N3CCOCC3)S(=O)(=O)C4=CC(=C(C=C4)Cl)Cl,,
2942175,CC1CN(CC(O1)C)C(=O)C2=CC=C(O2)COC3=CC=CC=C3Br,,
2942249,CC(C)C(C(=O)O)NC(=O)COC1=CC=CC=C1,,
2942250,CCOC1=CC=C(C=C1)OCC2=CC=C(C=C2)C(=O)N3CCCC(C3)C,,
2942268,CC(C1=CC=CC=C1)NC(=O)C2=CC=C(O2)COC3=CC=CC=C3OC,,
2942421,C1CCN(CC1)C2=C(C=C(C=C2)[N+](=O)[O-])C(=O)O,,
2943179,C1CC2=CC3=C(C=C2C1)NC(=O)CC3C4=CC(=CC=C4)Cl,,
2943406,CC1CCN(CC1)C2=C(C=C(C=C2)[N+](=O)[O-])C(=O)O,,
2943604,COC1=CC=CC=C1C2CC(=O)NC3=CC4=C(C=C23)OCCO4,,
2943611,COC1=CC=CC(=C1)N2C(C3=C(C2=O)C(=CC=C3)C(=O)O)CC=C,,
2943796,C1OC2=C(O1)C=C(C=C2)CNC(=O)NC3=CC=C(C=C3)[N+](=O)[O-],,
2944992,C1=CC(=CC(=C1)NC2=C(C=NC=C2)[N+](=O)[O-])C(=O)O,,
2945545,C1CCN(C1)C2=C(C=C(C=C2)C3=NNC(=O)C4=CC=CC=C43)[N+](=O)[O-],,
2945676,C1COC2=C(O1)C=CC(=C2)C(=O)CC3(C4=CC=CC=C4N(C3=O)CCCC#N)O,,
2946213,C1=CC(=C(C=C1[N+](=O)[O-])Cl)NC(=O)C2=C(C=CC(=C2)Br)O,,
2946224,CC(=O)C1=CC(=C(C=C1)OCC(CN2CCN(CC2)C3=CC=C(C=C3)F)O)OC,,
2946351,CCC(C)C1=CC=C(C=C1)NC(=O)C2=C3N=C(C=C(N3N=C2)C(F)F)C,,
2946601,COC1=CC=C(C=C1)C2(CCOCC2)CNC(=O)C3=CC=C(C=C3)NC(=O)C4=CC=CO4,,
2946636,CN1C=C(C2=CC=CC=C21)C(CC(=O)O)C(=O)O,,
2946785,C1CC(N(C1)C(=O)NC2=CC=CC=C2)C(=O)O,,
2946791,COC1=C(C=CC(=C1)[N+](=O)[O-])NC(=O)C2=C(C=CC(=C2)Cl)O,,
2947158,C1CCC(CC1)NC(=O)N2CCCC(C2)C(=O)N,,
2947321,COC1=CC(=CC(=C1OC)OC)C(=O)NCCN2CCCC2.Cl,,
2947598,C1CCN(C1)CCNC(=O)COC2=CC=C(C=C2)F.Cl,,
2947640,CN(C)S(=O)(=O)N(CC(=O)NC1=C(C=CC(=C1)Cl)OC)C2=CC=CC=C2,,
2947864,CC1=NC2=CC=CC=C2N=C(C1C3=CC=CC=C3)NC(=O)CSC4=NN=NN4C5=CC=CC=C5,,
2948971,C1=CC=C2C(=C1)C(=CN2)C3(C4=C(C=CC(=C4)Cl)NC3=O)C5=CNC6=CC=CC=C65,,
2949339,CNCCCOC1=CC(=CC=C1)OC2=CC=CC=C2.C(=O)(C(=O)O)O,,
2949820,C1C=NN(C1C2=CC=CC=C2)C(=O)CSC3=NN=NN3C4=CC=CC=C4,,
2950467,COC1=CC=CC(=C1OC)C(=O)N2CCOCC2,,
2950550,C1=CC=C2C(=C1)C(=CN2)CCN=C(N)NC(=O)C3=CC=C(C=C3)Cl,,
2951003,C1CN(CCC1C(=O)N)CC(=O)N2C(CC=N2)C3=CC=CC=C3,,
2951255,C1=CC=NC(=C1)C2C(=C(C(=O)N2CC3=CN=CC=C3)O)C(=O)C4=CC=CS4,,
2951422,C1C(C(=O)N(C1=O)C2=CC=C(C=C2)Cl)SCC3=NC4=CC=CC=C4N3,,
2951463,CC1=CC2=C(C=C1C)NC3=C(C(N2)C4=C(N(N(C4=O)C5=CC=CC=C5)C)C)C(=O)CC(C3)(C)C,,
2951813,C1CN(CCN1C2=NN=C(C3=CC=CC=C32)C4=CC=CC=C4)C(=O)C5=CC=CS5,,
2952169,COC1=C(C=C(C=C1)C2=NN(C(C2)C3=CC=CO3)C(=O)C4=CC=CO4)OC,,
2952305,C1CN(CCN1C2=NN=C(C3=CC=CC=C32)C4=CC=CC=C4)C(=O)CN5CCOCC5,,
2952488,C1=CC=C(C(=C1)CN2C(=O)C3=CC=CC=C3S2(=O)=O)[N+](=O)[O-],,
2952491,CC1=CC=C(C=C1)C2=NN(C(C2)C3=CC=CC=C3F)C(=O)C4=CC=CC=C4F,,
2952514,CC1=CC=C(C=C1)C2=NN=C(C3=CC=CC=C32)N4CCN(CC4)C(=O)C,,
2952584,C1CN(CCN1CC2=CC3=C(C=C2)OCO3)C4=NC=NC5=C4OC6=CC=CC=C65,,
2952694,CC(=O)N1C(CC(=N1)C2=CC(=C(C=C2)OC)OC)C3=CC=CS3,,
2952777,CC(C1=NC(=NO1)C2=CC=C(C=C2)NC(=O)C3=CC=CO3)OC4=C(C=C(C=C4)Cl)Cl,,
2952881,C1CC(OC1)CNS(=O)(=O)C2=CC=CC(=C2)C(=O)O,,
2952918,C1=CC=C2C(=C1)C(=NC(=N2)NC3=CC=CC=C3O)NCC4=CC=CO4.Cl,,
2953068,COC1=CC=CC=C1C2CC(=NN2C(=O)C3=CC=CC=C3)C4=CC=CC=C4,,
2953198,CC(=O)N1CCN(CC1)C2=NN=C(C3=CC=CC=C32)C4=CC=CC=C4,,
2953239,CC1=CC=C(C=C1)S(=O)(=O)N(C)CC(=O)N2CCN(CC2)C3=CC=CC=N3,,
2953892,CC1=CC(=C(C=C1OCC(=O)NC2CCCCC2)S(=O)(=O)NC(C(C)C)C(=O)O)Cl,,
2954018,CC(C(=O)NC1=C(C=CC(=C1)OC)OC)OC2=CC=C(C=C2)Br,,
2954087,CN(C)S(=O)(=O)C1=CC2=C(C=C1)N=C(S2)NC(=O)C3=CC=CS3,,
2954811,CN(C)CCNC(=O)NC1=CC=C(C=C1)[N+](=O)[O-],,
2954950,CCOC(=O)C1=C(N(C2=C1C=C(C=C2)OCC(CN3CCC(CC3)C)O)C)C.Cl,,
2955360,CCOC1=CC=C(C=C1)N2CC(CC2=O)C(=O)NCC3=CC=CO3,,
2955557,C1CN(CCC1NC(=O)NC23CC4CC(C2)CC(C4)C3)CC5=CC=CC=C5,,
2956276,CC(C(=O)NC1=CC=CC=C1)SC2=C(C3=C(COC(C3)(C)C)C(=N2)N4CCOCC4)C#N,,
2956323,C1=CC(=CC=C1NC(=O)NC2=CC=C(C=C2)S(=O)(=O)NC3=CC(=C(C=C3)Cl)Cl)[N+](=O)[O-],,
2956586,C1CC2=C(C(N3C4=CC=CC=C4N=C3N2)C5=CC=NC=C5)C(=O)C1,,
2956602,CCOC1=CC=CC=C1NC(=O)CC2C(=O)NCCN2,,
2956683,C1C2CC3CC1CC(C2)(C3)NC(=O)NC4=CC=C(C=C4)OC5=CC=CC=C5,,
2957109,CC1(C(OC(=O)C2(C1=O)CCCCC2)C3=CC=C(C=C3)O)C,,
2957302,C=CCN1C(=O)C2=CC=CC=C2C1(CC3=CC=CC=C3)O,,
2957593,CC(C(=O)NC1CCCC1)NS(=O)(=O)C2=CC=CC=C2,,
2958187,C1CCN(C(C1)CO)C(=S)NCC2=CC=CO2,,
2958814,C1COCCN1CC(=O)NCC2=CC=CC=C2,,
2959211,C1C2CC3CC1CC(C2)(C3)CC(=O)NC4=CN=CC=C4,,
2959226,C1CCN(C1)CC(=O)NC2=CC=C(C=C2)[N+](=O)[O-],,
2959243,C1CCN(C1)CC(=O)NCC2=CC=CC=C2.Cl,,
2959509,CC(C)C1CC2=C(CO1)C=C(C(=O)N2)C#N,,
2959578,CC(=O)C1=CC=CC=C1OC2=NC=NC(=C2[N+](=O)[O-])N,,
2959700,CCOC(=O)C(C)SC1=NC2=CC=CC=C2C(=O)N1CC3CCCCC3,,
2959722,C1=CC=C(C=C1)CCNC2=C(C=C(C=C2)C(=O)N)[N+](=O)[O-],,
2959882,C1C(NC2=NN=CN2C1=O)C(=O)NC3=CC=C(C=C3)F,,
2962082,CC1=C(C(=O)N(N1)C2=CC=CC=C2)C3(C4=C(CC(CC4=O)(C)C)N(C3=O)C5=CC=CC=C5)C(F)(F)F,,
2962230,C1C(ON=C1C2=CC(=CC=C2)Br)C(=O)NCC3=CN=CC=C3,,
2962251,CCCN1C=C(C=N1)NC(=O)C2CC(=NO2)C3=CC(=CC=C3)Br,,
2962706,CN1C2=C(C(=O)N(C1=O)C)N(C(=N2)NCCO)CCC3=CC=CC=C3,,
2962961,CCC(C)NC(=O)C1=CC=CC=C1SC,,
2963062,C1C(C(=O)NN=C1C2=CC=C(C=C2)Cl)C3=CNC4=CC=CC=C43,,
2963071,C1CCN(C1)C(=O)CC(C2=CC=CC=C2)C3=C(C=CC(=C3)Cl)O,,
2963372,COC1=CC=CC(=C1)C2=NN(C(C2)C3=CC=CO3)C(=O)C4=CC=CO4,,
2963394,CCS(=O)(=O)NC1=CC=CC(=C1)C2=NN(C(C2)C3=CC=CS3)C(=O)C,,
2963439,CCN1C(=NN=C1SCC(=O)NC2=C(C=C3C4=CC=CC=C4OC3=C2)OC)C5=CC=CS5,,
2963440,CCN1C(=NN=C1SCC(=O)NC2=CC3=C(C=C2)OCCO3)C4=CC=CO4,,
2963713,CCC(=O)NC1=CC=CC2=C1N=CC=C2,,
2964194,COC1=CC=C(C=C1)C2=NC3=C(C=NN3C(=C2)C(F)F)C(=O)NC4=CC(=CC=C4)S(=O)(=O)N5CCOCC5,,
2964280,CC(C1=CC(=C(C=C1)OC)OC)NC(=O)C23CC4CC(C2)CC(C4)C3,,
2965080,CC1CN=C(S1)N(C2=CC=CC=C2)S(=O)(=O)C3=CC=C(C=C3)NC(=O)C,,
2965198,C1CN2CCC1C(C2)OC(=O)C(CO)(C3=CC=CC=C3)C4=CC=CC=C4.Cl,,
2965244,CN1C2=C(C(=O)N(C1=O)C)N(C=N2)CCCC(=N)N3CCOCC3.Cl,,
2965322,C1=CC=C(C=C1)C(CCN(CC2=CC=C(C=C2)F)C(=O)C3=CC=CO3)C4=CC=CO4,,
2965974,CN1CCN(CC1)C2=C(C=C(C=C2)[N+](=O)[O-])NC(=O)C3=CC=CC=C3Cl,,
2966964,CC(=O)NC1(C(=O)N(C(=O)N1)C2=CC=C(C=C2)F)C(F)(F)F,,
2967498,C1=CC=C(C=C1)OCC2=CC=C(O2)C(=O)NC3=NC=CS3,,
2967997,CC1=C(C=C(C=C1)NC(=O)C2C3=CC=CC=C3CCO2)Cl,,
2968203,C1CCN(C1)CCCNC(=O)NC2=CC=CC=C2[N+](=O)[O-],,
2968289,C1=CC2=C(C=CC(=C2)O)C(=C1)NC(=S)NC(=O)C3=CC=CO3,,
2968626,CCC1=CC=CC=C1N2CC(CC2=O)C(=O)O,,
2968636,CC1CC2(CCCCC2)N3C4=C1C=CC=C4C(=O)C3=O,,
2969089,C1=CC=C2C(=C1)C3=NC4=CC=CC=C4N3C5(N2)C6=CC=CC=C6NC5=O,,
2969145,CC(=O)NC1(C(=O)N(C(=O)N1)CCC2=CC(=C(C=C2)OC)OC)C(F)(F)F,,
2969407,C1CCC(CC1)N2C(=O)C(NC2=O)(C(F)(F)F)NC(=O)C3CC3,,
2969464,CC12CCC3C1(CN(C2(C3)C#N)NC(=O)C4=CC=C(C=C4)Cl)C,,
2970309,CC1=CC(=NO1)C(=O)NC(C)C2CCCO2,,
2970489,C1CN(CCC12OCCO2)C(=O)C3=CC=CC=C3[N+](=O)[O-],,
2970501,C1=CC=C2C(=C1)C=C(C(=O)O2)C(=O)NCCC3=CC=C(C=C3)S(=O)(=O)N,,
2970509,C1CC(OC1)C(=O)N2CCN(CC2)C3=CC=CC=N3,,
2970607,C1=CN(C=N1)CCCNC(=O)C2=CC=C(S2)Cl,,
2970691,COC1=C(C=C(C=C1)NC(=O)C2CCCO2)OC,,
2970803,C1CC(OC1)C(=O)NCCC2=CC=C(C=C2)Cl,,
2970898,C1=CSC(=C1)CC(=O)NC2=CC=C(C=C2)[N+](=O)[O-],,
2971098,CC(C)(C)C1=CSC(=N1)NC(=O)CCC2=CC=CC=C2,,
2971413,C1CN(CCN1CCC2=CC=CC=C2)C(=O)C3=CC=CC=C3,,
2971630,CCOC(=O)C1=C(NC(=O)NC1C2=C(C=CC(=C2)C)C)CN3CCCCC3,,
2971914,C1CC1N2C(=O)C3=CC=CC=C3C2(C4=CC=CC=C4)O,,
2972647,CS(=O)CCC(C(=O)O)NS(=O)(=O)C1=CC=CC=C1,,
2973554,CCOC(=O)C1CCCN(C1)C(=O)NC2=CC=CC=C2,,
2973697,CC1=C(C=CC(=C1)Cl)NC(=O)CN2CCC(CC2)C(C3=CC=CC=C3)(C4=CC=CC=C4)O,,
2973830,C1=CC=C(C=C1)CN2C3C(C(N2)C4=CC=CS4)C(=O)NC3=O,,
2974496,CC1(C2(CCC1(OC2=O)C(=O)NCC3=CC=C(C=C3)F)C)C,,
2974537,C1COCCN1C(=O)C(=O)C2=CN(C3=CC=CC=C32)CC4=CC=CC=C4,,
2974760,C1C2C=CC1C3C2C(=O)N(C3=O)C4=NNC(=N4)CCC5=CC=CC=C5,,
2974879,CCC1=NN=C(S1)N2C(=O)C3=CC=CC=C3C2(C4=CC=CC=C4)O,,
2975102,C1C=CC2C1C(NC3=C2C(=C(C=C3Cl)Cl)Cl)C(=O)O,,
2975401,C1=CC=C2C(=C1)C(=O)C3=C(N2)C=CC(=C3)F,,
2975548,CC1(C2(CCC1(CC2=O)C(=O)NC3=C(C=CC(=C3)F)F)C)C,,
2975702,CN1CCC(C(C1)C(=O)C2=CC=CS2)(C3=CC=CS3)O,,
2975850,CC(C)(C)C1=CC=CC=C1OCC(=O)NC2=CC=C(C=C2)O,,
2976298,CC1=CC(=C(C=C1OC)C)NC(=O)C(=S)NCC2=CC=CC=C2,,
2977532,CC1=CC=CC=C1OC(C)C(=O)NCC2=CN=CC=C2,,
2978334,CC(C)(C)C1CCC2=C(C1)C(=NO2)C(=O)O,,
2978552,CC1CCCN(C1)CCC(=O)C2=CC=C(C=C2)Br.Cl,,
2978721,CCOC(=O)NC1(C(=O)NC(=N1)C2=CC=CC=C2)C(F)(F)F,,
2978966,C1=COC(=C1)CNC(=O)C2=CC3=NC=CN=C3C=C2,,
2979650,C1=CC=C2C(=C1)N=C(S2)C3=CC=C(C=C3)CNC(=O)C4=CC=CO4,,
2980034,CS(=O)(=O)NC1=CC=C(C=C1)C2=NN(C(C2)C3=CC=CO3)C(=O)C4=CC=CO4,,
2980507,C1CN(CC2=CC=CC=C21)C(=O)CN3C=C(C=N3)[N+](=O)[O-],,
2980597,CC(=O)N1C(=NC(=N1)C2=CN=CC=C2)NCC3=CC=CS3,,
2980919,CC1=CC=C(C=C1)NC(=O)NN2CCOCC2,,
2980954,C1CN(CCN1C2=CC=C(C=C2)NC(=O)C3=CC=C(O3)[N+](=O)[O-])C(=O)C4=CC=CC=C4,,
2981070,COC1=CC=C(C=C1)N2CC(CC2=O)C(=O)NCC3=CC=CO3,,
2981158,C1=CC=C(C=C1)CN2C(=O)C3=C(C=CC(=C3)Br)NC2=S,,
2981331,C1=CC(=CN=C1)C(=O)N2C(=NC(=N2)C3=CC=CO3)NCC4=CC=CS4,,
2981499,COC1=CC=C(C=C1)S(=O)(=O)N2CCCC(C2)C(=O)NCC3=CC=NC=C3,,
2981526,CCCC(C)NC(=O)C1=CC=CC=C1SC,,
2981857,C1C(ON=C1C2=CC=C(C=C2)F)C(=O)O,,
2981868,C1COCCN1CC(=O)NNC(=S)NC2=CC=C(C=C2)Cl,,
2982754,CC1=C(C=C(C=C1)OC)NC(=O)C2CC(=O)NC3=C2C(=O)CCC3,,
2982952,C1C2CC3CC1CC(C2)(C3)NC(=O)NCCCC4=CC=CC=C4,,
2983359,CC1=C(C(C(=O)N1C2=CC=CC=C2)(C(F)(F)F)NS(=O)(=O)C3=CC=C(C=C3)N)C(=O)C,,
2983547,CC1(CC2=CC=CC=C2C(=O)O1)C(=O)O,,
2983927,COC1=CC=C(C=C1)S(=O)(=O)N2CCCC(C2)C(=O)NCC3=CC=CC=N3,,
2983956,C1=COC(=C1)CNC(=O)CN2C=C(C=N2)[N+](=O)[O-],,
2984337,COC1=CC=C(C=C1)N2C(=NN=C2SCCCN3C(=O)C4=CC=CC5=C4C(=CC=C5)C3=O)C6=CC=NC=C6,,
2984719,CC1CCCN(C1)CCC(=O)C2=CC=C(C=C2)OC.Cl,,
2984958,CC(=O)NC1=CC(=CC=C1)NC(=O)C2CC(=O)N(C2)C3CCCCC3,,
2985532,C1=CC=C(C=C1)C(=O)NC(=O)NC2=CC=CC=N2,,
2985727,C1C(CN(C1=O)C2=CC(=CC=C2)F)C(=O)O,,
2985849,CC1=CC=C(C=C1)SCC2=NN(C(=O)C2)C3=NC(=CC(=N3)C)C,,
2986000,CC1=C(C=CC=C1Cl)NC(=O)C2CC(=O)N(C2)C3CCCCC3,,
2986317,CCOC(=O)C1=C(NC2=CC=CC=C2C1=O)C,,
2986465,CCC1=CC=C(C=C1)NC2=NC=C3C(=N2)CC(CC3=O)C,,
2986544,COC1=C(C=C(C=C1)Cl)NC(=O)C2CC(=O)N(C2)C3CCCCC3,,
2987290,CN1C2=C(C(=O)N(C1=O)C)N(C(=N2)CN(C)CC3=CC=CC=C3)CCOC,,
2987521,CC(=O)C1=C(NC(=O)NC1C2=CC=CC=C2)C3=CC=CC=C3,,
2987636,CC1=CC(=CC=C1)NC(=O)N2CCCC2,,
2987820,CC1CCCCN1C2=NC3=C(N2CC4=CC=CC(=C4)C)C(=O)NC(=O)N3C,,
2987883,COC1=C(C=C(C=C1)S(=O)(=O)NCC2CCCO2)NC(=O)C3=CC=CC=C3,,
2987927,CCOC(=O)C1=C(NC(=S)NC1C2=CC(=CC=C2)O)C,,
2988541,CCCCN1C(=NC2=C1C(=O)N(C(=O)N2C)C)CN3CCOCC3,,
2988813,CN1CCN(CC1)CC2=NC3=C(N2CCOC)C(=O)N(C(=O)N3C)C,,
2988848,CC1CC(CN(C1)S(=O)(=O)CC23CCC(C2(C)C)CC3=O)C,,
2989242,CC(C)OC1=CC=C(C=C1)CNC(=O)OC2=CC=CC=C2,,
2989360,C1=CC(=CC(=C1)NC(=O)NC2=CC=C(C=C2)Cl)C(=O)O,,
2989425,C1CCC(CC1)CNC(=O)C2=CC(=CC=C2)[N+](=O)[O-],,
2989877,CCOC1=CC=C(C=C1)CN2C3=CC=CC=C3OC2=O,,
2990476,CN1C2=C(C(=O)NC1=O)N(C(=N2)SCC3=CC=CC=C3)CCOC,,
2990488,CC1=C(C=C(C=C1)NS(=O)(=O)C2=CC3=C(C=C2)N(C(=O)N3C)C)C,,
2990495,CS(=O)(=O)N1CCCC(C1)C(=O)NC2=CC(=CC=C2)F,,
2990613,C1=CC=C2C(=C1)C(=NC(=N2)C(F)(F)F)NC3=CC=CC(=C3)C(=O)O.Cl,,
2990659,C1CCC(CC1)CNC(=O)C2=CN=CC=C2,,
2991114,CC(=O)NC1=C(C=C(C(=C1)OC)C(=O)NC2=NC=CS2)Cl,,
2991521,CS(=O)(=O)N1CCCC(C1)C(=O)NC2=CC=C(C=C2)F,,
2991808,COC(=O)C1=CC=C(C=C1)OCC2=NNN=N2,,
2992256,CCCCOC1=C(C=C(C=C1)[N+](=O)[O-])C(=O)O,,
2992266,CC1=C(NC2=C1C(=O)CC(C2)C3=CC=CO3)C(=O)OCC4=CC=CC=C4,,
2992425,COC1=CC2=C(C=C1)NC=C2CCNC(=O)CC3=CC=C(C=C3)F,,
2992790,CN1C2=CC(=C(C=C2N(C(=O)C1=O)C)[N+](=O)[O-])N3CCOCC3,,
2993112,C1C2CC3CC1CC(C2)(C3)C4=CC=C(C=C4)NC(=O)CSC5=NC=NN5,,
2994355,C1C2CC3CC1CC(C2)(C3)NC(=O)C4=CC=C(O4)[N+](=O)[O-],,
2995774,C1CCN(C1)C(=O)CN2C3=CC=CC=C3OC2=O,,
2995925,CCN1C(=NN=C1SCC(=O)N2CCOCC2)C(C)NC(=O)C3=CC=CC=C3,,
2996093,C1COCCN1C2=CC=CC=C2NC(=O)C3=CC=C(O3)[N+](=O)[O-],,
2996126,C1=CC=C2C(=C1)C(=O)C(=O)N2CC3=CC=CS3,,
2997123,COC1=CC(=CC(=C1O)OC)C2CC(=O)NC3=CC4=C(C=C23)OCO4,,
2997602,CCN(C1=CC=CC2=CC=CC=C21)C(=O)CN3CCN(CC3)C.C(=O)(C(=O)O)O,,
2997876,CCS(=O)C1=CC=CC=C1C(=O)O,,
2997881,C1CCC2=C(CC1)SC(=C2C(=O)N)N,,
2997893,CC1(C(=O)NC(=O)N1)CC2=CC3=C(C=C2)OCO3,,
2997972,CN1CCN(CC1)C2=C(C=C(C=C2)Cl)NC(=O)C3COC4=CC=CC=C4O3,,
2998139,COC1=CC2=C(C=C1)C3(CCC2)C(=O)NC(=O)N3,,
2998263,C1CC(OC1)COC(=O)CCCC(=O)OCC2CCCO2,,
2998378,COC(=O)CC1C(=O)NCCN1,,
2998390,C1OC2=C(O1)C=C(C=C2)C(CC(=O)C3=CC=CS3)SCCO,,
2998393,CCN1C2=CC=CC=C2N=C1NC(=O)NC3=CC=CC=C3OC,,
2998518,CCOC(=O)C1=C(SC2=C1CCS(=O)(=O)C2)N,,
2998642,COC1=C(C=C(C=C1)C2NC(=O)CS2)OC,,
2998659,C1C2CC3CC1CC(C2)(C3)C(=O)OCC(=O)NCC4=CC=CO4,,
2998868,CC1=C(C=CC=C1Cl)N2C=CN=C2SCC(=O)O,,
2998894,C1COC2=C(O1)C=CC(=C2)N3CC(CC3=O)C(=O)NC4=NC(=C(S4)C5=CC=CO5)C6=CC=CO6,,
2998934,CCC1CCC2=C(C1)C=C(S2)C(=O)O,,
2998966,CC1C=CC2=CC=CC=C2N1C(=O)C3=CC=CC=C3,,
2998990,CC1=CC=C(C=C1)C(CC(=O)C2=CC=CO2)SCCO,,
2999058,C1=CC=C(C=C1)N2C=C(C(=N2)C3=CC=CS3)C(=O)NC4=CN=CC=C4,,
2999097,C1CCN(CC1)C2=NC(=O)C(S2)CC(=O)NC3=CC=CC(=C3)C(=O)O,,
2999124,C1C2CC(C1C=C2)C(=O)OCC(=O)NCC3=CC=CO3,,
2999137,C1CC(OC1)N2C(=O)N=C(C=N2)N,,
2999370,CC1=C2C(C3=C(CC(CC3=O)(C)C)NC2=NN1)C4=CC=C(C=C4)OC,,
2999413,C[C@H]1CCC[C@@H](CCCCCC2=C(C(=CC(=C2)O)O)C(=O)O1)O,,
2999560,COC1=C(C=C2C(=C1)CCNC23C4=CC=CC=C4NC3=O)OC,,
2999670,C1=CC=C(C=C1)CC(C(=O)O)NC(=O)N,,
2999879,CC1(CC2=C(O1)C(=CC=C2)OCC(=O)O)C,,
3000068,CC1=C(SC(=C1C(=O)OC2CCOC2=O)NC(=O)C)C,,
3000086,C1=CC=C2C(=C1)N=C(N2CC(=O)O)C3=CSC=N3,,
3000177,CC1(C(=O)NC(=O)N1)C2=CC3=C(C=C2)C=C(C=C3)OC,,
3000226,C[C@H]1[C@@H]2CC[C@]3([C@H]([C@]2(CC[C@H]1O)C)[C@@H](C[C@@H]\4[C@@]3(C[C@@H](/C4=C(/CCC=C(C)C)\C(=O)O)OC(=O)C)C)O)C,,
3000304,CC1=C(N(C(=S)NC1=O)COCCO)SC2=CC=CC=C2,,
3000322,CN1[C@@H]2CC(C[C@H]1[C@H]3[C@@H]2O3)OC(=O)[C@H](CO)C4=CC=CC=C4,,
3000327,CCC1=C(N(C(=S)NC1=O)COCCO)SC2=CC(=CC(=C2)C)C,,
3000341,CC[C@@H]1CN2CCC3=C([C@@H]2C[C@@H]1/C(=C\OC)/C(=O)OC)NC4=CC=CC=C34,,
3000346,CC1=CN(C(=O)NC1=O)[C@H]2C[C@H]([C@@H](O2)CO)O,,
3000365,CC(C)C1=C(N(C(=S)NC1=O)COCCO)SC2=CC=CC=C2,,
3000366,CC1=CC(=CC(=C1)SC2=C(C(=O)NC(=S)N2COCCO)C(C)C)C,,
3000367,CCC1=C(N(C(=S)NC1=O)COCCO)SC2=CC(=CC(=C2)Cl)Cl,,
3000381,CCC1=C(NC(=S)C(=C1)NCC2=NC3=C(C=CC(=C3O2)Cl)Cl)C,,
3000392,CCC1=C(N(C(=S)NC1=O)COCC)SC2=CC=CC=C2,,
3000396,CCC1=C(N(C(=S)NC1=O)COCC2=CC=CC=C2)SC3=CC=CC=C3,,
3000430,C[C@H]1[C@H](CCO1)OC(=O)N[C@@H](CC2=CC=CC=C2)[C@@H](CN3C[C@H]4CCCC[C@H]4C[C@H]3C(=O)NC(C)(C)C)O,,
3000431,C[C@@H]1[C@@H](CCO1)OC(=O)N[C@@H](CC2=CC=CC=C2)[C@@H](CN3C[C@H]4CCCC[C@H]4C[C@H]3C(=O)NC(C)(C)C)O,,
3000437,CCC1=C(NC(=S)C(=C1)CCC2=NC3=CC=CC=C3O2)C,,
3000439,CCC1=C(NC(=S)C(=C1)CCC2=NC3=C(C=CC(=C3O2)Cl)Cl)C,,
3000440,CCC1=C(NC(=S)C(=C1)CCC2=NC3=C(C=CC(=C3O2)F)F)C,,
3000477,CC(C)OC(=O)C1=C(C=CC(=C1)NC(=S)OC(C)C)Cl,,
3000479,CC1=C(C2=CC3=C(C(=C([N-]3)C=C4C(=C(C(=N4)C=C5C(=C(C(=N5)C=C1[N-]2)C)C=C)C)C=C)C)CCC(=O)O)CCC(=O)O.[Co+2],,
3000493,CC(C)OC(=O)N1[C@H](C(=S)NC2=C1C=C(C=C2)OC)CSC,,
3000502,C[C@H]1C(=O)N[C@H](C(=O)N/C(=C/NC(=O)N)/C(=O)N[C@H](C(=O)NC[C@@H](C(=O)N1)N)[C@H]2CCN=C(N2)N)CNC(=O)C[C@H](CCCN)N.C1CN=C(N[C@H]1[C@H]2C(=O)NC[C@@H](C(=O)N[C@H](C(=O)N[C@H](C(=O)N/C(=C/NC(=O)N)/C(=O)N2)CNC(=O)C[C@H](CCCN)N)CO)N)N,,
3000540,CCC[C@@H]1C[C@H](N(C1)C)C(=O)N[C@@H]([C@@H]2[C@@H]([C@@H]([C@H]([C@H](O2)SC)O)O)O)[C@@H](C)O,,
3000601,C1=CN=CC=C1C(=O)NNC(=S)N,,
3000647,COC1=CC=C(C=C1)N/C=C/2\C(=O)CCC3=C2OC4=CC(=C(C(=C34)Cl)O)Cl,,
3000663,CC(=O)C1=C(C(=C(C=C1)OC)[C@H]2C[C@H]2NC(=S)NC3=NC=C(C=C3)C#N)O,,
3000668,C[N+]1([C@@H]2CC[C@H]1CC(C2)OC(=O)C(CO)C3=CC=CC=C3)[O-],,
3000671,C1=CC=C(C=C1)NC(=O)C2=C(NC(=S)NC2=O)O,,
3000706,C[C@H]1C(=O)N[C@H](C(=O)O[C@@H](C(=O)N[C@@H](C(=O)O[C@H](C(=O)N[C@H](C(=O)O[C@@H](C(=O)N[C@@H](C(=O)O[C@H](C(=O)N[C@H](C(=O)O[C@@H](C(=O)N[C@@H](C(=O)O1)C(C)C)C(C)C)C(C)C)C)C(C)C)C(C)C)C(C)C)C)C(C)C)C(C)C)C(C)C,,
3000709,CC1=CC(=CC2=C1C(=O)/C(=C\3/C(=O)C4=C(S3)C=C(C=C4C)Cl)/S2)Cl,,
3000715,CCCC(C)C1(C(=O)NC(=S)NC1=O)CC,,
3000722,C1=CC=C(C=C1)NC(=S)NCC(=O)O,,
3000788,CC(C)(C)NC(=O)[C@@H]1C[C@@H]2CCCC[C@@H]2CN1C[C@H]([C@H](CC3=CC=CC=C3)NC(=O)[C@@H](CC(=O)N)NC(=O)C4=NC5=CC=CC=C5C=C4)O,,
3000824,C1C(=O)C=CN(C1=O)[C@H]2[C@@H]([C@@H]([C@H](O2)CO)O)O,,
3000858,C[C@@H]1C[C@H]2[C@H](CO[C@H]2O1)OC(=O)N[C@@H](CC3=CC=CC=C3)[C@@H](CN4C[C@H]5CCCC[C@H]5C[C@H]4C(=O)NC(C)(C)C)O,,
3000859,C[C@H]1C[C@H]2[C@H](CO[C@H]2O1)OC(=O)N[C@@H](CC3=CC=CC=C3)[C@@H](CN4C[C@H]5CCCC[C@H]5C[C@H]4C(=O)NC(C)(C)C)O,,
3000903,CC1=C(C=CO1)C(=S)NC2=CC(=C(C=C2)Cl)C(=O)OCC(C)C,,
3000926,CC1=C(C=CO1)C(=S)NC2=CC(=C(C=C2)Cl)OCC=C(C)C,,
3000930,CC1=C(C=CO1)C(=S)NC2=CC(=C(C=C2)Cl)C(=O)OCC3CC3,,
3000932,CC1=C(C=CO1)C(=S)NC2=CC(=C(C=C2)Cl)C(=O)OCC(F)(F)F,,
3000941,CC1=C(C=CO1)C(=S)NC2=CC(=C(C=C2)Cl)C(=O)OC(C)C,,
3000947,CC1=C(C=CO1)C(=S)NC2=CC(=C(C=C2)Cl)COC(C)(C)C,,
3000949,C1CCC(CC1)OC(=O)C2=C(C=CC(=C2)NC(=S)C3=CSC=C3)Cl,,
3000950,CC1=C(C=CO1)C(=S)NC2=CC(=C(C=C2)Cl)C(=O)OC(C)C3CC3,,
3000960,CC1=C(C=CO1)C(=S)NC2=CC(=C(C=C2)Cl)C(=O)OC3CCCCC3,,
3000967,CC1=C(C=CO1)C(=S)NC2=CC(=C(C=C2)Cl)C(=O)OC3CCCC3,,
3001028,C[C@]12CC[C@H]3[C@H]([C@@H]1CCC2=O)CCC4=C3C=CC(=C4)OS(=O)(=O)O,,
3001055,CN/C(=C\[N+](=O)[O-])/NCCSCC1=CC=C(O1)CN(C)C,,
3001079,CNC(=O)C1=C(C(=C(C=C1)F)CCNC(=S)NC2=NC=C(C=C2)Br)F,,
3001099,C1=COC(=C1)CCNC(=S)NC2=NC=CS2,,
3001112,C1=CC=C(C=C1)CCNC(=S)NC2=NC(=CS2)C(=O)O,,
3001113,CCOC(=O)C1=CSC(=N1)NC(=S)NCCC2=CC=CC=C2,,
3001138,C1=CC(=NC=C1Cl)NC(=S)NCCC2=C(C=CO2)F,,
3001139,C1=CC(=NC=C1Cl)NC(=S)NCCC2=C(C=CO2)C#N,,
3001144,C1=CC=C2C(=C1)C(=O)N(C2=O)CCNC(=S)NC3=NC=C(C=C3)Cl,,
3001145,C1=CC(=NC=C1Cl)NC(=S)NCCN2C(=O)C3=C(C=CC(=C3C2=O)Cl)Cl,,
3001146,CC(=O)NCC1=C(C(=C(C=C1)F)CCNC(=S)NC2=NC=C(C=C2)Br)F,,
3001199,C[C@@H]1CC[C@@]2(CC[C@@]3(C(=CCC4[C@]3(CCC5[C@@]4(CC[C@@H](C5(C)C)O)C)C)C2[C@H]1C)C)C(=O)O,,
3001322,CCCCN1C(=O)[C@H](NC(=O)C12CCN(CC2)CC3=CC=C(C=C3)OC4=CC=C(C=C4)C(=O)O)[C@@H](C5CCCCC5)O,,
3001376,CC1=NC=C(C(=N1)N)CN(/C(=C(/SS/C(=C(/N(C=O)CC2=CN=C(N=C2N)C)\C)/CCO)\CCO)/C)C=O,,
3001497,C1[C@@H]2[C@@H]3[C@@H]([C@H]([C@@H](O2)OC(=O)C4=CC(=C(C(=C4)O)O)O)OC(=O)C5=CC(=C(C6=C5[C@@H]7C(=CC(=O)[C@@](C7(O)O)(O6)O)C(=O)O3)O)O)OC(=O)C8=CC(=C(C(=C8C9=C(C(=C(C=C9C(=O)O1)O)O)O)O)O)O,,
3001590,CC1=CC(=CC=C1)CC2=CC(=O)NC(=S)N2,,
3001591,CC1=C(NC(=S)NC1=O)CC2=CC=CC=C2,,
3001592,CC1=CC(=CC=C1)CC2=C(C(=O)NC(=S)N2)C,,
3001696,C[C@]1(CCC[C@@]2([C@@H]1CC[C@]34[C@H]2CC[C@H](C3)[C@@](C4)(CO)O)C)C=O,,
3001811,C[C@H](CC[C@@H]([C@@](C)(CO)O)O)[C@H]1CC[C@@]2([C@@]1(CC=C3C2=CC[C@@H]4[C@@]3(CCC(=O)C4(C)C)C)C)C,,
3001990,CC1=CC(=CC2=C1S/C(=C/3\C(=O)C4=C(S3)C(=CC(=C4)Cl)C)/C2=O)Cl,,
3002041,C1=C(C(=O)NC(=S)N1)C(=O)O,,
3002102,C1C2C(C3C4[C@H](C5=C(C(=C(C(=C5C(=O)O4)C6=C(C(=C(C(=C6C(=O)O3)C7=C(C(=C(C=C7C(=O)O2)O)O)O)O)O)O)O)O)O)O)OC(=O)C8=CC(=C(C(=C8C9=C(C(=C(C=C9C(=O)O1)O)O)O)O)O)O,,
3002119,CC1=NC=C(C(=N1)N)CN(C=O)/C(=C(\CCO)/SSCC2CCCO2)/C,,
3002120,CC1=NC=C(C(=N1)N)CN(/C(=C(/SS/C(=C(/N(C=O)CC2=CN=C(N=C2N)C)\C)/CCOC(=O)C(C)C)\CCOC(=O)C(C)C)/C)C=O,,
3002143,C[C@H]1[C@@H]2[C@@H](C(=O)[C@]3([C@H]([C@]2(C=CC1=O)C)CC[C@@H]\4[C@@]3(C[C@@H](/C4=C(/CCC=C(C)C)\C(=O)O)OC(=O)C)C)C)OC(=O)C,,
3002190,CC[C@@H]1[C@@]2([C@@H]([C@H](C(=O)[C@@H](C[C@@]([C@@H]([C@H](C(=O)[C@H](C(=O)O1)C)C)O[C@H]3[C@@H]([C@H](C[C@H](O3)C)N(C)C)O)(C)OC)C)C)N(C(=O)O2)CCCCN4C=C(N=C4)C5=CN=CC=C5)C,,
3002311,C1=CC2=C(C(=C1)F)N(C(=O)C3=CC=CN23)CCNC(=S)NC4=NC=C(C=C4)Br,,
3002807,C1CCN(CC1)C(=O)/C(=C(/C2=CC=CC=C2)\Br)/NC(=O)C3=CC=C(C=C3)[N+](=O)[O-],,
3002808,C1CCN(CC1)C(=O)/C(=C(/C2=CC=CC=C2F)\Br)/NC(=O)C3=CC=C(C=C3)[N+](=O)[O-],,
3002811,CC1=CC=CC=C1/C(=C(/C(=O)N2CCCCC2)\NC(=O)C3=CC=C(C=C3)[N+](=O)[O-])/Br,,
3002812,COC1=CC=CC=C1/C(=C(/C(=O)N2CCCCC2)\NC(=O)C3=CC=C(C=C3)[N+](=O)[O-])/Br,,
3002976,C[C@@](CCN1CCC(CC1)N(CC=C)C(=O)OCC2=CC=C(C=C2)[N+](=O)[O-])(CN(C)S(=O)(=O)C3=CC=CC=C3)C4=CC=CC=C4,,
3002977,CC1=NN=C(N1C2C[C@H]3CC[C@@H](C2)N3CC[C@@H](C4=CC=CC=C4)NC(=O)C5CCC(CC5)(F)F)C(C)C,,
3003032,C1=COC(=C1)CNC(=S)NC2=NC=CS2,,
3003247,CC1=C(C(=CC=C1)C)OCC(=O)N[C@@H](CC2=CC=CC=C2)[C@@H](C(=O)N3CSC([C@H]3C(=O)NC(C)(C)C)(C)C)OC(=O)CCCC(=O)NCC(=O)OC[C@@H]4[C@H](C[C@@H](O4)N5C=C(C(=O)NC5=O)C)N=[N+]=[N-],,
3003383,C1=CC(=CC=C1NC(=O)C2=CSN=N2)NC(=S)NC3=CC(=CC(=C3)C(F)(F)F)C(F)(F)F,,
3003565,CC(=O)O[C@@H]1C[C@]2(C(CCC2=O)C3=C1[C@]4([C@H](OC(=O)C5=COC(=C54)C3=O)COC)C)C,,
3003592,CCCCCC1=NC2=C(O1)C3=C4[C@H](CC[C@@H]3C)[C@H](C[C@H](C4=C2C)C=C(C)C)C,,
3003616,CC1=C(SC(=N1)N(C)C(=O)CC2=CC=C(C=C2)C3=CC=CC=C3)S(=O)(=O)NC,,
3003668,C1=CC=C(C=C1)C(=O)CCNC(=S)NC2=NC=C(C=C2)Br,,
3003669,C1=CC=C(C(=C1)C(=O)CCNC(=S)NC2=NC=C(C=C2)Br)F,,
3003670,C1=CC=C(C(=C1)C(=O)CCNC(=S)NC2=NC=C(C=C2)Br)Cl,,
3003671,COC1=CC=CC=C1C(=O)CCNC(=S)NC2=NC=C(C=C2)Br,,
3003672,COC1=CC=CC(=C1)C(=O)CCNC(=S)NC2=NC=C(C=C2)Br,,
3003673,C1=CC(=CC=C1C(=O)CCNC(=S)NC2=NC=C(C=C2)Br)F,,
3003674,C1=CC(=C(C=C1F)C(=O)CCNC(=S)NC2=NC=C(C=C2)Br)F,,
3003675,C1=CC(=C(C(=C1)F)C(=O)CCNC(=S)NC2=NC=C(C=C2)Cl)F,,
3003676,C1=CC(=C(C(=C1)F)C(=O)CCNC(=S)NC2=NC=C(C=C2)Br)F,,
3004112,C1=CC=C(C=C1)NC(=S)SCCC(=O)O,,
3004297,C1CNC(=S)C1C2C3=C(CC(N2)C(=O)O)C4=CC=CC=C4N3,,
3005225,C1=COC(=C1)C=C2C(=O)NC(=S)N2,,
3005349,CC1=C(C(=O)N(N1C)C2=CC=CC=C2)NC(=S)NC3=CC=C(C=C3)OC,,
3005532,COC(=O)[C@H](CCSC)NC(=O)C1=C(C=C(C=C1)NC[C@H](CS)N)C2=CC=CC=C2,,
3005572,CN(C)CCOC1=CC=C(C=C1)/C(=C(/CCCl)\C2=CC=CC=C2)/C3=CC=CC=C3.C(C(=O)O)C(CC(=O)O)(C(=O)O)O,,
3005913,C=C1[C@@H]([C@H](O[C@H]1N2C=CC(=NC2=O)N)CO)O,,
3005971,CNC(=S)NCCC=C(C1=CC(=C(C(=C1)Cl)OC)C(=O)OC)C2=CC(=C(C(=C2)Cl)OC)C(=O)OC,,
3006137,COC1=C(C=C(C=C1)CNC(=O)C2=CC=C(O2)[N+](=O)[O-])OC,,
3006138,COC1=CC=CC(=C1)NC(=O)C2=CC=C(O2)[N+](=O)[O-],,
3006311,CC(=C)[C@@H]1CC[C@]2([C@H]1[C@H]3CC[C@@H]4[C@]5(CC[C@@H](C([C@@H]5CC[C@]4([C@@]3(CC2)C)C)(C)C)OC(=O)CC(C)(C)C(=O)O)C)CO,,
3006755,CCOC(=O)C(=O)C(C(=O)C)Cl,,
3006797,CCCCCCCCCCCCCCCCCC(=O)O[C@H](CC(=O)O)C[N+](C)(C)C,,
3006908,C1C(=S)NC(=O)NO1,,
3007092,CN1C(=O)[C@]23CC4=CC=C[C@@H]([C@H]4N2C(=O)[C@]1(SSSS3)CO)O,,
3007743,CCOC(=O)C1=CC=C(C=C1)OCCCCC(=O)C2=CN(C(=C2)C=O)C,,
3007747,CC1=CSC(=C1)C(=O)CCCCOC2=CC=C(C=C2)C3=NCCO3,,
3007749,CCOC(=O)C1=CC=C(C=C1)OCCCCC(=O)C2=CC=C(S2)C,,
3007856,CC(C(=O)[O-])O.CC(C(=O)[O-])O.[Zn+2],,
3007908,C1=CN(C(=O)NC1=O)[C@H]2[C@H]([C@@H]([C@H](O2)CO)O)F,,
3007984,CC(C)[C@@H]1C(=O)N([C@H](C(=O)O[C@@H](C(=O)N([C@H](C(=O)O[C@@H](C(=O)N([C@H](C(=O)O1)CC2=CC=CC=C2)C)C(C)C)CC3=CC=CC=C3)C)C(C)C)CC4=CC=CC=C4)C,,
3008304,C1=CC=C2C(=C1)C(=O)C(=O)N2CC3=CC=C(C=C3)Br,,
3008593,C1=CC=C2C(=C1)C=C3C=CC=CC3=C2C(=O)OCC4=CC5=C(C=C4)N=C(N=C5N)N,,
3008866,C[C@@H]1CN(CCN1C(=O)C(=O)C2=CNC3=CC=CC=C32)C(=O)C4=CC=CC=C4,,
3008896,CC1=CN(C(=O)NC1=O)[C@H]2C=C[C@](O2)(CO)C=C,,
3008897,CC1=CN(C(=O)NC1=O)[C@H]2C=C[C@](O2)(CO)C#C,,
3008902,CC1=C(C(=[N+](C=C1)[O-])C)C(=O)N2CCC(CC2)(C)N3CCC(CC3)N(CC4=CC=CC=C4)C5=CC=CC=C5,,
3008904,CC1=C(C(=[N+](C=C1)[O-])C)C(=O)N2CCC(CC2)(C)N3CCC(CC3)N(CC4=CC(=CC=C4)C#N)C5=CC=CC=C5,,
3008907,CC1=C(C(=CC=C1)C)C(=O)N2CCC(CC2)(C)N3CCC(CC3)NC4=CC=CC=C4,,
3008909,CC1=C(C(=CC=C1)C)C(=O)N2CCC(CC2)(C)N3CCC(CC3)NC4=CC=C(C=C4)C(F)(F)F,,
3008911,CC1=C(C(=CC=C1)C)C(=O)N2CCC(CC2)(C)N3CCC(CC3)NC4=CC=CC5=C4N(C=C5)C,,
3008913,CC1=C(C(=CC=C1)C)C(=O)N2CCC(CC2)(C)N3CCC(CC3)N(CC4=CC=CC=C4)C5=CC=CC=C5,,
3008914,CC1=C(C(=CC=C1)C)C(=O)N2CCC(CC2)(C)N3CCC(CC3)N(CC4=CC=CC=C4)C5=CC=C(C=C5)Br,,
3008917,CC1=C(C(=CC=C1)C)C(=O)N2CCC(CC2)(C)N3CCC(CC3)N(C4=CC=CC=C4)C5=CC=CC=C5,,
3008928,CC1=C(C(=NC=N1)C)C(=O)N2CCC(CC2)(C)N3CCC(CC3)N(C4=CC=CC=C4)C5=CC=CC=C5,,
3008934,CC1=C(C(=CC=C1)C)C(=O)N2CCC(CC2)N3CCC(CC3)N(C4=CC=CC=C4)C5=CC=CC=C5,,
3008938,C1=CC(=C(C2=C1C=CC(=N2)C(=O)NC3=CC(=C(C=C3)O)O)O)C(=O)O,,
3008939,COC1=CC(=CC(=C1O)O)NC(=O)C2=NC3=C(C=CC(=C3O)C(=O)O)C=C2,,
3008942,C1=CC(=C(C2=C1C=CC(=N2)C(=O)NCC3=CC(=CC(=C3)O)O)O)C(=O)O,,
3009220,CCCCCCCCC(=O)NNC(=O)C1=CC=NC=C1,,
3009284,CC(C)C1=C(C=C2C(=C1)C(=O)C(=C3[C@@]2(CCCC3(C)C)C)O)O,,
3009296,C1=CC=C(C=C1)C[C@@H]2[C@@H]([C@H]([C@H](N(C(=O)N2CCCO)CCCO)CC3=CC=CC=C3)O)O,,
3009297,C1=CC=C(C=C1)C[C@@H]2[C@@H]([C@H]([C@H](N(C(=O)N2CCCCO)CCCCO)CC3=CC=CC=C3)O)O,,
3009298,C1=CC=C(C=C1)C[C@@H]2[C@@H]([C@H]([C@H](N(C(=O)N2CCCCCO)CCCCCO)CC3=CC=CC=C3)O)O,,
3009299,C1=CC=C(C=C1)C[C@@H]2[C@@H]([C@H]([C@H](N(C(=O)N2CCCCCCO)CCCCCCO)CC3=CC=CC=C3)O)O,,
3009300,C1=CC=C(C=C1)C[C@@H]2[C@@H]([C@H]([C@H](N(C(=O)N2CCCCCCCO)CCCCCCCO)CC3=CC=CC=C3)O)O,,
3009301,C1=CC=C(C=C1)C[C@@H]2[C@@H]([C@H]([C@H](N(C(=O)N2CCCCCCCCO)CCCCCCCCO)CC3=CC=CC=C3)O)O,,
3009302,C1=CC=C(C=C1)C[C@@H]2[C@@H]([C@H]([C@H](N(C(=O)N2CCCCN)CCCCN)CC3=CC=CC=C3)O)O,,
3009303,C1=CC=C(C=C1)C[C@@H]2[C@@H]([C@H]([C@H](N(C(=O)N2CCCCCN)CCCCCN)CC3=CC=CC=C3)O)O,,
3009304,C1=CC=C(C=C1)C[C@@H]2[C@@H]([C@H]([C@H](N(C(=O)N2CCCCCC(=O)O)CCCCCC(=O)O)CC3=CC=CC=C3)O)O,,
3009305,COC(=O)CCCCCN1[C@@H]([C@@H]([C@H]([C@H](N(C1=O)CCCCCC(=O)OC)CC2=CC=CC=C2)O)O)CC3=CC=CC=C3,,
3009306,COCCCCCN1[C@@H]([C@@H]([C@H]([C@H](N(C1=O)CCCCCOC)CC2=CC=CC=C2)O)O)CC3=CC=CC=C3,,
3009307,CC(=O)NCCCCCN1[C@@H]([C@@H]([C@H]([C@H](N(C1=O)CCCCCNC(=O)C)CC2=CC=CC=C2)O)O)CC3=CC=CC=C3,,
3009308,CS(=O)(=O)NCCCCCN1[C@@H]([C@@H]([C@H]([C@H](N(C1=O)CCCCCNS(=O)(=O)C)CC2=CC=CC=C2)O)O)CC3=CC=CC=C3,,
3009309,CNC(=O)NCCCCCN1[C@@H]([C@@H]([C@H]([C@H](N(C1=O)CCCCCNC(=O)NC)CC2=CC=CC=C2)O)O)CC3=CC=CC=C3,,
3009310,C1=CC=C(C=C1)C[C@@H]2[C@@H]([C@H]([C@H](N(C(=O)N2CCCCCNC(=O)C3=CC=CC=C3)CCCCCNC(=O)C4=CC=CC=C4)CC5=CC=CC=C5)O)O,,
3009311,C1=CC=C(C=C1)C[C@@H]2[C@@H]([C@H]([C@H](N(C(=O)N2CCCCCNC(=O)C3=CC(=CC=C3)F)CCCCCNC(=O)C4=CC(=CC=C4)F)CC5=CC=CC=C5)O)O,,
3009312,C1=CC=C(C=C1)C[C@@H]2[C@@H]([C@H]([C@H](N(C(=O)N2CCCCCNC(=O)C3=CC=C(C=C3)F)CCCCCNC(=O)C4=CC=C(C=C4)F)CC5=CC=CC=C5)O)O,,
3009319,C1CC1CN2[C@@H]([C@@H]([C@H]([C@H](N(C2=O)CCCCCO)CC3=CC=CC=C3)O)O)CC4=CC=CC=C4,,
3009322,C1=CC=C(C=C1)C[C@@H]2[C@@H]([C@H]([C@H](N(C(=O)N2CCCCCNC(=O)C3=CC=NC=C3)CCCCCNC(=O)C4=CC=NC=C4)CC5=CC=CC=C5)O)O,,
3009352,CC[C@@H](C1=CC=C(C=C1)C(F)(F)F)N2CCN(C[C@@H]2C)C3(CCN(CC3)C(=O)C4=C(N=CN=C4C)C)C,,
3009353,CCC[C@@H](C1=CC=C(C=C1)C(F)(F)F)N2CCN(C[C@@H]2C)C3(CCN(CC3)C(=O)C4=C(N=CN=C4C)C)C,,
3009354,C[C@H]1CN(CCN1[C@@H](CC2=CC=CC=C2)C3=CC=C(C=C3)C(F)(F)F)C4(CCN(CC4)C(=O)C5=C(N=CN=C5C)C)C,,
3009355,C[C@H]1CN(CCN1[C@@H](COC)C2=CC=C(C=C2)C(F)(F)F)C3(CCN(CC3)C(=O)C4=C(N=CN=C4C)C)C,,
3009356,C[C@H]1CN(CCN1[C@@H](CC2CC2)C3=CC=C(C=C3)C(F)(F)F)C4(CCN(CC4)C(=O)C5=C(N=CN=C5C)C)C,,
3009363,C1=CC=C(C=C1)CCC(CO)N2C=C(N=C2)C(=O)N,,
3009421,COC1=C(C=C(C=C1C(=O)OC)C(=CCCCC(=O)OC)C2=CC(=C(C(=C2)C(=O)OC)OC)C#N)C#N,,
3009470,CC(=C)[C@@H]1CC[C@]2([C@H]1[C@H]3CC[C@@H]4[C@]5(CC[C@@H](C([C@@H]5CC[C@]4([C@@]3(CC2)C)C)(C)C)OC(=O)CCCC(=O)O)C)CO,,
3009583,B(C1=CC(=CC(=C1)[N+](=O)[O-])C(=O)OC2=CC=C(C=C2)OC(=O)C3=CC(=CC(=C3)B(O)O)[N+](=O)[O-])(O)O,,
3009584,B(C1=CC(=CC=C1)COC(=O)C2=CC(=CC(=C2)B(O)O)[N+](=O)[O-])(O)O,,
3009586,B(C1=CC(=CC(=C1)[N+](=O)[O-])C(=O)OCC2=CC=CC=C2COC(=O)C3=CC(=CC(=C3)B(O)O)[N+](=O)[O-])(O)O,,
3009614,COC1=C(C(=C2C(=C1)C[C@H](CO2)C3=CC(=O)C(=C(C3=O)OC)OC)OC)OC,,
3009655,CC1(C(=O)NC(=O)N1)C2=CC(=C(C=C2)Cl)Cl,,
3009699,CCC(C)CC(C)CCCCCCCCC(=O)N[C@H]1C[C@H](CNC(=O)[C@@H]2[C@H](CCN2C(=O)[C@@H](NC(=O)[C@@H](NC(=O)[C@@H]3C[C@H](CN3C(=O)[C@@H](NC1=O)[C@@H](C)O)O)[C@@H](CC4=CC=C(C=C4)O)O)[C@@H](CC(=O)N)O)O)O,,
3009864,CC(C)N1C=C(C=C1C(=O)NC2=CN(C(=C2)C(=O)NCCCN(C)C)C)NC(=O)C3=CC(=CN3C)NC=O,,
3009876,CC(C)CCN1C=C(C=C1C(=O)NC2=CN(C(=C2)C(=O)NCCCN(C)C)C)NC(=O)C3=CC(=CN3C)NC(=O)C4=CC(=CC=C4)OC,,
3010068,C1C(OC2=C(C1=O)C(=C(C(=C2)O)C3=C(C4=C(C=C3O)OC(CC4=O)C5=CC=C(C=C5)O)O)O)C6=CC=C(C=C6)O,,
3010074,C1=CC(=CC=C1NC(=O)C2=CSN=N2)NC(=S)NCC3=CC(=CC(=C3)C(F)(F)F)C(F)(F)F,,
3010075,CC(C1=CC(=CC(=C1)C(F)(F)F)C(F)(F)F)NC(=S)NC2=CC=C(C=C2)NC(=O)C3=CSN=N3,,
3010076,C[C@@H](C1=CC(=CC(=C1)C(F)(F)F)C(F)(F)F)NC(=S)NC2=CC=C(C=C2)NC(=O)C3=CSN=N3,,
3010077,CCC(C1=CC(=CC(=C1)C(F)(F)F)C(F)(F)F)NC(=S)NC2=CC=C(C=C2)NC(=O)C3=CSN=N3,,
3010078,CCCC(C1=CC(=CC(=C1)C(F)(F)F)C(F)(F)F)NC(=S)NC2=CC=C(C=C2)NC(=O)C3=CSN=N3,,
3010079,C1=CC=C(C=C1)C(C2=CC(=CC(=C2)C(F)(F)F)C(F)(F)F)NC(=S)NC3=CC=C(C=C3)NC(=O)C4=CSN=N4,,
3010081,C[C@H](C1=CC(=CC(=C1)C(F)(F)F)C(F)(F)F)NC(=S)NC2=CC=C(C=C2)NC(=O)C3=CSC=N3,,
3010082,C[C@@H](C1=CC(=CC(=C1)C(F)(F)F)C(F)(F)F)NC(=S)NC2=CC=C(C=C2)NC(=O)C3=CSC=N3,,
3010083,CCC(C1=CC(=CC(=C1)C(F)(F)F)C(F)(F)F)NC(=S)NC2=CC=C(C=C2)NC(=O)C3=CSC=N3,,
3010084,C1=CC(=NC=C1NC(=S)NCC2=CC(=CC(=C2)C(F)(F)F)C(F)(F)F)NC(=O)C3=CSN=N3,,
3010086,C[C@@H](C1=CC(=CC(=C1)C(F)(F)F)C(F)(F)F)NC(=S)NC2=CN=C(C=C2)NC(=O)C3=CSC=N3,,
3010087,C[C@@H](C1=CC(=CC(=C1)C(F)(F)F)C(F)(F)F)NC(=S)NC2=CN=C(C=C2)NC(=O)C3=CSN=N3,,
3010100,COC1=C(C(=C(C2=C1C(=O)C=C(O2)C3=CC=C(C=C3)O)OC)OC)OC,,
3010155,C1C2CC3CC1CC(C2)(C3)NC(=O)NC45CC6CC(C4)CC(C6)C5,,
3010243,CC1=C(C(=CC=C1)C)OCC(=O)N[C@@H](CC2=CC=CC=C2)[C@H](C[C@H](CC3=CC=CC=C3)NC(=O)[C@H](C(C)C)N4CCNC4=O)O,,
3010246,CC1=C(C(=CC=C1)C)OCC(=O)N[C@@H](CC2=CC=CC=C2)[C@H](C[C@H](CC3=CC=CC=C3)NC(=O)[C@H](C(C)C)N4CCOC4=O)O,,
3010248,CC1=C(C(=CC=C1)C)OCC(=O)N[C@@H](CC2=CC=CC=C2)[C@H](C[C@H](CC3=CC=CC=C3)NC(=O)[C@H](C(C)C)N4CCCC4=O)O,,
3010258,C1CCC(CC1)[C@H](C(=O)O)N2C[C@@H]([C@H](C2)C3=CC=CC=C3)CN4CCC(CC4)C5=NC=C(N5)C6=CC=CC=C6,,
3010261,C1CCC(CC1)[C@H](C(=O)O)N2C[C@@H]([C@H](C2)C3=CC=CC=C3)CN4CCC(CC4)C5=CN=C(N5)CC6=CC=CC=C6,,
3010262,C1CCC(CC1)[C@H](C(=O)O)N2C[C@@H]([C@H](C2)C3=CC=CC=C3)CN4CCC(CC4)C5=CSC(=N5)CC6=CC=CC=C6,,
3010263,C1CCC(CC1)[C@H](C(=O)O)N2C[C@@H]([C@H](C2)C3=CC=CC=C3)CN4CCC(CC4)C5=NC=C(S5)CC6=CC=CC=C6,,
3010264,C1CCC(CC1)[C@H](C(=O)O)N2C[C@@H]([C@H](C2)C3=CC=CC=C3)CN4CCC(CC4)C5=CN=C(S5)CC6=CC=CC=C6,,
3010267,C1CC1C[C@H](C(=O)O)N2C[C@@H]([C@H](C2)C3=CC=CC=C3)CN4CCC(CC4)C5=CN=C(N5)CC6=CC=CC=C6,,
3010268,C1CC(C1)C[C@H](C(=O)O)N2C[C@@H]([C@H](C2)C3=CC=CC=C3)CN4CCC(CC4)C5=CN=C(N5)CC6=CC=CC=C6,,
3010271,C1CC(C1)C[C@H](C(=O)O)N2C[C@@H]([C@H](C2)C3=CC=CC=C3)CN4CCC(CC4)C5=CN=C(O5)CC6=CC=CC=C6,,
3010272,CC(C)[C@H](C(=O)O)N1C[C@@H]([C@H](C1)C2=CC=CC=C2)CN3CCC(CC3)C4=CN=C(S4)CC5=CC=CC=C5,,
3010273,C1CC1C[C@H](C(=O)O)N2C[C@@H]([C@H](C2)C3=CC=CC=C3)CN4CCC(CC4)C5=CN=C(S5)CC6=CC=CC=C6,,
3010274,C1CC(C1)C[C@H](C(=O)O)N2C[C@@H]([C@H](C2)C3=CC=CC=C3)CN4CCC(CC4)C5=CN=C(S5)CC6=CC=CC=C6,,
3010275,CCC1=C(N=C(N1)CC2=CC=CC=C2)C3CCN(CC3)C[C@H]4CN(C[C@@H]4C5=CC(=CC=C5)F)[C@H](CC6CCC6)C(=O)O,,
3010276,C1CC(C1)C[C@H](C(=O)O)N2C[C@@H]([C@H](C2)C3=CC(=CC=C3)F)CN4CCC(CC4)C5=C(N=C(N5)CC6=CC=CC=C6)Cl,,
3010277,CCC1=C(OC(=N1)CC2=CC=CC=C2)C3CCN(CC3)C[C@H]4CN(C[C@@H]4C5=CC(=CC=C5)F)[C@H](CC6CCC6)C(=O)O,,
3010278,CCC1=C(SC(=N1)CC2=CC=CC=C2)C3CCN(CC3)C[C@H]4CN(C[C@@H]4C5=CC(=CC=C5)F)[C@H](CC6CCC6)C(=O)O,,
3010279,C1CC1C[C@H](C(=O)O)N2C[C@@H]([C@H](C2)C3=CC(=CC=C3)F)CN4CCC(CC4)C5=C(N=C(N5)CC6=CC=CC=C6)Cl,,
3010280,CCC1=C(SC(=N1)CC2=CC=CC=C2)C3CCN(CC3)C[C@H]4CN(C[C@@H]4C5=CC(=CC=C5)F)[C@H](C(C)C)C(=O)O,,
3010412,CC1=CC=C(C=C1)S(=O)(=O)NC(=NCCC[C@@H](C(=O)O)NC(=O)OCC2C3=CC=CC=C3C4=CC=CC=C24)N,,
3010428,CC1=CC(=C(C(=C1S(=O)(=O)NC(=NCCC[C@@H](C(=O)O)NC(=O)OCC2C3=CC=CC=C3C4=CC=CC=C24)N)C)C)OC,,
3010429,CC1=C(C(=C(C2=C1OC(CC2)(C)C)C)S(=O)(=O)NC(=NCCC[C@@H](C(=O)O)NC(=O)OCC3C4=CC=CC=C4C5=CC=CC=C35)N)C,,
3010466,CC1=CC=C(C=C1)S(=O)(=O)N(CC(C)C)[C@@H](CCCCNC(=O)N(C(C)C)C(C)C)C(=O)O,,
3010467,CC(C)CCN([C@@H](CCCCNC(=O)N(CC1=CC2=C(C=C1)OCO2)CC3=CC(=C(C=C3)OC)OC)CO)S(=O)(=O)C4=CC=C(C=C4)N,,
3010468,C1[C@H]([C@H](N(C(=O)N(N1C(=O)C2=CC=CC=C2)CC3=CC=C(C=C3)O)CC4=CC=C(C=C4)O)CC5=CC=CC=C5)O,,
3010530,CCCC(C(=O)C(=O)NC1CC1)NC(=O)[C@@H]2C3CCCC3CN2C(=O)[C@H](C(C)(C)C)NC(=O)[C@H](C4CCCCC4)NC(=O)CC5=NNN=N5,,
3010663,CCN1C2=C(C=CC=N2)N(C(=O)C3=C1N=CC(=C3)CCOC4=CC=[N+](C5=CC=CC=C54)[O-])C,,
3010666,CCN1C2=C(C=CC=N2)N(C(=O)C3=C1N=CC(=C3)CCOC4=CC=NC5=CC=CC=C54)C,,
3010732,CCN1C2=C(C=CC=N2)N(C(=O)C3=C1N=CC(=C3)CCOC4=CC5=C(C=C4)C=C(C=C5)C(=O)O)C,,
3010818,CCC[C@@H](C(=O)C(=O)NC1CC1)NC(=O)[C@@H]2[C@H]3CCC[C@H]3CN2C(=O)[C@H](C(C)(C)C)NC(=O)[C@H](C4CCCCC4)NC(=O)C5=NC=CN=C5,,
3010826,CC1=CN(C(=O)N=C1N)[C@H]2[C@H]([C@@H]([C@H](O2)CO)O)Cl,,
3010845,CC(C)CCN1C2=CC=CC=C2N=C1CN3C4=CC=CC=C4N(C3=O)CC5=CC=C(C=C5)C(=O)N[C@@H](CC(=O)O)C(=O)O,,
3010888,CC(C)C[C@H]1C(=O)O[C@@H](C(=O)N([C@H](C(=O)O[C@@H](C(=O)N([C@H](C(=O)O[C@@H](C(=O)N1C)C(C)C)CC(C)C)C)C(C)C)CC(C)C)C)C(C)C,,
3010921,CC1=CC\2=C(C(=C1)O)C(=O)C3=C(/C2=C\4/C5=C(C(=CC(=C5)C)O)C(=O)C6=C4C=C(C=C6O)O)C=C(C=C3O)O,,
3010927,CC(=C)[C@@H]1CC[C@]2(C1C3CCC4[C@]5(CC[C@@H](C(C5CC[C@]4([C@@]3(CC2)C)C)(C)C)O)C)C(=O)O,,
3010929,C[C@]12CC[C@@H](C(C1CC[C@@]3(C2CC=C4[C@]3(CC[C@@]5(C4CC(CC5)(C)C)C(=O)O)C)C)(C)C)O,,
3010934,C1=CC(=CC=C1C(=N)N)NC(=O)CCCC(=O)NC2=CC=C(C=C2)C(=N)N,,
3010935,C1=CC(=CC=C1C(=N)N)NC(=O)CCCCC(=O)NC2=CC=C(C=C2)C(=N)N,,
3010943,C1=COC(=C(C1=O)O)C(=O)O,,
3011066,CCOC(=O)C1=CN2CCN(C(=O)C2=C1O)CC3=CC=CC=C3,,
3011067,C1CN(C(=O)C2=C(C(=CN21)C(=O)O)O)CC3=CC=CC=C3,,
3011068,CCOC(=O)C1=CN2CCN(C(=O)C2=C1O)CC3=CC=C(C=C3)F,,
3011070,CNC(=O)C1=CN2CCN(C(=O)C2=C1O)CC3=CC=C(C=C3)F,,
3011073,CCOC(=O)C1=CN2CCN(C(=O)C2=C1O)CC3=CC(=CC=C3)Cl,,
3011074,C1CN(C(=O)C2=C(C(=CN21)C(=O)O)O)CC3=CC(=CC=C3)Cl,,
3011075,CN1CCN2C=C(C(=C2C1=O)O)C(=O)NCC3=CC=C(C=C3)F,,
3011076,CCOC(=O)C1=CN2CCN(C(=O)C2=C1O)CC3=CC(=CC=C3)F,,
3011078,CCOC(=O)C1=CN2CCN(C(=O)C2=C1O)CC3=CC=C(C=C3)Cl,,
3011079,CCOC(=O)C1=CN2CCN(C(=O)C2=C1O)CC3=CC(=C(C=C3)F)Cl,,
3011080,CCOC(=O)C1=CN2CCN(C(=O)C2=C1O)CC3=CC(=C(C=C3)Cl)Cl,,
3011081,CNC(=O)C1=CN2CCN(C(=O)C2=C1O)CC3=CC=C(C=C3)Cl,,
3011083,CNC(=O)C1=CN2CCN(C(=O)C2=C1O)CC3=CC(=C(C=C3)Cl)Cl,,
3011168,CC1=COC2=C(C1=O)C=CC3=C2[C@H]([C@H](C(O3)(C)C)OC(=O)C45CCC(C4(C)C)(C(=O)O5)C)OC(=O)C67CCC(C6(C)C)(C(=O)O7)C,,
3011170,CCC1=CC(=O)C2=C(O1)C3=C(C=C2)OC([C@@H]([C@@H]3OC(=O)C45CCC(C4(C)C)(C(=O)O5)C)OC(=O)C67CCC(C6(C)C)(C(=O)O7)C)(C)C,,
3011267,COC(=O)C1=CC=C(C=C1)CO[C@H](COCC2=CC=CC=C2)[C@H]([C@@H]([C@@H](COCC3=CC=CC=C3)OCC4=CC=C(C=C4)C(=O)OC)O)O,,
3011282,COC(=O)C1=CC=C(C=C1)COC[C@H]([C@H]([C@@H]([C@@H](COCC2=CC=C(C=C2)C(=O)OC)OCC3=CC=CC=C3)O)O)OCC4=CC=CC=C4,,
3011283,C1=CC=C(C=C1)CO[C@H](COCC2=CC=C(C=C2)C(=O)O)[C@H]([C@@H]([C@@H](COCC3=CC=C(C=C3)C(=O)O)OCC4=CC=CC=C4)O)O,,
3011367,C1=CC=C(C=C1)CC2=C(N=C(N(C2=O)CCOCP(=O)(O)O)N)N,,
3011369,C(COCP(=O)(O)O)N1C(=O)C(=C(N=C1N)N)CC#N,,
3011371,CCOC(=O)CC1=C(N=C(N(C1=O)CCOCP(=O)(O)O)N)N,,
3011372,CCOC(=O)CC1=C(N=C(N=C1OCCOCP(=O)(O)O)N)N,,
3011373,CC1=C(N=C(N(C1=O)CCOCP(=O)(O)O)N)N,,
3011375,C1=CC=C(C=C1)C2=C(N=C(N(C2=O)CCOCP(=O)(O)O)N)N,,
3011377,C1CC1C2=C(N=C(N(C2=O)CCOCP(=O)(O)O)N)N,,
3011379,C(COCP(=O)(O)O)N1C(=O)C(=C(N=C1N)N)CC(=O)O,,
3011380,C(COC1=NC(=NC(=C1CC(=O)O)N)N)OCP(=O)(O)O,,
3011485,CC1=C(C(=NO1)C)C(C2=CC=CC=C2)N3CCN(CC3)C4=NC=NC5=C4C=NN5C6=CC=CC=C6,,
3011526,CC12CCC(=O)C=C1CCC3C2C(=O)CC4(C3CC[C@@]4(C(=O)CO)O)C,,
3011654,CC1=C2C3=CC=CC=C3NC2=C(N=C1C(=O)OC)C4=NC5=C(C=C4)C(=O)C=C(C5=O)NC(=O)C,,
3011697,CCC1=C(NC(=O)C(=C1OC2=CC(=CC(=C2)C)C)I)C,,
3011698,CC[C@H]1C=CCC[C@]2(O1)C[C@@H]3CC[C@H]4N3C(=N[C@]5([C@H]4C(=O)OCCCCCCCCCCCCCCCCCC(=O)N(CCCC(=O)N)CCCN)CCC[C@H](O5)C)N2,,
3011701,CC[C@H]1C=CCC[C@]2(O1)C[C@@H]3CC[C@H]4N3C(=N[C@]5([C@H]4C(=O)OCCCCCCCCCCCCCCCC6=NCCCN6CC(CCN)O)CCC[C@H](O5)C)N2,,
3011719,CCN(C1CCN(CC1)CCC(C2=CC=CC=C2)N3CCN(CC3)C)C(=O)CC4=CC=C(C=C4)S(=O)(=O)C,,
3011725,CCN(C1CCN(CC1)CCC(C2CCN(CC2)C)C3=CC=CC=C3)C(=O)CC4=CC=C(C=C4)S(=O)(=O)C,,
3011887,CCCC(C(=O)C(=O)NC1CC1)NC(=O)[C@@H]2C3CCCC3CN2C(=O)[C@H](C(C)(C)C)NC(=O)[C@H](CC4CCCCC4)NC(=O)C5=NC=CN=C5,,
3011937,C1=CC(=CC=C1C#N)NC(=O)C2=CC=C(O2)[N+](=O)[O-],,
3012020,CCN1C2=C(C=CC=N2)N(C(=O)C3=C1N=CC(=C3)CCOC4=C(C=C(C=C4)C(=O)O)C)C,,
3012021,CCN1C2=C(C=CC=N2)N(C(=O)C3=C1N=CC(=C3)CCOC4=C(C=C(C=C4)CC(=O)O)C)C,,
3012025,CCN1C2=C(C=CC(=N2)OC)N(C(=O)C3=C1N=CC(=C3)CCOC4=C(C=C(C=C4)C(=O)O)C)C,,
3012027,CCN1C2=C(C=CC(=N2)F)N(C(=O)C3=C1N=CC(=C3)CCOC4=C(C=C(C=C4)C(=O)O)C)C,,
3012091,CC1=C(C(=O)C=CN1CC=C)O,,
3012093,CC1=NN=C(O1)C[C@H](C[C@@H](CN2CCN(C[C@H]2C(=O)NCC(F)(F)F)C(C)(C)C3=NC=C(O3)C4=CC=C(C=C4)F)O)C(=O)N[C@@H]5[C@@H](COC6=CC=CC=C56)O,,
3012094,CCCC1=NN=C(O1)C[C@H](C[C@@H](CN2CCN(C[C@H]2C(=O)NCC(F)(F)F)C(C)(C)C3=NC=C(O3)C4=CC=C(C=C4)F)O)C(=O)N[C@@H]5[C@@H](COC6=CC=CC=C56)O,,
3012095,CC(C)(C1=NC=C(O1)C2=CC=C(C=C2)F)N3CCN([C@@H](C3)C(=O)NCC(F)(F)F)C[C@H](C[C@@H](CC4=NN=C(O4)C5=CC=CC=C5)C(=O)N[C@@H]6[C@@H](COC7=CC=CC=C67)O)O,,
3012097,CC1=NN=C(O1)C[C@H](C[C@@H](CN2CCN(C[C@H]2C(=O)NCC(F)(F)F)C(C)(C)C3=NC=C(O3)C4=CC=C(C=C4)Cl)O)C(=O)N[C@@H]5[C@@H](COC6=CC=CC=C56)O,,
3012098,CCCC1=NN=C(O1)C[C@H](C[C@@H](CN2CCN(C[C@H]2C(=O)NCC(F)(F)F)C(C)(C)C3=NC=C(O3)C4=CC=C(C=C4)Cl)O)C(=O)N[C@@H]5[C@@H](COC6=CC=CC=C56)O,,
3012099,CC(C)(C1=NC=C(O1)C2=CC=C(C=C2)Cl)N3CCN([C@@H](C3)C(=O)NCC(F)(F)F)C[C@H](C[C@@H](CC4=NN=C(O4)C5=CC=CC=C5)C(=O)N[C@@H]6[C@@H](COC7=CC=CC=C67)O)O,,
3012100,C1CN([C@@H](CN1CC2=CC=C(O2)C3=CC=C(C=C3)Cl)C(=O)NCC(F)(F)F)C[C@H](C[C@@H](CC4=NN=CO4)C(=O)N[C@@H]5[C@@H](COC6=CC=CC=C56)O)O,,
3012101,CC1=NN=C(O1)C[C@H](C[C@@H](CN2CCN(C[C@H]2C(=O)NCC(F)(F)F)CC3=CC=C(O3)C4=CC=C(C=C4)Cl)O)C(=O)N[C@@H]5[C@@H](COC6=CC=CC=C56)O,,
3012102,CCCC1=NN=C(O1)C[C@H](C[C@@H](CN2CCN(C[C@H]2C(=O)NCC(F)(F)F)CC3=CC=C(O3)C4=CC=C(C=C4)Cl)O)C(=O)N[C@@H]5[C@@H](COC6=CC=CC=C56)O,,
3012104,CC(C)(C1=NC=C(O1)C2=CC(=CN=C2)OC)N3CCN([C@@H](C3)C(=O)NCC(F)(F)F)C[C@H](C[C@@H](CC4=NN=CO4)C(=O)N[C@@H]5[C@@H](COC6=CC=CC=C56)O)O,,
3012105,CC1=NN=C(O1)C[C@H](C[C@@H](CN2CCN(C[C@H]2C(=O)NCC(F)(F)F)C(C)(C)C3=NC=C(O3)C4=CC(=CN=C4)OC)O)C(=O)N[C@@H]5[C@@H](COC6=CC=CC=C56)O,,
3012106,CCCC1=NN=C(O1)C[C@H](C[C@@H](CN2CCN(C[C@H]2C(=O)NCC(F)(F)F)C(C)(C)C3=NC=C(O3)C4=CC(=CN=C4)OC)O)C(=O)N[C@@H]5[C@@H](COC6=CC=CC=C56)O,,
3012107,CC(C)(C1=NC=C(O1)C2=CC(=CN=C2)OC)N3CCN([C@@H](C3)C(=O)NCC(F)(F)F)C[C@H](C[C@@H](CC4=NN=C(O4)C5=CC=CC=C5)C(=O)N[C@@H]6[C@@H](COC7=CC=CC=C67)O)O,,
3012117,CC(C)C[C@@H](C(=O)OC)NC(=O)C1=C(C=C(C=C1)NC[C@H](CS)N)C2=CC=CC=C2,,
3012524,CC(=CCC1=C(C(=C(C=C1OC)OC)CC=C(C)C)C2=CC3=C(O2)C=C(C=C3)O)C,,
3012719,CN1C2=C(C=C(C=C2)NC(=O)C3(CCNCC3)NC(=O)C4=CC5=C(C=C4)N(C(=N5)C6=COC=C6)C7CCCCC7)C=C1C(=O)O,,
3012806,CCC1=C(NC(=O)C(=C1C(=O)C2=CC=CC(=C2)CC#N)N(C)C)C,,
3012850,C1CC1N2C=C(C(=O)C3=CC(=C(C=C32)N4CCN(CC4)C5=CC=CC(=C5)C(F)(F)F)N)C(=O)O,,
3012902,COC1=CN2C3=CC=CC=C3C4=C2C(=NC=C4)C1=O,,
3012947,C1=CC=C2C(=C1)C(=O)N[Se]2,,
3013049,CCCCCCCCCC(=O)O[C@@H]1[C@@H]([C@H](O[C@H]1N2C=CC(=O)NC2=O)[C@H](C(=O)N)O[C@@H]3[C@H]([C@H](C=C(O3)C(=O)N[C@H]4CCC[C@H](NC4=O)C)O)O)OC,,
3013050,CC(C)N1CCN(C1=O)C2=CC=C(C=C2)N3CCN(CC3)C4=CC=C(C=C4)OC[C@H]5OC[C@](O5)(CN6C=NC=N6)C7=C(C=C(C=C7)F)F,,
3013096,CCC[C@]1(C2=C(CCO1)C3=C(C=CC(=C3N2)C)C#N)CC(=O)O,,
3013146,CC1=C(C2=C(C=CC(=C2)F)NC1=O)OCC3CCC3,,
3013147,CCC1=C(C2=C(C=CC(=C2)F)NC1=O)OCC3CCC3,,
3013150,CCCC1=C(C2=C(C=CC(=C2[N+](=O)[O-])F)NC1=O)OCC3CCC3,,
3013151,CCCC1=C(C2=C(C=CC(=C2)F)NC1=O)OC#CC3CC3,,
3013152,CCCC1=C(C2=C(C=CC(=C2)Cl)NC1=O)S(=O)C3CCCCC3,,
3013157,CCCCNC(=O)OCC1CN(CCN1C(=O)C2=CC(=C(C(=C2)OC)OC)OC)C(=O)C3=CC(=C(C(=C3)OC)OC)OC,,
3013165,CC(C)(C=C)C1=C(C2=CC=CC=C2N1)C3=C(C(=O)C(=C(C3=O)O)C4=C(NC5=CC=CC=C54)C(C)(C)C=C)O,,
3013166,CC(=CCC1=C2C(=CC=C1)C(=CN2)C3=C(C(=O)C(=C(C3=O)O)C4=C(NC5=CC=CC=C54)C(C)(C)C=C)O)C,,
3013396,CNC(=O)C1=C(C=CC(=C1)F)CNC(=O)C2=C(C3=C(C=CC=N3)C(=N2)N4CCCCS4(=O)=O)O,,
3013397,CN(C)C(=O)C1=C(C=CC(=C1)F)CNC(=O)C2=C(C3=C(C=CC=N3)C(=N2)N4CCCCS4(=O)=O)O,,
3013430,CC1=CC=C(C=C1)C2=CC3=C(CCCC(=C3)C(=O)NC4=CC=C(C=C4)CN(C)C5CCOCC5)C=C2,,
3013459,C1=CC=C2C(=C1)C3=CC(=NC=C3N2CC4=CC=C(C=C4)F)C(=O)NO,,
3013531,CC(=C)[C@@H]1CC[C@]2([C@H]1[C@H]3CC[C@@H]4[C@]5(CC[C@@H](C([C@@H]5CC[C@]4([C@@]3(CC2)C)C)(C)C)OC(=O)CC(C)(C)C(=O)O)C)COC(=O)C(C)(C)CC(=O)O,,
3013536,CC(C)[C@@H]1CC[C@]2([C@H]1[C@H]3CC[C@@H]4[C@]5(CC[C@@H](C([C@@H]5CC[C@]4([C@@]3(CC2)C)C)(C)C)OC(=O)CCCC(=O)O)C)CO,,
3013575,CCCCOCCOC1=CC=C(C=C1)C2=CC3=C(C=C2)N(CCC(=C3)C(=O)NC4=CC=C(C=C4)S(=O)CC5=CN=CN5CCC)CC(C)C,,
3013625,C1C[C@H](N(C1)C(=O)CN)C(=O)O,,
3013673,CC(=O)N1CCC(CC1)C(=O)N(CCCN2CCC(CC2)CC3=CC=CC=C3)C4=CC=CC=C4,,
3013684,CC(=O)N1CCC(CC1)C(=O)N(CCCN2CCC(CC2)CC3=CC=C(C=C3)F)C4=CC(=C(C=C4)Cl)Cl,,
3013689,CS(=O)(=O)N1CCC(CC1)C(=O)N(CCCN2CCC(CC2)CC3=CC=C(C=C3)F)C4=CC(=C(C=C4)Cl)Cl,,
3013701,CS(=O)(=O)C1=CC=C(C=C1)CC2CCN(CC2)CCCN(C3=CC(=C(C=C3)Cl)Cl)C(=O)C4CCN(CC4)S(=O)(=O)C,,
3013735,CC1=CC=C(C=C1)S(=O)(=O)N[C@@H](CCCCNC(=O)OC(C)(C)C)C(=O)O,,
3013736,C1=CC=C(C=C1)COC(=O)NCCCC[C@@H](C(=O)O)NC(=O)OCC2C3=CC=CC=C3C4=CC=CC=C24,,
3013737,CC1=CC=C(C=C1)S(=O)(=O)NCCCC[C@@H](C(=O)O)NC(=O)OCC2C3=CC=CC=C3C4=CC=CC=C24,,
3013738,CC1=CC=C(C=C1)S(=O)(=O)NCCC[C@@H](C(=O)O)NC(=O)OCC2C3=CC=CC=C3C4=CC=CC=C24,,
3013740,CC1=CC=C(C=C1)S(=O)(=O)N[C@@H](CCCCNC(=O)OCC2C3=CC=CC=C3C4=CC=CC=C24)C(=O)O,,
3013741,CC1=CC=C(C=C1)S(=O)(=O)N(CCCC[C@@H](C(=O)O)NC(=O)OCC2C3=CC=CC=C3C4=CC=CC=C24)CC(C)C,,
3013742,CC1=CC=C(C=C1)S(=O)(=O)N(CC(C)C)[C@@H](CCCCNC(=O)OCC2C3=CC=CC=C3C4=CC=CC=C24)C(=O)O,,
3013743,CC1=CC=C(C=C1)S(=O)(=O)N(CC2=CC=CC=C2)[C@@H](CCCCNC(=O)OCC3C4=CC=CC=C4C5=CC=CC=C35)C(=O)O,,
3013744,CCC(CC)CN([C@@H](CCCCNC(=O)OCC1C2=CC=CC=C2C3=CC=CC=C13)C(=O)O)S(=O)(=O)C4=CC=C(C=C4)C,,
3013745,CCC(C)CN([C@@H](CCCCNC(=O)OCC1C2=CC=CC=C2C3=CC=CC=C13)C(=O)O)S(=O)(=O)C4=CC=C(C=C4)C,,
3013746,CC1=CC=C(C=C1)S(=O)(=O)N(CC2CC2)[C@@H](CCCCNC(=O)OCC3C4=CC=CC=C4C5=CC=CC=C35)C(=O)O,,
3013747,CC1=CC=C(C=C1)S(=O)(=O)N(CC2CCCC2)[C@@H](CCCCNC(=O)OCC3C4=CC=CC=C4C5=CC=CC=C35)C(=O)O,,
3013748,CC(C)CN([C@@H](CCCCNC(=O)OCC1C2=CC=CC=C2C3=CC=CC=C13)C(=O)O)S(=O)(=O)C4=CC=CC=C4,,
3013749,CC(C)CN([C@@H](CCCCNC(=O)OCC1C2=CC=CC=C2C3=CC=CC=C13)C(=O)O)C(=O)C4=CC=CC=C4,,
3013750,CC(C)CN([C@@H](CCCCNC(=O)OCC1C2=CC=CC=C2C3=CC=CC=C13)C(=O)O)S(=O)(=O)C4=CC=C(C=C4)C(C)(C)C,,
3013751,CC(C)CN([C@@H](CCCCNC(=O)OCC1C2=CC=CC=C2C3=CC=CC=C13)C(=O)O)S(=O)(=O)C4=CC=CC5=CC=CC=C54,,
3013752,CC(C)CN([C@@H](CCCCNC(=O)OCC1C2=CC=CC=C2C3=CC=CC=C13)C(=O)O)S(=O)(=O)C4=CC=C(C=C4)F,,
3013753,CC(C)CN([C@@H](CCCCNC(=O)OCC1C2=CC=CC=C2C3=CC=CC=C13)C(=O)O)S(=O)(=O)C4=CC=CS4,,
3013754,CC(C)CN([C@@H](CCCCNC(=O)OCC1C2=CC=CC=C2C3=CC=CC=C13)C(=O)O)S(=O)(=O)C4=CC=C(C=C4)[N+](=O)[O-],,
3013755,CC(C)CN([C@@H](CCCCNC(=O)OCC1C2=CC=CC=C2C3=CC=CC=C13)C(=O)O)S(=O)(=O)C4=CC=C(C=C4)N,,
3013756,CC1=CC=C(C=C1)S(=O)(=O)N(CC(C)C)[C@@H](CCCNC(=O)OCC2C3=CC=CC=C3C4=CC=CC=C24)C(=O)O,,
3013757,CC1=CC=C(C=C1)S(=O)(=O)N(CC(C)C)[C@@H](CCCCCNC(=O)OCC2C3=CC=CC=C3C4=CC=CC=C24)C(=O)O,,
3013758,CC1=CC=C(C=C1)S(=O)(=O)N(CC(C)C)[C@@H](CCNC(=O)OCC2C3=CC=CC=C3C4=CC=CC=C24)C(=O)O,,
3013759,CC1=CC=C(C=C1)S(=O)(=O)N(CC(C)C)[C@@H](CNC(=O)OCC2C3=CC=CC=C3C4=CC=CC=C24)C(=O)O,,
3013760,CC1=CC=C(C=C1)S(=O)(=O)N(CC(C)C)[C@@H](CCCCNC(=O)CC2C3=CC=CC=C3C4=CC=CC=C24)C(=O)O,,
3013761,CC1=CC=C(C=C1)S(=O)(=O)N(CC(C)C)[C@@H](CCCCNC(=O)C2C3=CC=CC=C3C4=CC=CC=C24)C(=O)O,,
3013762,CC1=CC=C(C=C1)S(=O)(=O)N(CC(C)C)[C@@H](CCCCNC(=O)OC(C)(C)C)C(=O)O,,
3013763,CC1=CC=C(C=C1)S(=O)(=O)N(CC(C)C)[C@@H](CCCCNC(=O)OCC2C3=CC=CC=C3C4=CC=CC=C24)C(=O)OC,,
3013765,CC1=CC=C(C=C1)S(=O)(=O)N(CC(C)C)[C@@H](CCCCNC(=O)OCC2C3=CC=CC=C3C4=CC=CC=C24)CO,,
3013766,CC1=CC=C(C=C1)S(=O)(=O)N(CC(C)C)[C@@H](CCCCNC(=O)OCC2C3=CC=CC=C3C4=CC=CC=C24)C(=O)N,,
3013767,CC1=CC=C(C=C1)S(=O)(=O)N(CC(C)C)[C@@H](CCCCNC(=O)OCC2C3=CC=CC=C3C4=CC=CC=C24)C(=S)N,,
3013768,CC1=CC=C(C=C1)S(=O)(=O)N(CC(C)C)[C@@H](CCCCNC(=O)OCC2C3=CC=CC=C3C4=CC=CC=C24)C(=N)N,,
3013769,CC1=CC=C(C=C1)S(=O)(=O)N(CC(C)C)[C@@H](CCCCNC(=O)OCC2C3=CC=CC=C3C4=CC=CC=C24)C(=O)NO,,
3013770,CC1=CC=C(C=C1)S(=O)(=O)N(CC(C)C)[C@@H](CCCCNC(=O)OCC2C3=CC=CC=C3C4=CC=CC=C24)C(=O)NN,,
3013792,C1[C@@H]([C@H](CN(S(=O)(=O)N1CC2=CC=CC=C2C3=CC4=CC=CC=C4O3)CC5=CC=CC=C5C6=CC7=CC=CC=C7O6)O)O,,
3013828,CC1=CC(=CC(=C1)S(=O)(=O)C2=C(NC3=C2C=C(C=C3)Cl)C(=O)NCCO)C,,
3013830,CC1=CC(=CC=C1)S(=O)(=O)C2=C(NC3=C2C=C(C=C3)Cl)C(=O)NNCCO,,
3013841,COC1=CC(=CC(=C1O)OC)C[C@H]2COC(=O)[C@@H]2CC3=CC4=C(C(=C3)OC)OCO4,,
3013845,CCCCCCCCCC(C(C)C(=O)NC1CCCCN(C1=O)O)OC(=O)C(CCCCN(C(=O)C)O)NC(=O)C2=COC(=N2)C3=CC=CC=C3O,,
3013846,CCCCCCCCCCCC(C(C)C(=O)NC1CCCCN(C1=O)O)OC(=O)C(CCCCN(C(=O)C)O)NC(=O)C2=COC(=N2)C3=CC=CC=C3O,,
3013847,CCCCCCCCCCCC(C(C)C(=O)NC1CCCCNC1=O)OC(=O)C(CCCCN(C(=O)C)O)NC(=O)C2=COC(=N2)C3=CC=CC=C3O,,
3013855,C=CC(=O)OCC(C(C(C(C(C(C(C(F)(F)F)(F)F)(F)F)(F)F)(F)F)(F)F)(F)F)(F)F,,
3013889,CC1=C(C(CCC1)(C)C)C(=O)O,,
3013938,C1=CC(=CC(=C1)C(=O)O)C2=CC=C(C=C2)[N+](=O)[O-],,
3013990,C1=CC=C2C=C(C=CC2=C1)NC(=O)CN,,
3014059,C[N+]1(CCC(CC1)OC(=O)C(C2=CC=CC=C2)C3=CC=CC=C3)C.[I-],,
3014162,C1=C(C=C(C(=C1Br)O)Br)C(=O)N,,
3014171,C(=O)(C(C(C(C(C(C(C(C(C(F)(F)F)(F)F)(F)F)(F)F)(F)F)(F)F)(F)F)(F)F)(F)F)[O-].[NH4+],,
3014237,C1CC(NC(=O)C1)C(=O)O,,
3014411,CCCCCCCC(=O)[O-].[NH4+],,
3014523,CCOC(=O)CC=C(C)C,,
3014646,CC1(C(=C(C(=O)C(C1=O)(C)C)C(=O)CCC2=CC=CC=C2)O)C,,
3014647,CC1=CC=C(O1)C=C,,
3014955,C1=CC(=CC(=C1)Cl)C(=O)[O-],,
3015003,CN(CC1=C(C=CC=C1Cl)NC(=O)C2=CC=CC=C2)CC(=O)N3CCOCC3.Cl,,
3015131,C=CC(=O)OC1=CC=C(C=C1)C(=O)C2=CC=CC=C2,,
3015142,CC1=CC=CC=C1C(=O)NC2=CC=CC=C2C,,
3015195,C=CC(C1=CC=CC=C1)C2=CC(=O)C=CC2=O,,
3015293,C(CCC(=O)OCC(CO)O)CC(=O)O,,
3015298,CCCCCCCCCCCCCCCCCCCC(=O)OC(C)C,,
3015300,CCCCCCCCCCCCCCCCCCCCCC(=O)OC(C)C,,
3015410,CC(=O)C1=CC(=C(C(=C1)OC)OC(=O)C)OC,,
3015486,CC(=O)C(C)(C)NC(=O)C1=CC(=CC(=C1)Cl)Cl,,
3015693,CCNCC(=O)NC1=C(C=CC(=C1C)O)C,,
3015764,C[Si](C)(C)NC(=O)O[Si](C)(C)C,,
3015770,COC(=O)CCCCCC=O,,
3015783,C1(=C(C(=C(C(=C1I)N)I)C(=O)O)I)C(=O)O,,
3015807,CC(C)OC1=CC=C(C=C1)C(=O)OC,,
3015831,CCCCCCCCCCCCCCC(=O)OCCCC,,
3015849,CCCCCCCCCCCCCC(=O)OCCCCCCCCCCCCC,,
3015851,CC1CC(=CCC1C=O)C,,
3015855,CCCCCCCCCCCCCOC(=O)CCCCCCCCCCC,,
3015937,C1=C(C=NN1)C(=O)O,,
3015979,CCCC(CC=O)SC,,
3016005,C(CC=O)CBr,,
3016011,CC(=CCCC1=CCC(CC1)C(=O)C)C,,
3016040,CC1=CC(=C(C(=O)N1)C(=O)N)C,,
3016339,CCCCCCCCCCCCCCCCCCCCCC(=O)OCCCCCCCCCCCCCCCCCCCC,,
3016406,C1COCCN1CC2CN(C(=O)O2)N,,
3016433,C(CCCCC=O)CCCC=O,,
3016472,CC12CCCCC1C(=O)OC2=O,,
3016527,CC(C)CCCCCCCCCCCCCCC(=O)OCC(CO)O,,
3016539,CCCCCCCCOC1=CC=C(C=C1)C(=O)OC2=CC=C(C=C2)CCCCC,,
3016547,C1=COC=C1Cl,,
3016598,CCC(C(C)C)(C(C)C)C(=O)NCC,,
3016647,CCCCCCCCCCCCCCCCCCCC(=O)N,,
3016682,C1=CC2=C(C=C1O)OC3=C2C=C(C=C3)Cl,,
3016789,C1=C(C=C(C2=C1C(=O)C3=C(C2=O)C(=CC(=C3)O)O)O)O,,
3016811,C1CC2=C(C=CC=N2)C(=O)C1,,
3016883,C1=CC2=C(C=C1[N+](=O)[O-])C(=O)N(C2=O)CCl,,
3017018,CC(=O)NC1=CC=C(C=C1)OC2=C(C=C(C=C2)Cl)Cl,,
3017161,CC1=C(C(=C(C(=N1)C)C(=O)OCCN(C)CC2=CC=CC=C2)C3=CC(=CC=C3)[N+](=O)[O-])C(=O)OC,,
3017257,CC1CCCCCCCCCCC(=O)C1,,
3017290,CCCCCCC(CCCCCCCCCCC(=O)OCC(CC)CCCC)OC(=O)C,,
3017506,CC(C)(COC)C(=O)O,,
3017589,CCCCCCCCCCCCOC(=O)CC(CC(=O)OCCCCCCCCCCCC)(C(=O)OCCCCCCCCCCCC)O,,
3017596,CCOC1=C(OC(C1=O)C)C,,
3017597,CCOC(=O)C(C)OC1=CC=C(C=C1)O,,
3017615,COC(=O)COC1CCCCC1,,
3017629,CCCCCCCCC(C)CC(=O)O,,
3017661,C(=O)(C(=O)[O-])N,,
3017698,COC1=CC(=CC(=C1OC)C(=O)O)S(=O)(=O)N,,
3017710,CCCCC(CC)C(=O)OCC(CO)O,,
3017760,CCC1=COC=C1,,
3017783,CCOC(=O)CC(C)CC(C)(C)C,,
3017826,CCCCCCCCCC(=O)OCC(C)CC,,
3017844,C(=O)(C(C(C(C(C(C(C(C(C(C(C(C(C(C(C(C(C(C(C(F)(F)F)(F)F)(F)F)(F)F)(F)F)(F)F)(F)F)(F)F)(F)F)(F)F)(F)F)(F)F)(F)F)(F)F)(F)F)(F)F)(F)F)(F)F)(F)F)O,,
3017884,C(CCCC(=O)O)CCC(CC(=O)O)O,,
3017919,CCCCCCCCCCCCCCCC(=O)OCC(CCCCCC)CCCCCCCC,,
3017943,CCCCCCCCCCCCCCCCCCCCCC(=O)OCC(C[N+](C)(C)C)O.[Cl-],,
3018229,CC(COC(=O)C1=CC=CC=C1O)O,,
3018355,C(=O)(C(C(C(C(C(C(C(C(C(C(C(C(F)(F)F)(F)F)(F)F)(F)F)(F)F)(F)F)(F)F)(F)F)(F)F)(F)F)(F)F)(F)F)O,,
3018460,CCCCCCCCCCCCCCCCC(CCCCCCCCCCCCCC)C(=O)O,,
3018495,CCCCCC1=CC=C(C=C1)C(=O)OC2=CC=C(C=C2)CCCCC,,
3018539,CCCC(=O)OCSC,,
3018579,C1=C2C(=CC(=C1Cl)Cl)N=C(C(=O)N2)C(=O)O,,
3018598,CN1CCCC1CNC(=O)C2=C(C=CC(=C2)S(=O)(=O)N)OC,,
3018619,CC(C)CCCCCCCCCCC=O,,
3018620,CCC(C)CCCCCCCCCCC=O,,
3018685,CC1(CC(=O)OC=C1)C,,
3018771,CCC=CCC=CC=CC(=O)OCC,,
3018793,CCOC(=O)C(=O)CCCCCCl,,
3018907,CC(C)C(=O)OC(C)CC(=C)C,,
3018920,CC(=O)NC1CCC2=C(C1)C(=CC=C2)OC,,
3018936,CC1CCC2=C(C(=O)OC2=C1)C,,
3019017,CC(C(=C(C)C(=O)C)C)C(C)(C)C,,
3019018,CC(C(=O)C)C(=C)C(C)C(C)(C)C,,
3019031,CCCCCCCCCCCCCCCC(=O)OCCC(C)C,,
3019427,COC1CNCCC1NC(=O)C2=CC(=C(C=C2OC)N)Cl,,
3020007,CCCCCCCCCCCCCCOCCOCCOCCOC(=O)CCCCCCCCCCC,,
3020008,CCCCCCCCCCCCCCCC(=O)OCCOCCOCCOCCCCCCCCCCCCCC,,
3020012,CC1CC(CC(C1)(C)C)CC(=O)C2CCCC2=O,,
3020082,CCCCCC(=CC1=CC=C(C=C1)C)C=O,,
3020106,CCCCC(CC)COC(=O)C1CCC(CC1)C(=O)OCC(CC)CCCC,,
3020350,CC(=C)C(=O)OCCOC(=O)CCCCCO,,
3020369,CCCCCCCCCCC(CCCCCCCC)COC(=O)CCCCC(=O)OCC(CCCCCCCC)CCCCCCCCCC,,
3021063,C(CN)CNC(=O)C(C(C(C(C(C(C(F)(F)F)(F)F)(F)F)(F)F)(F)F)(F)F)(F)F,,
3021470,CCCC(=O)NCC1=CC(=C(C=C1)O)OC,,
3021670,CCOC(=O)CC(C)SCC,,
3021728,CC1CC(=O)NN=C1C2=CC=C(C=C2)N3C=CN=C3.Cl,,
3021729,CC1CC(=O)NN=C1C2=CC=C(C=C2)N3C=CN=C3,,
3022015,C1C(=O)N(C(=O)N1)C2=CC(=C(C=C2)F)C(F)(F)F,,
3022073,CCCCC(=O)NCC1=CC(=C(C=C1)O)OC,,
3022158,CCO[Si](CCCC1CC(=O)OC1=O)(OCC)OCC,,
3022477,CCCCCCCCCCCCCC(=O)OCC(C)CC,,
3022578,CCCCCCCCCCCCCCCCCCCCCCCCCCC(COC(=O)CCCCCCCCCCC(CCCCCC)O)O,,
3022627,CCCCCCCCCCCCCCCCCC(=O)NCC(C)OCCO,,
3022830,CCCCCCCCCCCCCCCCCC(=O)OCCOCCOCCCC,,
3022909,CCCCCC(=O)CCCC(=O)OCC,,
3023189,CCCCCCCCCCCCCCCCC(CCCCCCCCCCCCCC)COC(=O)C(CCCCCC)CCCCCCCC,,
3023585,CCCCCCCCCCCCCCCCCCCCCC(=O)NCCO,,
3023587,CCCCOC(=O)CCCCCCCCCCCCCCC(C)C,,
3023588,CCCCCCCCCCCCCOC(=O)C1=CC(=C(C=C1)C(=O)OCCCCCCCCCCCCC)C(=O)OCCCCCCCCCCCCC,,
3023610,CCCCC=CCOC(=O)CC(C)C,,
3023611,CC(C)CCCCCCCCCCOC(=O)C1=CC=CC=C1O,,
3023838,CCCC(=O)OCCC1=C(N=CS1)C,,
3023839,CCCCCC(=O)OCCC1=C(N=CS1)C,,
3024380,C1=CC=C2C(=C1)C(=CN2)C(=O)C(=O)NCC(=O)O,,
3024455,CCCCCCCCCCCCCCCCCC(=O)NCC1=CC(=C(C=C1)O)OC,,
3024584,CCCCCCCCCCOC(=O)C1=CC=CC=C1C(=O)OCCCCCCCCC,,
3024586,CCCCCCCCC#CCCCCCCCC(=O)NCC1=CC(=C(C=C1)O)OC,,
3024635,C1C(=O)N(C(S1)C2=C(C=CC=C2Cl)Cl)C3=NC=CS3,,
3024757,CCCCCCCCCCCCCCCC(=O)OCC[N+](C)(C)CCOC(=O)CCCCCCCCCCCCCCC.[Cl-],,
3024804,CCCCCCCCCCOC(=O)CCCCCCCCCCCCCCC(C)C,,
3025060,CC(CC(C1=CC=CC=C1)(C2=CC=CC=N2)C(=O)N)N(C)C,,
3025489,CCCCCCCCCCCCCCCCCCCCCCOC(=O)C1=CC=CC=C1,,
3025679,CCCCCC=CCC=CCC=O,,
3025727,CCCCC1=NC2=CC=CC(=C2N1CC3=CC=C(C=C3)C4=CC=CC=C4C5=NNN=N5)C(=O)O,,
3025767,CC1(CC(=O)N(C(=O)C1)CCCCN2CCN(CC2)C3=NC4=CC=CC=C4C=C3)C,,
3025803,CCOC1=C(C=C(C=C1)C2=NC(=CS2)C3=NC(=CC=C3)C(=O)O)OCC,,
3025824,CC1=C(C=CC=N1)C(C#N)N2CCN(CC2)C(=O)CC(C3=CC=CC=C3)NC(=O)OC,,
3025917,CC1(CCC(C2=C1C=CC(=C2)SC3=CC=C(C=C3)C(=O)O)(C)C)C,,
3025918,CC1=CC2=C(C=C1SC3=CC=C(C=C3)C(=O)O)C(CCC2(C)C)(C)C,,
3025919,CC1=CC2=C(C=C1SC3=NC=C(C=C3)C(=O)O)C(CCC2(C)C)(C)C,,
3025936,CC1=CC2=C(C=C1SC3=NC=C(S3)C(=O)O)C(CCC2(C)C)(C)C,,
3025939,CC(CC(=O)C)SCC1=CC=CO1,,
3025986,CC(C)(C)C1=CN=C(O1)CSC2=CN=C(S2)NC(=O)C3CCNCC3,,
3027752,CCC(C(=O)C1=CC(=CC=C1)Cl)NC(C)(C)C,,
3027782,C[N+](C)(C)CC#CCN1CCCC1=O.[I-],,
3028409,C1CC(=O)OC1CC2=CC(=CC=C2)O,,
3029724,CCCC(C(=O)C1=CC(=CC=C1)Cl)NC(C)(C)C,,
3030770,CCC(=O)OC1(CCN(CC1)C)C2=CC=CC=C2.Cl,,
3031062,CC(C(=O)C1=CC(=CC=C1)Br)NC(C)(C)C,,
3031066,CC(C(=O)C1=CC=C(C=C1)Cl)NC(C)(C)C,,
3031077,CC(C)NC(C)C(=O)C1=CC(=CC=C1)Cl,,
3031300,CCC1(C(=O)NN(C1=O)C2=CC=CC=C2)CC,,
3031427,C1=CC=C(C=C1)CNC2=NC=C(C=C2)C(=O)N,,
3031791,CCCCCCCCCCCCCCOC(=O)C1=CC=CC=C1O,,
3031829,CCCC(CC(=O)O)C(=O)O,,
3032279,CCCSS/C(=C(/C)\N(CC1=CN=C(N=C1N)C)C=O)/CCO,,
3032285,CCCC(C)C1(C(=O)NC(=S)NC1=O)CC=C,,
3032286,C1C(=O)N(C(=S)N1)CCN,,
3032287,C(C(=O)O)NC(=S)C(=S)NCC(=O)O,,
3032288,CCC1(C(=O)NC(=S)NC1=O)CC(=C)C,,
3032306,C=CCC1(C(=O)NC(=S)NC1=O)C2CCCC=C2,,
3032309,C/C(=C(\C)/C(=O)O)/C(=O)O,,
3032331,CC(=O)[C@]1(CC[C@@H]2[C@@]1(CC[C@H]3[C@H]2CC[C@@H]4[C@@]3(CC[C@@H](C4)O)C)C)O,,
3032361,CC(C)CC1C(=O)N(C(=S)N1)CC=C,,
3032373,CCC(C)C1(C(=O)NC(=S)NC1=O)CC,,
3032411,C[C@@H]1CC2=CC3=C(C(=C2C(=O)O1)O)C(=O)C(=C(C3=O)OC)C4=C(C(=O)C5=C(C4=O)C(=C6C(=C5)C[C@H](OC6=O)C)O)OC,,
3032417,C12=C(NC(=O)N1)NC(=O)NC2=S,,
3032418,C=CCN1C(=O)CNC1=S,,
3032474,C[C@@H]1C[C@H]2[C@@H]3C=C(C4=CC5=C(C[C@@]4([C@H]3[C@H](C[C@@]2([C@]1(C(=O)CO)O)C)O)C)C=NN5C6=CC=CC=C6)C,,
3032538,CC1=C(SC(=S)N1)C(=O)C,,
3032600,CN1C2=C(C(=O)N(C1=O)C)N(C=N2)CCCNCC(C3=CC(=CC(=C3)O)O)O.Cl,,
3032602,C(=O)(C(F)(F)F)C(F)(F)F.C(=O)(C(F)(F)F)C(F)(F)F.O.O.O,,
3032604,CCN(CC)C(=O)/C(=C(\C)/OP(=O)(OC)OC)/Cl,,
3032611,C(C(=O)[O-])N.C(C(=O)[O-])N.[Cu+2],,
3032615,C1=CN(C(=O)NC1=S)[C@H]2[C@@H]([C@@H]([C@H](O2)CO)O)O,,
3032771,CC1=NC=C(C(=N1)N)CN(C=O)/C(=C(/CCOP(=O)(O)O)\SC(=O)C2=CC=CC=C2)/C,,
3032791,COC(=O)NC(=S)NC1=CC=CC=C1NC(=S)NC(=O)OC,,
3032792,CCOC(=O)NC(=S)NC1=CC=CC=C1NC(=S)NC(=O)OCC,,
3032799,CC1=C(C(=CC=C1)C)NC(=O)[C@@H]2CCCCN2C,,
3032806,CC(=O)N[C@@H]1[C@H]([C@H]([C@H](O[C@H]1O)CO)OS(=O)(=O)O)O[C@H]2[C@@H]([C@H]([C@@H]([C@@H](O2)C(=O)O)O)O)O,,
3032830,COC(=O)NC(=S)NC1=CC=CC=C1N,,
3032849,C(C[C@@H](C(=O)O)N)[C@H](CN)O,,
3032893,CCCCCCNC(=O)CCCCC(=O)N,,
3032910,C[C@H]1C[C@@H]2[C@@H]([C@@H](C(=O)O2)C)[C@@H]([C@]3([C@H]1C=CC3=O)C)O,,
3032920,COC1=CC2=CC3=C(C(=C2C(=C1C4=C(C5=C(C6=C(CC(OC6=O)CC(=O)OC)C=C5C=C4OC)O)O)O)O)C(=O)OC(C3)CC(=O)OC,,
3033017,CCC[C@@H](C)C1(C(=O)NC(=S)NC1=O)CC,,
3033151,C1CN(CCC1N2C3=CC=CC=C3NC2=S)CCCC(=O)C4=CC=C(C=C4)F,,
3033200,CCCN1CCC2=C3[C@H]1CC4=C(C3=CC=C2)C(=C(C=C4)OC(=O)C)OC(=O)C,,
3033226,C1=CC=C(C=C1)C(C2=CC=CC=C2)S(=O)CC(=O)NO,,
3033268,C1=CC=C(C=C1)C(=O)NC(=S)NC2=CC(=CC=C2)NC(=S)NC(=O)C3=CC=CC=C3,,
3033297,CCC1(C(=O)NC(=S)NC1=O)C2=CC=CC=C2,,
3033332,CN/C(=C\[N+](=O)[O-])/NCCSCC1=CC=C(O1)CN(C)C.Cl,,
3033514,CCO/C=C(\C#N)/C(=O)O,,
3033621,C1=CC=C(C(=C1)C2=NC(C(=O)N(C3=C2C=C(C=C3)Cl)CCC#N)O)F,,
3033626,CC1C2=CC=CC=C2CN1NC(=O)C3=CC(=C(C=C3)Cl)S(=O)(=O)N,,
3033674,CCCCOC(=O)[C@@H](C)OC1=CC=C(C=C1)OC2=NC=C(C=C2)C(F)(F)F,,
3033677,C1CN(CCC1C(=O)C2=CC=C(C=C2)F)CCN3C(=O)C4=CC=CC=C4NC3=S,,
3033690,C[C@H](CSC(=O)C1=CC=CC=C1)C(=O)N2C[C@H](C[C@H]2C(=O)[O-])SC3=CC=CC=C3.C[C@H](CSC(=O)C1=CC=CC=C1)C(=O)N2C[C@H](C[C@H]2C(=O)[O-])SC3=CC=CC=C3.[Ca+2],,
3033702,C[C@@H](C(=O)N1CC2(C[C@H]1C(=O)O)SCCS2)N[C@@H](CCC3=CC=CC=C3)C(=O)O,,
3033717,CC(=O)NC1=CC=C(C=C1)OCCCN2CCN(CC2)C3=CC=CC=C3,,
3033718,CCOC(=O)N[C@H]1CCC2=CC(=C(C(=C2C3=CC=C(C(=O)C=C13)OC)OC)OC)OC,,
3033729,C([C@@H](C(=O)O)N)S/C(=C(/C(=C(Cl)Cl)Cl)\Cl)/Cl,,
3033741,CCOC(=O)C1=CC=C(C=C1)OC(=O)C2=CC=C(C=C2)N=C(N)N.Cl,,
3033743,CC(=O)N[C@@H](CS/C(=C(/C(=C(Cl)Cl)Cl)\Cl)/Cl)C(=O)O,,
3033769,CCN1CCC[C@H]1CNC(=O)C2=C(C(=CC(=C2OC)Cl)Cl)O,,
3033806,CCN(CC)C(=O)[C@@]1(C[C@H]1CN)C2=CC=CC=C2,,
3033817,CS(=O)(=O)O.C1[C@@H]2CC(C[C@H]3N2CC(=O)C1C3)OC(=O)C4=CNC5=CC=CC=C54,,
3033818,C1[C@@H]2CC(C[C@H]3N2CC(=O)C1C3)OC(=O)C4=CNC5=CC=CC=C54,,
3033819,CC[C@@H]1[C@@]([C@@H]([C@H](N(C[C@@H](C[C@@]([C@@H]([C@H]([C@@H]([C@H](C(=O)O1)C)O[C@H]2C[C@@]([C@H]([C@@H](O2)C)O)(C)OC)C)O[C@H]3[C@@H]([C@H](C[C@H](O3)C)N(C)C)O)(C)O)C)C)C)O)(C)O.O.O,,
3033821,CC(C)N1C2=CC=CC=C2N3C=NC(=C3C1=O)C4=NOC(=N4)C5CC5,,
3033825,C[C@@H]1CC(=O)NN=C1C2=CC=C(C=C2)NN=C(C#N)C#N,,
3033832,CCN(CC)CCOC1=CC=C(C=C1)/C(=C(/C2=CC=CC=C2)\Cl)/C3=CC=CC=C3.C(C(=O)O)C(CC(=O)O)(C(=O)O)O,,
3033834,CCN(CC)C(=O)/C(=C(/C)\OP(=O)(OC)OC)/Cl,,
3033836,CCCCCCCCCCCCCCCCCC(=O)[O-],,
3033842,CC12CCCC=C1C(=O)OC2=O,,
3033853,C(C(COC(=O)CC(CC(=O)O)(C(=O)O)O)O)O,,
3033860,CN1CCN(CC1)/C=C\2/C(=O)N3C(=N2)CN=C(C4=C3C=CC(=C4)[N+](=O)[O-])C5=CC=CC=C5Cl,,
3033865,CCOC(=O)C1=NN(C(=N1)C(Cl)(Cl)Cl)C2=C(C=C(C=C2)Cl)Cl,,
3033871,CCCCCCCCN1CCCC1=O,,
3033877,CCCCCCCC(=O)OCC(CO)O,,
3033888,CN/C(=C\[N+](=O)[O-])/NCCSCC1=CC=C(O1)C[N+](C)(C)[O-],,
3033889,CN/C(=C\[N+](=O)[O-])/NCCS(=O)CC1=CC=C(O1)CN(C)C,,
3033924,C[C@H]1COC2=C3N1C=C(C(=O)C3=CC(=C2N4CCN(CC4)C)F)C(=O)O.C[C@H]1COC2=C3N1C=C(C(=O)C3=CC(=C2N4CCN(CC4)C)F)C(=O)O.O,,
3033938,CC(C)C[C@@H](C(=O)NC(=O)[C@H](CC(C)C)NC(=O)C)NC(CCCN=C(N)N)C=O,,
3033941,C1=CN(C(=O)NC1=S)[C@H]2[C@@H]([C@@H]([C@H](O2)COP(=O)(O)OP(=O)(O)OP(=O)(O)O)O)O,,
3033952,CN(C)CC1=CC=C(O1)CSCCN/C(=C\[N+](=O)[O-])/NCC2=CC3=C(C=C2)OCO3,,
3033966,C1=CC=C(C=C1)/C(=C\2/C=CC(=O)C3=CC=CC=C23)/C4=CC=C(C5=CC=CC=C54)O,,
3033968,CC[C@]12CC[C@H]3[C@H]([C@@H]1C=C[C@]2(C#C)O)CCC4=CC(=O)CC[C@H]34,,
3033972,C(=O)/C(=C(\C(=O)O)/Br)/Br,,
3033973,C1=CC=C2C(=C1)C(=O)/C(=C/3\C(=O)C4=CC=CC=C4S3)/S2,,
3033975,C1=CC=C(C=C1)CC(C2=CC=CC=C2)NC(=O)C3=CN=CC=C3,,
3033980,CC1=C(C2=C(N1C(=O)C3=CC=C(C=C3)Cl)C=CC(=C2)OC)CC(=O)N[C@@H](C=O)[C@H]([C@@H]([C@@H](CO)O)O)O,,
3033985,C[C@H]1C(=O)NC2=C(C=C(C=C2)[N+](=O)[O-])C(=N1)C3=CC=CC=C3Cl,,
3034004,CCC[C@@H]1CC2=CC(=O)CC[C@@]2([C@@H]3[C@@H]1[C@@H]4CC[C@]([C@]4(CC3)C)(CCC(=O)O)O)C,,
3034010,CCCCCCCCCCC[C@@H](C[C@H]1[C@@H](C(=O)O1)CCCCCC)OC(=O)[C@H](CC(C)C)NC=O,,
3034013,CCN(CC)C1=CC2=C(C=C1)C=C(O2)C(=O)NC3=CC4=C(C=C3)NC(=C4)C(=O)N5C[C@H](C6=C7C(=CNC7=C(C=C65)OC(=O)NC8=CC=CC=C8)C)CCl,,
3034020,CC1=NC=C(C(=N1)N)CN(C=O)/C(=C(\CCO)/SSCCC(CCCCC(=O)OC)SC(=O)C)/C,,
3034022,CC1=NC=C(C(=N1)N)CN(/C(=C(/SS/C(=C(/N(C=O)CC2=CN=C(N=C2N)C)\C)/CCOC(=O)C3=CC=CC=C3)\CCOC(=O)C4=CC=CC=C4)/C)C=O,,
3034048,C[C@H](CS)C(=O)N1C[C@H](C[C@H]1C(=O)O)SC2=CC=CC=C2,,
3034055,CC1C(=O)NC2CC3=C(NC4=CC=CC=C34)SCC(C(=O)N5CC(CC5C(=O)N1)O)NC(=O)C(NC(=O)C(NC(=O)C(NC2=O)CC(C)(CO)O)C(C)C)C(C(=O)O)O,,
3034068,CCCCCCCCCCCCCCCCCC(=O)[O-].[OH-].[Cl-].[Cl-].[Cl-].[Cl-].[Cr+3].[Cr+3],,
3034084,CC1=NC2=C(NC1=O)NC(=S)NC2=O,,
3034112,C[C@@]12CC[C@@H]3[C@]4(C=CC(=O)C([C@@H]4C[C@H]([C@]3([C@@]15[C@H](O5)C(=O)O[C@H]2C6=COC=C6)C)O)(C)C)C,,
3034159,CN(CCC(=O)C1=CC=CC=C1)CC2=CC=CC=C2.Cl,,
3034180,C1=CC=C(C=C1)C2=CC=C(C=C2)NC(=S)NC(=O)C3=CC=CC=C3,,
3034182,CCC1(C(=O)NC(=O)NC1=S)CC,,
3034184,C1=CC(=CC=C1C(=O)O)N=[N+]=[N-],,
3034188,C(CCC(=O)O)CCNC(=S)NCCCCCC(=O)O,,
3034210,C1=COC(=C1)CNC(=S)NCC2=CC=CO2,,
3034255,C12=C(NC(=O)N1)NC(=S)NC2=O,,
3034258,CCCCCCCCCCCCCCCCCCCCCCOC(=O)C(=C)C,,
3034263,CCCCCCCCCCCCC1CC(=O)N(C1=O)C2CC(N(C(C2)(C)C)C(=O)C)(C)C,,
3034267,CC(CC1=CC=C(C=C1)OC)C=NC2=CC=CC=C2C(=O)OC,,
3034285,CO/C=C(\C1=CC=CC=C1OC2=NC=NC(=C2)OC3=CC=CC=C3C#N)/C(=O)OC,,
3034295,CCN(CCOC(=O)C=C)S(=O)(=O)C(C(C(C(F)(F)F)(F)F)(F)F)(F)F,,
3034351,CCOC(=O)CN1C2=C(C=CC=C2Cl)SC1=O,,
3034361,CCCCCCCCC=CCCCCCCCC(=O)OCC(CO)(CO)COC(=O)CCCCCCCC=CCCCCCCCC,,
3034365,C(N(CO)C(=O)N)O,,
3034366,C([C@H]([C@H]([C@@H]([C@H](C=O)N)O)O)O)O,,
3034372,C(C(COC(=O)CS)O)O,,
3034382,CC1=CC(=C(C=C1)C(=O)O)C2=NC(C(=O)N2)(C)C(C)C,,
3034383,C(=O)/C(=C(/C(=O)O)\Cl)/C(Cl)Cl,,
3034396,CC[C@@H]1CN2CCC3=C([C@@H]2C[C@@H]1/C(=C\OC)/C(=O)OC)NC4=C3C(=CC=C4)OC,,
3034401,C[C@@H]1C(=O)N[C@H](C(=O)N([C@H](C(=O)N[C@H](C(=O)N([C@H]2CC3=CC=C(C=C3)OC4=C(C=CC(=C4)C[C@@H](C(=O)N1)N(C2=O)C)OC)C)C)CC5=CC=C(C=C5)OC)C)C,,
3034434,CC(COCC(C)OC(=O)C=C)OC(=O)C=C,,
3034435,C/C(=C\OP(=S)(OC)OC)/C(=O)OC,,
3034463,CC1C=CCCC1(C)C=O,,
3034464,CC1(CCCCC1)OC(=O)C2=CC=CC=C2C(=O)OC3(CCCCC3)C,,
3034476,CC(=C)C(=O)OC1CC2CC1C3C2CC=C3,,
3034481,CC(C)CCCCCCCCCCCCCCC(=O)OC(CO)CO,,
3034483,CC(C)CCCCCCCCCCCCCCC(=O)OCC(CO)OC(=O)CCCCCCCCCCCCCCC(C)C,,
3034525,CN1C2=C(C(=S)N(C1=O)C)NC(=N2)SC,,
3034531,CCCCSC1=NC2=C(N1)C(=S)N(C(=O)N2C)C,,
3034543,CCN(CC)C1=CC=C(C=C1)C=C2C(=O)NC(=S)S2,,
3034547,CN1C2=C(C(=S)N(C1=O)C)NC(=N2)SCC3=CN=CC=C3,,
3034554,CN1C2=C(C(=S)N(C1=O)C)NC(=N2)SCCN3CCCC3,,
3034605,CC\1=NN(C(=O)/C1=C\N(C)C)C2=CC=CC=C2,,
3034644,CCCCCCCCCCCCCC(=O)NCCC[N+](C)(C)CC(=O)[O-],,
3034645,C1CNCC1C(=O)O,,
3034651,C[C@]12CC[C@@H]3[C@H]([C@@H]1CC[C@@H]2O)CCC4=CC(=O)CC[C@@]34C,,
3034656,C[C@@H]([C@H]([C@H]([C@@H](C=O)O)O)O)O,,
3034658,CC(=O)[C@]1(CC[C@@H]2[C@@]1(C[C@@H](C3([C@H]2CCC4=CC(=O)CC[C@@]43C)F)O)C)O,,
3034666,C[C@H](CCCC(C)C)[C@H]1CC[C@@H]2[C@@]1(CC[C@H]3[C@H]2C=CC4=CC(=O)CC[C@]34C)C,,
3034712,CCCCCCCCCCCCCCCCCC(=O)NCCC[N+](C)(C)CC1=CC=CC=C1.[Cl-],,
3034717,CCCC(CCC)(C(=O)OCC(C)O)C(CCC)(CC=C)C(=O)O,,
3034723,C1=CC=C(C=C1)C(=O)SC2=NNC(=S)S2,,
3034747,CC(=O)OCOC(=O)CN(CC(=O)O)C1=CC=CC=C1OCCOC2=CC=CC=C2N(CC(=O)O)CC(=O)O,,
3034748,CC(=O)C1=CCC[C@@H]2CC[C@H]1N2,,
3034755,C[C@]12CC[C@H](C[C@@H]1CC[C@@H]3[C@@H]2CC[C@]4([C@H]3CC[C@@H]4O)C)OC(=O)[C@@H]5[C@H]([C@@H]([C@H]([C@@H](O5)O)O)O)O,,
3034756,C[C@@H](CC1=CC=C(C=C1)OC)NC[C@H](C2=CC(=C(C=C2)O)NC=O)O,,
3034757,C1C(NC(=S)S1)C(=O)O,,
3034760,CC[C@]1(CC[C@](C2=CC3=C4C(=CNC4=C21)C[C@H](NC(=O)[C@@H](N3C)C(C)C)CO)(C)C(C)C)C,,
3034761,C[C@@H]1CC[C@@]2(CC[C@@H]([C@@H](O2)[C@H](C)CC[C@@H]([C@H](C)C(=O)C[C@H]([C@@H]([C@@H](C(C)C)OC(=O)C[C@H](C3=C(C(=O)OC3=O)C)O)OC)O)O)C)O[C@H]1CC[C@H](C)C(=O)C,,
3034787,CCCCC(CC)C(=O)[O-].CCCCC(CC)C(=O)[O-].CCCCC(CC)C(=O)[O-].[Bi+3],,
3034794,C([C@H]([C@@H]([C@@H]([C@H](C=O)O)O)O)O)OP(=O)(O)O,,
3034809,C[C@]12CCC(=O)CC1CC[C@@H]3[C@@H]2CC[C@]4([C@H]3CCC4=O)C,,
3034814,CC(C)N1C=C2C[C@@H]3[C@H](C[C@H](CN3C)C(=O)OC(C)C(C)O)C4=C2C1=CC=C4,,
3034821,C[C@@H]1C[C@@]2([C@@H](C2(C)C)[C@H]3[C@]1([C@@H]4C=C(C(=O)[C@]4(CC(=C3)COC(=O)C)O)C)O)OC(=O)CC5=CC=CC=C5,,
3034838,C1CC2CC1C3C2C(CC3)COC=O,,
3034881,CC(=O)C[C@H]1CCCCN1,,
3034918,C[C@H](CCCC(C)C)[C@H]1CC[C@@H]2[C@@]1(CC[C@H]3[C@H]2C[C@H]([C@@]4([C@@]3(CC[C@@H](C4)OC(=O)CCC(=O)O)C)O)O)C,,
3034962,CC(C)(C)C1=NN=C(S1)N(C)C(=O)Cl,,
3035000,C[C@@H]1C[C@H]2[C@@H]3CCC4=CC(=O)C=C[C@@]4(C3=CC[C@@]2([C@]1(C(=O)CO)O)C)C,,
3035006,C(CC(=O)N[C@@H](CS/C(=C(/C(=C(Cl)Cl)Cl)\Cl)/Cl)C(=O)NCC(=O)O)[C@@H](C(=O)O)N,,
3035016,CC(=O)[C@]1(C[C@@H](C2=C(C1)C(=C3C(=C2O)C(=O)C4=CC=CC=C4C3=O)O)O[C@H]5C[C@@H]([C@@H](CO5)O)O)N,,
3035026,C[C@H](CCC(=O)NCC(=O)O)[C@H]1CC[C@@H]2[C@@]1([C@H](C[C@H]3[C@H]2CC[C@H]4[C@@]3(CC[C@H](C4)O)C)O)C,,
3035032,CC1=C[C@@H]2[C@]([C@@H](C1=O)O)([C@]3(C[C@H]([C@H](C34CO4)O2)OC(=O)C)C)CO,,
3035041,CC1(C(N(C(=O)NC1=O)[C@H]2C[C@@H]([C@H](O2)CO)O)O)O,,
3035055,CC(C)C[C@@H](C(=O)O)NC(=O)[C@H](CC1=CC=CC=C1)SCCNC(=O)CNC(=O)[C@H](CC2=CC=C(C=C2)O)N(CC=C)CC=C,,
3035058,C1C[C@@H](N(C1)C(=O)C2=C3C4=C(C=CC(=C4)Cl)C=CN3C(=O)C(=C2)C5=CC=CC=C5)CO,,
3035060,CC(C)C[C@@H](C(=O)N[C@@H](CCSC)C(=O)N[C@@H](CC(=O)O)C(=O)N)NC(=O)[C@H](CC1=CN=CN1)NC(=O)[C@H](CC2=CC=CC=C2)NC(=O)[C@@H](CCSC)NC(=O)[C@H](CC3=CC=C(C=C3)O)N,,
3035180,CC1=C(SC(=S)N1)CC(=O)O,,
3035185,C1=C(NC(=S)S1)CC(=O)O,,
3035194,CC(C(=O)O)O.C1=CN=CC=C1C2=CNC(=O)C(=C2)N,,
3035200,C1=CN(C(=O)N=C1N)[C@H]2[C@H]([C@@H]([C@H](O2)CO)O)C#N.Cl,,
3035207,CCS(=O)CC1=CC=CC=C1OC(=O)NC,,
3035214,C[C@H]1C2=NN=C(N2C3=C(C4=C(S3)CN(CC4)C(=O)C5CC5)C(=N1)C6=CC=CC=C6Cl)C,,
3035235,C[C@H]([C@@](C(C)C)(C(=O)OCC1=CCN2[C@H]1[C@@H](CC2)OC(=O)C)O)O,,
3035239,C1CCC(C1)N.C(C(C(=O)[O-])O)C(=O)[O-].N.[Pt+2],,
3035241,COC1=CC(=C(C=C1C(=O)NC2CCN3CCCC2C3)Cl)N,,
3035267,CCOC(=O)OCC/C(=C(\C)/N(CC1=CN=C(N=C1N)C)C=O)/SC(=O)OCC.Cl,,
3035269,COC(=O)CC(=S)N,,
3035279,C1=CC=C(C=C1)C2(C(=O)C3=CC=CC=C3C2=O)CO,,
3035292,CC1=CC2=C(C(=C1)OC)C(=O)C3(O2)C(=CC(=O)C=C3OC)C(=O)OC,,
3035379,CC(=CC(=O)C)[O-].CC(=CC(=O)C)[O-].CC(=CC(=O)C)[O-].[V],,
3035388,CC(=CC(=O)C)[O-].CC(=CC(=O)C)[O-].[Pd+2],,
3035396,[Be+2].[Be+2].[Be+2].[Be+2].CC(=O)[O-].CC(=O)[O-].CC(=O)[O-].CC(=O)[O-].CC(=O)[O-].CC(=O)[O-].[O-2],,
3035433,CC(C)C[C@H]1C(=O)N2[C@H](N1)[C@@](C3=CC=CC=C32)(C[C@H]4C5=NC6=CC=CC=C6C(=O)N5C7=CC=CC=C7C(=O)N4)O,,
3035442,CCOC(=O)COC1=CC2=C(CC[C@@H](C2)NC[C@@H](C3=CC(=CC=C3)Cl)O)C=C1,,
3035449,CSCC[C@@H](C(=O)N[C@@H](CCCCN)C(=O)N[C@@H](CCCN=C(N)N)C(=O)N1CCC[C@H]1C(=O)N2CCC[C@H]2C(=O)NCC(=O)N[C@@H](CC3=CC=CC=C3)C(=O)N[C@@H](CO)C(=O)N4CCC[C@H]4C(=O)N[C@@H](CC5=CC=CC=C5)C(=O)N[C@@H](CCCN=C(N)N)C(=O)O)N,,
3035454,CC1=C(C(=O)C=CO1)[O-].CC1=C(C(=O)C=CO1)[O-].O=[V+2],,
3035456,C([C@H]([C@H]([C@@H](C(=O)C(=O)O)O)O)O)O,,
3035544,COC1=CC(=CC(=C1OC)OC)[C@H]2[C@@H]3[C@H](COC3=O)[C@H](C4=C(C5=C(C=C24)OCO5)OC)O,,
3035550,C1CC(=O)N(C1=O)OC(=O)CCCCCNC2=C(C=C(C=C2)N=[N+]=[N-])[N+](=O)[O-],,
3035587,CCCCCCCCCCCCCCC(C=O)I,,
3035594,C1=CC=C(C=C1)C2=NN3C=CC=CC3=C2C4=NN(C(=O)C=C4)CCCC(=O)O,,
3035602,C([C@H](C(=O)O)N)C(=O)CP(=O)(O)O,,
3035657,CCCCCCCCCCCC[C@H]([C@H]1CCC(=O)O1)O,,
3035668,C1=CC2=C(C=C1Cl)NC(=CC2=S)C(=O)O,,
3035711,CCN(CC)C(=O)S(=O)C,,
3035728,C1=CC=C2C(=C1)C(=O)/C(=C\3/C4=CC=CC=C4N5C3=NC6=CC=CC=C6C5=O)/N2,,
3035776,CCN(CC)CCNC1=C2C(=C(C=C1)CNS(=O)(=O)C)SC3=CC=CC=C3C2=O,,
3035784,CCCCCCCCC(=O)NCC1=CC(=C(C=C1)CC(CO)O)OC,,
3035791,C1[C@H](NC(=S)S1)C(=O)O,,
3035812,C1=CC=C(C=C1)COC2=CC=C(C=C2)C3=NN(C(=O)O3)CCC#N,,
3035813,C1CC(=O)N(C1)CC(CN2CCN(CC2)C3=CC=CC=C3)O,,
3035817,C[C@@]12[C@](C[C@@H](O1)N3C4=CC=CC=C4C5=C6C(=C7C8=CC=CC=C8N2C7=C53)CNC6=O)(C(=O)OC)O,,
3035848,CN1CCC[C@H]1C2=C[N+](=CC=C2)[C@@H]3[C@@H]([C@H]([C@@H]([C@H](O3)C(=O)[O-])O)O)O,,
3035850,CNC(=O)[C@@H]1[C@H]([C@H]([C@@H](O1)N2C=NC3=C(N=C(N=C32)Cl)NCC4=CC(=CC=C4)I)O)O,,
3035862,C[C@@H]1[C@H]([C@@]2([C@@H](C2(C)C)[C@H]3[C@]1([C@@H]4C=C(C(=O)[C@]4(CC(=C3)COC(=O)CC5=CC(=C(C=C5)O)OC)O)C)O)OC(=O)C)OC(=O)CC6=CC=CC=C6,,
3035942,CCN1CCC[C@H]1CNC(=O)C2=CC(=CC3=C2OCC3)I,,
3035974,C1CN[C@H](C[C@H]1CC2=NNN=N2)C(=O)O,,
3036235,CC1=NC=C(C(=N1)N)CN(C=O)/C(=C(/CCOC(=O)C2=CC=CC=C2)\SC(=O)C3=CC=CC=C3)/C,,
3036289,CN([C@@H]1CCCC[C@H]1N2CCCC2)C(=O)CC3=CC(=C(C=C3)Cl)Cl,,
3036443,C1=CN(C(=S)NC1=O)[C@H]2[C@@H]([C@@H]([C@H](O2)CO)O)O,,
3036526,C1=CC(=C(C=C1OC2=C(C=C(C=C2)Cl)Cl)C(=O)O)N,,
3036884,C[C@@H]1[C@@H]([C@@H]([C@H]([C@@H](O1)O[C@@H]2[C@H](C3=CC4=C(C(=C3C5=C2C=C(C(=C5O)C(=O)N[C@H](CO)C(=O)O)C)O)C(=O)C6=C(C4=O)C(=CC(=C6)OC)O)O)O)O[C@H]7[C@@H]([C@H]([C@@H](CO7)O)O)O)N(C)C,,
3036904,C1[C@@H]2[C@H]([C@H]([C@@H](O2)N3C=NC4=C(N=CN=C43)NC(=O)C5=CC=CC=C5)O)OP(=O)(O1)O,,
3036905,C1=C(NC(=O)NC1=O)C(=O)[O-].C1=C(NC(=O)NC1=O)C(=O)[O-].[Mg+2],,
3036914,C(C(Cl)(Cl)Cl)O[C@H]1[C@@H]([C@H]([C@@H]([C@H](O1)C(=O)O)O)O)O,,
3036923,CC[N+](CC)(CC(=O)NC1=C(C=CC=C1C)C)[O-],,
3036931,CC(C)C(=O)SCCNC(=O)CCNC(=O)[C@@H](C(C)(C)COP(=O)(O)OP(=O)(O)OC[C@@H]1[C@H]([C@H]([C@@H](O1)N2C=NC3=C(N=CN=C32)N)O)OP(=O)(O)O)O,,
3036945,CC[C@H]1CN2CCC3=C([C@@H]2C[C@@H]1/C(=C\OC)/C(=O)OC)NC4=C3C(=CC=C4)O,,
3036969,C/C(=C/OC(=O)C)/C1=CC=CC=C1,,
3036974,C=CC(=O)OCC1CCC2C1C3CC(C2C3)COC(=O)C=C,,
3036975,CC(=C)C(=O)OCC1CCC2C1C3CC(C2C3)COC(=O)C(=C)C,,
3037000,CC1=CC=C(C=C1)C(=O)O[C@H]([C@H](C(=O)O)OC(=O)C2=CC=C(C=C2)C)C(=O)O,,
3037032,C(CC(=O)[O-])CO,,
3037036,CC/C(=C\1/C(=O)O[C@@H]([C@@H](C(=O)N[C@H]([C@H]([C@H](C(=O)O1)C)O)CC2=CN=CC=C2)NC(=O)C3=C(C=CC=N3)O)C)/C,,
3037043,C[N+](C)(C)[C@@H](CC1=CNC(=S)N1)C(=O)O,,
3037048,CC[C@H]1CN2CC[C@@]3([C@@H]2C[C@@H]1/C(=C\OC)/C(=O)OC)C4=CC=CC=C4NC3=O,,
3037059,CNC(=O)/C(=C\1/C2=CC=CC=C2C(=N1)C3=C(NC(=O)NC3=O)O)/C#N,,
3037114,C[C@@H]1[C@@H](CC[C@]2([C@H]1[C@H]([C@@H]([C@]3([C@H]2CC[C@@H]\4[C@@]3(C[C@@H](/C4=C(/CCC=C(C)C)\C(=O)O)OC(=O)C)C)C)O)OC(=O)C)C)O,,
3037122,CC(=O)O[C@@H]1[C@@H](SC2=CC=CC=C2N(C1=O)CCN(C)C)C3=CC=C(C=C3)OC.C([C@@H](C(=O)O)O)C(=O)O,,
3037130,CC(C)[C@@H](C(=O)NCC(=O)N[C@@H](CCCCN)C(=O)N[C@@H](CCCCN)C(=O)N[C@@H](CCCN=C(N)N)C(=O)N[C@@H](CCCN=C(N)N)C(=O)N1CCC[C@H]1C(=O)N[C@@H](C(C)C)C(=O)N[C@@H](CCCCN)C(=O)N[C@@H](C(C)C)C(=O)N[C@@H](CC2=CC=C(C=C2)O)C(=O)N3CCC[C@H]3C(=O)O)NC(=O)[C@@H]4CCCN4C(=O)[C@H](CCCCN)N,,
3037151,CO/C=C(\[C@H]1C[C@@H]2C3=C(CCN2C[C@@H]1C=C)C4=CC=CC=C4N3)/C(=O)OC,,
3037175,CN\1C2=CC=CC=C2S/C1=C/3\C(=O)N(C(=S)S3)CC(=O)O,,
3037209,C[C@@]1(CO[C@@H]([C@@H]([C@H]1NC)O)O[C@H]2[C@@H](C[C@@H]([C@H]([C@@H]2O)O[C@@H]3[C@@H]([C@H]([C@@H]([C@H](O3)CN)O)O)O)N)NC(=O)[C@H](CN)O)O,,
3037233,CCCCCNC(=O)C1=COC(=N1)[C@@H]2[C@H]3CC[C@@H]([C@@H]2CC4=CC=CC=C4CCC(=O)O)O3,,
3037234,CCOC(=O)CCCCCCCCC(C)C1=CC=CC=C1I,,
3037261,C[C@@H]1[C@@H](SC2=CC=CC3=C2C1=CN3)C(=O)O,,
3037308,C1CN(CCC1C2=NOC3=C2C=CC(=C3)F)CCCOC4=CC5=C(C=C4)C(=O)C(=CO5)CO,,
3037448,CO/C=C(\[C@H]1C[C@H]2[C@]3(CCN2C[C@@H]1C=C)C4=CC=CC=C4NC3=O)/C(=O)OC,,
3037456,COC(=O)C1=CC2=C(N1)C=CC=C2N3CCN(CC3)CCCCN4C(=O)C5=CC=CC=C5S4(=O)=O,,
3037556,C([C@H]([C@@H]([C@@H]([C@H](C=O)O)O)O)O)O,,
3037557,C([C@@H]1[C@@H]([C@@H]([C@H]([C@@H](O1)O[C@H]([C@@H](CO)O)[C@@H](C(=O)CO)O)O)O)O)O,,
3037558,C([C@@H]1[C@@H]([C@@H]([C@H]([C@@H](O1)O[C@H]([C@@H](CO)O)[C@@H]([C@H](C=O)O)O)O)O)O)O,,
3037568,C1[C@@H](NC(=O)C(=N1)C2=CNC3=C2C=CC(=C3)Br)C4=CNC5=C4C=CC(=C5)Br,,
3037582,[C@@H]([C@@H]([C@H](C(=O)O)O)O)([C@@H](C(=O)O)O)O,,
3037595,CCCCCCCCCCCCCC/C(=C(\C)/C(=O)O)/C(=O)O,,
3037617,COC1=CC(=CC(=C1OC)OC)C(=O)C(=O)N2CCCC[C@H]2C(=O)OC(CCCC3=CN=CC=C3)CCCC4=CN=CC=C4,,
3037629,CO/C=C(\[C@H]1C[C@H]2C3=C(CCN2C[C@@H]1C=C)C4=C(N3)C=CC=C4OC)/C(=O)OC,,
3037705,CC1=CC(=O)C[C@H]2[C@]1([C@H]3CC[C@]4([C@H]([C@@H]3CC2)CC[C@@H]4O)C)C,,
3037766,CNC(=S)NS(=O)(=O)C1=C(C=CC(=C1)CCNC(=O)C2=C(C=CC(=C2)Cl)OC)OC,,
3037877,C1=CC(=CC=C1C[C@@H](CN(CC(=O)O)CC(=O)O)N(CC(=O)O)CC(=O)O)NC(=S)NCCO,,
3037884,CC[C@H]1CN2CCC3=C([C@H]2C[C@@H]1/C(=C\OC)/C(=O)OC)NC4=CC=CC=C34,,
3037997,CO/C=C(\[C@H]1C[C@H]2C3=C(CCN2C[C@@H]1C=C)C4=CC=CC=C4N3)/C(=O)OC,,
3038097,CC1=NC=C(C(=N1)N)CN(/C(=C(\SS/C(=C(\N(C=O)CC2=CN=C(N=C2N)C)/C)/CCO)/CCO)/C)C=O,,
3038117,CC1C(=O)N(C(=S)N1)CC=C,,
3038398,CCN1CC[C@@]2([C@H]1CC3=C2C=C(C=C3)OC(=O)NC4=CC=CC=C4)C,,
3038472,CN(C)CCOC1=CC=CC=C1C2=NC(=NO2)C3=CC=CC=C3,,
3038484,C1CN(CCC1OCC(=O)O)C(=O)[C@H](CC2=CC=C(C=C2)O)NC(=O)C3=CC=C(C=C3)C(=N)N,,
3038494,COC1=CC=CC=C1N2CCN(CC2)CCCCNC(=O)C3=CC4=CC=CC=C4C=C3.Cl,,
3038495,COC1=CC=CC=C1N2CCN(CC2)CCCCNC(=O)C3=CC4=CC=CC=C4C=C3,,
3038496,CCOC(=O)CC1=CN2C=C(N=C(C2=N1)Br)Br,,
3038501,C1=CC=C2C(=C1)C(=CN2)C[C@@H](C(=O)O)NC(=O)CC[C@@H](C(=O)O)N,,
3038502,C[C@@H](C(=O)N)NCC1=CC=C(C=C1)OCC2=CC(=CC=C2)F.CS(=O)(=O)O,,
3038505,CCOC(=O)[C@H](CCC1=CC=CC=C1)CC2(CCCC2)C(=O)N[C@H]3CCC4=CC=CC=C4N(C3=O)CC(=O)O,,
3038506,CC(C)NC(=O)C[C@H]1CCCN(C2=CC=CC=C12)C(=O)C3=C(C=C(C=C3)N4CCCC4)Cl,,
3038513,COC1=CC(=C(C=C1)C(=O)OC)O[C@H]2[C@@H]([C@H]([C@@H]([C@H](O2)CO[C@H]3[C@@H]([C@H]([C@@H](CO3)O)O)O)O)O)O,,
3038517,CN(CC1=CC=CC=C1)CC2=C(SC3=C2C(=O)N(C(=O)N3CC4=C(C=CC=C4F)F)C5=CC=CC=C5)C6=CC=C(C=C6)NC(=O)NOC,,
3038522,CC(C)OC1=CC=C(C=C1)NC(=O)N2CCN(CC2)C3=NC=NC4=CC(=C(C=C43)OC)OCCCN5CCCCC5,,
3038525,C1=CC(=C(C(=C1)Cl)C2=C3C=CC(=NN3C=NC2=O)SC4=C(C=C(C=C4)F)F)Cl,,
3038532,C[N+](C)(C)CCCNC(=O)CCCCCCCCC=C.COS(=O)(=O)[O-],,
3038641,CC(=O)C1=CC2=C(C=C1)OCCOCCOCCOCCO2,,
3038933,CC(C)(C(=O)OC)OC1=CC=C(C=C1)C(=O)C2=CC=C(C=C2)Cl,,
3039302,CC1=CC=C(C=C1)N2C(=CC(=C2C)CC(=O)O)C,,
3039311,CN1C(=NNC1=O)C2=CC=CC=C2,,
3039336,CC[C@H]1CN2CCC3=C([C@@H]2C[C@@H]1/C(=C\OC)/C(=O)OC)NC4=CC=CC=C34,,
3039511,CCCCCC(C)C(C)C1=CC2=C(C3=C(C(O2)(C)C)SCC3)C(=C1)OC(=O)CCCN4CCOCC4.Cl,,
3039513,CCCCCC(C)C(C)C1=CC2=C(C3=C(C(O2)(C)C)SCC3)C(=C1)OC(=O)CCCN4CCCCC4.Cl,,
3040094,C(C(=O)O)NC(=S)N,,
3040300,C1C2=C(C=CC=C2Cl)C(=O)O1,,
3040489,C1CN(CC(C1=O)CC2=CNC3=CC=CC=C32)CC4=CC=CC=C4,,
3040629,COC(=O)[C@@H]([C@@H]1CCCCN1)C2=CC=CC=C2,,
3040648,CC1=C(C(=O)C(=C)C1)C,,
3040782,CCNC(=O)C1=C(N=CC=C1)N2CCN(CC2)C,,
3040958,CC1=C(C(C(=C(N1)C)C(=O)OC)C2=CC=CC=C2C(F)(F)F)C(=O)OC,,
3040967,C[N+]1=CC=C(C=C1)NC2=C(C=C(C=C2)NC(=O)C3=C(C=C(C=C3)NC4=CC=[N+](C5=CC=CC=C45)C)N)N.[I-].[I-],,
3040977,CC[N+]1=CC=C(C=C1)NC2=CC=C(C=C2)NC(=O)C3=C(C=C(C=C3)NC4=C5C=CC(=CC5=[N+](C=C4)CC)N)N.[Br-].[Br-],,
3040979,C[N+]1=CC=C(C=C1)NC2=CC=C(C=C2)C(=O)NC3=C(C=C(C=C3)NC4=CC=[N+](C5=CC=CC=C45)C)N.[Br-].[Br-],,
3040999,CC1=CC=C(C=C1)S(=O)(=O)[O-].CC1=CC=C(C=C1)S(=O)(=O)[O-].C[N+]1=CC=C(C=C1)NC2=CC(=C(C=C2)C(=O)NC3=CC=C(C=C3)NC4=C5C=CC(=CC5=[N+](C=C4)C)N)N,,
3041095,C1C2=CNC3=CC=CC(=C23)C(=O)N1,,
3041260,CCC(=O)N([C@H]1CCN(C[C@H]1C)CCC2=CC=CC=C2)C3=CC=CC=C3,,
3041343,C1CCN(CC1)CCCN2C(=O)C(NC2=O)(C3=CC=CC=C3)C4=CC=CC=C4,,
3041361,C1=CC=C(C=C1)C2=NN=C(O2)CO,,
3041426,CCNCC(=O)NC1=CC=C(C=C1)C2C3=CC=CC=C3CC(=O)N2,,
3041745,CCCCCCCCNC(=O)CC1=CC(=C(C=C1)O)OC,,
3041752,C1C[C@H]2CN3[C@H](C=CCC3=O)[C@@H]4[C@H]2N(C1)CCC4,,
3042076,CCN1CCC2(CC1)C3=CC=CC=C3NC2=O,,
3042286,C1=CSC(=C1S(=O)(=O)N)C(=O)O,,
3042319,CC(C)CC1=CC=C(C=C1)C(C)C(=O)NC2=NC=CS2,,
3042370,CCN(CC)C1=C(C(=O)SC2=CC=CC=C21)[N+](=O)[O-],,
3042898,CC(=O)N[C@@H]1[C@H]([C@H]([C@H](CN1)C(=O)O)O)O,,
3042947,CCC(=O)C1=CC2=C(C=C1)NC(=O)O2,,
3042968,CC(=O)C1=CC(=C(C=C1)N)O,,
3042985,CONC(=O)[C@@H]1[C@H]([C@H]([C@@H](O1)N2C=NC3=C(N=CN=C32)N)O)O,,
3043001,CN1C(=O)CC(CC1=O)C2=CC=CC=C2,,
3043002,CCN1C(=O)CC(CC1=O)C2=CC=CC=C2,,
3043582,CCN(CC)CCN1C2=CC=CC=C2N=C(C1=O)CC3=CC=C(C=C3)OC.Cl,,
3043720,C1CN(CCC1C2=CC=CC=C2)CCCN3C(=O)C(NC3=O)(C4=CC=CC=C4)C5=CC=CC=C5,,
3043762,C1CN(C(=O)C1C(=O)O)C2=CC=CC=C2,,
3043783,C1=CC=C(C(=C1)C(=O)N[C@@H](CC(=O)O)C(=O)O)O,,
3043792,C1=CC(=CC=C1CC2=CN=C(C=C2)C(=O)O)O,,
3043973,CC(C1=CC=CC2=C1ON=C2C3=CC=C(C=C3)Cl)C(=O)O,,
3044933,CCCNC(=O)[C@@H]1[C@H]([C@H]([C@@H](O1)N2C=NC3=C(N=CN=C32)N)O)O,,
3045091,CC1C(=O)NC2CC3=C(NC4=CC=CC=C34)SCC(C(=O)N5CC(CC5C(=O)N1)O)NC(=O)C(NC(=O)C(NC(=O)C(NC2=O)CC(CO)(CO)O)C(C)C)C(C(=O)O)O,,
3045225,CCC1=CC2=C(O1)C=CC3=C2N(N=C3)C[C@H](C)N,,
3045253,CC(=O)O[C@]1(CC[C@@H]2[C@@]1(CC[C@H]3[C@H]2CCC4=CC(=O)CC[C@H]34)C)C#C.C[C@]12CC[C@H]3[C@H]([C@@H]1CC[C@@H]2O)CCC4=C3C=CC(=C4)O,,
3045335,CN(CCCN1CCC2=CC(=C(C=C2CC1=O)OC)OC)CCC3=CC(=C(C=C3)OC)OC.Cl,,
3045381,CN(CCCN1CCC2=CC(=C(C=C2CC1=O)OC)OC)C[C@H]3CC4=CC(=C(C=C34)OC)OC.Cl,,
3045401,CC1=C(C(=O)N2C=CC=CC2=N1)CCN3CCC4=C(C3)C5=CC=CC=C5O4,,
3045500,CC1C2(CCCC(C2)N1C)C3=CC(=CC=C3)OC(=O)C.Cl,,
3045696,C1CCN(C1)C2=CC(=O)C3=C(O2)C4=CC=CC=C4C=C3,,
3045697,C1CCN(CC1)C2=CC(=O)C3=C(O2)C4=CC=CC=C4C=C3,,
3045878,C1CCC(=O)C(C1)C(C2=CC=C(C=C2)Cl)O,,
3046136,COC(=O)[C@@H]1[C@H]2CC[C@H](N2)C[C@@H]1OC(=O)C3=CC=CC=C3.Cl,,
3046196,CCCCCCCCCCCCCC(=O)NCCN,,
3047246,CC1=CC2=C(C=C1)N=C3C=CC(=CN3C2=O)C(=O)O,,
3047299,CC(C(=O)C1=CC=CC=C1)NC(C)(C)C,,
3047730,CC1=CC(=O)N(C(=C1)C)O,,
3047739,COC1=C(C(=C2C=CC(=O)OC2=C1)OC)O,,
3047757,CCCCC1=C(C(=O)N(C(=N1)C)CC2=C(C=CS2)C(=O)OC)CC3=CC=C(C=C3)C4=CC=CC=C4C5=NNN=N5,,
3047764,CC(C)CCCC(C)CCCC(C)C(=O)O,,
3047788,CC1(C(=O)CCC2=CC=CC=C21)CCN3CCCCC3,,
3047794,CC(C)OC1=CC=CC(=C1)CC(=O)N2CCC[C@](C2)(CC[N+]34CCC(CC3)(CC4)C5=CC=CC=C5)C6=CC(=C(C=C6)Cl)Cl.C1=CC=C(C=C1)S(=O)(=O)[O-],,
3047796,C1=CC(=C(C=C1[C@H](CN)O)O)O.[C@@H]([C@H](C(=O)O)O)(C(=O)O)O.O,,
3047798,CC1CC(=O)NN=C1C2=CC=C(C=C2)NCC(C)(C)NCC(COC3=C(C=CC(=C3)Cl)C#N)O,,
3047810,COC1=CC=C(C=C1)N2C[C@@H](OC2=O)CN3CCC(CC3)(C4=CC5=C(C=C4)OCO5)O,,
3047843,C1CC(=O)N[C@@H]1C(=O)OC2=CC=C(C=C2)O,,
3048005,C(C(=O)[O-])C(CC(=O)[O-])(C(=O)[O-])O.[Tm+3],,
3048489,C1=CC(=CN=C1)C(=O)NNC(=S)N.Cl,,
3048504,CC(C)CN1C2=C(C(=O)N(C1=O)CC(C)C)NC=N2,,
3048549,CCC(=O)N(CC(C)N1CCC(CC1)C2=CC=CC=C2)C3=CC=CC=C3,,
3048625,CCC1CN(CCC1(C2=CC=CC=C2)OC(=O)C)C.Cl,,
3048833,C1CC(=O)N(C1)CC(=O)NCC(=O)N,,
3048869,C(C(C(=O)[O-])[O-])(C(=O)[O-])[O-].C(C(C(=O)[O-])[O-])(C(=O)[O-])[O-].[K+].[K+].[Sb+3].[Sb+3],,
3049109,C1=CC(=CN=C1)C(=O)NC2=CC=NC=C2,,
3050079,C1=CC2=C(C=C1Br)C(=O)NO2,,
3050239,CN1[C@@H]2CC[C@H](N1C)CC(C2)OC(=O)C(CO)C3=CC=CC=C3,,
3050259,C1[C@H]2N(C1=O)C[C@@H](O2)CO,,
3050408,CC1=C(C=CC(=C1)N2C(=O)NC(=O)N(C2=O)C)OC3=CC=C(C=C3)S(=O)(=O)C(F)(F)F,,
3051101,C#CCOC1=CC2=C(C=C1)C=CC(=O)O2,,
3051612,CCCCOC1=NC2=CC=CC=C2C(=C1)C(=O)NCCN3CCCC3,,
3051965,C1[C@H](CN(C1=O)CC(=O)N)O,,
3051968,C1=CC=C(C=C1)CC(=O)NC2=C(C=C(C=C2)S(=O)(=O)N)Cl,,
3052153,CC(C)OC1=CC=C(C=C1)C2(C(=O)NC(=O)N2)C,,
3052206,C1CCN(C1)CCNC(=O)COC2=CC=C(C=C2)Cl.Cl,,
3052435,CCCCC[N+]1=CC=CC(=C1)NC(=O)C2=CC=C(C=C2)NC(=O)C3=CC=C(C=C3)C(=O)NC4=CC=C(C=C4)C(=O)NC5=C[N+](=CC=C5)CCCCC.CC1=CC=C(C=C1)S(=O)(=O)[O-].CC1=CC=C(C=C1)S(=O)(=O)[O-],,
3052437,CC1=CC=C(C=C1)S(=O)(=O)[O-].CC1=CC=C(C=C1)S(=O)(=O)[O-].C[N+]1=CC=CC(=C1)NC(=O)C2=CC=C(C=C2)NC(=O)C3=C(C=C(C=C3)C(=O)NC4=CC(=C(C=C4)C(=O)NC5=C[N+](=CC=C5)C)N)N,,
3052446,CCC[N+]1=CC=CC(=C1)NC(=O)C2=C(C=C(C=C2)NC(=O)C3=CC(=C(C=C3)C(=O)NC4=CC(=C(C=C4)C(=O)NC5=C[N+](=CC=C5)CCC)N)N)N.CC1=CC=C(C=C1)S(=O)(=O)[O-].CC1=CC=C(C=C1)S(=O)(=O)[O-],,
3052452,CC[N+]1=CC=C(C=C1)NC2=CC=C(C=C2)NC(=O)C3=CC=C(C=C3)NC4=CC=[N+](C5=CC=CC=C45)CC.[Br-].[Br-],,
3052453,CCC[N+]1=CC=C(C=C1)NC2=CC=C(C=C2)NC(=O)C3=CC=C(C=C3)NC4=CC=[N+](C5=CC=CC=C45)CCC.[Br-].[Br-],,
3052454,CCCC[N+]1=CC=C(C=C1)NC2=CC=C(C=C2)NC(=O)C3=CC=C(C=C3)NC4=CC=[N+](C5=CC=CC=C45)CCCC.[Br-].[Br-],,
3052455,CCC[N+]1=CC=C(C=C1)NC2=CC=C(C=C2)NC(=O)C3=CC=C(C=C3)NC4=C5C=C(C=CC5=[N+](C=C4)CCC)N.[Br-].[Br-],,
3052457,C[N+]1=CC=C(C=C1)NC2=CC=C(C=C2)NC(=O)C3=CC=C(C=C3)NC4=C5C=CC=C(C5=[N+](C=C4)C)N.[I-].[I-],,
3052459,C[N+]1=CC=C(C=C1)NC2=CC=C(C=C2)NC(=O)C3=CC=C(C=C3)NC4=C5C=C(C=CC5=[N+](C=C4C6=CC=CC=C6)C)N.[Br-].[Br-],,
3052461,CC1=CC=C(C=C1)S(=O)(=O)[O-].CC1=CC=C(C=C1)S(=O)(=O)[O-].C[N+]1=CC=C(C=C1)NC2=CC=C(C=C2)C(=O)NC3=CC=C(C=C3)NC4=C5C=C(C=C(C5=[N+](C=C4)C)OC)N,,
3052474,CC1=CC=C(C=C1)S(=O)(=O)[O-].CC1=CC=C(C=C1)S(=O)(=O)[O-].C[N+]1=C2C=CC(=CC2=C(C=C1)NC3=CC=C(C=C3)NC(=O)C4=CC=C(C=C4)C(=O)NC5=CC=C(C=C5)C(=O)NC6=C[N+](=CC=C6)C)N,,
3052476,CC1=CC=C(C=C1)S(=O)(=O)[O-].CC1=CC=C(C=C1)S(=O)(=O)[O-].C[N+]1=CC=C(C=C1)NC2=CC=C(C=C2)C(=O)NC3=CC(=C(C=C3)NC4=C5C=C(C=CC5=[N+](C=C4)C)N)N,,
3052478,C[N+]1=CC=C(C=C1)NC2=CC=C(C=C2)C(=O)NC3=CC(=C(C=C3)NC4=C5C=CC(=CC5=[N+](C=C4)C)N)OC.[Br-].[Br-],,
3052489,CC1=CC=C(C=C1)S(=O)(=O)[O-].CC1=CC=C(C=C1)S(=O)(=O)[O-].C[N+]1=CC=C(C=C1)NC2=CC=C(C=C2)NC(=O)C3=CC=C(C=C3)C(=O)NC4=CC=C(C=C4)C(=O)NC5=C[N+](=CC=C5)C,,
3052566,C1=CC(=C(C(=C1)Cl)NC2=C(C=C(C=C2)O)CC(=O)O)Cl,,
3052567,C1=CC(=C(C=C1O)CC(=O)O)NC2=C(C=C(C=C2Cl)O)Cl,,
3052762,COCCCN1CCC(CC1)NC(=O)C2=CC(=C(C3=C2OCC3)N)Cl,,
3052763,CCOC1=C(C=C2C(=C1)[C@H]3CN(CC[C@H]3N=C2C4=CC=C(C=C4)C(=O)N(C(C)C)C(C)C)C)OC,,
3052764,CC1=C(C(=CC=C1)NC(=O)OC)CNC2=CC=CN3C2=NC(=C3C)C,,
3052774,C(C1=C(SC(=C1C#N)N(CC(=O)O)CC(=O)O)C(=O)O)C(=O)O,,
3052784,C1COCCOC2=C(C=C(C=C2)C(=O)C3=CC=CC=C3)OCCOCCO1,,
3053005,CC1=NN=C(S1)NCC(=O)C2=CC=CC=C2,,
3053058,CSC1=NC(=C(N=N1)C2=CC=CO2)C3=CC=CO3,,
3053256,CCCCCCCCCCCC(=O)NCC1=CC(=C(C=C1)O)OC,,
3053800,CCCCCCCC(=O)OC1=CC=CC=C1C(=O)O,,
3053970,CC1=C(C=CC(=C1)OP(=S)(OC)OC)NC=O,,
3054078,CC1(C(=O)N(C(=O)N1)C2=CC(=C(C=C2)Cl)C(F)(F)F)C,,
3054079,CC1(C(=O)N(C(=O)N1)C2=CC=CC(=C2)C(F)(F)F)C,,
3054243,C1=CC=C(C=C1)CNC2=NC(=C(S2)CC(=O)O)C3=CC=C(C=C3)Cl,,
3054676,CCCCCCCCCCCC(=O)NC1=NC(=CS1)C2=CC=CC=C2,,
3054741,C[C@H]1[C@H]2C(=O)C3=C([C@@]1(CCN2CC4CC4)C)C=C(C=C3)O,,
3054779,C1CN(CCN1C2=CC=CC=C2)C(=O)C(=O)C3=CNC4=CC=CC=C43,,
3055062,CC1CCC(=O)N1CC#CCN(C)C,,
3055076,CCN1CCC[C@H]1CNC(=O)C2=CC(=C(C=C2OC)N)S(=O)(=O)CC,,
3055167,CC1([C@H](O1)COC2=C3C(=C(C4=C2OC(=O)C=C4)OC)C=CO3)C,,
3055168,CN1C2=C(C=CC(=C2)OC)N=C1COC3=CC=C(C=C3)CC4C(=O)NC(=O)S4,,
3055171,C1CC(C1)N([C@@H]2CC3=C(C=CC(=C3OC2)F)C(=O)N)C4CCC4,,
3055214,CN(C)CC1=CC=C(O1)CSCCNC(=C[N+](=O)[O-])NCCSCC2=CC=C(O2)CN(C)C,,
3055247,CN(C)CC1=CC=C(O1)CSCCNC(=NCCSCC2=CC=C(O2)CN(C)C)NC#N,,
3055291,C1CCC(CC1)C(=O)NC2=NCCS2,,
3055325,C1CN(CCC1C(=O)N)CCCCOC2=CC=CC=C2CCC3=CC=CC=C3,,
3055326,C1CC(CN(C1)CCCCOC2=CC=CC=C2CCC3=CC=CC=C3)C(=O)N,,
3055365,CC1CCC(=O)N1CC#CCN2CCCC2,,
3055389,CCOC(=O)CCCN1C=CN=C1,,
3055390,C1=CN(C=N1)CCCC(=O)O,,
3055779,C[C@]12CC[C@H]3[C@H]([C@]1(CC[C@@H]2C4=COC(=O)C=C4)O)CC[C@]5([C@@]3(CC[C@@H](C5)O[C@H]6[C@@H]([C@H]([C@@H]([C@H](O6)CO)O)O)O)C=O)O,,
3055901,CC(=O)NC1=CC=CC(=C1)C2=NNN=N2,,
3056271,C1=CC=C2C(=C1)C=CC=C2CC(=O)NCCN.Cl,,
3057014,C1CCC(CC1)C2=CC=C(C=C2)C(=O)CN3C=CN=C3,,
3057080,CC(CN1C=CN=C1)C(=O)C2=CC=C(C=C2)C3=CC=CC=C3,,
3057704,CC1=C(C(=O)C2=C(C1=O)N3C[C@H]4[C@@H]([C@@]3(C2=C)OC)N4C)OC,,
3058220,CC1=CC=C(C=C1)S(=O)(=O)[O-].C[N+]1=CC=C(C=C1)C2=NC=C(O2)C3=CC=CC=C3,,
3058221,C1=CC=C(C(=C1)C2=NC(C(=O)NC3=C2C=C(C=C3)[N+](=O)[O-])O)F,,
3058605,COC(=O)[C@H]1[C@@H](CC[C@@H]2[C@@H]1C[C@H]3C4=C(CCN3C2)C5=CC=CC=C5N4)O,,
3058667,C1CCN(CC1)CC(=O)NC2CCC3=C2C=C4CCCC4=C3.Cl,,
3058746,CCCC(=O)N(C)CC1=C(N=C2N1C=CC=C2)C3=CC=C(C=C3)Cl,,
3058801,COC1=C(C=C(C=C1)CC2CNC(=O)N2)OC3CCCC3,,
3059529,C1=CC(=NC=C1C(=O)NO)N,,
3059770,CS(=O)(=O)NC1=CC=C(C=C1)C(=O)CN2C=CN=C2,,
3059947,CC1=CC(=NC(=N1)SC(C2=CC=CC=C2)C(=O)O)C3=CC=CC=C3,,
3060187,COC1=CC(=CC(=C1OC)OC)C2=NC(=NN2)SCC(=O)O,,
3060534,CCN(CC)C(C)C(=O)NC1=C(C=CC=C1Cl)C.Cl,,
3060974,CC1=CC(=C(C(=C1)C)N=C2C=C3C4=CC(=C(C=C4CCN3C(=O)N2C)OC)OC)C.Cl,,
3061443,COC1=C(C=C2C(=C1)C(=NC(=N2)N3CCN(CC3)C(=O)NC4=CC=CC=C4)N)OC,,
3062316,CC1=C(C(=CC=C1)Cl)NC(=O)C2=CN=C(S2)NC3=CC(=NC(=N3)C)N4CCN(CC4)CCO,,
3062646,C(CCP(=O)(O)O)C[C@@H](C(=O)O)N,,
3062671,C1=CC=C2C(=C1)C(=CN2)C(=O)C3=CC=C(C=C3)O,,
3062796,CC(C(=O)O)OC1=CC2=C(C=C1)C(=O)C(=CO2)C3=CC=C(C=C3)O,,
3062988,CC1=NOC(=N1)C2=C3CN(C(=O)C4=C(N3C=N2)C=CC=C4Cl)C,,
3063198,CCCCCCCCNC(=O)C1=CC(=C(C(=C1)O)O)O,,
3063199,CCCCCCC(=O)C1=CC(=C(C(=C1)O)O)O,,
3063200,CCCCCCCCC(=O)C1=CC(=C(C(=C1)O)O)O,,
3063374,CN(C)CC(=C)C(=O)C1=CC=CC=C1.Cl,,
3063616,C1=CC(=CC=C1C(=O)CCCN=C(N)N)F,,
3063662,C1C=NN(C1C2=CC=CC=C2)C(=O)C3=CC=CC=C3,,
3064722,CCCOC1=CC=C(C=C1)S(=O)(=O)N2C=C(C(=O)NC2=O)F,,
3064723,CCOC(=O)C1=C(NC(=C(C1C2=CC(=CC=C2)[N+](=O)[O-])C(=O)OCC)CCl)C,,
3064731,CN1C2=C(C(=O)NC1=O)N(C(=N2)NCCO)CCOC3=CC=CC=C3,,
3064778,C1CNCCN(C1)S(=O)(=O)C2=CC=CC3=C2C=CNC3=O,,
3064800,CCOC(=O)NC1=CC2=C(CCC3=CC=CC=C3N2C(=O)CCN4CCN(CC4)CCO)C=C1.Cl,,
3064870,CCNC(=O)NC(=O)C(=O)O,,
3065261,CCCCCCCCCNC(=O)CC1=CC(=C(C=C1)O)OC,,
3066411,COC1=C(C=C(C=C1)C(=O)C(CN2CCOCC2)C3=CC=CC=C3)F.Cl,,
3066548,C1=CN(N=C1)CCCC(=O)O,,
3066781,C1CN(CCN1C2=NC3=C(C=C(C=C3)Br)C(=N2)N)C(=O)C4=CC=CO4.Cl,,
3066800,CC1=CC(=NN(C1=N)CC2=CC(=O)NO2)C3=CC=CC=C3.Br,,
3066832,CCCCCCCCCCCCCCCC1=CC(=CC=C1)OC(C)(C)C(=O)O,,
3067217,CN1CCN(CC1)CC(=O)N2C3=CC=CC=C3NC(=O)C4=CSC=C42,,
3067251,C1OC2=C(O1)C=C(C=C2)C3=NN=C(O3)N,,
3067254,C1=CC(=C(C=C1C(=O)CC(C(=O)O)O)Cl)Cl,,
3067566,CC1=CC=C(C=C1)N2C(=O)C3=CC=CC=C3[Se]2,,
3067567,C1=CC=C2C(=C1)C(=O)N([Se]2)C3=CC=C(C=C3)F,,
3067568,COC1=CC=C(C=C1)N2C(=O)C3=CC=CC=C3[Se]2,,
3067569,C1=CC=C2C(=C1)C(=O)N([Se]2)C3=CC=C(C=C3)[N+](=O)[O-],,
3067576,C1=CC=C2C(=C1)C(=O)N([Se]2)C3=CC=C(C=C3)C#N,,
3067580,C1=CC=C2C(=C1)C(=O)N([Se]2)C3=CC=CC=C3O,,
3067584,COC1=CC2=C(C=C1)C(=O)N([Se]2)C3=CC=CC=C3,,
3067590,C1=CC=C2C(=C1)C(=O)N([Se]2)C3=CC=C(C=C3)C(F)(F)F,,
3067696,CCOC(=O)NC1=CC=C(C=C1)S(=O)(=O)N2CCOCC2,,
3067725,CN(C)CCCC1C2=CC=CC=C2SC3=CC=CC=C3S1.C(=O)(C(=O)O)O,,
3067919,COC1=CC=CC2=C1SCC3=CC=CC=C3C2CC(=O)N,,
3068195,COC1=CC=CC(=C1OC)C(=O)NC2CC3CCCC(C2)N3CC4=CC=CC=C4,,
3068840,C1CN(CCN1CCOCC(=O)N)C(C2=CC=CC=C2)C3=CC=C(C=C3)Cl,,
3069950,C1CCN(C1)CC(=O)NC2=C3CCCC3=CC4=C2CCC4.Cl,,
3069971,CCCCN1C(=CN2C1=NC3=C2C(=O)NC(=O)N3C)C4=CC=CC=C4,,
3071136,C1C(C(=O)NC1=O)C2=CC=C(C=C2)OCCCCCOC3=CC=C(C=C3)C4CC(=O)NC4=O,,
3071202,CC(=O)NC1=CC=C(C=C1)C2=NN=C3N2N=C(C4=CC=CC=C43)N5CCCC5,,
3071506,C1C(CN(C1=O)C(=O)C2=CN=CC=C2)C3=CC=CC=C3,,
3071629,COC1=CC2=C(C=CC=C2CCNC(=O)CC3=CC=CC=C3)C=C1,,
3071630,CC(C)C(=O)NCCC1=CC=CC2=C1C=C(C=C2)OC,,
3071631,CCC(=O)NCCC1=CC=CC2=C1C=C(C=C2)OC,,
3071632,CCCCC(=O)NCCC1=CC=CC2=C1C=C(C=C2)OC,,
3071633,COC1=CC2=C(C=CC=C2CCNC(=O)CN3CCCC3=O)C=C1,,
3071634,COC1=CC2=C(C=CC=C2CCNC(=O)CCCCl)C=C1,,
3071635,COC1=CC2=C(C=CC=C2CCN3CCCC3=O)C=C1,,
3071636,COC1=CC2=C(C=CC=C2CCNC(=O)CBr)C=C1,,
3071637,COC1=CC2=C(C=CC=C2CCNC(=O)CN3CCOCC3)C=C1,,
3071638,CC(=O)N(C)CCC1=CC=CC2=C1C=C(C=C2)OC,,
3071639,COC1=CC2=C(C=CC=C2CCNC(=O)C3=CC=CC=C3)C=C1,,
3071643,COC1=CC2=C(C=CC=C2CCNC(=O)C3=CC(=CC(=C3)Cl)Cl)C=C1,,
3071647,COC1=CC2=C(C=CC=C2CCNC(=O)C3=CC4=CC=CC=C4N3)C=C1,,
3071652,CCCC(=O)NCCC1=CC=CC2=C1C=C(C=C2)OC,,
3071655,COC1=CC2=C(C=CC=C2CCNC(=O)C3CCCCC3)C=C1,,
3071657,COC1=CC2=C(C=CC=C2CCNC=O)C=C1,,
3071658,COC1=CC2=C(C=CC=C2CCNC(=O)C3CCC3)C=C1,,
3071771,CN(C)CC1=CC=C(O1)CSCCNC2=CC(=C(C=C2[N+](=O)[O-])[N+](=O)[O-])NCCSCC3=CC=C(O3)CN(C)C,,
3071772,CN(C)CC1=CC=C(O1)CSCCCSCC2=CC=C(O2)CN(C)C,,
3071773,CN(C)CC1=CC=C(O1)CSCCCCSCC2=CC=C(O2)CN(C)C,,
3071774,CN(C)CC1=CC=C(O1)CSCCCCCSCC2=CC=C(O2)CN(C)C,,
3071775,CN(C)CC1=CC=C(O1)CSCCCCCCSCC2=CC=C(O2)CN(C)C,,
3071776,CN(C)CC1=CC=C(O1)CSCCCCCCCSCC2=CC=C(O2)CN(C)C,,
3071777,CN(C)CC1=CC=C(O1)CSCCCCCCCCSCC2=CC=C(O2)CN(C)C,,
3071778,CN(C)CC1=CC=C(O1)CSCCCCCCCCCSCC2=CC=C(O2)CN(C)C,,
3071779,CN(C)CC1=CC=C(O1)CSCC2=CC=C(C=C2)CSCC3=CC=C(O3)CN(C)C,,
3071780,CN(C)CC1=CC=C(O1)CSCC2=CC=C(C=C2)C3=CC=C(C=C3)CSCC4=CC=C(O4)CN(C)C,,
3071852,C1=CC=C(C=C1)OC2=NC3=NC(=NN3C(=N2)N)C4=CC=CO4,,
3071939,CCN1C=NC2=C1C(=O)N(C3=C2C=CC=N3)C4=CC=CC=C4,,
3071940,CC(C)N1C=NC2=C1C(=O)N(C3=C2C=CC=N3)C4=CC=CC=C4,,
3071941,C1=CC=C(C=C1)CN2C=NC3=C2C(=O)N(C4=C3C=CC=N4)C5=CC=CC=C5,,
3071959,CN1C=NC2=C1C(=O)N(C3=C2C=CC=N3)C4=CC=CC=C4,,
3071969,CCCN1C=NC2=C1C(=O)N(C3=C2C=CC=N3)C4=CC=CC=C4,,
3071971,CC(C)CN1C=NC2=C1C(=O)N(C3=C2C=CC=N3)C4=CC=CC=C4,,
3071975,CCCCN1C2=C(C=CC=N2)C3=C(C1=O)N(C=N3)C,,
3071991,C1C(=O)NN=C2N1C3=CC=CC=C3OC2,,
3072029,CCCCCCCNC(=O)OC1=CC2=C(C[C@@H]3[C@H]2CCN3CC)C=C1,,
3072030,CCCCCCNC(=O)OC1=CC2=C(C[C@@H]3[C@H]2CCN3CC)C=C1,,
3072313,CCOC(=O)C1=C(N(C2=CC(=C(C(=C21)CN(C)C)O)Br)C)CSC3=CSC=C3.Cl,,
3072501,CN(C)CC1=CC=C(O1)CSCCNC2=C(C=C(C=C2)[N+](=O)[O-])[N+](=O)[O-],,
3072502,CN(C)CC1=CC=C(O1)CSCCNC2=CC(=C(C=C2[N+](=O)[O-])[N+](=O)[O-])F,,
3072503,CN(C)CC1=CC=C(O1)CSCCNC2=C(C=C(C=C2)F)[N+](=O)[O-],,
3072504,CN(C)CC1=CC=C(O1)CSCCNC2=C(C=C(C(=C2)N)[N+](=O)[O-])[N+](=O)[O-],,
3072505,CNC1=CC(=C(C=C1[N+](=O)[O-])[N+](=O)[O-])NCCSCC2=CC=C(O2)CN(C)C,,
3072506,CCCNC1=CC(=C(C=C1[N+](=O)[O-])[N+](=O)[O-])NCCSCC2=CC=C(O2)CN(C)C,,
3072507,CN(C)CCNC1=CC(=C(C=C1[N+](=O)[O-])[N+](=O)[O-])NCCSCC2=CC=C(O2)CN(C)C,,
3072508,CN(C)CC1=CC=C(O1)CSCCNC2=C(C=C(C(=C2)NCCCN3CCOCC3)[N+](=O)[O-])[N+](=O)[O-],,
3072509,CN(C)CC1=CC=C(O1)CSCCNC2=CC(=C(C=C2[N+](=O)[O-])[N+](=O)[O-])NCC3=CN=CC=C3,,
3072510,CN(C)CC1=CC=C(O1)CSCCNC2=CC(=C(C=C2[N+](=O)[O-])[N+](=O)[O-])NCC3=CC=CC=C3,,
3072512,CC(=NNC1=C(C=C(C(=C1)NCCSCC2=CC=C(O2)CN(C)C)[N+](=O)[O-])[N+](=O)[O-])C,,
3072513,CN(C)CC1=CC=C(O1)CSCCNC2=CC(=C(C=C2[N+](=O)[O-])[N+](=O)[O-])NC3=CC=CC=C3,,
3072514,CN(C)CC1=CC=C(O1)CSCCNC2=CC(=C(C=C2[N+](=O)[O-])[N+](=O)[O-])NC3=CC=C(C=C3)F,,
3072515,CN(C)CC1=CC=C(O1)CSCCNC2=CC(=C(C=C2[N+](=O)[O-])[N+](=O)[O-])NC3=CC=CC=C3C#N,,
3072516,CCCCCCCCCCC(=O)OC(CC(=O)[O-])C[N+](C)(C)C,,
3072518,CN(C)CC1=CC=C(O1)CSCCNC2=CC(=C(C=C2[N+](=O)[O-])[N+](=O)[O-])NCC3=CC=CC=N3,,
3072567,CCCCCN(C)CC#C.C(=O)(C(=O)O)O,,
3072806,CCC1=C(C(=CC=C1)CC)NC(=O)C2C3=CC=CC=C3COC4=C2C=C(C=C4)C,,
3072807,CC1=CC2=C(C=C1)OCC3=CC=CC=C3C2C(=O)NC4=C(C=CC=C4C(C)C)C(C)C,,
3072808,CC1=CC2=C(C=C1)OCC3=CC=CC=C3C2C(=O)NC4=CC=CC=C4C(C)C,,
3072809,CC(C)C1=C(C(=CC=C1)C(C)C)NC(=O)C2C3=CC=CC=C3COC4=C2C=C(C=C4)F,,
3072810,CC(C)C1=C(C(=CC=C1)C(C)C)NC(=O)C2C3=CC=CC=C3COC4=C2C=C(C=C4)Cl,,
3072811,CC(C)C1=C(C(=CC=C1)C(C)C)NC(=O)C2C3=CC=CC=C3COC4=C2C=C(C=C4)C(F)(F)F,,
3072812,CC(C)C1=C(C(=CC=C1)C(C)C)NC(=O)C2C3=CC=CC=C3COC4=C2C=C(C=C4)C#N,,
3072813,CC(C)C1=C(C(=CC=C1)C(C)C)NC(=O)C2C3=CC=CC=C3COC4=C2C=C(C=C4)C(=O)OC,,
3072814,CCC1=C(C(=CC=C1)CC)NC(=O)C2C3=CC=CC=C3COC4=C2C=C(C=C4)Br,,
3072815,C1C2=CC=CC=C2C(C3=C(O1)C=C(C=C3)Br)C(=O)NC4=C(C=CC=C4Cl)Cl,,
3072816,CC(C)C1=C(C(=CC=C1)C(C)C)NC(=O)C2C3=C(C=C(C=C3)Br)OCC4=CC=CC=C24,,
3072821,C1CC[C@@H]([C@@H](C1)CCP(=O)(O)O)C[C@@H](C(=O)O)N,,
3073007,CC1=CC(=NO1)C(=O)NC2=CC=CC=C2C(F)(F)F,,
3073076,C1CN(CCC1CCC2=NOC3=C2C=CC(=C3)NC(=O)C4=CC=CC=C4)CC5=CC=CC=C5,,
3073217,CC[C@H](C)[C@H]([C@@H](C)C1=CC(=O)C2=C(C1=O)O[C@]3(CC[C@@H]4[C@@]([C@H]3[C@@H]2O)(CC[C@@H](O4)C(C)(C)O)C)C)OC(=O)C,,
3073449,CN1C2=C(C(=O)N(C1=O)C)N3CCCN(C3=N2)CCCCN4CCN(CC4)C5=CC=CC=C5,,
3073462,C1=CC=C(C=C1)NC2=C(C(N(C2=O)C3=CC=CC=C3)C4=CC=C(C=C4)F)CC(=O)O,,
3073466,CCOC(=O)C1C(CC(=CC1=O)NC2=CC=C(C=C2)Cl)C,,
3073500,CCCN1C(=O)C2=C(N=C(N2)C34CC5CC(C3)CC4C5)N(C1=O)CCC6=CC=C(C=C6)N,,
3073595,C1=CC=C2C(=C1)C=C(O2)C3=NC=CN3.Cl,,
3073596,C1=CC=C2C(=C1)C=C(O2)C3=NC=CN3,,
3073597,CN1C=CN=C1C2=CC3=CC=CC=C3O2.Cl,,
3073599,COC1=CC2=C(C=C1)C=C(O2)C3=NC=CN3.Cl,,
3073601,C1=CC2=C(C=C1O)OC(=C2)C3=NC=CN3.Cl,,
3073603,CCN1C=CN=C1C2=CC3=CC=CC=C3O2.Cl,,
3073605,C1=CC2=C(C=C1Br)C=C(O2)C3=NC=CN3.Cl,,
3073607,COC1=CC2=C(C=C1)OC(=C2)C3=NC=CN3.Cl,,
3073609,C1=CC2=C(C=C1O)C=C(O2)C3=NC=CN3.Cl,,
3073611,CCN1C=CN=C1C2=CC3=C(O2)C=C(C=C3)OC.Cl,,
3073779,C1CC1CN2C3=C(C(=O)N(C2=O)CC4CC4)NC(=N3)C56CC7CC(C5)CC6C7,,
3073780,C1CC1CN2C3=C(C(=O)N(C2=O)CC4CC4)NC(=N3)C(C5CC5)C6CC6,,
3073781,C1CC1N2C3=C(C(=O)N(C2=O)C4CC4)NC(=N3)C56CC7CC(C5)CC6C7,,
3073905,C1CCC2(C1)CC(=O)N(C(=O)C2)CCCCOC3=CC=CC4=C3SCCC4,,
3073911,C1CCC2(C1)CC(=O)N(C(=O)C2)CCCCN(CCCCN3C(=O)CC4(CCCC4)CC3=O)CC(COC5=CC=CC6=C5SCCC6)O,,
3073919,CC(C)(C)N1CC(OC1=O)COC2=CC=CC3=C2SCCC3,,
3073984,CC1(C(C(C2=C(O1)C=CC(=C2)C#N)OC3=NN(C(=O)C4C3C4)C)O)C,,
3074014,C[C@@]12CCN([C@@H]1N(C3=C2C=C(C=C3)OC(=O)NCCCCCCCCN4CCOCC4)C)C,,
3074016,C[C@@]12CCN([C@@H]1N(C3=C2C=C(C=C3)OC(=O)NCCCCCCCCCCN4CCOCC4)C)C,,
3074054,CC(C)C1=C(C(=CC=C1)C(C)C)NC(=O)C2C3=CC=CC=C3CSC4=C2C=C(C=C4)Br,,
3074344,CCCCCCNC(=O)OC1=CC2=C(C=C1)C3CC2(CCN3CC)C,,
3074517,CC1C(C(C2=C3C(=C(C=C2C1=O)O)C4=C(C3=O)C=CC=C4O)O)O,,
3074609,COC(CNCCOC(=O)C1=CC=C(C=C1)CCNC(=O)CC2C3=CC=CC=C3C4=CC=CC=C24)C5=CC(=CC=C5)C(F)(F)F,,
3074805,C[C@@H]1CC2=CC3=C(C=C2C(=NN1C(=O)NC)C4=CC=C(C=C4)N)OCO3,,
3074821,COC1=C2C(=C(C3=C(C(=C(C=C31)O)OC)O)O)C(=O)CC4C2(C(=O)CC(C4)(C5CN5)O)O,,
3074822,CC1=C(C(=CC=C1)C)NC(=O)C[C@@H]2CCCN3[C@@H]2CCCC3,,
3074823,C1CCN2CCC[C@H]([C@H]2C1)CC(=O)NC3=C(C=CC=C3Cl)Cl,,
3074827,CC1(CCC(CC1)NC(=O)[C@H](CCC(=O)O)N)C,,
3074872,CN1C2=C(C(=O)N(C1=O)C)N3C=CC(=O)N(C3=N2)CCCN4CCN(CC4)C5=CC=CC=C5,,
3074981,CC1(C(=O)NC(=O)N1)C2=CC=C(C=C2)C#N,,
3075110,CC1=CC(N2C(=NC(=N2)NC(=O)CCC(=O)O)N1)C3=CC=CC=C3,,
3075179,CC1=CC=CC=C1NC(=O)C2=CN=C3C=CC=CN3C2=O,,
3075330,C1=CC(=C(C(=C1)Cl)O)C(=O)NC2=CC(=O)[C@]3([C@@H](C2=O)O3)CO,,
3075331,C1=CC=C(C(=C1)C(=O)NC2=CC(=O)[C@]3([C@@H](C2=O)O3)CO)O,,
3075348,COC1=CC(=C(C=C1C(=O)NC[C@@H]2CCCN3[C@@H]2CCCC3)Cl)N,,
3075496,C1CN(CCN1CCNC(=O)CC2=C(NC3=CC=CC=C32)C(=O)O)C4=CC(=CC=C4)Cl,,
3075601,CC(C)[C@@H](C(=O)N[C@@H](CC1=CC=CC=C1)C(=O)O)NC(=O)[C@H]([C@@H](CC2=CC=CC=C2)N)O,,
3075612,CC1=CN(C2=C1C=C(C=C2)OC(=O)NC)NC3=C(C=NC=C3)F,,
3075748,C1=CC=C(C(=C1)C(=O)NC2=CC(=O)[C@]3([C@@H]([C@H]2O)O3)CO)O,,
3075749,C1=CC(=C(C(=C1)Cl)O)C(=O)NC2=CC(=O)[C@]3([C@@H]([C@H]2O)O3)CO,,
3075774,C1=CC(=C2C3=C1C(=NN3C4=C(C=CC(=O)C4=C2O)O)CNCCO)NCCCN.Cl.Cl,,
3075859,COC1=C(C=C(C=C1)S(=O)(=O)N)C(=O)NCCCN2CCN(CC2)C3=CC(=CC=C3)Cl.CS(=O)(=O)O,,
3075895,COC1=CC(=CC(=C1OC)OC)C(=O)N2CCN(C(C2)COC(=O)C3CCCCC3)C(=O)C4=CC(=C(C(=C4)OC)OC)OC,,
3075896,CCCCCCCC(=O)OCC1CN(CCN1C(=O)C2=CC(=C(C(=C2)OC)OC)OC)C(=O)C3=CC(=C(C(=C3)OC)OC)OC,,
3075897,CCCCCCCCCC(=O)OCC1CN(CCN1C(=O)C2=CC(=C(C(=C2)OC)OC)OC)C(=O)C3=CC(=C(C(=C3)OC)OC)OC,,
3075899,COC1=CC(=CC(=C1OC)OC)C(=O)N2CCN(C(C2)COC(=O)C3=CC=CC=C3Cl)C(=O)C4=CC(=C(C(=C4)OC)OC)OC,,
3075901,CCC(CC)C(=O)OCC1CN(CCN1C(=O)C2=CC(=C(C(=C2)OC)OC)OC)C(=O)C3=CC(=C(C(=C3)OC)OC)OC,,
3075902,CCCCCC(=O)OCC1CN(CCN1C(=O)C2=CC(=C(C(=C2)OC)OC)OC)C(=O)C3=CC(=C(C(=C3)OC)OC)OC,,
3075903,CC(=O)OCC1CN(CCN1C(=O)C2=CC(=C(C(=C2)OC)OC)OC)C(=O)C3=CC(=C(C(=C3)OC)OC)OC,,
3075904,CC(C)(C)CC(=O)OCC1CN(CCN1C(=O)C2=CC(=C(C(=C2)OC)OC)OC)C(=O)C3=CC(=C(C(=C3)OC)OC)OC,,
3075905,CCC(CC)NC(=O)OCC1CN(CCN1C(=O)C2=CC(=C(C(=C2)OC)OC)OC)C(=O)C3=CC(=C(C(=C3)OC)OC)OC,,
3075907,CCCC(C)NC(=O)OCC1CN(CCN1C(=O)C2=CC(=C(C(=C2)OC)OC)OC)C(=O)C3=CC(=C(C(=C3)OC)OC)OC,,
3075908,CC(C(C)(C)C)NC(=O)OCC1CN(CCN1C(=O)C2=CC(=C(C(=C2)OC)OC)OC)C(=O)C3=CC(=C(C(=C3)OC)OC)OC,,
3075909,CC(C)CCNC(=O)OCC1CN(CCN1C(=O)C2=CC(=C(C(=C2)OC)OC)OC)C(=O)C3=CC(=C(C(=C3)OC)OC)OC,,
3075910,CCC(C)CNC(=O)OCC1CN(CCN1C(=O)C2=CC(=C(C(=C2)OC)OC)OC)C(=O)C3=CC(=C(C(=C3)OC)OC)OC,,
3075911,CCCC(=O)OCC1CN(CCN1C(=O)C2=CC(=C(C(=C2)OC)OC)OC)C(=O)C3=CC(=C(C(=C3)OC)OC)OC,,
3075952,CCCN1C2=C(C(=O)N(C1=O)C)NC(=N2)C3=CC=CC=C3,,
3075953,CCCN1C(=O)C2=C(N=C(N2)C3=CC=CC=C3)N(C1=O)C,,
3076091,CC1(COC2=CC=CC=C2O1)C(CN3CCC(CC3)N4C5=CC=CC=C5NC4=O)O,,
3076176,CC1=CC(=C(C(=C1)C)NC(=O)C2=NOC(=C2)C)C,,
3076460,CCOC(=O)C1=C(NC(=C(C1C2=CC(=CC=C2)N3C=CN=C3)C(=O)OCC)C)C,,
3076831,CC1=NC2=C(N1)C(=O)N(C(=O)N2CC3CCCCC3)C,,
3076847,CCOC(=O)C1=C(SC=C1C2=CC=CC=C2)NC(=S)NC,,
3076954,CC1=C(C2=C(O1)C=CC(=C2)OC)C(=O)CN3C=CN=C3,,
3077003,C1=CC(=CN=C1)C(CCCCC(=O)O)C2=CC=C(C=C2)CCNS(=O)(=O)C3=CC=C(C=C3)Cl,,
3077017,CCCCN1C2=CC=CC=C2C3=C(C1=O)N=CN3C,,
3077034,CCCCN1C2=C(C=C(C=C2)C)C3=C(C1=O)N=CN3C,,
3077038,CCCCN1C2=CC=CC=C2C3=C(C1=O)NC(=S)N3C,,
3077039,CCCCN1C2=CC=CC=C2C3=C(C1=O)N=NN3C,,
3077547,CCCCOC1=CC=C(C=C1)C2(C(=O)N(C(=O)N2)C)C,,
3077644,CNC(=C(C#N)C#N)NCCNCC1=CC=C(O1)CN(C)C,,
3077648,CC(C)N(CC1=CC=C(O1)CNCCNC(=C(C#N)C#N)NC)C(C)C,,
3077649,CNC(=C(C#N)C#N)NCCNCC1=CC=C(O1)CN2CCCC2,,
3077650,CNC1=C(C(=O)C1=O)NCCNCC2=CC=C(O2)CN3CCCCC3,,
3077985,CN(C)C(=O)C1CC(=O)OC12CCCCC2,,
3078204,CCN(CC)CC(CN1C(=C(C2=CC(=C(C=C21)Br)OC)C(=O)OCC)C)O.Cl,,
3078322,CC(C)CCCCCCCOC(=O)C1=CC=CC=C1,,
3078467,C1C=NN(C1C2=CC=CC=C2)C(=O)C3=CN=CC=C3,,
3078469,C1C=NN(C1C2=CC=CC=C2)C(=O)C3=CC=NC=C3,,
3078470,C1C=NN(C1C2=CC=CC=C2)C(=O)C3=CC=CC=N3,,
3078480,C1CCC(CC1)C(=O)N2C(CC=N2)C3=CC=CC=C3,,
3078519,C[C@@]12[C@@H]([C@@H](C[C@@H](O1)N3C4=CC=CC=C4C5=C6C(=C7C8=CC=CC=C8N2C7=C53)[C@@H](NC6=O)O)NC)OC,,
3078772,C1=C(C2=C(C(=O)C(=O)C3=C2NC(=C3)C(=O)O)N=C1C(=O)[O-])C(=O)[O-].[Na+].[Na+],,
3078923,C1C2=C(C=C(C=C2)Br)C(C3=C(O1)C=CC(=C3)C(=O)O)SCCNS(=O)(=O)C4=CC=CC=C4,,
3078924,C1C2=CC=CC=C2C(C3=C(O1)C=CC(=C3)C(=O)O)SCCNS(=O)(=O)C4=CC=C(C=C4)F,,
3078925,C1C2=CC=CC=C2C(C3=C(O1)C=CC(=C3)C(=O)O)SCCNS(=O)(=O)C4=CC=CS4,,
3078930,COC1=CC=CC=C1C(=O)NCCSC2C3=CC=CC=C3COC4=C2C=C(C=C4)C(=O)O,,
3078971,C[N+](C)(CC1OCCCO1)CC(=O)C2=CC=C(C=C2)C3=CC=C(C=C3)C(=O)C[N+](C)(C)CC4OCCCO4.[Br-].[Br-],,
3079322,CC1=C(C(=NN1C2=CC=CC=C2)C)CC(=O)NCC3=CC=CC=C3,,
3079854,COC1=C(C=C(C=C1)C(=O)CN2CCOCC2)F.Cl,,
3080234,C1CN(CCN1CC2=NN=C(O2)C3=CC=CC=C3)C4=CC=CC=C4,,
3080365,CCC(CC)NC1=C(C=C(C(=C1[N+](=O)[O-])C)C(=O)O)[N+](=O)[O-],,
3080554,C1=CC(=C(N=C1)C(=O)O)CC(=O)O,,
3080558,C[C@@H]([C@H]1CC[C@@H]2[C@@]1(CC[C@H]3[C@H]2CC[C@@H]4[C@@]3(CCC(=O)C4)C)C)O,,
3080560,C[C@H](CCC(=O)O)[C@H]1CC[C@@H]2[C@@]1(C(=O)C[C@H]3[C@H]2C(=O)C[C@H]4[C@@]3(CC[C@H](C4)O)C)C,,
3080568,CC1=CC(=C(C(=C1)OC2=C(C=C(C=C2OC)O)C(=O)OC)C(=O)O)O,,
3080587,CC(=O)[C@]1(CC[C@@H]2[C@@]1(CC[C@H]3[C@H]2C=CC4=CC(=O)CC[C@]34C)C)O,,
3080588,CNC(=O)CSP(=S)(O)OC,,
3080590,C1=CC=C2C(=C1)C(C(=O)N2)CC(=O)O,,
3080591,CC(=O)C1C2=C(C(=CC=C2)O)C(=O)C3=C1C=CC=C3O,,
3080594,CC(=O)NC1=CC(=C(C=C1)O)OC,,
3080597,C[C@@H]1C[C@H]2[C@H]([C@@H]([C@]3([C@H]1C=CC3=O)C)OC(=O)C)C(=C)C(=O)O2,,
3080612,C[C@H](CCC(=O)O)[C@H]1CC[C@@H]2[C@@]1(C(=O)C[C@H]3[C@H]2CC[C@H]4[C@@]3(CC[C@H](C4)O)C)C,,
3080614,C(C(=O)O)NC(=O)C(=O)O,,
3080625,C/C(=C(\CC(=O)O)/C(=O)O)/C(=O)O,,
3080635,CC1=COC2=C1C[C@H]3C(=C)CCC[C@@]3(C2)C,,
3080668,CC(C)CCCC(C)CCCC(C)CCCC(C)CCC(=O)O,,
3080741,CC1(C(=O)NC(=O)N1)C.C=O,,
3080745,C([C@@H]([C@@H](COP(=O)(O)O)O)O)C(=O)C(=O)O,,
3080750,COC1=C(C=C(C=C1)C2=CC(=O)C3=C(C(=C(C(=C3O2)OC)OC)OC)O)O,,
3080759,C1=CC(=C(C=C1OC2=C(C=C(C=C2I)C[C@@H](C(=O)O)N)I)I)O[C@H]3[C@@H]([C@H]([C@@H]([C@H](O3)C(=O)O)O)O)O,,
3080766,CC(C)C[C@@H](C(=O)NO)N,,
3080775,CSSC[C@@H](C(=O)O)N,,
3080786,CC1(CC(CC(N1[O])(C)C)C(=O)O)C,,
3080792,CO[C@@](C1=CC=CC=C1)(C(=O)Cl)C(F)(F)F,,
3080793,CC(=O)OC[C@@H]1[C@H]([C@H]([C@@H](O1)N2C=NC(=N2)C(=O)N)OC(=O)C)OC(=O)C,,
3080794,CCCCCCC(C)OC(=O)CC(=O)CBr,,
3080836,CC1=C(C=CC=C1Cl)NC2=C(C=CC=N2)C(=O)O.C(CCN)C[C@@H](C(=O)O)N,,
3080846,CCOC(=O)C(C1CCCCN1)C2=CC=CC=C2,,
3080871,CC[C@H](C)[C@@H](C(=O)N[C@@H]([C@@H](C)O)C(=O)N[C@@H](CC(=O)N)C(=O)N[C@@H](CS)C(=O)NCC(=O)N[C@@H](CC(C)C)C(=O)NCC(=O)N)NC(=O)[C@H](CC1=CC=C(C=C1)O)NC(=O)[C@H](C=S)N,,
3080926,C1CN=C(N1)C2=CC3=CC=CC=C3O2,,
3080928,C1CCC(CC1)[C@@H](CCN2[C@H](C(=O)NC2=O)CCCCCCC(=O)O)O,,
3080969,CC1=CC=C(C=C1)C(=O)C2=CC=C(N2C)CC(=O)OCCN3C=NC4=C3C(=O)N(C(=O)N4C)C,,
3081016,COC1=C(C2=C3C(=C1)C(=O)NC3=CC4=CC=CC=C42)O,,
3081017,C1CCN(C1)C(=O)[C@@H]2CCCN2C(=O)CCCC3=CC=CC=C3,,
3081030,C1=CC2=C(C=C1N)C(=O)OC(=C2Cl)OCCCSC(=N)N,,
3081084,C[C@H](CCCC(C)C(=O)O)[C@H]1CC[C@@H]2[C@@]1(CC[C@H]3[C@H]2[C@@H](C=C4[C@@]3(CC[C@@H](C4)O)C)O)C,,
3081085,C[C@H](CCCC(C)C(=O)O)[C@H]1CC[C@@H]2[C@@]1(CC[C@H]3[C@H]2[C@@H](CC4=CC(=O)CC[C@]34C)O)C,,
3081087,CCCC(=O)C1=CN=C2C(=C1NC3=CC=CC=C3C)C=CC=C2OC,,
3081170,CC1CCC(=O)N1CC#CCN(C)CCBr,,
3081207,CC(C)CC1(C(=O)NC(=O)NC1=O)CC=C.CC(=O)NC1=CC=C(C=C1)O.CN1C=NC2=C1C(=O)N(C(=O)N2C)C,,
3081289,CCCC1=NC(=C(N1CC2=CC=C(C=C2)C3=CC=CC=C3C4=NNN=N4)C(=O)O)CC,,
3081302,C1=CC(=C2C(=C1NCCN)C(=O)C3=C(C2=O)C=NC=C3)NCCN.C(=CC(=O)O)C(=O)O.C(=CC(=O)O)C(=O)O,,
3081308,CCCO[C@H]1C[C@@H](NC1)C(=O)N(C(=O)C2C[C@@H]3CCCC[C@@H]3N2)[C@@](C(CCN=C(N)N)C(=O)[C@@H]4CCCN4C(=O)[C@H](CCCN=C(N)N)NC(=O)[C@@H](CCCN=C(N)N)N)(C(=O)[C@H](CO)NC(=O)[C@H](CC5=CC=CC=C5)NC(=O)CNC(=O)[C@@H]6CC(CN6)O)C(=O)O,,
3081333,CCCC[C@H](C(=O)O)N(C(=O)[C@@H](CC1=CN(C2=CC=CC=C21)C(=O)OC)N)C(=O)[C@H](CC(C)(C)C)NC(=O)N3[C@@H](CCC[C@@H]3C)C,,
3081346,CCCCCCCCCCCCNCC(CCCCCCCCCN1C(=O)C2=C(N=CN2C)N(C1=O)C)O,,
3081349,CNC(=O)N(N(CCCl)S(=O)(=O)C)S(=O)(=O)C,,
3081351,CCCCCCCCCCCCCC(=O)NCCC1=CC=C(C=C1)OS(=O)(=O)N,,
3081355,CC1=CC=C(C=C1)CN2C(=CC(=N2)C(=O)N[C@H]3[C@]4(CC[C@H](C4)C3(C)C)C)C5=CC(=C(C=C5)Cl)C,,
3081362,CCCCCCCCCCNCCN[C@]1(C[C@@H](O[C@H]([C@H]1O)C)O[C@@H]2[C@H]([C@@H]([C@H](O[C@H]2OC3=C4C=C5C=C3OC6=C(C=C(C=C6)[C@H]([C@H](C(=O)N[C@H](C(=O)N[C@H]5C(=O)N[C@@H]7C8=CC(=C(C=C8)O)C9=C(C(=C(C=C9[C@H](NC(=O)[C@H]([C@@H](C1=CC(=C(O4)C=C1)Cl)O)NC7=O)C(=O)O)O)CNCP(=O)(O)O)O)CC(=O)N)NC(=O)[C@@H](CC(C)C)NC)O)Cl)CO)O)O)C,,
3081363,CCN(C1CCCCC1)C(=O)N2C(=O)N(N=N2)C3=CC=CC=C3Cl,,
3081367,CN1C(=NN(C1=O)C(=O)NS(=O)(=O)C2=CC=CC=C2OC(F)(F)F)OC,,
3081372,CC[C@H](C)[C@@H](C(=O)N[C@@H](CC1=CN=CN1)C(=O)N2CCC[C@H]2C(=O)N[C@@H](CC3=CC=CC=C3)C(=O)N[C@@H](CC4=CN=CN4)C(=O)N[C@@H](CC(C)C)C(=O)O)NC(=O)[C@H](CC5=CC=C(C=C5)O)NC(=O)[C@H](C(C)C)NC(=O)[C@H](CCCN=C(N)N)NC(=O)[C@H](CC(=O)O)N,,
3081382,CCCCCCCCCCCCCCCC(=O)OCC(COP(=O)(O)OC[C@@H](C(=O)O)N)OC(=O)CCCCCCCCCCCCCCC,,
3081383,CC(C)(COP(=O)(O)OP(=O)(O)OC[C@@H]1[C@H]([C@H]([C@@H](O1)N2C=NC3=C(N=CN=C32)N)O)OP(=O)(O)O)[C@H](C(=O)NCCC(=O)NCCSC(=O)CCCC(=O)O)O,,
3081384,C1=NC2=C(N1[C@H]3[C@@H]([C@@H]([C@H](O3)COP(=O)(O)O)O)O)NC(=O)NC2=S,,
3081385,C1[C@@H]2[C@H]([C@H]([C@@H](O2)N3C=CC(=O)NC3=O)O)OP(=O)(O1)O,,
3081416,C1[C@@H]([C@@H]2[C@](O1)(C(C(=O)O2)(CC3=CNC4=CC=CC=C43)O)O)O,,
3081439,CCCCCCCCCCCCCCCCCCCC(=O)SCCNC(=O)CCNC(=O)[C@@H](C(C)(C)COP(=O)(O)OP(=O)(O)OC[C@@H]1[C@H]([C@H]([C@@H](O1)N2C=NC3=C(N=CN=C32)N)O)OP(=O)(O)O)O,,
3081446,CSCC[C@@H](C(=O)N[C@@H](CC(=O)O)C(=O)N[C@@H](CC1=CC=CC=C1)C(=O)N)NC(=O)[C@H](CC2=CNC3=CC=CC=C32)NC(=O)CN,,
3081459,C(C(=O)[O-])N(CC(=O)[O-])CC(=O)[O-],,
3081500,C[C@H](C(=O)N[C@@H](CC(C)C)C(=O)N[C@@H](CCCN=C(N)N)C(=O)N1CCC[C@H]1C(=O)NCC(=O)N)NC(=O)[C@H](CC2=CC=C(C=C2)O)NC(=O)[C@H](CO)NC(=O)[C@H](CC3=CNC4=CC=CC=C43)NC(=O)[C@H](CC5=CN=CN5)NC(=O)[C@@H]6CCC(=O)N6,,
3081548,CC1(C2CCC3(C2C1C4=C(O3)C=C(C(=C4)C5CC(=O)C6=C(C=C(C=C6O5)O)O)O)C)C,,
3081743,CN1[C@@H]2CC(C[C@H]1[C@@H]3[C@H]2O3)OC(=O)[C@H](CO)C4=CC=CC=C4,,
3081780,CC[C@@](C)(C(=O)N[C@@H](CC(C)C)CN1CCC[N+]2=C1CCC2)NC(=O)[C@H](CC(C)C)NC(=O)[C@H](C)NC(=O)C(C)(C)NC(=O)[C@@H]3CCCCN3C(=O)C(C)(C)NC(=O)C(C)(C)NC(=O)CNC(=O)CCNC(=O)[C@H](CC(C)C)NC(=O)C(C)(C)NC(=O)C(C)(C)NC(=O)[C@@H]4CCCCN4C(=O)C(C)(C)NC(=O)[C@@H]5CCCCN5C(=O)C,,
3081785,CC1=C2[C@H](C(=O)[C@@]3([C@H](C[C@@H]4[C@]([C@H]3[C@@H]([C@@](C2(C)C)(C[C@@H]1OC(=O)[C@@H]([C@H](C5=CC=C(C=C5)O)NC(=O)C6=CC=CC=C6)O)O)OC(=O)C7=CC=CC=C7)(CO4)OC(=O)C)O)C)OC(=O)C,,
3081832,C[C@H]([C@@H](C(=O)O)NC(=O)[C@H](CC1=CNC2=CC=CC=C21)NC(=O)[C@@H]3CCCN3C(=O)[C@H](CC4=CC=C(C=C4)O)NC(=O)[C@H](C(C)C)NC(=O)[C@H](C(C)C)NC(=O)[C@H](CC(C)C)N)O,,
3081843,C1CCC2(CC1)CC3=C(O2)C(=CC(=C3)Cl)C(=O)N[C@@H]4CN5CCC4CC5,,
3081884,C[C@@H](C(=O)O)N.CC(=O)O.C1=CC(=CC=C1C[C@@H](C(=O)O)N)O.C(CCN)C[C@@H](C(=O)O)N.C(CC(=O)O)[C@@H](C(=O)O)N,,
3081898,CCCC(=O)N[C@@H](C1=CC=CC=C1)[C@H](C(=O)O[C@H]2C[C@]3([C@H]([C@H]4[C@@]([C@H](C[C@@H]5[C@]4(CO5)OC(=O)C)O)(C(=O)[C@@H](C(=C2C)C3(C)C)OC(=O)C)C)OC(=O)C6=CC=CC=C6)O)O,,
3081907,CCC1=C(C2=CC3=NC(=CN=C4C=C(C(=CC4=NC=C5C(=C(C(=N5)C=C1[N-]2)CCCO)C)OCCOCCOCCOC)OCCOCCOCCOC)C(=C3CCCO)C)CC.CC(=O)[O-].CC(=O)[O-].O.[Lu+3],,
3081915,C1CN(CCC1C2=NOC3=C2C=CC(=C3)F)CCCOC(=O)NC4=CC5=C(C=C4)OCO5,,
3081919,C1CCN(C1)CCOC2=CC=C(C=C2)[C@H]3[C@H](CCC4=C3C=CC(=C4)O)C5=CC=CC=C5.[C@H]([C@@H](C(=O)O)O)(C(=O)O)O,,
3081927,CCCCCCCCN1CCC2=C(C(=C(C(=C21)NC(=O)C(C)(C)C)C)CC(=O)O)C,,
3081930,CC1=COC2=C1C(=O)[C@@H]([C@@](C2)(C)C=C)C(=C)C,,
3081931,C[C@H]1CC[C@]2([C@H]([C@]1(C)CC3=C(C(=CC(=O)C3=O)N)O)CCCC2=C)C,,
3081958,C[C@H](CCCC(C)C)[C@H]1CC[C@@H]2[C@@]1([C@H](C[C@H]3[C@H]2[C@@H](CC4=CC(=O)CC[C@]34C)O)O)C,,
3081970,CC(C(=O)SCCNC(=O)CCNC(=O)[C@@H](C(C)(C)COP(=O)(O)OP(=O)(O)OC[C@@H]1[C@H]([C@H]([C@@H](O1)N2C=NC3=C(N=CN=C32)N)O)OP(=O)(O)O)O)O,,
3081990,CCCCCC1=CC2=C(C3=C(C=CC(=C3)C)C(O2)(C)C)C(=C1C(=O)O)O,,
3082004,CCCCCCCCCCCCCCCCC(=O)SCCNC(=O)CCNC(=O)[C@@H](C(C)(C)COP(=O)(O)OP(=O)(O)OC[C@@H]1[C@H]([C@H]([C@@H](O1)N2C=NC3=C(N=CN=C32)N)O)OP(=O)(O)O)O,,
3082005,CC1=CC(=O)C=C([C@]12C(=O)C3=C(O2)C(=C(C=C3OC)OC)Cl)OC,,
3082032,CC(C)(COP(=O)(O)OP(=O)(O)OC[C@@H]1[C@H]([C@H]([C@@H](O1)N2C=NC3=C(N=CN=C32)N)O)OP(=O)(O)O)[C@H](C(=O)NCCC(=O)NCCSC=O)O,,
3082042,CC[C@H](C)[C@@H](C(=O)N[C@@H](CC1=CN=CN1)C(=O)N2CCC[C@H]2C(=O)N[C@@H](CC3=CC=CC=C3)C(=O)O)NC(=O)[C@H](CC4=CC=C(C=C4)O)NC(=O)[C@H](C(C)C)NC(=O)[C@H](CCCN=C(N)N)N,,
3082054,C([C@@H]1[C@@H]([C@@H]([C@H]([C@@H](O1)O[C@H](CO)[C@@H]([C@H](C=O)O)O)O)O)O)O,,
3082109,C[C@H]1[C@H]([C@H]([C@@H]([C@@H](O1)O[C@@H]2[C@H]([C@H]([C@H](O[C@@H]2O[C@H]([C@@H](CO)O[C@H]3[C@H]([C@@H]([C@@H]([C@@H](O3)C)O)O)O)[C@@H]([C@H](C=O)O[C@@H]4[C@@H]([C@H]([C@H]([C@H](O4)CO)O)O)O)O[C@@H]5[C@@H]([C@H]([C@@H]([C@H](O5)CO)O)O)NC(=O)C)CO)O)O)O)O)O,,
3082130,C[C@]12CC[C@H]3[C@H]([C@@H]1CCC2=O)CC(=O)C4=C[C@H](CC[C@]34C)O,,
3082131,C[C@H]1[C@@H]2CC[C@]3(CCC(=O)C(=C3[C@H]2OC1=O)C)C,,
3082140,CC(C)(COP(=O)(O)OP(=O)(O)OC[C@@H]1[C@H]([C@H]([C@@H](O1)N2C=NC3=C(N=CN=C32)N)O)OP(=O)(O)O)[C@H](C(=O)NCCC(=O)NCCSC(=O)CCCCCC(=O)O)O,,
3082152,CCCC(=O)CC(=O)SCCNC(=O)CCNC(=O)[C@@H](C(C)(C)COP(=O)(O)OP(=O)(O)OC[C@@H]1[C@H]([C@H]([C@@H](O1)N2C=NC3=C(N=CN=C32)N)O)OP(=O)(O)O)O,,
3082163,CCCCCCCCCCCCCCCCCC(=O)OC[C@H](COP(=O)([O-])OCC[N+](C)(C)C)OC(=O)CCCCCCCCCCCCC,,
3082169,C[C@H]1[C@H]([C@H]([C@@H]([C@@H](O1)O[C@@H]2[C@H]([C@H]([C@H](O[C@@H]2O[C@@H](C=O)[C@H]([C@@H]([C@@H](CO)O)O)O[C@H]3[C@H]([C@@H]([C@@H]([C@@H](O3)C)O)O)O)CO)O)O)O)O)O,,
3082214,COC1=C(C=C(C=C1)Cl)C(=O)NCCC2=CC=C(C=C2)S(=O)(=O)NC(=O)NC3CCC(CC3)O,,
3082221,CCN1CCCC1CNC(=O)C2=C(C=CC(=C2)S(=O)(=O)CC)OC.Cl,,
3082227,CCCCCCCCCCCCCCCCCCCCCCCC(=O)SCCNC(=O)CCNC(=O)[C@@H](C(C)(C)COP(=O)(O)OP(=O)(O)OC[C@@H]1[C@H]([C@H]([C@@H](O1)N2C=NC3=C(N=CN=C32)N)O)OP(=O)(O)O)O,,
3082301,COC(=O)C1=CO[C@H]([C@H]2[C@@H]1CC=C2CO)O[C@H]3[C@@H]([C@H]([C@@H]([C@H](O3)CO[C@H]4[C@@H]([C@H]([C@@H]([C@H](O4)CO)O)O)O)O)O)O,,
3082305,CCOC(=O)CC[C@@H](C(=O)O)N,,
3082405,CC1=C(C(=O)C2=CC=CC=C2C1=O)CCC(C)C(=O)O,,
3082425,CC(=O)N(CCCNC(=O)CC(CC(=O)NCCCN(C(=O)C)O)(C(=O)O)O)O,,
3082434,C1=CC=C(C=C1)C2=CC=C(C=C2)CCC(=O)O,,
3082475,CC[C@H](C)[C@@H](C(=O)N[C@@H](CC1=CN=CN1)C(=O)N2CCC[C@H]2C(=O)N[C@H](C)C(=O)O)NC(=O)[C@H](CC3=CC=C(C=C3)O)NC(=O)[C@H](C(C)C)NC(=O)[C@H](CCCN=C(N)N)NC(=O)CNC,,
3082490,C1=CC(=C(C=C1CCN)O)O[C@H]2[C@@H]([C@H]([C@@H]([C@H](O2)C(=O)O)O)O)O,,
3082491,CC(C)C[C@@H](C(=O)N[C@@H](CC1=CC=CC=C1)C(=O)N)N,,
3082496,CN1C=NC2=C1C(=O)N(C(=O)N2C)CCCCC(=O)O,,
3082555,CCNC(=O)[C@@H]1[C@H]([C@H]([C@@H](O1)N2C=NC3=C(N=CN=C32)NC4CCCC4)O)O,,
3082568,CCCCCCCCCCCCCCCCOCC(CN(CCO)C(=O)CCCCCCCCCCCCCCC)O,,
3082615,C1=CC(=CC=C1C(=O)NCCNCCO)Cl,,
3082640,CC[C@H]1COC(=N1)C2=CC=C(C=C2)OCCCCCCCC3=CC(=NO3)C,,
3082718,CN([C@H](CN1CCCC1)C2=CC=CC=C2)C(=O)CC3=CC(=C(C=C3)Cl)Cl,,
3082754,CCN1CCC[C@@H]1CNC(=O)C2=C(C=CC(=C2)I)OC,,
3082757,CC1=C(C(=O)C2=C(C1(C)O)NC3=CC=CC=C32)OC,,
3082827,C1[C@H](N(C2=CC=CC=C21)C(=O)[C@H](CCCCN)OP(=O)(CCCCC3=CC=CC=C3)O)C(=O)O,,
3082883,C[C@@H](C(=O)N1CCC[C@H]1C(=O)NCC(=O)N2CCC[C@H]2C(=O)N[C@@H](CCCN=C(N)N)C(=O)O)N,,
3082976,C1CO[C@H]([C@@H](OCCOCCO[C@H]([C@@H](OCCO1)C(=O)O)C(=O)O)C(=O)O)C(=O)O,,
3082981,C(C1=C(C(=O)NO1)Br)[C@H](C(=O)O)N,,
3083066,C[C@H]1[C@@H]([C@H]([C@H]([C@@H](O1)OC[C@@H]2[C@H]([C@@H]([C@H]([C@@H](O2)OC3=CC4=C(C=C(C=C4[O+]=C3C5=CC(=C(C(=C5)O)O)O)O[C@H]6[C@@H]([C@H]([C@@H]([C@H](O6)COC(=O)C7=CC=C(C=C7)O[C@H]8[C@@H]([C@H]([C@@H]([C@H](O8)COC(=O)C9=CC=C(C=C9)O)O)O)O)O)O)O)O)O)O)O)O)O)O,,
3083260,CC(C)C[C@@H](CO)NC(=O)[C@@H]1CCCN1C(=O)C(C)(C)NC(=O)[C@H](CC(C)C)NC(=O)C(C)(C)NC(=O)[C@@H]2CCCN2C(=O)C(C)(C)NC(=O)[C@H](C(C)C)NC(=O)[C@H](CO)NC(=O)[C@@H]3CCCN3C(=O)C(C)(C)NC(=O)[C@H](CC(C)C)NC(=O)[C@H](CC(=O)N)NC(=O)C(C)(C)NC(=O)C,,
3083288,CC1(C2CCC1(C(C2)(CC(=O)O)O)CS(=O)(=O)N3CCC4(CC3)C=CC5=CC=CC=C45)C,,
3083382,CCCCCCCCCCC[C@H](CC(=O)N[C@@H]1[C@H]([C@@H]([C@H](O[C@@H]1OP(=O)(O)O)CO[C@H]2[C@@H]([C@H]([C@@H]([C@H](O2)CO[C@@]3(C[C@H]([C@H]([C@H](O3)[C@@H](CO)O)O)O[C@@]4(C[C@H]([C@H]([C@H](O4)[C@@H](CO)O)O)O)C(=O)O)C(=O)O)OP(=O)(O)O)OC(=O)C[C@@H](CCCCCCCCCCC)O)NC(=O)C[C@@H](CCCCCCCCCCC)O)O)OC(=O)C[C@@H](CCCCCCCCCCC)O)O,,
3083444,CO[C@@H]1[C@H](O[C@@H]([C@@H]([C@H]1OC)OC)O[C@H]2[C@@H]([C@H]([C@@H](O[C@@H]2C(=O)[O-])O[C@@H]3[C@H](O[C@@H]([C@@H]([C@H]3OS(=O)(=O)[O-])OS(=O)(=O)[O-])O[C@H]4[C@@H]([C@H]([C@@H](O[C@H]4C(=O)[O-])O[C@@H]5[C@H](O[C@@H]([C@@H]([C@H]5OS(=O)(=O)[O-])OS(=O)(=O)[O-])OC)COS(=O)(=O)[O-])OC)OC)COS(=O)(=O)[O-])OC)OC)COS(=O)(=O)[O-].[Na+].[Na+].[Na+].[Na+].[Na+].[Na+].[Na+].[Na+].[Na+],,
3083445,CO[C@@H]1[C@H](O[C@@H]([C@@H]([C@H]1OC)OC)O[C@H]2[C@@H]([C@H]([C@@H](O[C@@H]2C(=O)O)O[C@@H]3[C@H](O[C@@H]([C@@H]([C@H]3OS(=O)(=O)O)OS(=O)(=O)O)O[C@H]4[C@@H]([C@H]([C@@H](O[C@H]4C(=O)O)O[C@@H]5[C@H](O[C@@H]([C@@H]([C@H]5OS(=O)(=O)O)OS(=O)(=O)O)OC)COS(=O)(=O)O)OC)OC)COS(=O)(=O)O)OC)OC)COS(=O)(=O)O,,
3083457,C1CN(CC=C1C2=CC=C(C=C2)Cl)CCC(=O)C3=CC=CC=C3,,
3083500,CC[C@@H]1[C@]2(C[C@H](C[C@H]([C@@H]2C3=C(O1)C=CN(C3=O)O)C)C)C,,
3083511,C1COCCN1C2=NC(=O)N(C2)C3=CC=C(C=C3)Cl,,
3083514,C[C@H]1COC2=C1C(=O)[C@@](C3=C2C=CC4=C(C=CC=C43)C)(CC(=O)C)O,,
3083515,C[C@H]1COC2=C1C(=O)[C@@](C3=C2C=CC4=C3CCCC4(C)C)(CC(=O)C)O,,
3083542,CCCCCCC(C)(C)C1=CC(=C2[C@@H]3CC(=CC[C@H]3C(OC2=C1)(C)C)C(=O)O)O,,
3083543,CC1C2=C(C=CC=C2NC(=O)C3=C(N(N=C3C)C)Cl)C(O1)(C)C,,
3083544,C[C@H](CC1=CC=C(C=C1)OC)NC[C@@H](C2=CC(=C(C=C2)O)NC=O)O,,
3083546,CCOC(=O)COC1=C(C=C(C(=C1)N2C(=O)C(=C(C=N2)C(F)(F)F)C)F)Cl,,
3083575,CC1=CC2=C(C(=C1O)OC)C(=O)C3=C(C2=O)C=CC=C3O,,
3083581,CC1=CC(=O)C2=C(C(=C(C=C2O1)OC)C)O,,
3083586,COC1=C(OC2=C(C1=O)C=CC3=C2C=CO3)C4=CC5=C(C=C4)OCO5,,
3083597,C1OC2=C(O1)C=C3C(=C2)C=CC(=O)O3,,
3083616,COC1=C(C(=C2C(=C1)C=CC(=O)O2)O)OC,,
3083622,CN1[C@@H]2CC(C[C@H]1[C@H]3[C@@H]2O3)OC(=O)C(=C)C4=CC=CC=C4,,
3083632,CC(C)CC(=O)C1C(=O)C(C(=O)C(C1=O)(C)C)(C)C,,
3083634,CC1=CC(=C(C(=C1O)C)O)C(=O)C,,
3083639,CC(C[N+](C)(C)C)OC(=O)C.[I-],,
3083653,C=CC(=O)[O-].C=CC(=O)[O-].[PbH2+2],,
3083670,C1COCCN1CCC(=O)C2=CC=CC=C2.Cl,,
3083671,CC1=CC=C(C=C1)S(=O)(=O)NC(=O)NC2CCCC2,,
3083688,COC1=C(C=CC(=C1)C(=O)NCC(=O)O)O,,
3083698,CC(CC(=O)O[C@H]1C[C@H]2CCN([C@H]2[C@H]3[C@H]1OC(=O)C4=CC5=C(C=C34)OCO5)C)O,,
3083710,CCCCCC(=O)N[C@@H](CCN)C(=O)N[C@@H]([C@@H](C)O)C(=O)N[C@@H](CCN)C(=O)N[C@H]1CCNC(=O)[C@@H](NC(=O)[C@@H](NC(=O)[C@@H](NC(=O)[C@@H](NC(=O)[C@@H](NC(=O)[C@@H](NC1=O)CCN)CC2=CC=CC=C2)CC(C)C)CCN)CCN)[C@@H](C)O,,
3083714,C[C@H]([C@H]1C(=O)NCC[C@@H](C(=O)N[C@H](C(=O)N[C@@H](C(=O)N[C@H](C(=O)N[C@H](C(=O)N[C@H](C(=O)N1)CCN)CCN)CC(C)C)CC2=CC=CC=C2)CCN)NC(=O)[C@H](CCN)NC(=O)[C@H]([C@@H](C)O)NC(=O)[C@H](CCN)NC(=O)O)O,,
3083726,COC1=C2C=COC2=C(C3=C1C=CC(=O)O3)O,,
3083739,C1=CC2=C(C(=C1)Cl)NC=C2CC(=O)O,,
3083746,CC(=O)CC1=CC(=C(C=C1OC)OC)OC,,
3083765,C(CCCCCCCC(=O)O)CCCCCCCC(=O)O,,
3083768,CN1C2=C(C(=O)N(C1=O)C)N(C=N2)CCNCC(C3=CC(=C(C=C3)O)O)O.Cl,,
3083774,CCC(=O)C(Cl)Cl,,
3083779,CC(C)CCCCCCCCCCCCCCCC(=O)O,,
3083783,COC1=CC=C(C=C1)C2=CC(=O)C3=C(C(=C(C(=C3O2)O)OC)OC)O,,
3083788,CC1=C(C2=C(C(=C1OC)C)OC(=CC2=O)C3=CC=C(C=C3)O)O,,
3083797,COC1=CC=C(C=C1)CCNC(=O)C2=CC=CC=C2,,
3083803,CC1(C=CC2=C(O1)C=CC3=C2OC4=C(C3=O)C5=CC(=C(C=C5OC4)OC)OC)C,,
3083805,CCC=C(C=O)C1=CC=CC=C1,,
3083809,COC1=CC2=C(C=C1)C(=O)[C@@H]3[C@H](O2)COC4=CC(=C(C=C34)OC)OC,,
3083811,CC#CCC1=CC2=CC=CC=C2C(=O)O1,,
3083831,CCCCCCCCCC(=O)CCCCCCCC(=O)O,,
3083840,CC(=O)OC1=C(C=C2C(=C1)OC=C(C2=O)C3=CC=C(C=C3)OC)OC,,
3083845,COC1=C(C(=C2C(=C1O)C(=O)C=C(O2)C3=CC=C(C=C3)O)OC)O,,
3083848,C1=CC2=C(C=CC(=O)O2)C3=C1C=CO3,,
3083855,COC(=O)CCCCCO,,
3083857,CCCC[C@H]1[C@@H]2CCCC=C2C(=O)O1,,
3083883,C=CC(=O)OC(C(C(C(C(C(C(C(C(C(CF)(F)F)(F)F)(F)F)(F)F)(F)F)(F)F)(F)F)(F)F)(F)F)F,,
3083907,CN1CC[C@]23[C@@H]4[C@H]5[C@@H](CC2=O)C(=CCO[C@H]5CC(=O)N4C6=CC=CC=C36)C1,,
3083922,C(=O)(C(=O)[O-])O.[NH4+],,
3083923,C[C@H]1[C@@H]2[C@H](CC(=C3[C@@H]([C@H]2OC1=O)C(=CC3=O)C)C)OC(=O)C,,
3083928,COC1=C(C(=C2C(=C1)C=CC(=O)O2)OC)OC,,
3083938,C(CC(=O)[O-])C(=O)[O-].O.O.O.O.O.O.[Na+].[Na+],,
3083977,C1=CC=C(C(=C1)CC(C(=O)O)O)O,,
3083980,CN1C(=O)C(NC1=O)C2=CC=CC=C2,,
3084009,COC1=C(C2=C(C=C1)C3=C(C4=C(O3)C=C(C=C4)O)C(=O)O2)O,,
3084016,CC(C)CC(C(=O)OC)N.Cl,,
3084017,COC(=O)C(CC1=CC=CC=C1)N.Cl,,
3084023,C1=CC=C(C(=C1)C(=O)O)O[C@H]2[C@@H]([C@H]([C@@H]([C@H](O2)C(=O)O)O)O)O,,
3084025,CC(=O)CN.Cl,,
3084027,C(=O)([O-])[O-].C(=O)([O-])[O-].C(=O)([O-])[O-].C(=O)([O-])[O-].[Mg+2].[Mg+2].[Mg+2].[Mg+2],,
3084035,CC(C)[C@@]1(C(=O)N2CC(=O)N3CCC[C@H]3[C@@]2(O1)O)NC(=O)[C@H]4CN([C@@H]5CC6=CNC7=CC=CC(=C67)C5=C4)C,,
3084037,CC[C@H](C)[C@H]1C(=O)N2CCC[C@H]2C(=O)N(CC(=O)N([C@H](C(=O)O[C@@H]([C@@H](C(=O)N1)NC(=O)C3=C(C(=O)C(=C4C3=NC5=C(C=CC(=C5O4)C)C(=O)N[C@H]6[C@H](OC(=O)[C@@H](N(C(=O)CN(C(=O)[C@@H]7CCCN7C(=O)[C@@H](NC6=O)C(C)C)C)C)C(C)C)C)C)N)C)C(C)C)C)C,,
3084039,CCC(=O)OCC1C(C(C(C(O1)OC(=O)CC)OC(=O)CC)OC(=O)CC)OC2C(C(C(C(O2)COC(=O)CC)OC(=O)CC)OC(=O)CC)OC(=O)CC.CC(=O)OCC1C(C(C(C(O1)OC(=O)C)OC(=O)C)OC(=O)C)OC2C(C(C(C(O2)COC(=O)C)OC(=O)C)OC(=O)C)OC(=O)C.C(C1C(C(C(C(O1)OC2C(OC(C(C2O)O)O)CO)O)O)O)O,,
3084049,CC(=O)N[C@@H]1[C@H]([C@@H]([C@H](O[C@H]1O)CO)O)O[C@H]2[C@@H]([C@H]([C@@H]([C@H](O2)C(=O)O)O[C@H]3[C@@H]([C@H]([C@@H]([C@H](O3)CO)O)O[C@H]4[C@@H]([C@H]([C@@H]([C@H](O4)C(=O)O)O)O)O)NC(=O)C)O)O.[Na+],,
3084051,CCC[C@@H]1C2=C(C[C@H](O1)CC(=O)O)C(=O)C3=C(C2=O)C(=CC=C3)O,,
3084066,COC1=CC=C(C=C1)C2=CC(=O)C3=C(C(=C(C=C3O2)OC)O)O,,
3084068,C1=CC(=O)NC(=C1)O.Cl,,
3084072,C[C@@H]1[C@@H]([C@@H](C[C@@H](O1)OC2=CC(=C3C(=C2)C=C4C[C@H]([C@@H](C(=O)C4=C3O)O[C@@H]5C[C@@H]([C@H]([C@@H](O5)C)O)OC6C[C@@H]([C@H]([C@@H](O6)C)O)O)[C@@H](C(=O)[C@H]([C@@H](C)O)O)OC)O)O[C@H]7C[C@@H]([C@@H]([C@@H](O7)C)OC)O)O,,
3084092,CC(C)[C@H]1C(=O)OC(C(=O)N([C@H](C(=O)OC(C(=O)N([C@H](C(=O)OC(C(=O)N1C)C(C)C)C(C)C)C)C(C)C)C(C)C)C)C(C)C,,
3084093,C1=C(C(=O)NC(=O)N1[C@H]2[C@@H]([C@@H]([C@H](O2)C(C=O)N)O)O)C(=O)O,,
3084126,C[C@]12C(=O)N3[C@@H]4[C@](C[C@@]3(C(=O)N1C)SS2)(C5=CC=CC=C5N4)[C@]67C[C@]89C(=O)N([C@](C(=O)N8[C@H]6NC1=CC=CC=C71)(SS9)C)C,,
3084216,CC1=CC(=O)C2=C(O1)C=C3C=C(C(=C(C3=C2O)OC)C4=C5C(=C(C6=C4C=C(C=C6OC)OC)O)C(=O)C=C(O5)C)OC,,
3084224,COC1=C(C2=C3C(=C1)C=CN=C3C(=O)C4=CC5=C(C=C42)OCO5)OC,,
3084235,CC(C)(C)C1=CC(=CC(=C1O)C(C)(C)C)C(C2=CC(=C(C(=C2)C(C)(C)C)O)C(C)(C)C)C(=O)O,,
3084256,C1CC(NC1)C(=O)OCC2=CC=CC=C2.Cl,,
3084276,C(CCCCCCC(=O)O)CCCCCCO,,
3084295,C1=CC=C(C=C1)C(=O)OC[C@@H]2[C@H]([C@@H]([C@H]([C@@H](O2)OC3=C(C=C(C=C3)O)CO)O)O)O,,
3084319,C[C@@]12CCNC1N(C3=C2C=C(C=C3)OC(=O)NC)C,,
3084328,CC(C)C1=C2[C@H]([C@@H]3[C@H]4[C@](CC[C@H]([C@@]4(C2=CC(=O)O1)C)O)(C(=O)O3)C)O,,
3084335,COC1=C(C=C2C=CC(=O)OC2=C1)O[C@H]3[C@@H]([C@H]([C@@H]([C@H](O3)CO)O)O)O,,
3084336,CC(C)CCCCCCCC(=O)NCC1=CC(=C(C=C1)O)OC,,
3084345,CC(C(C)OC(=O)C)C(=O)OCC12[C@H]3C[C@@]4(C(=CCC5C4(CCC6C5(CCC([C@]6(C)CO)O[C@H]7[C@@H]([C@H]([C@@H]([C@H](O7)C(=O)O)O[C@@H]8[C@@H]([C@H]([C@@H]([C@H](O8)CO)O)O)O)O)O[C@H]9[C@@H]([C@H]([C@@H](CO9)O)O)O)C)C)C1CC([C@@H](C2O)O3)(C)C)C.[Na+],,
3084375,CCCCCCCCCCCCCCCCCCCCCCCCCCCCCC=O,,
3084376,CCCCCCCCCCCCCCCCCCCCCCCCCCCC=O,,
3084390,COC1=C(C(=C2C(=C1)OC(=CC2=O)C3=CC=C(C=C3)O)O)O,,
3084396,CC(C(=O)O)O.COC1=CC(=CC(=C1OC)OC)CC2=CN=C(N=C2N)N,,
3084407,C1=CC(=CC=C1C2=CC(=O)C3=C(C(=C(C(=C3O2)C4C(C(C(C(O4)CO)O)O)O)O)C5C(C(C(C(O5)CO)O)O)O)O)O,,
3084441,CSCC[C@@H](C(=O)N[C@@H](CC1=CC=C(C=C1)O)C(=O)C(=O)[C@H](CC(=O)O)N)NC(=O)CNC(=O)[C@H](CC2=CNC3=CC=CC=C32)NC(=O)[C@H](CCSC)NC(=O)[C@H](CC(=O)O)NC(=O)[C@H](CC4=CC=CC=C4)NN,,
3084462,CCCCCCCCCCCCCCCCCCCCCCCCCC=O,,
3084463,CCCCCCCCCCCCCCCC(=O)OC[C@H](CO)O,,
3084471,CCCCCCC1C(C(OC(=O)C(C(OC1=O)C)NC(=O)C2=C(C(=CC=C2)NC=O)O)C)OC(=O)CCC,,
3084472,CCCCC1C(C(OC(=O)C(C(OC1=O)C)NC(=O)C2=C(C(=CC=C2)NC=O)O)C)OC(=O)CCC,,
3084526,CCCCCCCCCCCCCCCC(=O)OCCCCC,,
3084542,CN(C)CCCNC(=O)N,,
3084545,CCOC(=O)C1=C(C(=C(C=C1C)O)C)O,,
3084546,CCC(C(=O)NC1=CC=CC(=C1)C(=O)NC2=NN(C(=O)C2)C3=C(C=C(C=C3Cl)Cl)Cl)OC4=C(C=C(C=C4)C(C)(C)CC)C(C)(C)CC,,
3084571,CC(=CCSC(=O)C)C,,
3084600,C(CC(=O)O)C(C(=O)O)N.[Zn+2],,
3084605,COC1=C(C=C(C=C1)C2=C(C(=O)C3=C(O2)C(=C(C(=C3OC)OC)OC)OC)O)OC,,
3084606,COC1=CC=C(C=C1)CCC(=O)C2=C(C=C(C=C2O)OC)O,,
3084624,CN1[C@@H]2CC[C@H]1CC(C2)OC(=O)C(C3=CC=CC=C3)(C4=CC=CC=C4)O.Cl,,
3084629,CC1(CC2=C(CO1)C(=O)C3=C(C2=O)C=C(C=C3OC)OC)O,,
3084646,C1=CC(=C2C(=C1)C(=O)OC2=O)C3=CC4=C(C=C3)C(=O)OC4=O,,
3084655,CC1=CC(=O)C2=C(O1)C3=CC(=C(C=C3OC2)O)O,,
3084726,C1=CC=C(C=C1)C2(C(=O)N(C(=O)N2)CCCC(C(=O)O)N)C3=CC=CC=C3,,
3084772,CCC(CC)CCC(=O)C,,
3084796,C1=CC(C=CC1=O)(CCO[C@@H]2[C@H]([C@@H]([C@H]([C@@H](O2)CO)O)O)O)O,,
3084815,CC(=C)C(=O)OC(C(C(C(C(C(C(C(C(C(CF)(F)F)(F)F)(F)F)(F)F)(F)F)(F)F)(F)F)(F)F)(F)F)F,,
3084823,C1=CC=C(C(=C1)N)SC2=C3C=CC=C4C3=C(C=C2)C(=O)OC4=O,,
3084853,CCOC(C1=CC=CC=C1)(C(=O)C2=CC=CC=C2)OCC,,
3084875,C1=CC(=CC=C1C(=O)O)N=C(N)N.Cl,,
3084961,COC1=C(C=C(C2=C1OC(=CC2=O)C3=CC=CC=C3)O)O[C@H]4[C@@H]([C@H]([C@@H]([C@H](O4)C(=O)O)O)O)O,,
3084995,C1[C@@H]([C@@H]([C@H]([C@@H](O1)C2=C(C(=C3C(=C2O)C(=O)C=C(O3)C4=CC=C(C=C4)O)[C@H]5[C@@H]([C@H]([C@@H]([C@H](O5)CO)O)O)O)O)O)O)O,,
3085092,CC[C@H]([C@H]1CC[C@@H]([C@@H](O1)[C@@H](C)[C@@H]([C@H](C)C(=O)[C@H](CC)[C@@H]2[C@H](C[C@H]([C@]3(O2)C=C[C@H]([C@@]4(O3)CC[C@@](O4)(C)[C@H]5CC[C@@]([C@@H](O5)C)(CC)O)O)C)C)O)C)C(=O)O,,
3085110,CCCCCCCC(=O)OCCCOC(=O)CCCCCCC,,
3085170,C1=CC=C(C(=C1)C(=O)O)O.C(CO)N,,
3085204,C[C@@H]1CCCCCC[C@H]([C@]23O[C@@H]4[C@@H]5[C@H]6[C@](O6)([C@H]([C@]7([C@@H]([C@@H]1[C@@H]([C@@H]7OC(=O)C8=CC=CC=C8)C)[C@@]5(O2)[C@@H](C[C@@]4(O3)C(=C)C)COC(=O)C9=CC=CC=C9)O)O)CO)O,,
3085207,CCOC(=O)COC1=NC(=C(C=C1Cl)Cl)Cl,,
3085213,CC(C)CC(=O)OC1=C(C=C(C=C1)CC=C)OC,,
3085216,CC(=O)N[C@@H]1[C@H](C[C@@](O[C@H]1[C@@H]([C@@H](CO)O)O)(C(=O)O)OC[C@@H]2[C@H]([C@@H]([C@H]([C@@H](O2)O[C@H]3[C@H]([C@H](O[C@H]([C@@H]3O)O[C@@H]4[C@H](OC([C@@H]([C@H]4O)O)O)CO)CO)O)NC(=O)C)O[C@H]5[C@@H]([C@H]([C@H]([C@H](O5)CO)O)O[C@@]6(C[C@@H]([C@H]([C@@H](O6)[C@@H]([C@@H](CO)O)O)NC(=O)C)O)C(=O)O)O)O)O,,
3085222,COC1=C(C(=C(C(=C1C(=O)CCC2=CC=CC=C2)O)CC3=CC=CC=C3O)O)CC4=CC=CC=C4O,,
3085226,CCCCCCCCCCCCCCCCCC(=O)OC(C(CO)O)O,,
3085227,CCCCCOC(=O)CC1=CC=C(C=C1)CC2=CC=C(C=C2)NC(=O)OCCCCOC(=O)NC3=CC=C(C=C3)CC4=CC=C(C=C4)NC(=O)OCCCCC,,
3085257,CCCC[C@H]1C2=C(C=CCC2)C(=O)O1,,
3085267,C1=CC=C(C=C1)C(C2=CC=CC=C2)S(=O)CC(=O)O,,
3085401,CCCCCCCCCC(=O)OC[C@@H](CO)O,,
3085416,CC[C@H](C)[C@@H]1[C@H](CC[C@@]2(O1)C[C@@H]3C[C@H](O2)CC=C([C@H]([C@H](C=CC=C4CO[C@H]5[C@@]4([C@@H](C=C([C@H]5O)C)C(=O)O3)O)C)O[C@H]6C[C@@H]([C@H]([C@@H](O6)C)O[C@H]7C[C@@H]([C@H]([C@@H](O7)C)O)OC)OC)C)C,,
3085440,CCCCCCCCCCCCOC(=O)C1=CC(=C(C=C1)Cl)NC(=O)C(C(=O)C2=CC=C(C=C2)OC)N3C(=O)C(N(C3=O)CC4=CC=CC=C4)OCC,,
3085519,CC(C)CCCCCCCCCC=O,,
3085830,COC1=C(C=CC(=C1)C2C(OC3=C(O2)C=CC(=C3)C4C(C(=O)C5=C(C=C(C=C5O4)O)O)O)CO)O,,
3085877,C1CNC(=O)C2=C(C1=O)C=CN2,,
3085920,CCC(COC(=O)CCN1CCCCCC1)(COC(=O)C=C)COC(=O)C=C,,
3085982,CC12CCC(C1(C)CS(=O)(=O)O)C(C2=O)Br.N,,
3086012,C[C@H](C[Se]CC(=O)NCCS(=O)(=O)O)[C@H]1CC[C@@H]2[C@@]1([C@H](C[C@H]3[C@H]2[C@@H](C[C@H]4[C@@]3(CC[C@H](C4)O)C)O)O)C,,
3086031,CCNC1=CC2=C(C=C1C)C(=C3CC(=C(C=C3O2)NCC)C)C4=CC=CC=C4C(=O)OC,,
3086051,CCCCCCCCC1CC(=O)N[C@H](C(=O)N[C@@H](C(=O)N[C@@H](C(=O)N2CCC[C@H]2C(=O)N[C@H](C(=O)N[C@@H](C(=O)N[C@H](C(=O)N1)[C@@H](C)O)CO)CCC(=O)O)CC(=O)N)CC3=CC=C(C=C3)O)CC(=O)N,,
3086055,COC1=CC=C(C=C1)CCC(=O)C2=C(C=C(C=C2O)O)O,,
3086114,CC[C@H](C)[C@@H](C(=O)N[C@@H](CCCN=C(N)N)C(=O)N1CCC[C@H]1C(=O)N[C@@H](CCCCN)C(=O)O)NC(=O)[C@H](CCCN=C(N)N)NC(=O)[C@H](CCCN=C(N)N)NC(=O)[C@H](CC(C)C)NC(=O)[C@H](CC2=CC=CC=C2)NC(=O)CNC(=O)CNC(=O)[C@H](CC3=CC=C(C=C3)O)N,,
3086172,CC1([C@@H]([C@@H]1C(=O)O[C@@H](C#N)C2=CC(=CC=C2)OC3=CC=CC=C3)C=C(Cl)Cl)C,,
3086211,CCC(COC(=O)CCOC(=O)C=C)(COC(=O)CCOC(=O)C=C)COC(=O)CCOC(=O)C=C,,
3086228,CCCC(=O)O[C@]1(CC[C@@H]2[C@@]1(CC[C@H]3[C@H]2CCC4=CC(=O)CC[C@H]34)CC)C#C,,
3086276,C1=CC(=C(C=C1Br)C(=O)C2=C(C(=C(N2)Br)Br)Br)O,,
3086355,CCCCCCCC1=CC=C(C=C1)C2=CC=C(C=C2)C(=O)O,,
3086389,CC(C)C1=CC=C(C=C1)COC(=O)C2=CC=CC=C2O,,
3086453,CCCC[C@@H](C(=O)NCC(=O)N[C@@H](CC1=CNC2=CC=CC=C21)C(=O)N[C@@H](CCCC)C(=O)N[C@@H](CC(=O)O)C(=O)N[C@@H](CC3=CC=CC=C3)C(=O)N)NC(=O)[C@H](CC4=CC=C(C=C4)OS(=O)(=O)O)NC(=O)OC(C)(C)C,,
3086461,C[C@]12CCC3=C([C@@H]1C[C@H]4[C@@]5([C@@]26[C@@H](O6)[C@H]7[C@@]([C@H]5O)(O7)C(C)(C)O)O4)COC3=O,,
3086518,C1[C@H]([C@H](OC2=C1C(=C(C(=C2)O)[C@@H]3[C@H]([C@H](OC4=CC(=CC(=C34)O)O)C5=CC(=C(C=C5)O)O)OC(=O)C6=CC(=C(C(=C6)O)O)O)O)C7=CC(=C(C=C7)O)O)OC(=O)C8=CC(=C(C(=C8)O)O)O,,
3086547,COC1=CC(=C(C=C1C(=O)N[C@H]2CCN3CCC[C@H]2C3)Cl)N,,
3086559,C[C@@H]1C[C@H]([C@]2([C@@]13C[C@H]([C@@]4([C@]2(COC4=O)C)O)OC(=O)[C@@H]3O)O)O,,
3086576,CC(C)N[C@@H]1CCN2C3=C([C@H]1O)C=CC=C3NC2=O,,
3086599,CCNC(=O)[C@@H]1[C@H]([C@H]([C@@H](O1)N2C=NC3=C(N=C(N=C32)NCCC4=CC=C(C=C4)CCC(=O)O)N)O)O,,
3086601,CC1(CC(CC(N1)(C)C)NC(=O)C(=O)NN)C,,
3086637,COC1=C(C=CC(=C1)C2C(OC3=C(O2)C=C(C=C3)[C@@H]4[C@H](C(=O)C5=C(C=C(C=C5O4)O)O)O)CO)O,,
3086644,CC(C)(CC1=NC2=C(N1CC3=CC=C(C=C3)Cl)N=CC(=C2)Cl)CC(=O)O,,
3086646,CCCCCCCCCCC(C1CCC(O1)C(CCC(C2CCC(O2)CCCCCCCC3CC(C(=O)O3)CC(=O)C)O)O)O,,
3086652,CC(C)C[C@@H]([C@@H]([C@H](CC1CCCCC1)NC(=O)[C@H](CC2=CSC=N2)NC(=O)[C@H](CC3=CC=CC=C3)CS(=O)(=O)N4CCN(CC4)C)O)O,,
3086653,CC1(C=CC2=C(O1)C=CC3=C2O[C@@H]4CO[C@@]5([C@@H]4C3=O)C=C(C(=CC5=O)OC)OC)C,,
3086671,C[C@H](C#CC1=CC=C(S1)CC2=CC=C(C=C2)F)N(C(=O)N)O,,
3086673,COCCOC(=O)CCC(=O)N,,
3086674,COC(=O)[C@@H]1[C@H]2CC[C@H](N2CCCF)C[C@@H]1C3=CC=C(C=C3)[123I],,
3086677,C[C@@H](C(=O)N[C@@H](C)C(=O)NC1[C@H]2[C@@H]1CN(C2)C3=C(C=C4C(=O)C(=CN(C4=N3)C5=C(C=C(C=C5)F)F)C(=O)O)F)N,,
3086681,CC(=O)N(CC1=CC=CC=C1OC)C[C@@H](CC2=CNC3=CC=CC=C32)NC(=O)CN4CCC(CC4)N5CCCCC5,,
3086682,CC(C)C[C@@H](C(=O)O)NC(=O)[C@@H]1CNC(=O)C[C@@H](C(=O)N[C@H](C(=O)N[C@H](C(=O)N1)CC2=CC=CC=C2)CC3=CNC4=CC=CC=C43)NC(=O)[C@H](CC(=O)N[C@H]5[C@@H]([C@H]([C@@H]([C@H](O5)CO)O)O)NC(=O)C)N,,
3086685,CNC(=O)C1=CC=CC=C1SC2=CC3=C(C=C2)C(=NN3)C=CC4=CC=CC=N4,,
3086686,CCN(CC)CCNC(=O)C1=C(NC(=C1C)C=C2C3=C(C=CC(=C3)F)NC2=O)C,,
3086902,CC1CCC(=O)N1CC#CCN2CCC2,,
3086903,CC[N+](C)(C)CC#CCN1C(CCC1=O)C.[I-],,
3087188,CS(=O)(=O)NC1=CC=C(C=C1)C(=O)C2CCN(CC2)CCCC3=CC=NC=C3.Cl.Cl,,
3087190,CC1=NC(=CC=C1)CCN2CCC(CC2)C(=O)C3=CC=C(C=C3)NS(=O)(=O)C.Cl.Cl,,
3087365,C1C(CC2=C1C=CC(=C2)C(=O)CCC(=O)O)NS(=O)(=O)C3=CC=C(C=C3)Cl,,
3087367,CC1=CC=C(C=C1)S(=O)(=O)NC2CC3=C(C2)C=C(C=C3)C4=NNC(=O)CC4,,
3087369,CC1CC(=O)NN=C1C2=CC3=C(CC(C3)NS(=O)(=O)C4=CC=CC=C4)C=C2,,
3087370,C1C(CC2=C1C=CC(=C2)CCCC(=O)O)NS(=O)(=O)C3=CC=C(C=C3)Cl,,
3087722,C[C@H]1[C@@H]([C@H]([C@H]([C@@H](O1)OC[C@@H]2[C@H]([C@@H]([C@H]([C@@H](O2)OC3=CC4=C(C(=C3)OCCO)C(=O)C=C(O4)C5=CC(=C(C=C5)OC)O)O)O)O)O)O)O,,
3087749,CN1C(=NNC1=O)C2=CC=C(C=C2)Cl,,
3088223,C1C2=CC=CC=C2C(C3=CC=CC=C3S1)NCC(=O)O,,
3088268,CN1C(=NNC1=O)C2=CC=NC=C2,,
3088276,CC1=CC=C(C=C1)C2=NNC(=O)N2C,,
3088280,CN1C(=NNC1=O)C2=CC=CS2,,
3088389,CN(C)CC1=CC=C(O1)CSCCSCC2=CC=C(O2)CN(C)C,,
3088593,CC1=CC(=C(C(=C1)C)NC(=O)C(C)N2CCCCCC2)C.Cl,,
3088972,CC1CCC(=O)N1CC#CC[N+](C)(C)C.[I-],,
3089344,CCOC(=O)NC1=C(C(=NN1)NC(=O)OCC)[N+](=O)[O-],,
3089680,C(CNC(=O)C(C(C(C(C(C(F)(F)F)(F)F)(F)F)(F)F)(F)F)(F)F)C(=O)O,,
3089985,C1=CC(=CC=C1C(=O)NC(C(Cl)(Cl)Cl)SC2=CC=C(C=C2)Cl)Br,,
3090023,C1=CC=C(C(=C1)NC(=O)C2=CC=C(C=C2)[N+](=O)[O-])O,,
3090117,C1=CC=C(C(=C1)C=O)OCCCCOC2=CC=CC=C2C=O,,
3090151,CC(C)(C)C(=O)NC(C(Cl)(Cl)Cl)N1C=NC=CC1=O,,
3090272,CCOP(=O)(C(C(Cl)(Cl)Cl)NC(=O)C1=CC=CC=C1)OCC,,
3090323,CC(=O)NC(C(Cl)(Cl)Cl)P(=O)(OC)OC,,
3090473,C1=CC(=CC(=C1)[N+](=O)[O-])C(=O)NC2=C(C=CC(=C2)[N+](=O)[O-])O,,
3090643,C1=CC=C(C=C1)C(=O)C2=CC=C(C=C2)OCCO,,
3090774,C1C2CC3CC1CC(C2)(C3)NC(=O)NC4=CC=CC=C4,,
3090814,CC1=CC(=C(C=C1)NC(=S)NC(C(Cl)(Cl)Cl)NC(=O)C2=CC=CC=C2)C,,
3090892,CCCCC(C(=O)O)N1C(=O)C2=CC=CC=C2C1=O,,
3090974,CC(=O)N1C2=CC=CC=C2C3(C(C1(C)C)C3(Cl)Cl)C,,
3091419,C1=CC=C(C=C1)C(=O)C(C(=O)NC2=CC=CC=C2)Cl,,
3091494,CN1C(=O)C2=C3C(=C(C=C2)N)C=CC=C3C1=O,,
3091786,CC1=CC=CC=C1N=NC2=CC(=C(C=C2)NC(=O)C3=CC=NN3C)C,,
3092218,CCCCCCC1=CC=C(C=C1)C(=O)CCN(C)C,,
3092238,C1CN(CCN1C(=O)C2=CC=C(C=C2)[N+](=O)[O-])C(=O)C3=CC=C(C=C3)[N+](=O)[O-],,
3092240,C1=C(C(=CC(=C1S(=O)(=O)N)Cl)Cl)C(=O)[O-],,
3092570,CCC1=CC2=C(C=C1OC(=O)C)OC(=C(C2=O)C3=NC4=CC=CC=C4N3C)C,,
3092847,C1CC(=O)N(C1)C2=C(C=C(C=C2)S(=O)(=O)N)[N+](=O)[O-],,
3092936,C1=CC=C(C=C1)C2=NC3=C(O2)C=C(C=C3)[N+](=O)[O-],,
3093419,COC1=C(C=C(C=C1)NC(=S)NC(C(Cl)(Cl)Cl)NC(=O)CF)[N+](=O)[O-],,
3093800,CC(C1=CC=CC=C1)N2C3=C(N=C2Br)N(C(=O)NC3=O)C,,
3094002,C1=CC=C(C(=C1)C=NNC(=O)C2=CC(=CC=C2)[N+](=O)[O-])O,,
3094320,C1CCCCCC(=O)OCCCC(=O)CCCC1,,
3094929,C1=CC=C(C=C1)N2C(=O)C3C(C2=O)C4C5=CC=CC=C5C3C6=CC=CC=C46,,
3094951,C1C2C=CC1C3C2C(=O)N(C3=O)C4=CC5=CC=CC=C5C=C4,,
3094957,CC1=CC(=CC=C1)NC(=S)NC(C(Cl)(Cl)Cl)NC(=O)C2=CC=CO2,,
3095106,CC(=O)OC1CCC2(C(C1(C)C)CCC(C2COC3=CC4=C(C=C3)C=CC(=O)O4)(C)O)C,,
3095209,C1=CC=C(C=C1)CNC2=CC(=O)C(=O)C3=CC=CC=C32,,
3095210,CCCCNC1=CC(=O)C(=O)C2=CC=CC=C21,,
3095430,COC1=CC=CC(=C1)C=C2C(=O)NC(=S)S2,,
3095456,CCC(=O)N1C(CC(=N1)C2=CC=CC=C2)C3=CC=CC=C3,,
3095535,CC1(C(=O)N(C(=O)N1)CCN(C)C)C2=CC=C(C=C2)[N+](=O)[O-],,
3095867,CC1=C(C(NC(=O)N1)C2=CC=C(C=C2)Br)C(=O)OC,,
3097087,CN1C2=CC(=C(C=C2N(C(=O)C1=O)C)[N+](=O)[O-])[N+](=O)[O-],,
3097411,CC1=NON=C1C(=O)NN=CC2=CC=C(O2)[N+](=O)[O-],,
3097577,CC1=C(C(NC(=S)N1)C2=CC=C(C=C2)OC)C(=O)C,,
3097921,CCOC(=O)C1=CC=C(C=C1)NC2=C(C=CC=N2)[N+](=O)[O-],,
3098422,C1=CC=C2C(=C1)C(=O)OC(=N2)C3=CC=C(C=C3)C4=NC5=CC=CC=C5C(=O)O4,,
3098837,CCC1=NN(C(C1)(C2=CC=CC=C2)O)C(=O)C3=CC=CC=C3O,,
3099034,C1=CC(=CN=C1)CNC(=O)NCCCCCCNC(=O)NCC2=CN=CC=C2,,
3099053,C1=CC(=CC=C1NC(=O)C2=CC=C(O2)[N+](=O)[O-])O,,
3099436,CC1=C(C(=NN1CC(=O)NCCCN2CCOCC2)[N+](=O)[O-])Cl,,
3099740,CCN1C(=O)C2=C3C(=C(C=C2)N)C=CC=C3C1=O,,
3100692,CC(C)CCOCC(CCC(=O)NNC(=S)NCC=C)O,,
3100701,CCC(CCC(=O)O)(C1=CSC(=N1)NC2=CC=C(C=C2)C)C(=O)OCC,,
3100887,C1=CC=C2C(=C1)C(=O)C3=C(C2=O)C=C(C=C3)NC(=O)CCl,,
3101198,CC(CC(=O)O)N1C=CN=C1,,
3101216,COC(=O)C1CCCN1S(=O)(=O)C2=CC=C(C=C2)[N+](=O)[O-],,
3101542,CCOC1=CC=CC=C1N=NC2=C(NN(C2=O)C3=NC(=CS3)C4=CC=CC=C4)C,,
3101991,C1=CC(=CC=C1C(=O)C(NC(=O)C2=CC=C(C=C2)F)O)F,,
3102717,C1=CC=C(C=C1)C(=O)CCCCCCCC(=O)C2=CC=CC=C2,,
3102733,C1=CC=C(C=C1)CC(=O)NC(CC(=O)O)C2=CC=CC=C2,,
3103157,CC1=C(C(C2=C(N1)CC(CC2=O)(C)C)C3=CC=C(C=C3)[N+](=O)[O-])C(=O)OC4CCCCC4,,
3103193,CCOC(=O)C1=C(NC2=C(C1C3=C(C=C(C=C3)Cl)Cl)C(=O)CC(C2)(C)C)C,,
3103608,C1=CC=C2C(=C1)C(=O)C3=C(C2=O)C(=C(C=C3N)[N+](=O)[O-])N,,
3103979,CCC(=O)N1C(CC(C2=CC=CC=C21)N(C3=CC=CC=C3)C(=O)CC)C,,
3104497,CC1=CC=C(C=C1)N2C(=O)C3C(C2=O)NN=C3C(=O)OC,,
3104609,CC(=O)NCCOC1=CC=CC2=C1N=CC=C2,,
3104910,C1CN2C(CN(CC2=O)C(=O)C3=CC=CC=C3)C4=CC=CC=C41,,
3105419,CCOC(=O)CC1=CSC(=N1)NS(=O)(=O)C2=CC=CC(=C2)[N+](=O)[O-],,
3106064,CN1C2=C(C(=O)N(C1=O)CC3=CC=CC=C3)N(C(=N2)SCCO)CC4=CC=CC=C4,,
3106540,C1=CC=C(C=C1)CCCCNC(=O)C2=CC(=CC=C2)[N+](=O)[O-],,
3107224,CC1=CC=C(C=C1)C2N(C(=O)CS2)C3=CC=CC=C3,,
3107433,CC(=O)OCC(C)(C1CC2=C(C3=CC=CC=C3N=C2O1)OC)O,,
3107634,C1=CC=C(C=C1)NC(=O)C(=O)NCCCN2C=CN=C2,,
3107635,CC1=CC=C(C=C1)NC(=O)C(=O)NC2CC(NC(C2)(C)C)(C)C,,
3108117,CC1=CCC2C(C(=O)CCC2(C1COC3=CC4=C(C=C3)C=CC(=O)O4)C)(C)C,,
3108210,CC1=CC(=CC=C1)NC(=O)C(C2=CC=CC=C2Cl)N3CCOCC3,,
3108369,C1=CC=C2C(=C1)NC(=N2)C3=CC=C(C=C3)NC(=O)C4=CC(=CC=C4)[N+](=O)[O-],,
3109741,CNC1=C2C=CC=C3C2=C(C=C1)C(=O)N(C3=O)C,,
3109980,CC1=CC=CC=C1NC(=O)CC2C(=O)N(C(=O)S2)C3=CC=CC=C3,,
3110120,CCCCCOC(=O)C1=CC=C(C=C1)NC(=O)C2=CC(=CC=C2)NC(=O)C3=CC=CC=C3C(=O)O,,
3110227,CC(=CCC1(C(=O)C=CC2=C1N=C3C(=C2OC)C=CO3)OC)C,,
3110315,C1=CC=C2C(=C1)C=C(C(=O)O2)C(=O)NC3=CC=C(C=C3)C(=O)O,,
3110698,CC1=CC(=C(C=C1)NC(=O)C2=C(NC=N2)C(=O)NC3=NC4=CC=CC=C4N3)C,,
3111211,CC1=CC(=C(C(=C1)C)NC(=O)C2CC3CCC2C3)C,,
3111420,CC(C1=CC=CC=C1)NC(=O)C2=CC=NC=C2,,
3112066,C1CCC(CC1)N2CC(CC2=O)C(=O)NC3=CC(=CC=C3)Cl,,
3112067,C1CCC(CC1)N2CC(CC2=O)C(=O)NC3=CC(=CC=C3)Br,,
3112604,C1=CC=C2C(=C1)N(C3=CC=CC=C3S2)C(=O)C4=CC=C(C=C4)[N+](=O)[O-],,
3112776,CC1=CC=C(C=C1)S(=O)(=O)N2CCSC2C(=O)O,,
3113005,C1=CC=C(C=C1)C2=CC(=NC3=CC(=NN23)C(=O)NCCCN4C=CN=C4)C5=CC=CC=C5,,
3113043,CCCCCOC(=O)CSC1=NC2=C(N1CC3=CC=C(C=C3)Cl)C(=O)NC(=O)N2C,,
3113441,C1=CC=C(C(=C1)C(=O)NC2=NC=C(S2)[N+](=O)[O-])Br,,
3113817,CSC1=NC2=NN=C(C(=O)N2N1)[N+](=O)[O-],,
3113972,C1=CC=NC(=C1)CNC(=O)C(=O)NCC2=CC=CC=N2,,
3113974,COC1=CC=C(C=C1)CNC(=O)C(=O)NCC2=CN=CC=C2,,
3114312,C1=CC=C2C(=C1)C(=O)C(=O)N2CCN3C4=CC=CC=C4C(=O)C3=O,,
3114587,CN(CC1=CC=CC=C1)C(C(Cl)(Cl)Cl)NC(=O)C2=CC=CO2,,
3114900,C1=CC=C(C(=C1)C(=O)O)SCCCN2C(=O)C3=CC=CC4=C3C(=CC=C4)C2=O,,
3115307,CC(C)OC(=O)NCCOC(=O)NC1=CC=C(C=C1)Cl,,
3115394,COC1=CC=C(C=C1)C(=O)NNC(=O)CCCCC(=O)NNC(=O)C2=CC=C(C=C2)OC,,
3115458,CC1=C(C2(C(=O)C3=CC=CC=C3C2(N1)O)O)C(=O)OCCOC,,
3116236,CCOC1=C(C=C(C=C1)C(=O)NC2=CC=C(C=C2)C3=NC4=CC=CC=C4N3)[N+](=O)[O-],,
3116398,C1=CC=C(C(=C1)C2=NC3=C(O2)C=CC(=C3)NC(=O)C4=CC=C(O4)[N+](=O)[O-])F,,
3116854,CC(CNC(=O)C1=CC=CC=C1Cl)C2=CC=CC=C2,,
3117097,CCCCCSC1=NC2=C(N1CCC3=CC=CC=C3)C(=O)NC(=O)N2C,,
3117357,C1=CC=C2C(=C1)C(=O)NC(N2)C3=CC=C(C=C3)Br,,
3117363,C1=CC=C2C(=C1)C(=O)NC(N2)C3=CC(=CC=C3)Cl,,
3117364,C1=CC=C(C(=C1)C2NC3=CC=CC=C3C(=O)N2)O,,
3117694,CC1=C(C=C(C=C1)NC(=O)C(=O)NNC(=O)C2=CC(=CC=C2)OC)Cl,,
3117725,CC(C)(C)OC(=O)NNC(=O)C1=CC=C(C=C1)OC,,
3118003,C1CC2CC1C3C2C(=O)N(C3=O)C4=CC5=CC=CC=C5C=C4,,
3118319,CC1=CC(=NC(=N1)NS(=O)(=O)C2=CC=C(C=C2)NC(=O)C3C(C3(C)C)C=C(Cl)Cl)C,,
3118322,CC1=C(C(NC(=O)N1)C2=C(N=C3C=CC=CN3C2=O)Cl)C(=O)OCCOC,,
3118655,CCCNC(=O)C1=CC(=CC=C1)Br,,
3118713,COC1=CC=CC(=C1)C(=O)NCCN2CCOCC2,,
3119182,C1=CC=C(C=C1)C(C2=C(C=CC(=C2)Br)NC(=O)C3=CC=CC=C3Br)NCC(=O)NN,,
3119445,CC1(C(=O)NC(=O)N1)C2=CC=C(C=C2)[N+](=O)[O-],,
3120148,C1=CC=C(C=C1)C2C(C2(Cl)Cl)C(=O)NC3=NC=C(C=C3)Cl,,
3120536,C1=CC(=C(C(=C1)Cl)C(=O)NC2=CC=NC=C2)Cl,,
3120678,CC1=CC2=C(C=C1)N(C(CC2(C)C3=CC=CC=C3)(C)C)C(=O)C4=CC=C(C=C4)F,,
3121000,CC1=CC=C(C=C1)S(=O)(=O)NC(CC(=O)O)C2=CC=C(C=C2)F,,
3121001,CC(=O)NC(CC(=O)O)C1=CC=C(C=C1)F,,
3121386,C1=CN=CC=C1CNC(=O)C(=O)NCC2=CC=NC=C2,,
3122681,CCOC(=O)C1=C(NC(=O)NC1C2=CC3=C(C=C2)OCO3)CCl,,
3123324,CC(=O)NC1C(C(C(OC1OC2=CC=C(C=C2)C=O)COC(=O)C)OC(=O)C)OC(=O)C,,
3124282,CC(=O)NC1=CC=C(C=C1)OCC(CN2C3=CC=CC=C3C4=CC=CC=C42)O,,
3124342,C1C=CC2C1C(NC3=CC=CC=C23)C(=O)O,,
3124448,CCCCOC(=O)CSC1=NN=C(O1)C2=CC=C(C=C2)C,,
3124834,C1=CC=C2C(=C1)C(=O)OC23C4=C(C5=C(C=C4)C=C(C=C5)O)OC6=C3C=CC7=C6C=CC(=C7)O,,
3125219,C1CCN(CC1)C(=O)C2COC3=CC=CC=C3O2,,
3125367,C1C(N(N=C1C2=CC=CC=C2)C=O)C3=CC=C(C=C3)Cl,,
3125610,CC(=O)N1C(CC(=N1)C2=CC=C(C=C2)[N+](=O)[O-])C3=CC=C(C=C3)OC,,
3126541,CC(C1=CC=CC=C1)NC(=O)CN2C=NC3=C2C(=O)N(C(=O)N3C)C,,
3127025,C1=CC=C2C(=C1)C=CC=C2N3C(=NN=N3)SCC(=O)NC4=CC=CC=C4[N+](=O)[O-],,
3127094,CC1CC(N(C2=C1C=C(C=C2)OC)C(=O)NC3=CC=CC=C3)(C)C,,
3127143,C1=CC=C2C(=C1)C3C4C(C2(C5=CC=CC=C35)[N+](=O)[O-])C(=O)N(C4=O)C6=CC=C(C=C6)C(=O)O,,
3127390,C1=CC=C(C(=C1)C(=O)NNC(=O)C2=CC=CC=N2)[N+](=O)[O-],,
3127623,C1=CC2C3C(C1C4C2C(=O)N(C4=O)CCO)C(=O)N(C3=O)CCO,,
3127685,COC1=CC=C(C=C1)NC(=O)C(=O)NCCN2CCN(CC2)C(=O)C3=CC=CO3,,
3127843,CC1=CC=C(C=C1)S(=O)(=O)C(CC(=O)C)C2=CC=CC=C2,,
3127917,C1CC2C(=O)NC3=CC=CC=C3N2C1,,
3128137,CC1=C2C(C(=C(OC2=NN1)N)C#N)C3=CC=CO3,,
3128213,C1=CC(=CC(=C1)NC2=CC=C(C3=NON=C23)[N+](=O)[O-])C(=O)O,,
3128224,C1COCCN1CCCNC(=O)C(=O)N,,
3128422,CC1=CC(=CC=C1)C(=O)NNC(=O)C2CCCO2,,
3128780,CCOC(=O)C1=C(OC2=C(C1C3=CC(=CC=C3)Cl)C=CC(=C2)O)N,,
3129243,CCCC(=O)NC(C1=CC=C(C=C1)C)C2=C(C3=C(C=CC=N3)C=C2)O,,
3129244,CCCCC(=O)NC(C1=CC=CC=C1)C2=C(C3=C(C=CC=N3)C=C2)O,,
3129245,CCCCC(=O)NC(C1=CC(=CC=C1)[N+](=O)[O-])C2=C(C3=C(C=CC=N3)C=C2)O,,
3129247,CCCCC(=O)NC(C1=CC=C(C=C1)N(C)C)C2=C(C3=C(C=CC=N3)C=C2)O,,
3129248,CCCCC(=O)NC(C1=C(C2=C(C=CC=N2)C=C1)O)C3=CC=CC=C3OC,,
3129249,CCCCC(=O)NC(C1=CC=C(C=C1)OC)C2=C(C3=C(C=CC=N3)C=C2)O,,
3129250,CCCCC(=O)NC(C1=CC(=C(C=C1)OC)OC)C2=C(C3=C(C=CC=N3)C=C2)O,,
3129743,C1=CC2=C(C=C1[N+](=O)[O-])N=C(O2)N=C(N)N,,
3129754,C1=CC=C2C(=C1)C3=C(C2=O)C(SC4=CC=CC=C4N3)C5=CC=CO5,,
3129877,C=CCN1C2=CC=CC=C2C3=C1N=C(N=N3)SCC(=O)O,,
3130863,C1=CC2=C3C(=CC=C4C3=C1C(=O)N(C4=O)CCCCO)C(=O)N(C2=O)CCCCO,,
3131377,CC1=CC2=C(C=C1C)NC3=C(C(N2)C4=CC(=C(C=C4)OC(=O)C)OC)C(=O)CC(C3)(C)C,,
3131824,CC1=CC(=NN1CCC(=O)O)C,,
3132192,C1=CC=C2C(=C1)N=NN2CCC(=O)OCC(=O)C3=CC=C(C=C3)F,,
3132206,C1=CC=C(C=C1)C(=O)NC(C2=C(C3=C(C=CC=N3)C=C2)O)C4=CC=CC=C4Cl,,
3132463,CCCOC(=O)C1=C(NC2=C(C1C3=CC=CC=C3F)C(=O)CC(C2)C4=CC(=C(C=C4)OC)OC)C,,
3132734,C1=CC(=CC=C1N)NC(=O)C2=C(NC=N2)C(=O)O,,
3134425,CC1(CC(=CC(=O)C1)NCC(C2=CC=CC=C2)O)C,,
3135155,COC1=CC=C(C=C1)C(CC(=O)C2=CC=CC=C2)S(=O)(=O)C3=CC=CC=C3,,
3135671,CC(C)(C)C1=CC=CC=C1OCC(=O)O,,
3135701,C1C(OC2=CC=CC=C2O1)CNC(=O)COC3=CC=CC=C3,,
3136118,C1COCCN1C(=O)C2CC3=CC=CC=C3CN2S(=O)(=O)C4=CC=C(C=C4)F,,
3136121,CC(=O)NC(C1=C(C=C(C=C1)Cl)Cl)C2=C(C3=C(C=CC=N3)C=C2)O,,
3136125,CCCC(=O)NC(C1=CC=C(C=C1)C(C)C)C2=C(C3=C(C=CC=N3)C=C2)O,,
3136155,CC1CCCCN1C(=O)NC2=CC=CC=C2Cl,,
3136304,COC1=CC=CC(=C1)NS(=O)(=O)C2=CC3=C(C=C2)NC(C4C3C=CC4)C5=CC=C(C=C5)C(=O)O,,
3136355,C1CSC(=O)C1NC(=O)C(C2=CC=CC=C2)C3=CC=CC=C3,,
3136571,CCC1=CC2=C(C=C1)NC(=O)C23NN=C(S3)C4=CC=CC=C4,,
3136622,C1=CC=C(C=C1)C2=NNC3(S2)C4=C(C=CC(=C4)Br)NC3=O,,
3136666,CC1=CC=C(C=C1)C2=NNC3(S2)C4=CC=CC=C4NC3=O,,
3136667,CC1=CC=C(C=C1)C2=NNC3(S2)C4=CC=CC=C4N(C3=O)C,,
3136668,CCC1=CC2=C(C=C1)NC(=O)C23NN=C(S3)C4=CC=C(C=C4)C,,
3136692,CC1=C(C(=CC=C1)C)NC(=O)C2CCCN2C(=O)OC(C)(C)C,,
3136719,CCC1=NN(C(C1)(C2=CC=NC=C2)O)C(=O)COC3=CC=CC=C3,,
3136849,CC(=O)C1=CC2=C(C=C1)NC(C3C2C=CC3)C4=CC5=C(C=C4Br)OCO5,,
3136927,C1C=CC2C1C(NC3=C2C=C(C=C3)Br)C(=O)O,,
3137370,C1=CC=C(C=C1)CNC(=S)NNC(=O)COC2=CC=C(C=C2)Cl,,
3137550,CC1(CC2=C(C=C(C(=N2)SC)C#N)C(=O)C1)C,,
3137773,CC1=NN(C=C1)CC(C)C(=O)O,,
3137828,CCN(CC)C(=S)SCC(=O)C1=CC=CC=C1,,
3137930,CC1(CC2=C(C(=O)C1)C(=NC=N2)N)C,,
3138334,CC1=CC=C(C=C1)C(=O)NC(=S)NNC(=O)C2=CC(=CC=C2)[N+](=O)[O-],,
3138590,CC1CC2=C(C(=O)N1)NC3=C2C=C(C=C3)OC,,
3138592,CCN1C(=O)C2=C(N=C1SCC=C)SC3=C2CCC4=CC=CC=C43,,
3138755,CCCC(=O)NC(C1=CC2=C(C=C1)OCO2)C3=CC(=C4C=CC=NC4=C3O)Cl,,
3139403,CN1C2=C(C(=O)N(C1=O)C)N(C(=N2)NCCO)CC3=CC=C(C=C3)Cl,,
3139745,CC1=C(C(C(=C(N1)C)C(=O)OCC=C)C2=CC=CC=C2Cl)C(=O)OCC=C,,
3140381,CCN(CC)C(=S)NC(=O)C12CC3CC(C1)CC(C3)C2,,
3140491,CC(C(=O)NC1=CC=C(C=C1)Cl)OC2=CC=CC=C2,,
3140709,CC(=O)NC1=NON=C1C2=NC3=CC=CC=C3N2CC4=CC=CC=C4,,
3141768,CCC1=CC=C(C=C1)C2NC(CS2)C(=O)O,,
3142078,C1=NN=C(S1)NC(=O)CCCC(=O)O,,
3142998,CCOC(=O)CCCN1C(=O)C2=CC=CC3=C2C(=CC=C3)C1=O,,
3143020,C1CCC2C(C1)C(=O)CCN2,,
3143123,CC1(CC(CCO1)N2C(=O)C3=CC=CC=C3N=C2SC)C,,
3143277,C1=C(C=C(C(=C1C(=O)O)N)[N+](=O)[O-])[N+](=O)[O-],,
3143286,C1=CC=C(C=C1)CNC(=O)C(CC2=CNC3=CC=CC=C32)N,,
3143288,CCC1C2=C(CC(N1)C(=O)O)C3=CC=CC=C3N2,,
3143991,CC1=CC=CC=C1CN2C=C(C=N2)NC(=O)CSC3=NC4=C(CCC5=CC=CC=C54)C(=N3)C(F)(F)F,,
3143995,CC1=C(C(=NN1CC2=CC=C(C=C2)Cl)C)NC(=O)CSC3=NC4=C(CCC5=CC=CC=C54)C(=N3)C(F)(F)F,,
3144161,COC1=CC(=C(C=C1)OC)N(CC(=O)NC2CC3CCC2C3)S(=O)(=O)C4=CC=CC=C4,,
3144310,CC(C(=O)N1C2=CC=CC=C2CCC3=CC=CC=C31)Cl,,
3144586,C1=CC=C(C=C1)CC(=O)NC(C2=CC=CO2)C3=CC(=C4C=CC=NC4=C3O)Cl,,
3144815,CC(=CCC1=C2C(=C(C=C1O)O)C(=O)CC(O2)C3=CC=CC=C3)C,,
3145114,CCC1=NC(=C(C2=C1CCCC2)C#N)SCC(=O)O,,
3146109,COC(=O)C1=CC2=C(C=C1N)OCCO2,,
3146156,CC1CC(CN(C1)C(=O)C2=CC=CC3=C2C4=CC=CC=C4C3=O)C,,
3146266,COC1=C(C=C(C=C1)N2CC(CC2=O)C(=O)O)Cl,,
3146502,CC1=CC=C(C=C1)C2=NC(=C(O2)NCC3CCCO3)C#N,,
3146573,CC1=CC=C(C=C1)C2C(=C(C(=O)N2C3=NN=C(S3)C)O)C(=O)C4=CC=CO4,,
3146599,CC1=CC=C(O1)C(=O)C2=C(C(=O)N(C2C3=CC(=C(C=C3)OC)OC)CC4=CN=CC=C4)O,,
3146687,C1CC(=O)N(C1)CC(=O)O,,
3146689,C1CC(=O)N(C1)CCCC(=O)O,,
3146924,C1=CC(=CC(=C1)N)C(=O)NCCNC(=O)C2=CC(=CC=C2)N,,
3147224,C1=CC=C2C=C3C(=CC2=C1)NC(=N3)CCCOC(=O)C4=CC=C(C=C4)N,,
3147229,CN1C=C(C(=N1)C(=O)NC2=CC3=C(C=C2)N=C(N3)C4=CC=CC=C4)[N+](=O)[O-],,
3147337,C1=CC(=C(C=C1NC(=O)C2=C(C3=C(S2)NC(=O)C(=C3)C(=O)O)N)Cl)Cl,,
3147411,CCOC1=CC2=C(N=C(N=C2C=C1)NC3=NC(CC(=O)N3)C4=CC=C(C=C4)OC)C,,
3147878,C1CCN(CC1)C2=C(C(=O)C3=CC=CC=C3C2=O)NC4=CC=CC=C4,,
3148020,CCC(C)C(=O)NC1=CC=C(C=C1)S(=O)(=O)NC2=NC=CS2,,
3148028,C1=CC(=CC=C1OCC(=O)NC2=NC=C(S2)[N+](=O)[O-])Cl,,
3148033,CC1=C(C(=NO1)C2=CC=CC=C2)C(=O)NC3=NC=C(S3)[N+](=O)[O-],,
3148347,C1=CC=C2C(=C1)C(=NC=N2)OCC(=O)O,,
3148502,C1CC1NC(=O)C2CC(=O)N(C2)C3=CC=C(C=C3)F,,
3149095,CCN1C(=NN=C1SCC(=O)NC2=CC=C(C=C2)OC)C3=CC=CO3,,
3149176,C1CCC(CC1)NC(=O)C2CC(=O)OC23CCCCC3,,
3149337,CC1=CC=C(C=C1)N2CC(CC2=O)C(=O)OCC(=O)C3=CC=C(C=C3)F,,
3149444,CC1=CC=C(C=C1)NC(=O)C(=O)C2=CNC3=CC=CC=C32,,
3149447,C1=CC=C(C=C1)CNC(=O)C(=O)C2=CNC3=CC=CC=C32,,
3149448,C1=CC=C(C=C1)NC(=O)C(=O)C2=CNC3=CC=CC=C32,,
3149449,CCCCNC(=O)C(=O)C1=CNC2=CC=CC=C21,,
3149754,CC1=CC2=C(C=C1C)NC(=O)CC2C3=CC(=CC=C3)F,,
3149866,CCCCC1=C(N=C(NC1=O)SCC(=O)N2CCCCCC2)O,,
3149891,C1CCN(CC1)C(=O)CC(C2=CC=CC=C2)C3=CC=CC=C3O,,
3150901,CC1(CC2CC(C1)(CN2C(=O)C3=CC=C(C=C3)[N+](=O)[O-])C)C,,
3151004,CC(C)N1CC(CC1=O)C(=O)O,,
3151315,CC1=CC=CN2C1=NC3=C(C2=O)C=C(C(=N)N3CC4CCCO4)C(=O)NCC5=CN=CC=C5,,
3151320,C1CCC(CC1)NC(=O)C2=CC3=C(N=C4C=CC=CN4C3=O)N(C2=N)CC5CCCO5,,
3151369,CCCN1C2=C(C=C(C1=N)C(=O)NC(C)C3=CC=CC=C3)C(=O)N4C=CC=CC4=N2,,
3151377,C1CCC(CC1)N2C3=C(C=C(C2=N)C(=O)NCC4CCCO4)C(=O)N5C=CC=CC5=N3,,
3151587,C1=CC=C(C=C1)C(CC2=CC=C(C=C2)F)C(=O)O,,
3152085,CC1(CC(=CC(=O)C1)NC2=CC=C(C=C2)[N+](=O)[O-])C,,
3152350,COC1=CC=CC=C1NC(=O)NC2CCS(=O)(=O)C2,,
3152354,CC1=CC(=CC=C1)NC(=O)NC2(CCS(=O)(=O)C2)C,,
3152356,CC1(CCS(=O)(=O)C1)NC(=O)NC2=CC=CC=C2OC,,
3152392,CC1CNC2=CC=CC=C2NC1=O,,
3152509,CC1=C(NC(=O)C(=C1)C(=O)O)C,,
3152639,C1=CC=C2C(=C1)C(=C(S2)C(=O)NCCCN3C=CN=C3)Cl,,
3152662,CN1C2=CC=CC=C2C3=C1C=C(C=C3)C=O,,
3152999,CCOCCN1C2=C(N=C1SCC(=O)OCC3=CC=CC=C3)N(C(=O)NC2=O)C,,
3153001,CC(CSC1=NC2=C(N1CCCC3=CC=CC=C3)C(=O)N(C(=O)N2C)C)O,,
3153010,CC1=CC(=CC=C1)CN2C3=C(N=C2SCCOC)N(C(=O)NC3=O)C,,
3153302,CCOC(=O)C1=NN(C(=O)C2=C(SC=C21)N)C3=CC=C(C=C3)C,,
3153309,CCN1C(=CC(=C1C)C=O)C,,
3153364,CC1=C(C=C(C=C1)NC2(C3=CC=CC=C3NC2=O)C#N)C,,
3153600,CC(=O)N1CC2=C(CC1C(=O)O)C3=CC=CC=C3N2,,
3153602,C1=CC=C(C(=C1)N2C(=O)C=CC2=O)F,,
3153715,COC1=CC=C(C=C1)CCN(C(C2=CC=CS2)C(=O)NC3CCCC3)C(=O)C(F)(F)F,,
3153925,CC1=CC(=NN1CC(=O)NCCC2=CCCCC2)C,,
3153995,C1=CC(=CN=C1)N2C=CC=C2C=O,,
3154179,C1=C(N(N=C1)C(F)F)C(=O)O,,
3154190,CN1C2=C(C(=O)NC1=O)N(C(=N2)NCC=C)CCOC3=CC=CC=C3,,
3154530,C1CC2CC1C3C2C4=C(C=CC(=C4)C(=O)NCC5=CN=CC=C5)NC3C6=CC=CC=C6,,
3154679,CN1CCN(CC1)C2=CC=C(C=C2)NC(=O)C3=CC=C(C=C3)OC,,
3154698,C1CCN(C1)C2=C(C=C(C=C2)NC(=O)C3=CC=C(O3)[N+](=O)[O-])Cl,,
3154711,C1C2CC3CC1CC(C2)(C3)NC(=O)C4=C(N=CC=C4)Cl,,
3154832,C1=CC=C(C=C1)C(C(=O)O)SC2=C(C(=CC(=N2)C3=CC=CS3)C(F)(F)F)C#N,,
3154975,CCOC1=CC=C(C=C1)C2C(=C(OC3=C2C(=O)NC=N3)N)C#N,,
3155043,CCC1C(=O)N(C2=C(O1)C=CC(=C2)C)CC(=O)NCC3CCCO3,,
3155063,C1=CSC(=C1)S(=O)(=O)NCC(=O)O,,
3155078,C1C(C(=O)NC1=O)SC2=C(C=CC=N2)C(=O)O,,
3155160,CC(=O)OC1=CC=C(C=C1)C(=O)NC2=CC3=C(C=C2)OCCO3,,
3155249,CC1=NN=NN1C2=CC=C(C=C2)C(=O)O,,
3155251,CC1=NN=NN1C2=CC=C(C=C2)CC(=O)O,,
3155499,C1C(OC2=CC=CC=C2O1)C(=O)NC3=NC=C(C=C3)Cl,,
3155802,CC1CCC2=C(N1C(=O)CCl)C=CC(=C2)F,,
3155947,CN1C(=NN=N1)SCC(=O)O,,
3156022,CC1=CC(=CC=C1)C2=NC(=NO2)C3=CC=CC=N3,,
3156041,CC1CCCN(C1)C2=NC3=C(N2CC4=CC=CC=C4Cl)C(=O)NC(=O)N3C,,
3156042,CC1CCCN(C1)C2=NC3=C(N2CCCC4=CC=CC=C4)C(=O)NC(=O)N3C,,
3156232,CCOC(=O)C1=C(OC(=C(C1C2=CN=CC=C2)C#N)N)C3=CC=CC=C3,,
3156259,CC1=C(SC=C1)C2C(=C(OC3=C2C(=O)CC(C3)(C)C)N)C#N,,
3156318,CC1=CC=C(O1)C2C(=C(OC3=C2C(=O)OC(=C3)C)N)C#N,,
3156770,CCOC(=O)CN1C2=C(C=C(C=C2)C)C(=O)C1=O,,
3156931,CC(C)N1CC(CC1=O)C(=O)NC2=CC=C(C=C2)NC(=O)C,,
3156992,C1=C(SC(=C1)Cl)C2=CC(=NN2)C(=O)O,,
3157014,C1C(=O)N(C(=N)S1)C2=NC=C(S2)CC3=CC=CC=C3Cl,,
3157040,COC1=C(C=C(C=C1)C2NC(=O)C(=C(N2C3=CC=CC=C3)S)C#N)OC,,
3157044,C1=CC=C(C=C1)N2C(NC(=O)C(=C2S)C#N)C3=CC=CO3,,
3157067,C1C2CC3CC1CC(C2)(C3)C(C(=O)O)N,,
3157098,C1=CSC(=C1)C2=CC(=NO2)C(=O)O,,
3157295,C1COC(C2=CC=CC=C21)C(=O)O,,
3157325,CC1=CC(=CC(=C1)NC(=O)CN2CCN(CC2)C3=CC=CC=C3)C,,
3157451,CN(C)C1=CC=C(C=C1)C2NC3=CC=CC=C3C(=O)N2,,
3157592,CC1=CC=C(C=C1)C2C(=C(C(=O)N2CCC3=CNC4=CC=CC=C43)O)C(=O)C,,
3157596,CCC1=CC=C(C=C1)C2C(=C(C(=O)N2CCC3=CNC4=CC=CC=C43)O)C(=O)C,,
3157599,CC(=O)C1=C(C(=O)N(C1C2=CC=C(C=C2)C(=O)OC)CCC3=CNC4=CC=CC=C43)O,,
3157603,CCOC1=CC=C(C=C1)C2C(=C(C(=O)N2CCC3=CNC4=CC=CC=C43)O)C(=O)C,,
3157809,CC(=O)NC1=CC2=C(C=C1)N=C(S2)NC(=O)C3=CC=C(O3)[N+](=O)[O-],,
3157816,CC1=C(C(=NN1C)C)CCC(=O)O,,
3158234,CC1=CC(=NC=C1)NC(=O)CC2=C(C=CC=C2Cl)F,,
3158289,CC(C)(C)C(=O)N1CCN(CC1)C(=O)C2=CC=CO2,,
3158354,CCOC1=CC=CC=C1C2C(CCC(=O)N2)[N+](=O)[O-],,
3158364,COC1=CC=C(C=C1)C2C(CCC(=O)N2)[N+](=O)[O-],,
3158408,COC1=CC(=CC(=C1OC)OC)C2CC(=O)NC3=CC4=C(C=C23)OCO4,,
3159309,CC1=CC(=NN1CCCC(=O)O)C,,
3159574,CC1=C(C=NN1C)C2=CC(=NO2)C(=O)O,,
3159575,CS(=O)(=O)NC1=NC(=CS1)CC(=O)O,,
3159590,C1C(CN(C1=O)CCC2=CC=C(C=C2)F)C(=O)O,,
3159611,C1CCOC(C1)CC(=O)O,,
3159617,C1=CC(=CC=C1N2C=C(C=N2)C(=O)O)F,,
3159630,C1=CC(=CN=C1)OCC(=O)O,,
3159638,CCC1=C(C(=NN1)C(=O)O)C,,
3159643,C1=CC(=CN=C1)C2=NOC(=N2)CCC(=O)O,,
3159673,C1C(=O)NC(=O)N1CC(=O)O,,
3159714,C1=CC(=CC=C1CN2C=NC=N2)C(=O)O,,
3159718,C1=CC=C(C=C1)C2=NNN=C2C(=O)O,,
3159737,CCOC1=CC=C(C=C1)C2=NNC(=C2)C(=O)O,,
3159812,CC1=CC2=CC(=C(N=C2C=C1)C)C(=O)O,,
3159947,C1C(N(N=C1C2=CC=CS2)C(=O)CNCCO)C3=CC=CS3,,
3160214,CN1CCN(CC1)C2=CC=CC=C2NC(=O)COC3=CC=C(C=C3)OC,,
3160254,CC1CCC2=C(C1)C(=NO2)C(=O)O,,
3160384,C1C(CC(=O)C2=C1NC3=CC=CC=C3N=C2)C4=CC=C(C=C4)F,,
3160978,C1COCCN1C2=NC=C(C=N2)C=O,,
3160979,C1COCCN1C2=NC=C(C=N2)C(=O)O,,
3161119,CN1C=C(C=N1)C2=NNC(=C2)C(=O)O,,
3161123,CN1C=C(C=N1)C2=NOC(=C2)C(=O)O,,
3161245,C1CCC2=C(CC1)SC(=C2)C(=O)O,,
3161252,COC1=CC(=C(C=C1)OC)C2=NNC(=C2)C(=O)O,,
3161308,C1CCC(CC1)N2CC(CC2=O)C(=O)NC3=CC(=CC(=C3)F)F,,
3161426,CCCC(=O)N1CCN(CC1)C2=CC=C(C=C2)NC(=O)C3=CC=C(O3)[N+](=O)[O-],,
3161521,CCC(=O)N1CCN(CC1)C2=C(C=C(C=C2)NC(=O)C3=CC=C(O3)[N+](=O)[O-])Cl,,
3161537,CCCC(=O)N1CCN(CC1)C2=C(C=C(C=C2)NC(=O)C3=CC=C(O3)[N+](=O)[O-])Cl,,
3161619,CC(C)(C)N1CC(CC1=O)C2=NC3=CC=CC=C3N2CCOC4=CC=CC=C4,,
3161670,C1=COC(=C1)COC2=CC=C(C=C2)N,,
3161730,C1=CC=NC(=C1)C2=NN=C(O2)SCC(=O)NC3=CC(=CC=C3)Cl,,
3161731,COC1=CC=CC=C1NC(=O)CSC2=NN=C(O2)C3=CC=CC=N3,,
3161832,CCCC1C2=C(CC(N1)C(=O)O)C3=CC=CC=C3N2,,
3161846,CC1=CC(=O)N2C3=CC=CC=C3N(C2=N1)C,,
3161862,C1CC(=O)N(C1)S(=O)(=O)C2=CC=C(C=C2)F,,
3161908,C1=CC(=CC=C1CCC(=O)O)S(=O)(=O)N,,
3162138,COC1=C(C=C(C=C1)C(=O)O)NCC2=CN=CC=C2,,
3162243,CC1=CN2C(=NC3=NC(=C(C=C3C2=O)C(=O)NC4CCCC4)NCC5CCCO5)C=C1,,
3162289,CCOC(=O)C1=C(C=CC(=C1)NC(=O)C2=CN=CC=C2)N3CCOCC3,,
3162818,CC1=C(C=NC2=NC(=NN12)SCC3=CC=CC=C3)C(=O)C,,
3162830,C1CC2(N(C1=O)C3=CC=CC=C3S2)C(=O)O,,
3162837,C1C(N(N=C1C2=CC=CS2)C(=O)CCl)C3=CC=CO3,,
3163250,COC1=CC=CC2=C1OCC(C2)C(=O)O,,
3163331,C1CC1C(=O)N2CCC(CC2)N,,
3163396,CC1=CC2=C(C=C1)C=C(N2)C(=O)O,,
3163418,CC(C)(C)N1CC(CC1=O)C(=O)O,,
3163532,C1=CC=C2C(=C1)C=CC3=C2OC(=CC3=O)C4=CC=NC=C4,,
3163684,CC(=O)N1C(CC(=N1)C2=CC(=CC=C2)O)C3=CC=CS3,,
3163701,COC1=CC=CC=C1N2C=CC=C2C=O,,
3163724,C1COCCN1CCNC(=O)C(=O)C2=CNC3=CC=CC=C32,,
3163725,CC(C1=CC=CC=C1)NS(=O)(=O)C2=CC3=C(C=C2)N(C(=O)C3)C,,
3164026,CC(C1=CC2=CC=CC=C2O1)N,,
3164045,CC1=C(C(=NN1C)C)NS(=O)(=O)C2=CC=C(C=C2)N3CCCC3=O,,
3164059,CCCC1=NN(C2=NC(=O)N(C(=O)C2=N1)C)C,,
3164062,CN1C2=NC(=O)N(C(=O)C2=NC(=N1)C3=CC=C(C=C3)F)C,,
3164070,CN1C2=NC(=O)N(C(=O)C2=NC(=N1)C3=CC=C(C=C3)C(F)(F)F)C,,
3164138,C1=CC=C2C(=C1)N=C(N2CC(=O)O)C3=CC=CC=N3,,
3164325,C1CCNC(C1)CC(=O)O,,
3164555,CCN1C2=CC=CC=C2N=C1CCCNC(=O)C3=CC=CO3,,
3164611,CC1=CC2=CC=CC=C2N1CCC(=O)O,,
3164941,CC1=CC(=CC(=C1Cl)C)OC(C)C(=O)O,,
3164943,CC1=C(C=NN1C)C2=NC3=CC=CC=C3C(=C2)C(=O)O,,
3166942,CC1=C(C(=CC=C1)C)NC(=O)C(C)SC2=NNC(=N2)C3=CC=NC=C3,,
3167869,CC(C(=O)NC1=CC=CC=C1)SC2=NN=C(N2C3=CC=C(C=C3)OC)C4=CC=CC=C4OC,,
3173542,COCCN(C1=NC(=CS1)C2=CC=CC=C2)C(=O)C3=CC(=C(C(=C3)OC)OC)OC,,
3176027,CN(C)CCCN(CC1=CC2=CC3=C(C=C2NC1=O)OCO3)C(=S)NC4=CC(=CC=C4)Cl,,
3178645,CC(C)(C)NC(=O)CN(C1CCN(CC1)CC2=CC=CC=C2)C(=O)CN3N=C(N=N3)C4=CC=C(C=C4)Cl,,
3179889,CCC(C(=O)NC1CCCC1)N(C2CCCC2)C(=O)CN3N=C(N=N3)C4=CC=C(C=C4)C,,
3184597,CCN1C(=NN=C1SCC(=O)N2C(CC3=CC=CC=C32)C)C4=CC=C(C=C4)S(=O)(=O)N(CC)CC,,
3187704,COCCN1C(=NN=N1)C(C2=CC3=C(C=CC(=C3)OC)NC2=O)N(CCC4=CC=CC=C4)CC5=CC=CC=C5,,
3188786,COC1=CC=C(C=C1)CNC(=O)C(C2=CC=C(C=C2)O)N(CC3=CC=CO3)C(=O)C4=C(C(=NS4)C(=O)N)N,,
3191222,CC1=NN(C=C1C(C(=O)NC2CCCCC2)N(C3=CC=C(C=C3)F)C(=O)CC4=CC=CS4)C,,
3191424,C1CCC(CC1)NC(=O)C(C2=CC=CS2)N(CCC3=CC=CC=C3)C(=O)C4=CC=CO4,,
3191600,COC1=CC=C(C=C1)N(C(C2=CC=C(C=C2)F)C(=O)NCC3CCCO3)C(=O)CN4C5=CC=CC=C5N=N4,,
3195790,COC1=CC2=C(C=C1)NC(=O)C(=C2)C(C3=NN=NN3CCC4=CC=CC=C4)N5CCN(CC5)C6CCCCC6,,
3195792,COC1=CC2=C(C=C1)NC(=O)C(=C2)C(C3=NN=NN3CCC4=CC=CC=C4)N5CCN(CC5)C6=CC=CC(=C6)C(F)(F)F,,
3196508,CCC(C)C1=CC=C(C=C1)N(C(C2=CN=CC=C2)C(=O)NC3CCCC3)C(=O)C4=CC=CO4,,
3205996,CC1=CC=CC=C1C(C(=O)NC2CCCCC2)N(C3=CN=CC=C3)C(=O)C4=CC=CC=N4,,
3210926,CC(C)C1=CC=C(C=C1)C(C(=O)NCC2=CC=C(C=C2)OC)N(CCOC)C(=O)CC3=CC=CS3,,
3217175,CC(C)(C)OC(=O)NC1CC2CCCC(C1)N2CC3=CC=CC=C3,,
3217688,CCOCCCNC(=O)C1=CNC2=C(C1=O)C=C(C=C2)OCC,,
3218086,COC1=CC=C(C=C1)C(=O)NC2CC3CCCC(C2)N3CC4=CC=CC=C4,,
3218129,CC1=CC=C(C=C1)CN2C3CCCC2CC(C3)NC(=O)NC4=CC(=CC=C4)F,,
3218496,COC1=CC(=CC(=C1)C(=O)NC2CCN(CC2)C(=O)N3C4=CC=CC=C4SC5=CC=CC=C53)OC,,
3218725,CC1=C(C(=CC=C1)NC(=S)N2CCC(CC2)NC(=O)C3=CC=C(C=C3)OC)C,,
3219449,CC1=CC=C(C=C1)C(C(=O)NC(C)(C)C)N(C2CC2)C(=O)C3=CSN=N3,,
3221297,C1CNCCC1NC(=O)NC23CC4CC(C2)CC(C4)C3,,
3224439,CC1=CC=C(C=C1)C2=NN(C(=O)C=C2)CC(=O)NC3=CC=C(C=C3)N4C=NN=N4,,
3225896,CC1=CC(=CC=C1)C(=O)N2CCCC(C2)C3=NC(=NO3)C4=CC=C(C=C4)F,,
3229070,CC1CC2=CC=CC=C2N1C(=O)CN3CCC(CC3)N4C5=C(C=C(C=C5)C(F)(F)F)N=N4,,
3231443,C1CCN2C(C1)C(=O)NC3=CC=CC=C3C2=O,,
3232001,CCN1C(=NN=C1SCC)C2CCCN(C2)CC(=O)NC3=C(C=CC(=C3)C(F)(F)F)Cl,,
3233036,COCC(=O)N1CCC2(CCCN(C2)C3=CC=CC=N3)CC1,,
3233318,COC1=NC=C2C(=N1)N(C(=O)C(=N2)C3=CC=C(C=C3)F)C4CC4,,
3234351,C1CN(CCC12CN(C2)C3=NC=CC=N3)C(=O)C4=CC(=CC=C4)F,,
3235310,CN(C)C(=O)C1=CC=C(C=C1)C2=CN=CN=C2NCCC3=CN=CN3,,
3235606,C1CN(C(=O)N1)CC2=CC(=CC=C2)Cl,,
3235692,CC(C)COC(=O)NCC12C=CC(O1)C3C2C(=O)N(C3=O)C4=CC=C(C=C4)Cl,,
3235714,CC1C2CC(C1(C)C)C(C2=O)S(=O)(=O)N3CCOCC3,,
3235759,COC1=CC(=CC(=C1OC)OC)C(=O)NCC2=NN=C(O2)SCC(=O)N3CCCCC3,,
3236334,CC1(CC2=C(C(C(=C(N2C3=CC=CC=C3)N)C#N)C4=CN=CC=C4)C(=O)C1)C,,
3236409,CC1=CC=C(C=C1)N2C3=C(C(C(=C2N)C#N)C4=CN=CC=C4)C(=O)CCC3,,
3236454,COC1=CC=C(C=C1)S(=O)(=O)NC(CC(=O)NCC2=CC3=C(C=C2)OCO3)C4=CC=CO4,,
3236478,CC1=CC(=NO1)NC(=O)CSC2=NN3C(=NN=C3C4=CC=C(C=C4)Cl)C=C2,,
3236520,CCC1=CC=C(C=C1)C2=NC(=C(O2)C)CN3CCC(CC3)C(=O)NCC4=CC=CC=C4OC,,
3236607,CCOCCCNC(=O)C(C1=CC=C(C=C1)Cl)NC(=O)CC2C(=O)NC(=O)N2,,
3236663,CC1=CC2=C(C=C1)OCC(=O)N2CCC(=O)NCCC3=CC(=C(C=C3)OC)OC,,
3236707,CCCOC1=C(C=C(C=C1)C2C(=C(N=C3N2C(=O)CCS3)C)C(=O)OC)OCC,,
3236724,CC1=CC=C(C=C1)S(=O)(=O)NCCCOC(=O)NC2=CC=NC=C2,,
3236823,CC1=C(C(=O)N(N1)C2=CC=CC=C2)C(C(=O)OC)(C(F)(F)F)O,,
3236979,COC1=CC=CC(=C1)C2=NC(=NO2)C3=CC=C(C=C3)NC(=O)CC4=CC=CC=C4OC,,
3237037,C1CN(CCN1CC(=O)NC2=CC=C(C=C2)OC3=CC=CC=C3)C4=CC=CC=N4,,
3237194,C1=CC=C2C(=C1)N=CC(=N2)C(=O)NC3=CN=CC=C3,,
3237206,CCOC(=O)N1CCC(CC1)NC(=O)CSCC2=C(OC(=N2)C3=CC(=CC=C3)OC)C,,
3237215,CCCN(CCC)S(=O)(=O)C1=CC(=CC2=C1N(CC2)C(=O)CC)Br,,
3237420,CC(=O)CCC1=CC=CC=C1C(=O)OC,,
3237525,COC1=CC2=CC3=C(N=C2C=C1)OC(=C3)C(=O)N4CCCCC4,,
3237613,CC1=CON=C1NC(C2=C(C3=C(C=CC=N3)C=C2)O)C4=CC=CS4,,
3237673,CC(=O)C1=CC(=CC=C1)NC(=O)C2=NC=CN=C2C(=O)O,,
3237757,CC1=NN(C2=CC=CC=C12)CC(=O)O,,
3237799,COC1=C2C(=CC=C1)SC(=N2)NC3=NN=C(O3)C4=CC=CS4,,
3237808,C1COCCN1C2=C(C=C(S2)C(=O)O)C3=CC=CC=C3,,
3237815,CCOC1=CC=C(C=C1)C2=NC3=CC=CC=C3C(=C2)C(=O)N4CCN(CC4)C(=O)OCC,,
3237927,CC1CCC(CC1)C(=O)NC2=CC3=C(C=C2)N=C(C=C3C)N4CCOCC4,,
3237988,C1COCCN1CCN2C3=CC=CC=C3N=C2NC(=O)C4=CN(N=C4C5=CC=CC=C5)C6=CC=CC=C6,,
3237996,C1=CC=C(C=C1)N2C(=C(C=N2)CSCC(=O)NCC3=CC=CS3)N4C=CC=C4,,
3238017,C1=CC(=CC(=C1)Br)OC(=O)C2=CN=CC=C2,,
3238214,CCOC(=O)C1=CC=C(C=C1)NCC2=CC3=C(C=C2)OCO3,,
3238289,C1=CC=C(C=C1)C(CC(=O)O)N2C=CC=C2,,
3238384,COC1=CC=C(C=C1)S(=O)(=O)CCC(=O)O,,
3238387,CCN1CCN(CC1)C2=NC3=C(C=C(C=C3)NC(=O)C4=CC=C(O4)Br)C(=C2)C,,
3238389,C1CCC(CC1)N2C(=O)C=C(NC2=O)N3CCN(CC3)C4=CC(=CC=C4)Cl,,
3238409,COC1=CC=C(C=C1)CN2C(=O)C3=C(C=C(C=C3)C(=O)NCCCN4CCCC4)NC2=O,,
3238551,CN(CCC1=CC(=C(C=C1)OC)OC)C(=O)C2CCCN(C2)CC3=CC(=C(C=C3)OC)OC,,
3238586,CCC1=CC=C(C=C1)C2=NC(=C(O2)C)CN3CCC(CC3)C(=O)NCCN(CC)C4=CC=CC=C4,,
3238641,COC1=CC=C(C=C1)OCC2=CC(=CC=C2)C(=O)O,,
3238645,C1=CC=C2C(=C1)C3N(C2=O)C4=CC=CC=C4C(=O)N3O,,
3238689,CCOC(=O)CCCCC(=O)C1=C(NC(=O)N1)CN2C=CN=C2,,
3238775,CC1=CC(=O)N2C(=N1)SC(=N2)N3CCCC(C3)C(=O)NCC4=CC(=CC=C4)OC,,
3238786,C1=CC=C(C=C1)C(CC(=O)O)N2C=NN=N2,,
3238892,CCOC1=CC=C(C=C1)C2=NC3=CC=CC=C3C(=C2)C(=O)N4CCN(CC4)C5=CC=CC=N5,,
3238944,CC1=CC(=CC=C1)NC2=NN3C(=O)C4=CC=CC=C4N=C3S2,,
3238952,C1CN(CCN1CC(=O)NC2=C(C=CC(=C2)C(F)(F)F)Cl)C(=O)C3=CC=CO3,,
3238991,C1CN(CCN1CC(=O)C2=CC3=C(C=C2)OCO3)C4=CC=C(C=C4)Cl,,
3239083,CCOC1=CC=CC=C1NC(=O)CN(C)S(=O)(=O)C2=CC=CC3=NSN=C32,,
3239173,COC1=CC=CC(=C1)N2C3=C(C(=O)N(C=N3)CC(=O)N4CCCC5=CC=CC=C54)N=N2,,
3239208,CCCCN1C2=CC=CC=C2N=C1C3=NON=C3NC(=O)C4=CC=CC=C4Cl,,
3239373,CC(C)CCN1CC(CC1=O)C(=O)NCC2=CC=CC=C2,,
3239476,CCC1=C(N=C2C(=CNN2C1=O)C#N)C,,
3239540,CC1=C(C(=NO1)C)S(=O)(=O)N(CCC2=CC=CC=C2)CC3=CC=CC=C3,,
3239556,CC1(CC(=O)C(C(=O)C1)C(=O)CCCCC(=O)C2C(=O)CC(CC2=O)(C)C)C,,
3239565,COC1=C(C=C(C=C1)C2=CC(=NO2)C(=O)NCC3=CN=CC=C3)OC,,
3239577,CCOC(=O)C1=C(N=C2N(C1C3=C(C=CC(=C3)Br)OC)C(=O)CCS2)C,,
3239598,CC1=CN(C(=O)NC1=O)CC2COC(O2)(C)C,,
3239715,C1CC2=C(C(C(=C(N2C3=CC=C(C=C3)Br)N)C#N)C4=CN=CC=C4)C(=O)C1,,
3239725,COC1=C(C=C2C(N(CCC2=C1)C(=O)C3CC3)COC4=CC=C(C=C4)C(=O)OC)OC,,
3239748,C1=CC=C(C(=C1)CN2C=CC=C2C(=O)N)Cl,,
3239804,CCCCCSC1=NC2=C(C3=CC=CC=C3N(C(O2)C4=CC=CN4C)C(=O)C)N=N1,,
3239809,COCCN1C(=O)C2=C(C=C(C=C2)C(=O)N3CCN(CC3)CC4=CC5=C(C=C4)OCO5)NC1=S,,
3239817,C1C2CC3CC(C2)(CC1C(=O)O3)O,,
3239831,C1=CC=C(C(=C1)NC(=O)C2=CC=C(C=C2)Cl)O,,
3239857,CC1=C(OC2=C1C=C(C=C2)S(=O)(=O)N3CCCC3)C(=O)N4CCOCC4,,
3240032,C1=CC(=CN=C1)C(=O)NC2=CC=C(C=C2)C3=NOC(=N3)C4=CC=CS4,,
3240095,CCOC1=CC=CC(=C1)NC(=O)C2CC(=O)N(C(=NC3=CC=CC=C3)S2)C,,
3240131,COC1=CC=CC(=C1)C(=O)NC2=CC=C(C=C2)C(=O)O,,
3240229,CCN1C2=CC=CC=C2C(=CC1=O)SCC(=O)N3CCN(CC3)C4CCCCC4,,
3240248,CCCN1C=C(C2=CC=CC=C21)SCC(=O)NCC3=CC=CO3,,
3240332,CC(C)(C)C1CCC2=C(C1)C(=NN2)C(=O)O,,
3240382,CC(C)C(C(=O)NC1=CC=NC=C1)NC(=O)C2CCCCC2,,
3240395,COC1=CC(=C(C=C1)C2C(=O)C3=CC=CC=C3C2=O)OC,,
3240449,COC1=CC=CC=C1N2CCN(CC2)C(=O)C3=CC4=C(C=C3)N=C(C(=N4)C5=CC=CO5)C6=CC=CO6,,
3240475,CC(=O)NCC(=O)N(CC1=CC=CO1)C2(CCCCC2)C(=O)NC3CCCCC3,,
3240581,CCCN(CCC)CCNC(=O)C1CCN(CC1)CC2=C(OC(=N2)C3=CC=C(C=C3)Cl)C,,
3240704,CC1=CN2C(=NC3=C(C2=O)C=C(C(=N)N3CCCN4C=CN=C4)C(=O)NCC5=CC=CC=C5)C=C1,,
3240743,C1=CC=C(C=C1)CN2C(C3=CC=CC=C3C2=O)O,,
3240779,CCOC(=O)C1=C(N(C(=S)S1)C2=CC(=C(C=C2)F)F)N,,
3240794,C1CC(=O)N(C1)C2=CC=CC(=C2)C(=O)O,,
3240795,CC1=CC=C(C=C1)CN2C(CCC2=O)C(=O)N3CCN(CC3)C4=CC=C(C=C4)F,,
3240818,CCOC(=O)C1=CN=C2C=C3CCCCC3=CN2C1=O,,
3240920,C1=CN2C=NNC(=O)C2=C1,,
3240990,CC1CCCN(C1)C(C2=CC=CC=C2)C(=O)NC3=CC4=C(C=C3)OCCO4,,
3241026,CC1=CC=C(C=C1)CN2C=CC(=N2)NC(=O)C3=C(ON=C3C4=CC=CC=C4Cl)C,,
3241048,CCN(CC)S(=O)(=O)C1=CC=CC(=C1)C(=O)NC2=CC=C(C=C2)C#N,,
3241251,C1=CC=C2C(=C1)C(=O)N(C(=O)N2)CCCC(=O)O,,
3241255,CC1=C(NC(=C1C(=O)C)C)C(=O)NC2CCCCC2,,
3241295,CCN(CC)S(=O)(=O)C1=CC=C(C=C1)C(=O)NCC2=NNC(=S)N2CC3=CC=CC=C3,,
3241312,CCOC1=CC=C(C=C1)C2=NC3=CC=CC=C3C(=C2)C(=O)N4CCC5(CC4)OCCO5,,
3241325,C1CC2=CC=CC=C2N(C1)C(=O)CCS(=O)(=O)C3=CC=CC4=NON=C43,,
3241690,C1=CC=C(C=C1)C2=NOC(=N2)C3=CC4=CC=CC=C4C=C3,,
3241970,C1CCC(C(C1)C(=O)NC2=C(C=C(C=C2)Cl)Cl)C(=O)O,,
3242071,COC(=O)C1=C(N(C(=S)S1)C2=C(C=CC(=C2)F)F)N,,
3242072,CC(C)(C)N1C(=C2CSCC2=N1)NC(=O)C3=CC=C(C=C3)S(=O)(=O)N4CCCC4,,
3242178,CCOC(=O)C1=C(OC(=C(C12C3=CC=CC=C3N(C2=O)CC(=O)N)C(=O)OCC=C)C)N,,
3242228,C1CCC(=CC1)CCNC(=O)CN2C3=CC=CC=C3C(=O)N(C2=O)CCC(=O)NCC4=CC=CO4,,
3242249,C1CCC(=CC1)CCNC(=O)C2CCN(CC2)CC3=C(N(N=C3)C4=CC=CC=C4)N5C=CC=C5,,
3242299,COCCN1CN(C(=S)SC1)CC2=CC=CO2,,
3242300,C1CC1C(=O)N2CCC3=C2C(=CC(=C3)Br)S(=O)(=O)NCC4COC5=CC=CC=C5O4,,
3242386,C1COCCN1C(=O)C2=NOC(=C2)C3=CC=CS3,,
3242438,CC1CCCN(C1)S(=O)(=O)C2=CC=C(C=C2)C(=O)NC3=NN=C(O3)C4=CC=CC=C4Cl,,
3242443,CC(C)CN1C=C(C2=CC(=C(C=C2C1=O)OC)OC)C(=O)N3CCN(CC3)C4CCCCC4,,
3242458,C1=CC=C(C=C1)C2C(C(=O)NC3=CC=CC=C3S2)O,,
3242570,C1CC2(CC1C(=O)O)C(=O)NC(=O)N2,,
3242944,C1=CSC(=C1)CNC(=O)CCS(=O)(=O)C2=CC=C(S2)Br,,
3243047,C1CC(CCC1CNS(=O)(=O)C2=CC=CC=C2)C(=O)NCC3=CC4=C(C=C3)OCO4,,
3243165,CC1=C(C(=NO1)C)S(=O)(=O)NCC(=O)O,,
3243271,CC(C)C1=CC=C(C=C1)S(=O)(=O)C2=NNN3C2=NC(=O)C4=CC=CC=C43,,
3243284,CCOC(=O)C1=CC=C(C=C1)NCC2=CC=C(C=C2)N(C)C,,
3243297,CC1=C(N=C(O1)C2=CC(=CC=C2)OC)CS(=O)(=O)CC(=O)NCCCN3CCC4=CC=CC=C4C3,,
3243324,CC1=CC=CN2C1=NC3=C(C2=O)C=C(C(=N)N3CCN4CCOCC4)C(=O)NC5CCCCC5,,
3243352,C1=CC=C2C(=C1)C3=NC(C(=O)N3C(=N2)SCC4=CC=C(C=C4)F)CC(=O)NCC5=CC=CO5,,
3243387,C1CC(=O)N(C1C(=O)O)CC2=CC=CC=C2Cl,,
3243507,COCC(=O)NC1=CC=C(C=C1)C2=CN3C=CC=NC3=N2,,
3243538,CCOC(=O)CNC(=O)C(CC1=CC=CC=C1)NS(=O)(=O)C2=CC=CS2,,
3243569,CCOC(=O)C(C1=CN(C2=CC=CC=C21)C)(C(F)(F)F)O,,
3243758,C1=CN(N=C1)C(=O)C2=CC=C(O2)COC3=CC=C(C=C3)F,,
3243760,CC1=CC(=CC=C1)N2C=NC3=C2C=CC(=C3)C(=O)N4CCCCC4,,
3243805,CCN(CC)CCCNC(=O)C1=NOC(=C1)C2=CC=C(C=C2)Cl,,
3243839,CC1=CC2=C(C=C1)NC=C(C2=O)C(=O)C,,
3243873,COC(=O)CN1C2=CC=CC=C2C(=N1)C3=CC=CC=C3,,
3243908,C1CCC2(CC1)CC(=O)C3=C(O2)C=CC(=C3)O,,
3243941,CC1=CC=CC=C1N2C(=C3CSCC3=N2)NC(=O)C4=C(ON=C4C5=CC=CC=C5Cl)C,,
3244009,CCOC1=CC=CC=C1NC(=O)CN(C2=CC=C(C=C2)C)S(=O)(=O)C3=C(ON=C3C)C,,
3244020,C1CN(CCC1C(=O)NCC2COC3=CC=CC=C3O2)S(=O)(=O)C4=CC=CC5=NSN=C54,,
3244109,CC1CN(CCN1C2=CC=CC(=C2)C)C(=O)C3CCN(CC3)S(=O)(=O)C4=CC=CC5=NSN=C54,,
3244421,CCOC(=O)C1=C(N(C(=O)NC1C2=CC(=C(C=C2)OC(F)F)OC)C)C3=CC=CC=C3,,
3244477,CC1=CC2=CC=CC=C2C(=O)N1,,
3244524,CC(C)(C)OC(=O)NCC(=O)NCC(=O)OCC1=CC=CC=C1,,
3244774,CC1=CC=CC=C1CN2C(=C(C(=N2)C)NC(=O)C3=NOC4=C3CC(CC4)C(C)(C)C)C,,
3245131,CCN1C(=C(SC1=S)C(=O)N2CCOCC2)N,,
3245144,C1=CC=C(C=C1)CC(C(=O)O)N2C=CC=C2,,
3245279,CCOC(=O)CN1C(=O)C=CC(=N1)C2=CC=C(C=C2)C,,
3245314,CC1=C2C(C3=C(CC(CC3=O)(C)C)NC2=NN1)C4=CC=C(C=C4)F,,
3245435,C1CCC(CC1)NC(=O)C2=NOC3=C2CCCCC3,,
3245457,C1=CC=C(C(=C1)CN2C=CC=C2C(=O)O)F,,
3245459,CCOC(=O)CN1C(=O)CSC2=CC=CC=C21,,
3245669,CC1=C(C(=NO1)C2=CC=CC=C2)C(=O)NC(CC(=O)O)C3=CC=C(C=C3)OC(C)C,,
3245679,C1CN(CCC1C(=O)N2CCC3(CC2)OCCO3)S(=O)(=O)N4CCOCC4,,
3245757,CC(C)(C)OC(=O)N1CCCC1C(=O)NC(CC2=CC=CC=C2)C(=O)O,,
3245763,COC(=O)C1=C(SC2=CC=CC=C21)C(=O)OC,,
3245795,CCN1C(=C(SC1=S)C(=O)NCC2=CC=CO2)N,,
3245845,C1=CC=C(C=C1)C2=CSC3=NN=C(N23)SCCC(=O)NC4=NC(=NS4)C5=CC=CC=C5,,
3246006,C([C@H]([C@H]([C@@H]([C@@H](C(=O)O)O)O)O)O)O,,
3246032,CC1=C/C(=C(/C2=CC(=C(C=C2)O)C)\C3=CC=CC=C3C(=O)O)/C=CC1=O,,
3246111,C12=C(NC(=O)N1)NC(=S)NC2=S,,
3246323,C[C@H]([C@@H](C(=O)O)N)OP(=O)(O)O,,
3246390,C1=CC=C(C=C1)C2=C(C(=O)NC(=S)N2)CC3=C(C=CC4=CC=CC=C43)O,,
3246398,C1=C(C=C(C(=C1Br)N=NC2=C(NC(=S)NC2=O)N)Br)S(=O)(=O)N,,
3246446,C1=CC=C2C(=C1)C3=CC=CC=C3C2(C4=CC=C(C=C4)Cl)SC[C@@H](C(=O)O)N,,
3246533,C(C1=NNN=N1)[C@@H](C(=O)O)N,,
3246694,C[C@@H](CCC(=O)O)C(=O)O,,
3246704,CN1[C@H]2C[C@@H]([C@H]1[C@@H]3CC4=C([C@@H](N3[C@@H]2C#N)CO)C(=CC=C4)OC)C(=O)O,,
3246729,C[C@H](C(=O)O)OC1=CC=C(C=C1)OC2=CN=C3C=CC(=CC3=N2)Cl,,
3246788,C1=COC(=C1)C(=O)NCCCN2C=CN=C2,,
3246802,CC1=C(CC(C(C1)C(=O)NC2=CC(=CC=C2)Cl)C(=O)O)C,,
3246803,CC(CCC1=CC=CC=C1)NC(=O)C2=CN=CC=C2,,
3246938,CCCCCC(=O)O[C@H](CC(=O)[O-])C[N+](C)(C)C,,
3246939,CCCCCC(=O)O[C@H](CC(=O)O)C[N+](C)(C)C,,
3246941,CCCCCCCCCC(=O)CC(=O)N[C@H]1CCOC1=O,,
3246944,CCCCCCCCCCCCCCCCCCCC(=O)OCC(CO)O,,
3246945,CCCCCCCCCCCCCCCCCC(=O)OC[C@H](CO)OC(=O)CCCCCCCCCCCCCCC,,
3246949,CCCCCCCCCCCCCCCCCCCC(=O)OC[C@H](CO)OC(=O)CCCCCCCCCCCCCCCCC,,
3246953,CCCCCCCCCCCCCCCCCC(=O)OC[C@@H](COC(=O)CCCCCCCCCCCCCCC)OC(=O)CCCCCCCCCCCCCCC,,
3247359,CC1=CC(=NO1)C(=O)N[C@@H](C2=CC=CC=C2)[C@@]3(C[C@H]3[C@@H](C)C(=O)NC4=CC5=CC=CC=C5C=C4)C,,
3248000,C1CN(CCC12C(=O)N(CN2C3=CC=CC=C3)CC4=CC(=CC=C4)F)CCCC(=O)C5=CC=C(C=C5)F,,
3248741,CC1=CC=CC=C1N2C(=O)C3=C(NN=C3)N=C2SCC4=CC(=CC=C4)F,,
3248930,CN1C=CC=C1C(=O)C(=O)NC2=CC=C(C=C2)C(=O)OC,,
3249312,B(C1=CC(=CC=C1)C(=O)OCC)(O)O,,
3249856,CCN1C2=CC=CC=C2C(=O)OC1=O,,
3250009,CCOC(=O)C1=C(OC2=C(C1C3=C(C=CS3)C)C(=O)CCC2)N,,
3250203,C=CC(=O)NC1=CC=C(C=C1)F,,
3250790,CCCCCCCC(=O)CCCC(=O)O,,
3253193,C1C2CC3CC1CC(C2)(C3)NC(=O)N4C5=CC=CC=C5SC6=CC=CC=C64,,
3253857,CC(C)C(=O)NC1=CC=C(C=C1)S(=O)(=O)N,,
3254649,CCC(C)C(=O)NC1=NC2=C(S1)C=C(C=C2)OC,,
3254714,C1=CC=C(C=C1)C2C(=O)N(C3=CC=CC=C3O2)C(=O)C4=CC=CC=C4,,
3255932,CC(=C)C(=O)[O-].[Na+],,
3258072,C1=CC=C(C=C1)C2C3(C(NC(=S)N2)C4=CC=CC=C4)C(=O)NC(=S)NC3=O,,
3258759,C1C(CC(=O)C=C1O)C2=CC=CC=C2,,
3259634,C1=CN(N=C1)CC2=CC=C(O2)C(=O)NN,,
3262185,CCCCNC(=O)C1C2CC(C1C(=O)O)C=C2,,
3262516,COC(=O)C1=COC(C(C1CC2C3=C(CCN2)C4=CC=CC=C4N3)C=C)OC5C(C(C(C(O5)CO)O)O)O,,
3264479,C1=CC2=C(C=C1[N+](=O)[O-])NNC2=O,,
3264931,CC1=C2C(=C(C=C1)C)NC(=O)C2=O,,
3265762,C1=CC2=C(C=C1C(=O)O)C(=O)C(=O)N2,,
3266848,CC1=NN(C(C1)(C(OC(F)(F)F)(F)F)O)C(=O)C2=CC=C(C=C2)Br,,
3267472,CCOC1=CC=C(C=C1)C(=O)NC2CCCCCCC2,,
3269221,CN1CCN(CC1)C=O,,
3270699,CCC(C)C(=O)C1=C(C2=C(C(=C1O)C)OC3=C2C(=C(C(=C3C)O)C(=O)C(C)CC)O)O,,
3270828,COC1=CC=C(C=C1)C2=CN=CO2,,
3272188,CC12C3C(C45CC(=C)C(C4)(CCC5C3(CC(C1O)O)OC2=O)O)C(=O)O,,
3272300,C1CCN(CC1)CCOC(=O)C2=CNC3=CC=CC=C32,,
3272524,C1=CC2=C3C(=CC(=C2C(=C1)S(=O)(=O)N)[N+](=O)[O-])NC(=O)C(=O)N3,,
3272650,CC1=CC(=NC2=C(N(N(C2=O)C3=CC=CC=C3)C)C)C=C(C1=O)C,,
3273387,C1CC2CN(CCN2C1)C(=O)C3=NN4C(=CC(=NC4=C3Cl)C5=CC=CC=C5)C(F)(F)F,,
3274712,C1=CC=C2C=C(C=CC2=C1)C(=O)C(=O)C3=CC4=CC=CC=C4C=C3,,
3275152,C1CN(CCN1C2=CC=C(C=C2)O)C3=C(C=C(C=C3)C(=O)N)[N+](=O)[O-],,
3277297,C1=CC=C(C=C1)C(=O)NC(C(Cl)(Cl)Cl)SC2=CC=C(C=C2)Cl,,
3277600,CC1=NSC(=C1)NC(=O)NC2=CC3=C(C=C2)N(C=C3)C,,
3280818,C1=CC(=NC=C1Cl)NC(=O)C2=NC=CN=C2C(=O)O,,
3282755,C1CCC(=NCC1)NS(=O)(=O)C2=CC=C(C=C2)NC(=O)C3COC4=CC=CC=C4O3,,
3283498,C1=CC(=CC=C1CC(=O)O)CO,,
3287669,C1=CC(=CC(=C1)Cl)NC(=O)NC2=NC=CN=C2,,
3288231,CC1=CC=C(C=C1)C2=NC(=C(C(=C2)C(F)(F)F)C#N)SCC(=O)NC3=CC=CC=C3,,
3288597,CC1COC2=C3N1C=C(C(=O)C3=CC(=C2N4CC[NH+](CC4)C)F)C(=O)[O-],,
3288669,C1C([NH2+]CC2=C1C3=CC=CC=C3N2)C(=O)[O-],,
3289209,CC(C(=O)NC(C)C(=O)N1CCCC1C(=O)NC(CC2=CC=CC=C2)C(=O)SCC3=CC=CC=C3)NC(=O)CCC(=O)O,,
3289443,C1=CC(=CC(=C1)F)NC(=O)C2=C(C3=C(S2)N=C(C=C3)C4=CC=CS4)N,,
3290886,CC(=O)NC1=CC2=C(C=C1)SC=C2,,
3291498,C1=CC(=CC(=C1)[N+](=O)[O-])C(=O)NN,,
3292447,CC1=C(C=CC(=C1)C2=NOC(=N2)C)C3=CC=C(C=C3)C(=O)NC4=CC(=C(C=C4)OC)OCCN(C)C,,
3292867,CC(=O)NC1=C(C=CC(=C1)[N+](=O)[O-])O,,
3292996,C1=CC=C2C(=C1)C(=CN2)CCC(=O)[O-],,
3293548,C1C(=O)N(C(S1)C2=CN=CC=C2)C3=CC(=CC=C3)Cl,,
3293575,CCOC1C=CC(=O)O1,,
3294285,CC1=CC(=C(C=C1)S(=O)(=O)NC2=CC(=C(C3=CC=CC=C32)O)C(C(=O)C(F)(F)F)C(=O)OC(C)C)C,,
3294375,C1=CC(=CC(=C1)OC2=CC=CC(=N2)C(=O)NC3=CC=C(C=C3)F)C(F)(F)F,,
3296119,CC1=C2C(=CC=C1)C=C(N2)C(=O)O,,
3296415,CC(C1=CC=CC=C1)C(C(=O)O)NC(=O)OCC2C3=CC=CC=C3C4=CC=CC=C24,,
3296595,C1C(N(N=C1C2=CC=CC=C2)C(=O)C3=CC=CC=C3)C4=CC=CC=C4[N+](=O)[O-],,
3297083,COC1=CC=CC(=C1)CN2CCCCC2C(=O)O,,
3299137,CC1=C(C(=NN1CC2=C(C(=C(C(=C2F)F)F)F)F)C)NC(=O)C3=CC=NN3C,,
3301396,CCC(CO)(CO)C(=O)O,,
3301639,CCN1C(=O)C(=O)NC1=O,,
3301641,CC1=NC2=C(C(=CS2)C3=CC=CS3)C(=O)N1,,
3303914,CC1=CC(=C(N1C2=CC=C(C=C2)[N+](=O)[O-])C)C(=O)C(=O)N(C)C,,
3304967,C1C(N(N=C1C2=CC=CS2)C(=S)N)C3=CC=CO3,,
3305179,CC(=O)N1CC2=CC=CC=C2CC1C(=O)O,,
3305216,CC1=CC(=C(C=C1O)C(=O)C)O,,
3306250,C1CC2=C(C1)C=C(C=C2)NC(=O)NC3=CC=CC=C3Cl,,
3307288,C1CCC(CC1)NC(=O)OC2CCCCC2,,
3308571,CC1=C(C=CC(=C1)C(=O)NN)[N+](=O)[O-],,
3309652,CCOC(=O)C1=C(NC(=S)NC1C)C,,
3310123,C1CCC2=NC3=C(C(=O)N2CC1)SC(=C3)C4=CC=CC=C4,,
3310551,C1=CC=C(C=C1)CCCC(=O)NC2=NC=CS2,,
3310941,COC1=C(C=C(C=C1)C2C3=CC4=C(C=C3NC5=C2C(=O)OC5)OCO4)OC,,
3310979,CC1=C(C=CC(=C1)Cl)OC(C)C(=O)NCCCN2C=CN=C2,,
3312489,COC1=C(C=C2C(=C1)C=CNC2=O)OC,,
3312874,CC1=C(C=C(N1CC2=CC=CC=C2)C3=CC=CC=C3)C(=O)O,,
3313698,C1=CC(=C(C=C1C(C(=O)O)N)C(=O)O)C(=O)O,,
3314397,CCCN1C=NC2=C1C(=O)NC(=O)N2C,,
3315466,CCCCCC1=CC=C(C=C1)OC(=O)C2=CC=C(C=C2)C3CCC(CC3)CCC,,
3317064,CC(=O)C1=C(C(=O)N(C1C2=CC=C(C=C2)Br)C3=NC=C(C=C3)Br)O,,
3318371,C1=CC=C(C(=C1)CSCC(C(=O)O)N)Cl,,
3320547,C1=CC(=CC=C1CSC2=NN=C(S2)NC(=O)C3=CC=C(C=C3)F)F,,
3320872,C1=CC(=CC=C1C(=O)O)OC2C(C(C(C(O2)CO)O)O)O,,
3321199,CCC(C)(C(=O)OC1C2C(C(C3(C4C2(CO3)C(CC5C4(C(C(C=C5C)O)O)C)OC1=O)O)O)C)O,,
3321360,CC1CCCC(=O)C1=O,,
3321545,C1C(N=C(C(=O)O1)NNC2=CC=CC=C2[N+](=O)[O-])(CO)CO,,
3321744,C1=CC=C(C=C1)NC(=O)C2=CC=CC=C2C(F)(F)F,,
3322389,CC(=O)NC1=CC(=C(C=C1)O)[N+](=O)[O-],,
3323368,C1COCCN1C(=O)C2=CC3=NON=C3C=C2,,
3324427,COC1=CC=CC(=C1)C2=NC3=C(C=C2)C(=C(S3)C(=O)NC4CC4)N,,
3324650,CC1C2C[N+]3=C(CC2C(=CO1)C(=O)OC)C4=C(C=C3)C5=CC=CC=C5N4,,
3324803,C1(C(ON=C1Cl)C(C(=O)O)N)O,,
3326392,C1CC2=C(C(CC(=O)N2C3=CC=CC=C3F)C4=CSC=C4)C(=O)C1,,
3326827,CCC1=NC2=C(O1)CC(CC2=O)CC(C)SCC,,
3327151,CCOC(=O)CN(C#N)C1=NC(=NC(=N1)N(C)C)N(C)C,,
3328378,CCN1CCN(CC1)C(=O)CC2=CC=CC=C2,,
3328705,CC(C)CC(C(=O)NC(CC(=O)O)C(=O)O)N,,
3329723,COC1=CC=CC=C1NC(=O)OC2=CC=CC3=C2N=CC=C3,,
3329931,CCOC(=O)C1=NN(C(=O)C1)C2=CC=C(C=C2)Cl,,
3329932,C1=C(C=C(C=C1[N+](=O)[O-])[N+](=O)[O-])C(=O)NN,,
3330246,C1=CNC(=C1)C(=O)[O-],,
3330477,CC1=CC2=C(C=C1)C=C(C(=O)N2)CN(C3=CC=C(C=C3)OC)C(=O)C4CCCO4,,
3332212,C1=C(C=C(C(=C1O)O)O)C(=O)OCC2C(C(C(C(O2)OC(=O)C3=CC(=C(C(=C3)O)O)O)O)O)O,,
3332392,C1=CC=C(C(=C1)NC(=O)C2=C(N=CN2)C(=O)NN)[N+](=O)[O-],,
3332418,CC(=O)NNC(=O)C1=CC=C(C=C1)[N+](=O)[O-],,
3333370,COC1=CC(=C(C=C1)NC(=O)OC2=CC=CC3=C2N=CC=C3)OC,,
3335915,COC1=CC=CC=C1C(=O)N2CCN(CC2)C3=CC=CC=C3OC,,
3338044,CCCC1=NN(C(=C1N)C(=O)N)C,,
3339005,CC(=O)N(CC1=CC=C(C=C1)F)C2=C(C(=O)C3=CC=CC=C3C2=O)NCCC4=CC=CC=C4,,
3340792,C1CCC(CC1)N(CC2=CC=C(C=C2)F)C(=S)NCC(=O)O,,
3341369,C1=CC=C2C(=C1)C(=O)N(N=N2)CC(=O)NCC3=CC=C(C=C3)Cl,,
3342298,C1COCCC1(CS(=O)(=O)C2=CC=C(C=C2)OC3=CC=C(C=C3)Cl)C(=O)NO,,
3342390,CC1=CC=C(C=C1)S(=O)(=O)NCC2=CC=C(C=C2)C(=O)NCCN(CC3=CC=CC=C3)C(C)C,,
3343155,CC(C1=CC=CC=C1)NC(=O)C2=CC=CN2,,
3344189,C(C(=O)[O-])NCC(=O)[O-],,
3345054,CC1=C(C(=O)NC(=O)N1)S(=O)(=O)NC2=CC=CC(=C2)C(F)(F)F,,
3346379,C1CC2=CC=CC=C2C(=O)C1CC3=CC=NC=C3,,
3348038,COC1=CC=C(C=C1)C(=O)NC2=CC3=C(C=C2)NN=C3,,
3348131,C1CCC(C1)C(=O)NC(CCCN=C(N)N)C(=O)C2=NC3=CC=CC=C3S2,,
3349004,CC1=C(C(=O)N(N1)C(=S)N)N=NC2=CC=C(C=C2)Br,,
3349055,C1CN(CCN1CC(=O)NCC2=CC=C(C=C2)F)C3=CC=CC=C3,,
3350092,CC(C)(C)C1=CC=C(C=C1)C2=NNC(=C2)C(=O)O,,
3351593,CC(C)OC(=O)C(CC(=O)O)N1CCOCC1,,
3352185,CC(C)(C)COC(=O)Cl,,
3353691,CC1=C(C=C(C=C1)NC(=O)C2=NOC3=C2CCC3)C,,
3353976,C(CC(C(=O)O)N)CNC(=S)N,,
3354132,CC1=C(C(=O)C=CO1)OC(=O)C(C)C,,
3356745,C1=CC=C2C(=C1)C(=O)[N-]C2=O.[K+],,
3356829,C#CCOC(=O)Cl,,
3357644,C1=C(C=C(C(=C1O)O)O)C(=O)OCC2C(C(C(C(O2)OC(=O)C3=CC(=C(C(=C3)O)O)O)OC(=O)C4=CC(=C(C(=C4)O)O)O)O)O,,
3358009,CC1=C(C=NO1)C(=O)NC2CCCCC2,,
3358971,COC1=C2C(=CC(=C1)Br)C=C(O2)C(=O)O,,
3361499,CC1=CC(=NO1)NC(C2=CC=C(C=C2)Cl)C3=C(C4=C(C=CC=N4)C=C3)O,,
3361967,C1=CC=C(C=C1)COC2=CC=CC(=C2)N3C(=O)C4=CC=CC=C4C3=O,,
3362690,CCC1=C(C(=CC=C1)CC)NC(=O)N(CC2=CC=CC=C2)CC3=CC=CC=C3,,
3363314,CC(=O)OC1CC2=C(C=C(C=C2OC(=O)C)OC(=O)C)OC1C3=CC(=C(C=C3)OC(=O)C)OC(=O)C,,
3363325,CC1=CC(=NC=C1)NC(=O)C2=CC=CC=C2C,,
3364429,C1CN(CCC1=O)S(=O)(=O)C2=CC=C(C=C2)Cl,,
3364535,CC(C)C1=C(C(=C(N1CCC(CC(CC(=O)O)O)O)C2=CC=C(C=C2)F)C3=CC=CC=C3)C(=O)NC4=CC=C(C=C4)O,,
3364665,CC(=O)NC1=C(C=C(C=C1O)C(=O)O)[N+](=O)[O-],,
3365615,C(CN(CC(=O)NC1=NN=C(S1)S(=O)(=O)N)CC(=O)O)N(CCN(CC(=O)O)CC(=O)O)CC(=O)O,,
3372016,C1=CC=C(C=C1)CC(=O)NC2=NN=C(S2)CCSCCC3=NN=C(S3)NC(=O)CC4=CC=CC=C4,,
3373596,C1=CC(=CC=C1C(=O)NNC(=O)C2=CC=C(C=C2)[N+](=O)[O-])[N+](=O)[O-],,
3375152,C(CC(=O)NC(CS)C(=O)NCCC(=O)O)C(C(=O)O)N,,
3375236,CC1=CC=C(C=C1)C2(CC2C(=O)NC3=C(C=C(C=C3)[N+](=O)[O-])O)C4=CC=C(C=C4)C,,
3376520,CC1=C(C(=CC=C1)Cl)NNC(=O)NC2=C(C(=NN2C)C)[N+](=O)[O-],,
3376937,COC1=CC(=CC(=C1)C(=O)NNC(=O)NC2=CC=CC3=CC=CC=C32)OC,,
3377241,CCOC1=CC=C(C=C1)C=C2C(=O)N(C(=O)S2)CCN,,
3378093,CC1=C(C=CC(=C1)C2=NOC(=N2)C)C3=CC=C(C=C3)C(=O)N4CCC5=CC6=C(C=C54)C7(CCN(CC7)C)CO6,,
3378216,CCCCCCCCCCCCCCCC(=O)SCCNC(=O)C,,
3378440,C1=CC(=C2C(=C1[N+](=O)[O-])C(=O)C3=C(C=CC(=C3C2=O)O)[N+](=O)[O-])O,,
3378603,C1=CC=C(C=C1)CC(=O)SSC(=O)CC2=CC=CC=C2,,
3378865,CC1=C(C(C(=C(N1)C)C(=O)OC)C2=C(C(=CC=C2)Cl)Cl)C(=O)OC,,
3380837,C1=CC=C(C=C1)N2C=C(NC2=S)C3=CC4=CC=CC=C4OC3=O,,
3382953,C1=CC(=CC=C1OC2=NC=C(C=C2)C=O)F,,
3383533,COC1=CC=C(C=C1)C2=CN=C(O2)C3=C4C5=CC=CC=C5C(=O)C4=CC=C3,,
3383868,CC1=CC(=C(C=C1)C)NC(=O)CCl,,
3384521,CC1=CC=C(C=C1)S(=O)(=O)N(C)C2=CC=C(C=C2)OC(=O)C3=CC=CS3,,
3385203,C1=CC=C(C=C1)C2=NNC3=C2OC4=CC=CC=C43,,
3385437,C1=CC=C(C=C1)C2=C(C3=CC=CC=C3N2)C(C[N+](=O)[O-])C4=CC=CO4,,
3387249,CC1CC(=O)C(C1C[N+](=O)[O-])CC(=O)O,,
3387354,C1CC2N3C4=CC=CC=C4C5=C6C(=C7C8=CC=CC=C8N(C1O2)C7=C53)C(=O)NC6=O,,
3388301,C1=CC(=C(C=C1Cl)Cl)OCC(=O)[O-],,
3390011,C1C2C3C(C1C(C2OC3=O)Cl)C(=O)O,,
3392032,CC(C)C1=CC(=C(C(=C1)C(C)C)S(=O)(=O)NC(CC2=CC(=CC=C2)C(=N)N)C(=O)N3CCN(CC3)C(=O)CCN)C(C)C,,
3392731,CC(C)(C(=O)O)SC1=CC=C(C=C1)CCN(CCCCC2CCCCC2)C(=O)NC3CCCCC3,,
3393623,C1CCN(CC1)C2=CC(=O)C(=O)C3=CC=CC=C32,,
3393695,CN1C=CC(=N1)C(=O)NC(=S)NC2=C(C=C(C=C2)[N+](=O)[O-])O,,
3394278,CC(=O)NC(CC1=CC=C(C=C1)OC)C(=O)O,,
3394376,CN1C(=O)N(C(=O)S1)C2=CC=C(C=C2)F,,
3395923,CC1CN(CCN1C(=S)NC2=CC=C(C=C2)F)C3=C(C=C4C(=C3OC)N(C=C(C4=O)C(=O)O)C5CC5)F,,
3397178,COC1=CC=C(C=C1)NC(=O)NC2CCCCC2,,
3398121,CN1C(CCC1=O)C2=C[N+](=CC=C2)C3C(C(C(C(O3)C(=O)[O-])O)O)O,,
3399068,CCOC(=O)C(C)OC1=CC=CC2=C1C=CN(C2=O)CC(=O)NCC3=CC=C(C=C3)F,,
3399382,CC1=CC=C(O1)C2=CC(=NC(=C2C#N)N)C3=CC=C(C=C3)Br,,
3400921,CN(CC1=CSC(=C1Cl)C(=O)NC2=C(C=C(C=C2OC)Cl)C(=O)NC3=NC=C(C=C3)Cl)C4=NCCO4,,
3401039,C1=CC=C(C=C1)C(=O)COC2=CC=CC=C2[N+](=O)[O-],,
3401606,C1=CC=C(C=C1)NNC(=O)C2=CC=C(C=C2)[N+](=O)[O-],,
3401729,CC1=C(C(=NN1)NNC(=O)C2=CC=CC=C2)[N+](=O)[O-],,
3402335,C1C2=C(C(=CC=C2)F)C(=O)O1,,
3403301,CCC(C)SC1=NC2=C(C(=O)N1C3=CC=CC=C3)SCC2,,
3403458,CCCCN(CCCC)C(=O)NC1=C(C=CC(=C1)C)C,,
3403603,CCOC(=O)C1=CC(=NN1CC2=CC=CC=C2)C3=CC=CC=C3,,
3404344,CC(=O)NNC1=CC=C(C=C1)[N+](=O)[O-],,
3404984,CC1=CC(=CC=C1)NC(=O)N(CC2=CC=CC=C2)CC3=CC=CC=C3,,
3406543,CCC1=C2C(=CC=C1)C(=CN2)C(=O)CCl,,
3406655,C1CCC(C1)NC(=O)C(C2=CC3=C(C=C2[N+](=O)[O-])OCO3)N4CCCC4,,
3407389,CC(C(=O)O)SCC1=CC(=O)N2C3=CC=CC=C3NC2=C1C#N,,
3408722,CCCCN1CCCC1CNC(=O)C2=C(C3=CC=CC=C3C(=C2)C#N)OC,,
3410064,C1=CC=C(C=C1)C(=O)NC(=S)NC2=CC=CC=C2C(F)(F)F,,
3410248,CCCCC1=CC=C(C=C1)C(=O)NC2=CC3=C(C=C2)N=C(C=C3C)N4CCN(CC4)CC,,
3411091,COC1=CC=CC(=C1)NC(=O)N(CC2=CC=CC=C2)CC3=CC=CC=C3,,
3411547,CCCCCCCCCCCCCCCCCC(=O)NC1=CC=C(C=C1)C(=O)CC(=O)NC2=C(C=CC(=C2)C(=O)O)OC3=CC(=CC(=C3)C(=O)O)C(=O)O,,
3413160,COC1=CC=CC(=C1)C(=O)N2CCN=C2SC,,
3414134,CCOC(=O)C(C1=CC=CC=C1)(C(F)(F)F)NC(=O)NC2=CC=C(C=C2)O,,
3416224,COC1=C(C=C2C(NCCC2=C1)CC(=O)OC)OC,,
3416433,CCOC(=O)CCC(=C)C,,
3416533,CN1C2=CC=CC=C2C3=C1C(=O)N(C(=O)N3C)CCN4CCN(CC4)C5=CC=CC=C5OC,,
3417835,CC(C)C1=CC=C(C=C1)C(=O)[O-],,
3419540,C1=COC(=C1)C2=CC=C(C=C2)C#N,,
3419590,CC1=CC=C(C=C1)C2C3C(C(=O)N(C3=O)C4=CC=CC=C4)N5N2CCC5,,
3419952,CC1=CN=C(C=C1)NC(=O)C2=NC=CN=C2,,
3421919,C1=CC=C(C=C1)CC(C(=O)O)NC(=O)C(CC2=CC=C(C=C2)O)N,,
3422670,CCOCC(=O)NC1=NOC(=C1)C,,
3423467,C(=O)(N)OP(=O)([O-])[O-],,
3424071,CC(C)C1=CC2=C(CC(NC2=O)(C)C)C=C1,,
3424493,CC1=CC=C(C=C1)C23CC4CC(C2)CC(C4)(C3)NC(=O)NCCN(C)C,,
3425553,CCC(C)(C#C)NC(=O)C1=CC2=C(C(=CC=C2)CC=C)OC1=O,,
3425788,CC(C)CC(C(=O)O)NC(=O)C(CCSC)N,,
3426651,CC1(CC2=C(C(C(=C(N2C3=CN=CC=C3)N)C#N)C4=CC=CC=C4OC)C(=O)C1)C,,
3427828,COC1=C(C=C(C=C1)Cl)NC(=O)NC2=NC=CN=C2,,
3428129,CC1(C=CC2=C3C(=CC(=C2O1)OC)C(=O)C(=CO3)C4=CC5=C(C=C4OC)OCO5)C,,
3429810,C1=CC=C2C(=C1)NC(=N2)CCCNC(=O)C3=CC=C(C=C3)F,,
3430448,CC(C)(C)OC(=O)C1=CC=CC=C1N,,
3430687,CN1CCN2C(C1)C3(CC4=CC=CC=C42)C(=O)N(C(=O)N(C3=O)C)C,,
3431101,COC1=CC=CC=C1C(=O)C(=O)O,,
3431427,C1C(N(N=C1C2=CC=CS2)C(=O)CCl)C3=CC=CS3,,
3431797,C1=CC=C(C=C1)C(=O)NC2=C(C=C(C=C2)[N+](=O)[O-])O,,
3432579,C1CCC(CC1)C(=O)NO,,
3432949,C1CCC(C1)NC(=O)C2=NC3=CC=CC=C3N=C2,,
3433401,C1CC(CN(C1)S(=O)(=O)C2=CC=C(C=C2)F)C3=NC(=NO3)C4=CC=C(C=C4)F,,
3433937,C1=CC=C(C=C1)CC(=O)NCCC2=CC=C(C=C2)S(=O)(=O)N,,
3434746,CNC(=O)CCC1=CC=CC=C1,,
3434975,CC(=O)OC1=CC=CC=C1C(=O)[O-],,
3435176,CCCCN(CCCC)C(=O)NC1=C(C=CC=C1C)C,,
3436697,COC1=CC(=CC(=C1OC)OC)C(=O)NC(C(Cl)(Cl)Cl)SC2=NCCS2,,
3436734,C1=CC=C(C=C1)CN(CC2=CC=CC=C2)C(=O)NC3=CC=C(C=C3)Cl,,
3437286,CCC(=C1C(=O)CC(CC1=O)C(=O)[O-])[O-],,
3438253,CC1C(C(C(C(O1)OC2CCC3(C4CCC5(C(CCC5(C4CCC3(C2)O)O)C6=CC(=O)OC6)C)C=O)O)O)OC7C(C(C(C(O7)CO)O)O)O,,
3438279,CC(C1=CC=CC=C1)N2C(=O)OC(C2(C)O)(C)C,,
3439320,C1=CC=C(C=C1)OC2=CC=CC(=C2)C(=O)NC3=C(SC=C3)C(=O)O,,
3439408,CC1(CCC2(CCC3(C(=CCC4C3(CCC5C4(CCC(C5(C)C)OC6C(C(C(C(O6)CO)OC7C(C(C(C(O7)CO)O)O)O)O)O)C)C)C2C1)C)C(=O)O)C,,
3440374,C1=CC=C(C(=C1)C(=O)NC2=CC(=C(C=C2Cl)Cl)Cl)O,,
3440389,CC1(CC1(Br)Br)C(=O)N2CCN(CC2)C(=O)C3=CC=CO3,,
3440774,C=CC(=O)NC1=CC(=CC=C1)F,,
3440976,C1C2CC3CC1CC(C2)(C3)CC(=O)NC4=CC=C(C=C4)S(=O)(=O)N,,
3442459,C1=CC=C(C(=C1)C(=O)O)NCC2=CN=CC=C2,,
3442879,CNC(=O)N1CCCCC1,,
3446560,C1CCC2=NOC(=C2C1)N,,
3446849,C1=CC=C2C(=C1)C(=C3C=CC=CC3=N2)NNC(=O)CCCO,,
3448473,C1=CC=C(C=C1)N2C(=O)C3=C(C2=O)C(=CC=C3)N,,
3448892,CC1=C(C2=C(N1CC3=CC=C(C=C3)F)C=CC(=C2)OC)CC(=O)O,,
3448938,CC1=CC2=C(C(C(=C(O2)N)C#N)CCC3CCCCC3)C(=O)O1,,
3450026,C1=CC=C2C(=C1)NC(=O)C(S2)CC(=O)NN,,
3451614,CN1C(=O)C2=CC=CC=C2C(=N1)C3=CC(=C(C=C3)NCCCO)[N+](=O)[O-],,
3451971,C=COCCCCOC(=O)C1=CC=C(C=C1)C(=O)OCCCCOC=C,,
3452219,COC(=O)C1=CC2=C(O1)NC(=CC2=O)C(F)(F)F,,
3452486,CC1=CC(=CC=C1)NC(=O)CSC2=NC=NC3=C2OC4=CC=CC=C43,,
3452843,CC1=CC(=CC=C1)NC(=O)NC2C(=O)N(C3=CC=CC=C3C(=N2)C4=CC=CC=C4)CC(=O)C5=CC=CC=C5C,,
3453217,C1C=CC2C1C(NC3=C2C(=C(C=C3O)Cl)[N+](=O)[O-])C(=O)O,,
3453573,CC1=C2C(C3=C(CC(CC3=O)(C)C)NC2=NN1)C4=CC=CC=C4F,,
3454585,CC(C)(C)C1=CC=C(C=C1)C2CC3=C(C(N(C4=CC=CC=C4N3)C(=O)C5=CC=CC=C5Cl)C6=CC=C(C=C6)F)C(=O)C2,,
3454747,CC1=CC(=O)N(C(=O)N1)C2=CC=C(C=C2)Cl,,
3455288,CCCN1C(=O)N(C(CC1(C)C)(C)O)C2=CC=CC(=C2)C,,
3455484,C1=CC=C(C=C1)CN(CC2=CC=CC=C2)C(=O)NC3=C(C=CC=C3Cl)Cl,,
3456032,CC(CC(=O)O)C=C,,
3456290,C1C(=NN2C(=NN=C2S1)C3=CC=CO3)C4=CC=CC=C4Br,,
3456501,CCCCN(CCCC)C(=O)NC1=CC(=C(C=C1)C)C,,
3456936,CC1=C(C(=O)OC2=C(C3=C(C=C12)C(=CO3)C(C)(C)C)C)CC(=O)NC(CC4=CC=CC=C4)C(=O)O,,
3458131,CC1=NC2=C(C(=N1)SCC3=CC=C(C=C3)F)OC4=CC=CC=C42,,
3458330,CC=CC1=CC=CC=C1OC2=CC=C(C=C2)C(=O)C3=CC=C(C=C3)OC4=CC=CC=C4C=CC,,
3460028,CCOC(=O)CN1C(=C(C(=N1)C(F)F)Br)C,,
3461265,C1=CC(=CC=C1C2C(C3C(=O)C=CC2(O3)CO)C(=O)O)O,,
3462373,CCCCCC(=O)NC1CCOC1=O,,
3463753,COC(=O)C1CCCCN1,,
3463881,CC1=CC=C(C=C1)CSC2=NN=C(S2)NC(=O)C3COC4=CC=CC=C4O3,,
3464469,C1CC(=C(C1)NNC(=O)C2=CC=CC=C2N)C(=O)C(F)(F)F,,
3465283,CCCCC1=NC2=C(N1)C(=O)NNC2=O,,
3465472,C1=CC(=CC=C1C2=C(C=NN2)C(=O)O)F,,
3466480,C1COCCN1CCNC(=O)C2=C(N=CC=C2)Cl,,
3467018,CC1=CC(=O)OC(=C1C(=O)NC2=CC(=CC=C2)F)C,,
3467177,CCCCC(=O)NCCC1=C(NC2=CC=CC=C21)CC3=CC=CC=C3,,
3467590,C1=CC=C2C(=C1)N=C3N2C(=O)C4=CC=CC5=C(C=CC3=C54)C(=O)O,,
3469206,CC1C(OC(=O)C(=O)N1)C,,
3470599,COC1=CC2=C(C=C1)NC(=C2NC(=O)C3=CC=CC=C3[N+](=O)[O-])C(=O)O,,
3472451,CSCCC(C(=O)N1CCCC1C(=O)O)N,,
3473392,C1=CC=C2C(=C1)N(C3=CC=CC=C3S2)C(=O)C4=CC=C(C=C4)Br,,
3473393,CC1=CC=C(C=C1)C(=O)N2C3=CC=CC=C3SC4=CC=CC=C42,,
3473650,CC1(C=CC2=C(O1)C=C3C(=C2OC)C(=O)C(=CO3)C4=CC5=C(C=C4)OCO5)C,,
3474538,C1=CC=C(C=C1)C2(C3=CC=CC=C3NC2=O)C4=CC=CC=C4,,
3474584,[Li+].CC(=O)[O-],,
3474778,COC1=CC=C(C=C1)N2C=NC3=C2C=CC(=C3)C(=O)N4CCCCC4,,
3476048,C1=CC(=CC=C1C(=O)NC(=S)NC2=CC=C(C=C2)S(=O)(=O)N)[N+](=O)[O-],,
3476986,CC1=CC2=C(C=C1)N=C3C(C2=O)(CCN3C4=CC=CC=C4)O,,
3477013,C1=CC(=C2C(=CC=C3C2=C1C(=O)C3=O)[N+](=O)[O-])[N+](=O)[O-],,
3477029,C1C(CC(=O)C2=C1C=C(C=C2O)O)O,,
3480882,CC(=O)NC(CC(=O)O)C1=CC=CC=C1,,
3481662,C=CCN1C2=C(C=C(C=C2)Br)C(C1=O)(CC(=O)C3=CC=CO3)O,,
3481675,CN1N=C(N=N1)C2=C(C(=O)NO2)CC(C(=O)O)N,,
3481678,CCC1(CCCCN(C1=O)C)C2=CC(=CC=C2)OC3=C(C=CC(=C3)C(C)(C4=CN=CN4C)N)C#N,,
3481687,CC(=O)C1=C(C=CC(=C1)N2CCOCC2)[N+](=O)[O-],,
3481851,CC1(CCCC2(C1CCC34C2CCC(C3)C(C4)CO)C)C=O,,
3482402,C1CCC2(CC1)N(CCO2)C(=O)C(Cl)Cl,,
3482905,COC1=CC=CC=C1C2CC(=O)C3=C(C4=C(C=C3O2)OCO4)OC,,
3482908,CC1=C2C(C3C(C(C1)OC(=O)CC4=CC=C(C=C4)O)C(=C)C(=O)O3)C(=CC2=O)CO,,
3483298,CC1C2C(CC(=C3C=CC(C3C2OC1=O)(C)O)C)OC(=O)C,,
3483703,CC1=NC2=C(C(=N1)SCC(=O)C3=CC=CS3)OC4=CC=CC=C42,,
3483754,C1C(OC2=C(C1=O)C(=CC(=C2)O)OC3C(C(C(C(O3)CO)O)O)O)C4=CC=C(C=C4)O,,
3484268,COP(=O)(NC(=O)C(Cl)(Cl)Cl)OC,,
3485855,CN(C)S(=O)(=O)C1=CC=C(C=C1)NC(=O)C2CC3CC2C=C3,,
3486183,CC1=C(C=C(C=C1)NC(=S)NNC(=O)C2=CC(=CC=C2)[N+](=O)[O-])Cl,,
3486379,COC1=CC=C(C=C1)C2=NN(C=C2C3CC(=NN3C(=O)CCCC(=O)O)C4=CC=CS4)C5=CC=CC=C5,,
3486739,C1=CC=C(C=C1)N2C(=O)C(NC2=S)CC3=CN=CN3,,
3488474,CC(C)(C1=CC(=CC=C1)C(C)(C)NC(=O)NCC2=CC=C(C=C2)OC)NC(=O)NCC3=CC=C(C=C3)OC,,
3488508,C1=CC(C2C1C(=COC2OC3C(C(C(C(O3)CO)O)O)O)C(=O)O)(CO)O,,
3489043,C1C2=C(C(C3=CC4=C(C=C3N2)OCO4)C5=CC=CC=C5)C(=O)O1,,
3490010,COC1=CC=C(C=C1)N2CCN(CC2)CCC(=O)C3=CC4=CC=CC=C4C=C3,,
3490544,C1=CC(=CC(=C1)Br)C2=NN=C(O2)N,,
3490678,C1=CC=C2C(=C1)C(=O)C3=C(C=CC(=C3C2=O)O)[N+](=O)[O-],,
3490694,C1=CC=C(C=C1)C2=CC(=CC(=N2)C3=CC=CC=C3)C(=O)O,,
3491292,C1=CC=C(C=C1)C2=CC=C(C=C2)CC=O,,
3492365,CC1=CC=C(C=C1)N2C(=O)N(C2=O)C3=CC=C(C=C3)C,,
3492611,CCN(CC)C(=O)CCS(=O)(=O)C1=CC=CC2=NON=C21,,
3495344,CCCCCCCCCCCCCCCCCCN1C(=O)C2=CC=CC=C2C1=O,,
3495594,C1=CC=C(C(=C1)C(=O)C2=CC(=C(C(=C2)O)O)[N+](=O)[O-])F,,
3496496,CN1CCC2=CC3=C(C(=C2C1C4C5=C(C(=C(C=C5)OC)OC)C(=O)O4)O)OCO3,,
3496769,C1C(OC2=C(C1=O)C=CC(=C2)O)C3=CC(=C(C=C3)O)O,,
3496888,COC(=O)CCCCCCCCCCCCCCCO,,
3498030,CCN(CCNC(=O)NC1=CC(=CC=C1)Br)C2=CC=CC(=C2)C,,
3498566,C1CN(CCN1CCC(=O)C2=CC=C(C=C2)Cl)C3=CC=C(C=C3)[N+](=O)[O-],,
3498635,CC1=C(C=C(C=C1)NC(=O)N(CC2=CC=CC=C2)CC3=CC=CC=C3)Cl,,
3500439,CC1(CCCC2=C1CC3C(C2)C(=O)N(C3=O)N)C,,
3501178,C1=CC(=C2C=C(OC2=C1)N)[N+](=O)[O-],,
3502703,CCCCN(CCCC)C(=O)NC1=C(C(=CC=C1)Cl)Cl,,
3503044,CC(C)C1COC2=C(O1)C=C3C=CC(=O)OC3=C2,,
3503223,CC1=C2C(=C(C(=C1Cl)O)Cl)OC3=C(C(=C(C(=C3C)C(=O)OC)O)C)OC2=O,,
3503374,C1=CC=C(C=C1)CC2C(=O)NC(=S)NC2=O,,
3504015,CCN1C=C(C(=O)C2=CC3=C(C=C21)OCO3)C(=O)OCC,,
3504521,CC1=CC2=C(C=C1)OC(=O)C2C3=CC=CC=C3,,
3504626,CC1CC(CC(C12CCC(C2)C(=C)C)C=O)O,,
3505074,CCCCNC(=O)C(CC(=O)C(CC1CCCCC1)NC(=O)C(CC2=CN=CN2)NC(=O)C(CC3=CC=CC=C3)CS(=O)(=O)C(C)(C)C)C(C)C,,
3505480,CCCCCCCCCCCC(=O)NCCCCCC,,
3505890,CC(=O)OC1=CC(=CC(=C1OC(=O)C)OC(=O)C)C2=COC3=CC(=C(C(=C3C2=O)OC(=O)C)OC(=O)C)OC(=O)C,,
3506204,C1=CC2=C(C=C1OCC(=O)O)C(=NO)C3=C2C=CC(=C3)OCC(=O)O,,
3506422,CCOC(=O)C1CCCN(C1)CC(=O)C2=CNC3=C2C=C(C=C3)C,,
3506793,CCOC(=O)C1=C(NC(=S)NC1C)C2=CC=CC=C2,,
3507590,CC1C(=O)NC2=C(S1)C=CC(=C2)C(=O)O,,
3507855,[Li+].C1=CC(=C(C=C1Cl)Cl)OCC(=O)[O-],,
3508054,CN(C)CCNC(=O)C1=CC=CN2C1=NC3=CC4=CC=CC=C4C=C3C2=O,,
3508640,CC1C=C(C(C(C2C1CC(C2)(C)C)O)C=O)C=O,,
3509452,CCC(C1=CC=C(C=C1)C)NC(=O)NC2=CC=C(C=C2)Cl,,
3510137,CCCC(=O)NC1=CC=C(C=C1)S(=O)(=O)N,,
3510494,CC1=CC(=CC=C1)NC(=O)C2=CN(N=C2C3=CC=CC=C3)C4=CC=CC=C4,,
3510570,CC(=CC=CC=C(C)C=CC=C(C)C(=O)OC1C(C(C(C(O1)COC2C(C(C(C(O2)CO)O)O)O)O)O)O)C=CC=C(C)C(=O)OC3C(C(C(C(O3)COC4C(C(C(C(O4)CO)O)O)O)O)O)O,,
3511405,CC(=O)NC1=NC2=C(C=CC=C2S1)OC,,
3512309,C1CC2=CC=CC=C2N(C1)CC(=O)NC3=CC=CC=C3[N+](=O)[O-],,
3512634,C1=CC(=CC=C1C2C(C(=O)C3=C(O2)C=C(C=C3)O)O)O,,
3512637,COC1=C(C=CC(=C1)C2CC(=O)C3=C(C=C(C=C3O2)O)O)O,,
3513417,C1=CC(=CC=C1N(CC(=O)O)CC(=O)O)N(CC(=O)O)CC(=O)O,,
3515860,CCOC1=CC=C(C=C1)C2C3=C(CCCC3=O)OC(=C2[N+](=O)[O-])N,,
3515873,COC(=O)C1=COC(C2C1CC=C2CO)OC3C(C(C(C(O3)CO)O)O)O,,
3516083,C(CN(CC(=O)NC1=NN=C(S1)S(=O)(=O)N)CC(=O)O)N(CC(=O)NC2=NN=C(S2)S(=O)(=O)N)CC(=O)O,,
3517936,C1=CC=C(C=C1)C2=CC3=CC=CC=C3O2,,
3518593,COC(=O)C1(CCCCC1)Br,,
3518628,C1CC2=C(C1)SC(=C2C(=O)N)NC(=O)CCl,,
3519541,CC(C)(C)C1=CC(=CC(=C1O)C(C)(C)C)CC(C)(C)C=O,,
3519775,C1CC(=O)NC1C(=O)NCC2=CC=CC=C2,,
3519901,CC(=CCC1=C(C2=C(C=C1O)OC(CC2=O)C3=CC=C(C=C3)O)O)C,,
3520232,CC1=CC2=C(C(=O)C(C(C2=CO1)O)(C)O)C=O,,
3520383,CCCCN1C(=CC(=C2C(=O)C3=CC=CC=C3C2=O)C=C1C)C,,
3520857,CCCC1=CC(=O)N2C(=N1)N=C(N2)NCC3=CC=C(C=C3)Br,,
3523252,C1COCCN1C(=O)C2=CC3=C(S2)C=CC(=C3)[N+](=O)[O-],,
3524388,CN1C=C(C2=CC=CC=C21)C(=O)C(F)(F)F,,
3525005,CC1(CO1)C(=O)OC,,
3525223,C1=CC2=C(C(=C1)[N+](=O)[O-])C(=O)NNC2=O,,
3527278,CC(C)CC(=O)C(=O)[O-],,
3527426,C1(=C(C(=C(C(=C1F)F)F)F)F)C(=O)C(=O)C2=C(C(=C(C(=C2Cl)Cl)Cl)Cl)Cl,,
3528504,C1=CC(=CC=C1NC(=O)NC2=CC(=C(C=C2Br)Br)NC(=O)NC3=CC=C(C=C3)I)I,,
3530525,C1=CC=C(C=C1)C(CCNC(=O)C2=CN=CC=C2)C3=CC=CC=C3,,
3531157,CC(C1CCC2C1(CCC3C2CCC4C3(CCC(C4)OC5C(C(C(C(O5)C(=O)O)O)O)O)C)C)O,,
3532749,C1=CC(=CC(=C1)F)C(=O)NC2=CC(=CC=C2)Br,,
3533588,C1=CC(=C(C=C1C2(C3=C(C(=C(C(=C3Br)Br)Br)Br)C(=O)O2)C4=CC(=C(C=C4)O)S(=O)(=O)[O-])S(=O)(=O)[O-])O,,
3533883,CCCC1C(N(C1=O)C2=CC=CC=C2)C3=CC=CC=C3,,
3534238,C1=CC=C(C(=C1)C(=O)O)SC2=C(C=C(C=C2)C(=O)O)N,,
3534526,CCCCN(CCCC)C1=CC2=C(C=C1)C3(C4=CC=CC=C4C(=O)O3)C5=C(O2)C=C(C(=C5)NC6=CC=CC=C6)C,,
3534982,C1C(OC2=CC=CC=C2C1=O)C3=CC(=CC=C3)O,,
3536446,C1=CC=C(C(=C1)C=O)N2C=NC=N2,,
3536509,CC1C(C(C(C(O1)OC2C(C(COC2OC(=O)C34CCC(CC3C5=CCC6C7(CCC(C(C7CCC6(C5(CC4)C)C)(C)C)OC8C(C(C(C(O8)CO)O)O)OC9C(C(C(C(O9)CO)O)O)O)C)(C)C)O)O)O)O)OC1C(C(C(CO1)O)O)O,,
3537198,COC1=CC=C(C=C1)C(=O)N2CC(CC2=O)C3=CC=CC=C3,,
3538522,C1=CC=C(C(=C1)C(=O)O)NCC2=CC=C(C=C2)Cl,,
3540028,CC(C)CCC(C(C)CC(=O)NC1=NN(C=C1)C2=CC=CC=C2)C(=O)O,,
3541112,CC(CC(=O)[O-])O,,
3542481,C1C(C(C(C(O1)C2=C3C(=C(C(=C2O)C4C(C(C(C(O4)CO)O)O)O)O)C(=O)C=C(O3)C5=CC(=C(C=C5)O)O)O)O)O,,
3542734,C1=CC=C2C(=C1)C(=O)C(=O)N2CCBr,,
3543259,C1=CC2=C(C=C1[N+](=O)[O-])C(=O)NNC2=O,,
3543650,CC1=CC(=O)OC(=C1C(=O)NC2=C(N=CC=C2)Cl)C,,
3543999,COC1=CC2=C(C=C1)NC=C2CCNC(=O)C3CCCNC3=O,,
3544180,C=CC1=CC=C(C=C1)CN2C3=CC=CC=C3C(=C2C(=O)O)C=O,,
3545119,CC1=C(C=C(C=C1)C2=NC3=C(S2)N=CC=C3)NC(=O)CC4=CC=C(C=C4)OC,,
3545326,CCCCCCCC(=O)O.CCCCCCCC(=O)O.[Ni],,
3545369,COC1=CC=C(C=C1)NC(=O)NC23CC4CC(C2)CC(C4)C3,,
3545567,CC1=CC=C(C=C1)S(=O)(=O)NC2=CC=CC=C2C(=O)NCC3=CC=CC=C3,,
3546592,CC1=CC=C(C=C1)N2CN(CNC2=S)CC3=CC=CO3,,
3547487,C1CN(CCN1CC(=O)NC2=C(C=C(C=C2)F)F)C3=CC=CC=N3,,
3547525,CC(=O)C1=NN(CC1C(=O)OC)C2=CC=C(C=C2)[N+](=O)[O-],,
3549290,C1=CC(=CC(=C1)I(=O)=O)C(=O)O,,
3549761,CNC1=CC(=O)N(C(=O)N1C2=CC=CC=C2)C,,
3549980,CCCC(CCC)C(=O)[O-],,
3550102,C1C(C(C(C(O1)C2=C3C(=C(C(=C2O)C4C(C(C(C(O4)CO)O)O)O)O)C(=O)C=C(O3)C5=CC=C(C=C5)O)O)O)O,,
3552304,CCCCNC(=O)C1=CC(=CC=C1)Cl,,
3554817,CC1CC2C3CCC4CC(=O)C=CC4(C3C(CC2(C1(C(=O)COC(=O)C)O)C)O)C,,
3554910,C1=CC(=C(C(=C1)Cl)CN2C=CC=C(C2=O)NC(=O)C3=CC=C(C=C3)Cl)Cl,,
3556303,COC1=C(C(=C2C(=C1)OC(=CC2=O)C3=CC(=C(C=C3)O)O)O)C4C(C(C(C(O4)CO)O)O)O,,
3556694,CCN(CC)C1=C(C(=O)C(C12OCCO2)Cl)Cl,,
3558529,CCCCCCCCCCCCNC(=O)C1=CC=C(C=C1)OC,,
3559325,CCCCN(CCCC)C(=O)NC1=CC=C(C=C1)OC,,
3559465,C1=CC=C2C(=C1)C=C(C(=O)O2)C(=O)NCCCCNC(=O)C3=CC4=CC=CC=C4OC3=O,,
3559528,CC1=CC(=NC(=C1C#N)SCC2=CC=C(O2)C(=O)OC)C(F)F,,
3559619,CC1(C(=O)NC(=O)N1)C2=CC(=C(C=C2)OC)OC,,
3560665,C1=CC=C(C=C1)C(=O)NCC(=O)NCC(=O)N,,
3560758,C1=CC=C2C(=C1)C(=O)C3=C(N2)C(=CC=C3)C(=O)O,,
3561768,C1=CC=NC(=C1)C2=CSC(=N2)NC(=O)C3=CC=C(S3)Cl,,
3562962,C1=CC=C(C(=C1)CNC(=O)CC2=CNC3=CC=CC=C32)F,,
3563697,C1CC(NC1)C(=O)NC(CCC(=O)O)C(=O)O,,
3563955,CC1=NC(=C(C=C1)C#N)SCC2=NN=C(O2)C3=CC=C(C=C3)Cl,,
3564247,C1CC(OC1)CNC(=O)C2=CC=C(S2)[N+](=O)[O-],,
3564542,CC1C(C(C(C(O1)OCC2C(C(C(C(O2)OC3=CC(=C4C(=O)CC(OC4=C3)C5=CC(=C(C=C5)O)O)O)O)O)O)O)O)O,,
3565209,CCC(C)C(=O)OC1CC(C=C2C1C(C(C=C2)C)CCC(CC(CC(=O)O)O)O)C,,
3567002,CC1=CNC(=O)N(C1=O)CCCN2CCN(CC2)C3=CC=CC=C3OCC(F)(F)F,,
3567787,C1=CSC(=C1)C2=CSC(=N2)NC(=O)C3=CC=C(S3)Cl,,
3568217,C1C(SC2=CC=CC=C2N=C1C3=CC=CO3)C4=CC=C(C=C4)F,,
3568969,COC1=CC(=CC(=C1O)OC)C2=[O+]C3=CC(=CC(=C3C=C2OC4C(C(C(C(O4)CO)O)O)O)O)O,,
3569112,CC1=C(C(C(=O)N1)(C(F)(F)F)NC(=O)C(C)(C)C)C#N,,
3569983,C1CC(C(=O)C1)CC(=O)O,,
3570851,C1=CC=C(C(=C1)NC(=O)C2=CC=C(C=C2)[N+](=O)[O-])NC(=O)C3=CC=C(C=C3)[N+](=O)[O-],,
3571212,CN(C1CCS(=O)(=O)C1)C(=O)CSC2=NN=C(S2)NCC3=CC=CC=C3,,
3572750,C1=CC=C2C(=C1)NC(=N2)NC(=O)C3=CC(=CC=C3)[N+](=O)[O-],,
3574419,C1=CC=C(C=C1)C2=NC(=CS2)C3=CC(=CC=C3)NC(=O)C4=CC=CS4,,
3574452,COC1=CC(=C(C=C1)N2C(SCC2=O)C3=CC(=CC=C3)Br)OC,,
3574508,CC(=CC1C2=C(C3=C(O1)C4=CC=CC=C4C5=C3C=CC(O5)(C)C)C(=O)C6=CC=CC=C6C2=O)C,,
3574987,CCCCCCCCCCOC1=CC=C(C=C1)C(=O)OC,,
3576484,C1=CC2=C(C=CC=C2O)C(=C1)NC(=O)NC3=CC(=C(C=C3)F)[N+](=O)[O-],,
3576813,CC(C1=CC2=C(C=C1)C=C(C=C2)OC)C3=NC4=CC=CC=C4C(=O)N3N,,
3577080,COC(=O)C1=CC(=NC2=CC=CC=C21)C3=CC=CS3,,
3578033,CC1=CC=C(O1)C(C)CC=O,,
3578517,CC1=NC=C(N1CCOC(=O)NC(C(Cl)(Cl)Cl)NCC2=CC=CC=C2Cl)[N+](=O)[O-],,
3578572,CN1CCN(CC1)C(=O)C2C3CCC(C2C(=O)O)O3,,
3579517,C1C(=NN(C1(C(F)(F)F)O)C(=O)C2=CC=C(C=C2)N)C3=CC=CC=C3,,
3579812,CC(C)(C)NC(=O)C1CC2CCCCC2CN1CC(C(CC3=CC=CC=C3)NC(=O)C(CC(=O)N)NC(=O)C4=NC5=CC=CC=C5C=C4)O,,
3581322,C1=CC=C(C(=C1)[N+](=O)[O-])OCC2=CC=C(O2)C(=O)NCC3=CC=CO3,,
3583645,C1=CC=C(C=C1)C(=O)C(NC(=O)C2=CC=C(C=C2)F)O,,
3584864,COC1=CC(=C(C=C1)N2C(=O)CCC2=O)OC,,
3584988,CC(C1=CC=C(C=C1)OC)C(=O)C2=C(C=C(C=C2)O)O,,
3586132,CCCC1=C(C2=C(C=C3C(=C2)C(=C(O3)C)C)OC1=O)C,,
3586494,C1=CC=C2C(=C1)C(=O)N(C2=O)C3=CC=C(C=C3)S(=O)(=O)N,,
3586642,CSC1=NC(=NN1C(=O)C2=CC=CC=C2Cl)C3=CC=CO3,,
3586645,C1=CC=C(C=C1)CCC(=O)N2C(=NC(=N2)C3=CC=CO3)SCC4=CC=CC=C4,,
3587049,CC1C(C(CC(O1)OC2CCC3(C4CCC5(C(CCC5(C4CCC3(C2)O)O)C6=CC(=O)OC6)C)C=O)O)OC7C(C(C(C(O7)CO)O)O)O,,
3587356,CC(C)CC(=O)[O-],,
3587902,CCOC(=O)C(P(=O)(OCC)OCC)(Cl)Cl,,
3588736,C1=CC(=CC=C1CCC(=O)O)C(F)(F)F,,
3588737,COC(=O)C1=CC2=C(S1)C3=CC=CC=C3OC2,,
3589471,C1C(C(OC2=CC(=CC(=C21)O)O)C3=CC(=O)C(=C4C(=C3)C(=CC(=C4O)O)C5C(CC6=C(C=C(C=C6O5)O)O)OC(=O)C7=CC(=C(C(=C7)O)O)O)O)OC(=O)C8=CC(=C(C(=C8)O)O)O,,
3591866,C1CCCCC=CCCCCC(=O)OCCCC1,,
3593277,CCC(=O)C(=O)[O-],,
3593803,CCCN1C(=O)C2=CC=CC=C2C(=N1)C(=O)N3CCN(CC3)C4=CC=CC=N4,,
3595244,CC1=C(C(=O)N(N1C)C2=CC=CC=C2)NCC3=CC=CC=C3O,,
3595270,C1C2CC3(CC1CC(C2)(C3)N4N=CN=N4)CC(=O)NN,,
3595656,COC1=CC=CC=C1NC(=O)N(CC2=CC=CC=C2)CC3=CC=CC=C3,,
3596769,C1=CC(=CC(=C1)Br)COC2=CC=CC(=C2)C=O,,
3597254,CCOC(=O)C#CC(F)(F)F,,
3597540,COC1=C(C=C(C=C1Cl)Cl)C=O,,
3598233,C1CCC(=NCC1)NS(=O)(=O)C2=CC=CC(=C2)NC(=O)CCl,,
3598834,CC1=CC(=NC=C1)NC(C(=O)OC)(C(F)(F)F)NC(=O)C,,
3599076,CC1=C(NC(=C1C)C=O)C=O,,
3601517,C1OC2=C(O1)C=C(C=C2)C=C3C4=CC=CC=C4C(=O)C5=CC=CC=C53,,
3603393,C1=CSC2=C1C(=O)NC(=S)N2,,
3603687,C1=CC(=C(C(=C1)N)[N+](=O)[O-])C(=O)O,,
3604361,CC(C)(C)C1CCC2=C(C1)SC(=C2C(=O)N)NC(=O)C3=C(C=CC=C3F)F,,
3604840,COC1=CC=CC(=C1)C2=CC(=NO2)C(=O)NC3=C(N=CC=C3)Cl,,
3604942,CC(C)(C(COC1=C(C=C2C=CC(=O)OC2=C1)OC)O)O,,
3605090,CC1=C(SC=C1)C2C(=C(N(C3=C2C(=O)CCC3)N(C)C)N)C#N,,
3605388,CC(C)C1=NC(=C(C=C1)CNC(=O)CC(C)C2=CC=CC=C2)SC,,
3606489,CC1=C(C(=CC=C1)NC(=S)NC(=O)CCC2=CC=CC=C2)C,,
3606549,CC(CCC1=CC=CC=C1)NC(=O)C2=CC=CC=C2C(=O)O,,
3607071,C1=C(OC(=C1)[N+](=O)[O-])C2=CSC(=N2)NNC=O,,
3607724,C1=CC=C(C=C1)COC2=CC(=O)NC=C2,,
3608562,CCCCCCCCCC(=O)OC1=CC=C(C=C1)C(=O)O,,
3609898,CC1=C(C(=O)C(=C(C1=O)Cl)Cl)C,,
3609942,COC(=O)C1CN(N(C12C3=CC=CC=C3C4=CC=CC=C24)C5=CC=C(C=C5)Cl)C#N,,
3610556,CCOC(=O)C1=C(SC2=C1CC(NC2(C)C)(C)C)NC(=O)C3COC4=CC=CC=C4O3,,
3610813,C1CC(C2=CC=CC=C2C1)NC(=O)C3=CC(=CC=C3)S(=O)(=O)N4CCN(CC4)C5=CC=CC=C5,,
3612016,C1CCC2=C(C(C1)C(=O)N)NC3=C2C=C(C=C3)Cl,,
3613356,CC1=NC(=NC=C1C(=O)O)SC,,
3613485,C1CC2=CC=CC=C2C(C(=CC(=O)[O-])C1)O.[Na+],,
3613503,CCCCCCCCCC(=O)NCC(C)C,,
3613666,CCC(=O)NC1=NC(=CS1)C,,
3613871,COC(=O)C1=NC=CC=N1,,
3614103,CCOC(=O)C1=CN=C(S1)Br,,
3614184,CC1=CC(=CC=C1)N2C=NC3=C2C=CC(=C3)C(=O)NCC4=CC=CC=C4Cl,,
3614338,C1(=NC(=O)N(C(=O)N1Cl)Cl)[O-],,
3614350,CN1C=C(C=C(C1=O)Br)Br,,
3614358,C(=O)C(=O)[O-],,
3614377,CCCCCCCCCCNC(=O)CCC,,
3614497,C1=CC(=C(C=C1Cl)Cl)OCCNC(=O)CCl,,
3614646,C(=O)([OH2+])[O-],,
3614842,CC1=NN(C(=O)C1N=NC2=CC=C(C=C2)OC)C3=CC=CC=C3,,
3616161,C1=CC=C(C(=C1)C(=O)NCCC2=CC=C(C=C2)Cl)C(=O)O,,
3616320,CCOC(=O)OC1=C(C=C2C(=C1Cl)SC(=O)O2)Cl,,
3616844,CN1CCC(CC1)C(=O)OC,,
3616945,CC1CCC(CC1)CC(=O)O,,
3618007,CCOC(=O)CN1C=C(C(C2=CC=CC=C21)C[N+](=O)[O-])C3=NC4=CC=CC=C4C=C3,,
3618472,C1=CC=C(C=C1)NC(=O)NC2=C(C=C(C=C2)[N+](=O)[O-])O,,
3618479,CC(=O)NC1=CC(=CC=C1)NC(=O)NC2=CC=CC3=CC=CC=C32,,
3619449,CC1=CC=C(C=C1)NC2=NC(=C(S2)C=O)Cl,,
3621685,CC(C)CC(C(=O)NC(CO)C(=O)O)N,,
3622707,CC1=NC2=C(C(=N1)SCC3=CC(=CC=C3)F)OC4=CC=CC=C42,,
3623732,CC(=O)NC1=C(C=C2C3=CC=CC=C3C(=O)C2=C1)[N+](=O)[O-],,
3623881,CCOC1=CC=CC=C1OS(=O)(=O)NC(=O)NC2=NC(=CC(=N2)OC)OC,,
3623916,CC1=C(C(C(=C(N1)C)C(=O)OCC=C)C2=CC(=CC=C2)OC3=CC=CC=C3)C(=O)OCC=C,,
3624465,C1=CC=C(C=C1)CN(CC2=CC=CC=C2)C(=O)NC3=C(C=CC(=C3)Cl)Cl,,
3624980,CC(=O)OCC(CC(CCCCCCCCCCCC=C)O)O,,
3625310,C1=CC=C(C=C1)C(=O)C(=O)C2=CC=C(C=C2)F,,
3625612,CCCCCCCCCCCCCCCCC(=O)OCC(COC(=O)CCCCCCCCCCCCCCCC)OC(=O)CCCCCCCCCCCCCCCC,,
3626837,COC1=CC=CC(=C1)C(=O)NCCN2CCN(CC2)C3=CC=C(C=C3)Cl,,
3628165,C1=CC2=NC(=CN2C=C1)C(=O)NN,,
3629808,CC1=CC=C(C=C1)NC(=S)NC2=CC3=C(C=C2)NC(=O)N3,,
3631511,CN1C(=O)CC(C1=O)N2CCN(CC2)CC(=O)N,,
3634442,C1=CC=C2C(=C1)C(=CN2)CC(C(=O)NC(CCC(=O)O)C(=O)O)N,,
3637398,C1=CC=C(C(=C1)C(=O)[O-])NC2=CC=CC(=C2)C(F)(F)F,,
3640365,C1=CC=C(C(=C1)CN2C3=CC=CC=C3C(=C2C(=O)O)C=O)F,,
3641692,CCOC(=O)C1=C(SC(=N1)NCC2=CC=CC=C2)C,,
3642305,CC(C1=CC=C(C=C1)C(=O)C2=CC=CS2)C(=O)OC,,
3643626,CC1=CC=C(C=C1)OC(C)C(=O)O,,
3644637,CC1=CC2=C(C=C1Cl)N(CC2)C(=O)NC3=CN=C(C=C3)OC4=C(N=CC=C4)C,,
3645619,CC1=CC(=CC=C1)C(=O)NCN2CCN(CC2)C3=CC=CC=C3C#N,,
3645780,C1=CC(=C(C=C1O)C(C(=O)O)N)Cl,,
3646120,C1CN(CCN1)C2=C(C=C(C=C2)C(=O)NC34CC5CC(C3)CC(C5)C4)[N+](=O)[O-],,
3646529,C1C(=NC2=CC=CC=C2NC1=O)C(C(C(F)(F)F)(F)F)(F)F,,
3646533,CC1=CCC2=C(C=C3C(=C2O)C(=O)C=C(O3)C)OC1,,
3647906,C1CC(=O)NC2=C1C=C(C=C2)S(=O)(=O)NC3=CC(=CC=C3)Cl,,
3647907,C1CC(=O)NC2=C1C=C(C=C2)S(=O)(=O)NC3=CC=C(C=C3)Cl,,
3647908,C1CCC(CC1)NS(=O)(=O)C2=CC3=C(C=C2)NC(=O)CC3,,
3647975,C1=CC=C(C=C1)CC(=O)NC(C(C2=CC=C(C=C2)[N+](=O)[O-])O)C(=O)O,,
3648225,COC1=C(C=CC(=C1)C=O)OC2C(C(C(C(O2)CO)O)O)O,,
3650004,COC1=C(C=CC(=C1)C=O)OS(=O)(=O)C,,
3651377,CC(C)C1=CC2=C(C=C1)N(C(=C2SC(C)(C)C)CC(C)(C)C(=O)O)CC3=CC=C(C=C3)Cl,,
3651426,C1=C(NC=N1)CC(C(=O)[O-])[NH3+],,
3651705,C1=CC=C(C(=C1)CSC2=NC3=C(C(=O)N2CC4=CC=C(C=C4)C(=O)O)SC=C3)C#N,,
3651967,CC(C)CC(=O)NC1(C(=O)N(C(=O)N1)CCC2=CC(=C(C=C2)OC)OC)C(F)(F)F,,
3652315,CCC(=O)N1CCC2=C1C=CC(=C2)S(=O)(=O)NC3=CC=CC=C3C,,
3652335,CC1=CC=C(O1)CN2CCS(=O)(=O)CC2,,
3653077,CC1(CC2=C3C(=C(C(=C2C1)O)C=O)CC(OC3=O)O)C,,
3653116,C1=CC=C2C(=C1)C(=O)NC3=C(N2)C=CC(=C3)Cl,,
3653315,CCCNC1=NC2=C(N1CCOC3=CC=CC=C3)C(=O)NC(=O)N2C,,
3653450,C1CC2CNC(CC2CC1CP(=O)(O)O)C(=O)O,,
3653705,CN1C2=C(C(=O)N(C1=O)C)N(C=N2)CC(=O)NCCCN(C)C,,
3655259,C1=CC=C(C=C1)C(=O)NC2=C(C=C(C=C2)[N+](=O)[O-])NC(=O)C3=CC=CC=C3,,
3656145,CC1=C(C=C(C=C1)NS(=O)(=O)C2=CC3=C(C=C2)NC(=O)CC3)F,,
3656150,CC1=CC=C(C=C1)NS(=O)(=O)C2=CC3=C(C=C2)NC(=O)CC3,,
3656473,CC1(C2CCC1(C(C2)OC(=O)CC3=CC=CC=C3)C)C,,
3657942,C1=CC2=C(C=C1S(=O)(=O)[O-])C(=O)C(=O)N2.[Na+],,
3658092,CN1CCN(CC1)C2=CC=C(C=C2)NC(=S)NC(=O)C3=CC=CC4=C3C=CC=C4Cl,,
3659429,CN(C)CCNC(=O)C1=CC2=CC=CC=C2C=C1O,,
3660800,CC(=O)C1=CC2=C(C=C1)OCCOCCOCCOCCOCCO2,,
3660944,COC1=CC=C(C=C1)C(=O)C(=O)OC,,
3661024,CC1=CC=C(C=C1)C(=O)C2=NC=CN2,,
3661570,CCCC1=C(C(=NC(=C1C(=O)SCC)CC)C2=CC=CC=C2)C(=O)OCCC,,
3663276,C1=CC=C(C=C1)COC2=C(N=CC=C2)NC(=O)NC3=CC=CC=C3,,
3663410,C1C2CC3CC1CC(C2)(C3)C(=O)NNC4=C5C=CC=CC5=NC6=CC=CC=C64,,
3664359,C1=CC=C(C=C1)C(=O)NC(=S)NC2=C(C(=CC(=C2)[N+](=O)[O-])Cl)O,,
3666186,C1CCC(CC1)N2CCN(CC2)C3=CC(=C4C5=C(C6=CC=CC=C6C4=O)ON=C35)NC7=CC=C(C=C7)C(=O)O,,
3667935,CC(C)(C)NC(=O)C1CC2CCCCC2CN1,,
3669734,CCOC(=O)N1CCN(CC1)C(=O)CCCCN2C(=O)C3=C(C=CS3)NC2=S,,
3669864,CCCCC(=O)[O-].[Na+],,
3671479,CCOC(=O)C1=C(NC2=CC=CC=C2N=C1N)C,,
3671930,C1CCN(C1)C2=C(C=C(C=C2)C(=O)O)[N+](=O)[O-],,
3674425,C=C(C(=O)[O-])OP(=O)([O-])[O-],,
3675988,C1CC(NC1)C2=CC=CO2,,
3676263,C1=CC(=CN=C1)CNC(=O)NC2=CC=C(C=C2)Cl,,
3677278,CC(C)(C)C(=O)NC(CC(=O)O)C1=CC=CC=C1,,
3677366,CC(C)(C)N1C(=C2CSCC2=N1)NC(=O)CC3=CC=CS3,,
3678007,CC(C1=CC=CC=C1Br)NC(=O)CCl,,
3678270,CC1C2CCC3(C(CCC(=C)C3(C2OC1=O)O)O)C,,
3678411,C1=CNC(=O)C(=C1)C(F)(F)F,,
3679006,C(CC(=O)O)C(C(=O)O)NC(=O)N,,
3679102,CN(CCC1=CC(=C(C=C1)OC)OC)C2CC(=O)N(C2=O)C3=CC=CC=C3,,
3680108,CCOC(=O)NC1=C(C=C2C3=CC=CC=C3C(=O)C2=C1)[N+](=O)[O-],,
3681703,CCN1C=NC2=C1C(=O)NC(=O)N2CC3=CC=CC=C3,,
3682004,CC1=CC(=C(N1CC2COC3=CC=CC=C3O2)C)C(=O)CCl,,
3684314,CC(=O)N1CCN(CC1)C2=C(C=C3C(=C2)N(C=C(C3=O)C(=O)O)C4CC4)F,,
3684804,CN(C)C1=C(C=C(C=C1)C(=O)O)[N+](=O)[O-],,
3684843,CSC1=CC=CC(=C1)NC(=O)NC2=CC=CC3=C2C=C(C=C3)O,,
3685259,C1=CC=NC(=C1)CNC(=O)C2=CC=C(C=C2)N3C=C(C=N3)C4=CC=NC=C4,,
3686351,CC(=O)CC12CC3CC(C1)CC(C3)C2,,
3686662,CC(C1=CC(=C(C=C1)Cl)Cl)NC(=O)CCl,,
3687816,CC(C)OC1=CC=C(C=C1)C(CC(=O)O)N2C=NN=N2,,
3687938,CC1=C(C=C(C=C1)NC(=O)N(CC2=CC=CC=C2)CC3=CC=CC=C3)C,,
3688235,C1=CC=C(C=C1)CN(C2=CC=C(C=C2)F)S(=O)(=O)C3=C(C=CC(=C3)C(=O)O)Cl,,
3688662,C1=CC=C(C=C1)C(C(=O)C2=CNC3=CC=CC=C32)Cl,,
3689413,COC1=C(C=C(C=C1)N(C(C2=CC=CS2)C(=O)NCCC3=CC=CC=C3)C(=O)CCl)Cl,,
3689466,C1=CC=C(C=C1)CN(CC2=CC=CC=C2)C(=O)NC3=CC=CC=C3Cl,,
3690178,CC1=CC=CC=C1NC(=O)C=C,,
3690297,C1=CC(=O)N(C1=O)CCOCCOCCN2C(=O)C=CC2=O,,
3691174,COC1=CC2=C(C=C1)C3=C(CC2)C=C(S3)C(=O)O,,
3691284,CC(=O)COCC1=CC=CC=C1,,
3691619,CC(=O)C1=NOC2C1C(=O)N(C2=O)C3=CC=CC=C3,,
3692773,CC(=O)C[NH3+],,
3693531,CC1=CCC2C(C(CCC2(C1COC3=CC4=C(C=C3)C=CC(=O)O4)C)O)(C)C,,
3693566,COC1=CC(=C(C=C1C(=O)CCCCN2CCC3(CC2)C(=O)NC(=O)N3)NS(=O)(=O)C4=CC=C(C=C4)C(F)(F)F)OC,,
3693744,C1=CC(=CC=C1C(=O)NN)[N+](=O)[O-],,
3694323,C1=CC=C(C(=C1)C2=NN=C(O2)N)Cl,,
3694932,CC1(CCC2(CCC3(C(=CCC4C3(CCC5C4(CC(C(C5(C)C)O)O)C)C)C2C1)C)C(=O)O)C,,
3694944,CC1(CCN2C(=O)CCC3=C2C1=CC=C3)O,,
3696689,COC1=CC=C(C=C1)CCN2C3=C(C=C(C2=N)C(=O)NC4CCCC4)C(=O)N5C=CC=CC5=N3,,
3698251,C(C(=O)[O-])[OH2+],,
3698770,CC1(CCC2(CCC3(C(=CCC4C3(CC=C5C4(CC(C(C5(C)CO)O)O)C)C)C2C1)C)C(=O)O)C,,
3699332,C1C(C(=O)N(C1=O)C2=CC=C(C=C2)Br)SC3=CC=CC=N3,,
3699796,CN1C2=C(C(=O)N(C1=O)C)N(C(=N2)CN(CC3=CC=CC=C3)CC4=CC=CC=C4)CCOC,,
3700152,C1CCC(C(C1)NC(=O)NC2=CC=CC3=CC=CC=C32)O,,
3700255,C1CC1C(=O)NCCC2=CC=CC=C2,,
3702122,B(C1=CC=C(C=C1)C(=O)C)(O)O,,
3702506,C1=CC(=CC=C1C(=O)[O-])[OH2+],,
3702569,CCC(=O)C1=CC2=C(C=C1)OCCO2,,
3702659,C1=CC=C2C(=C1)C(=CN2)CCCC(=O)[O-],,
3703113,CC1=C(C=C(C=C1)C(=O)CBr)C,,
3703123,CC1=CC=C(C=C1)N2C(C(CCC2=O)C(=O)O)C3=CC=CS3,,
3703706,CCOC(=O)C1=C(N=C2C(=C1)C(=O)C3=CC=CC=C3O2)C,,
3704473,CC1=CC2C(CC1)(C3(C(CC(C34CO4)O2)OC(=O)C)C)C,,
3705191,CN(C)C(=O)C(CCN1CCC(CC1)(C2=CC=CC=C2)O)(C3=CC=CC=C3)C4=CC=CC=C4,,
3705367,CC1(CC2CC(C1)(CN2S(=O)(=O)C3=CC=C(C=C3)C(=O)O)C)C,,
3705881,CC1=CC=C(C=C1)C(=O)CCS(=O)(=O)C2=CC=C(C=C2)Br,,
3706142,CC(CC1=CC=CC=C1)NC(=O)C2=C(C=CC(=C2)[N+](=O)[O-])Cl,,
3707234,C1CCN(CC1)C(=O)C(=O)C2=C(NC3=CC=CC=C32)C4=CC=CC=C4,,
3709580,CC(=C)C(=O)OCCOC(=O)C1=CC=CC=C1C(=O)O,,
3711050,C1=CC=C(C=C1)CCNC(=O)C2=CC3=C(N=C4C=CC=CN4C3=O)N(C2=N)CC5=CC=CC=C5,,
3713565,C=CC(=O)OCCCCCCOC1=CC=C(C=C1)C(=O)O,,
3713598,C1=C(OC(=C1)[N+](=O)[O-])C(=O)NN,,
3713930,CCN(CCNC(=O)NC1=CC=C(C=C1)Br)C2=CC=CC(=C2)C,,
3714237,C1=CC(=CC(=C1)[N+](=O)[O-])C2=CC(=O)C3=C(O2)C=CC(=C3)Br,,
3714889,CC1(CC2=C(C(C(O2)[N+](=O)[O-])C3=CC=C(C=C3)Cl)C(=O)C1)C,,
3715136,CN1C(=C(C(=N1)C2=CC=CC=C2)C(=O)NC(C3=CC=CC=C3)C(=O)O)Cl,,
3716796,C1CCC(C1)(CC(=O)NC2=CC=C(C=C2)C(F)(F)F)CC(=O)O,,
3716860,CC1=CC(=C(C(=C1C)S(=O)(=O)NC(C)C(=O)O)C)C,,
3716901,CC(=O)N1CC2CC(C1)C3=CC=CC(=O)N3C2,,
3716971,C(=O)(C(=O)[O-])O,,
3717462,C1=CN(N=C1)CC(=O)O,,
3717527,COC1=CC=C(C=C1)NC(=O)N(CC2=CC=CC=C2)CC3=CC=CC=C3,,
3718299,CC1=C(C=CC(=C1)C(=O)NC2=CNC(=O)NC2=O)[N+](=O)[O-],,
3718519,CC1(C(=O)NC(=O)N1)C2=CC=C(C=C2)C(C)(C)C,,
3718899,C1=CC=C(C=C1)N2C(=O)C(NC2=S)CC3=CC4=C(C=C3)NC=C4,,
3719436,CCCCCCC(=O)N(C1CC(=O)N(C1=O)C2=CC=C(C=C2)F)O,,
3720316,CC(C)(C)OC(=O)NCCC1=NN=C(O1)SC,,
3721046,C1=C(C(=CC2=C1NC(=O)C(=O)N2)[N+](=O)[O-])C#N,,
3721490,C1=CC=C(C=C1)C2=C(NC3=C2C=C(C=C3)Cl)C(=O)N,,
3721898,CCCN1C(=O)C2=C(N=C3N2CCCN3CC4=CC=CC=C4)N(C1=O)C,,
3722301,C1=CC=C2C(=C1)C(=O)C3=C(C2=O)SC4=C(S3)C(=O)C5=CC=CC=C5C4=O,,
3722444,C1C(=NN2C(=NN=C2S1)C3=CC=CO3)C4=CC=CC=C4Cl,,
3722581,C1=CC=C2C(=C1)C(=NN2)C(=O)NC3=CN(N=C3)CC4=CC(=CC=C4)C#N,,
3724260,CC1=C(C(=O)C2=CC=CC=C2N1)SC(C(C(F)(F)F)F)(F)F,,
3724414,COC1=CC=CC(=C1)C(=O)NN2C(C(=O)N(C2=S)C3=CC=CC=C3)CC(=O)N,,
3725575,CN1CC(=O)NC2=CC=CC=C2C1=O,,
3725594,CC1=CC(=O)C2C(C(CCC2(C1COC3=CC4=C(C=C3)C=CC(=O)O4)C)O)(C)C,,
3725611,C1=CC2=C(C=C1[N+](=O)[O-])NC(=O)N2,,
3725664,C1=CC=NC(=C1)C2C(=C(C(=O)N2CCOCCO)O)C(=O)C3=CC=CS3,,
3726295,CCOC(=O)C(C1=CNC2=CC=CC=C21)(C(F)(F)F)O,,
3726387,C1CCN(C1)C(=O)C2=C(C3=C(S2)N=C(C=C3)C4=CC=CC=C4)N,,
3726523,C1=C(C=C(C(=C1Cl)O)Br)C=O,,
3726592,CCCCCCCCCCCCCCCC(=O)NCCC1=CNC2=CC=CC=C21,,
3727805,CCOC(=O)CN1C2=CC=CC=C2N=CC1=O,,
3727969,CCC1=C(SC(=C1C#N)NC(C(=O)OCC)(C(F)(F)F)NC(=O)CC)C,,
3728663,CC(C)(C1=CC(=CC=C1)C(C)(C)NC(=O)NC(CO)C2=CC=CC=C2)NC(=O)NC(CO)C3=CC=CC=C3,,
3729086,CCNC1=C(C=C(C=C1)C(=O)O)[N+](=O)[O-],,
3729884,C1=CC=C(C=C1)OCC2=CC(=CC=C2)C(=O)O,,
3730344,CC(=C)C(=O)OCCCCCCOC1=CC=C(C=C1)C(=O)O,,
3731010,C1C2=C(C(=CC=C2)Cl)NC1=O,,
3731012,C1C2=C(C=CC(=C2)F)NC1=O,,
3731013,C1C2=C(C=C(C=C2)F)NC1=O,,
3731686,CCCC(CC(=O)C)C(=O)O,,
3732532,C1C2CC3CC1CC(C2)(C3)C4=CSC(=N4)NC(=O)C(=O)NCC5=CC=CC=C5,,
3733033,COC1=CC=C(C=C1)C2=COC3=C(C2=O)C=CC(=C3)OC4C(C(C(C(O4)CO)O)O)O,,
3733887,CC(=O)CCN1C=NC(=N1)[N+](=O)[O-],,
3734228,CC(CN1CCCCC1)C(=O)NN,,
3735617,C1=CC2=C(C3=C(C=C2)C(=O)C=CN3)N=C1,,
3735895,CCCCNC(=O)C(C(C(C(C(C(C(F)(F)F)(F)F)(F)F)(F)F)(F)F)(F)F)(F)F,,
3736139,CC1=CC(=C(C(=C1)C(C)(C)C)O)C(=O)O,,
3739108,CC1=CC=C(C=C1)N2C(=O)CC3=CC=CC=C3C2=O,,
3739152,C1CC(=C(C1)NNC(=O)C2=CC=CC=C2Cl)C(=O)C(F)(F)F,,
3739401,CC1=NN(C(C1)(C(F)(F)F)O)C(=O)C2=C(OC=C2)C,,
3740004,CCOCCN1C(=NC2=C1C(=O)N(C(=O)N2C)C)CN(CC3=CC=CC=C3)CC4=CC=CC=C4,,
3741802,C1=CC=C2C(=C1)C=CN2C(=O)O,,
3741987,CC(C)(C)C1=CC=C(C=C1)COC(=O)NC2=CC3=C(S2)N(N=C3C(F)(F)F)C,,
3742475,CCOC(=O)C1=CSC(=N1)C2=CC=C(C=C2)[N+](=O)[O-],,
3742727,CC(=O)C1=CC=C(S1)C(=O)O,,
3744049,CCCOC1=CC=C(C=C1)NC(=O)CC2C(=O)NC3=CC=CC=C3N2,,
3745250,COC1=CC(=CC(=C1OC)OC)C2C3=CC4=C(C=C3NC5=C2C(=O)OC5)OCO4,,
3745478,C1=CC=C(C=C1)CCNC(=O)NCC2=CC=CC=C2,,
3745727,CC(C1CC2CCC1C2)N3C(=NNC3=S)C4=CC=CO4,,
3747508,C1=CC(=CC(=C1)NC(=O)C2=C(C=CC(=C2)Cl)O)C#N,,
3748671,CC(=O)C1=NC2=CC=CC=C2N1CCC3=CC=CC=C3,,
3748676,COC1=CC=C(C=C1)C2C3=C(CCCC3=O)NC4=C2C(=O)C5=CC=CC=C54,,
3749252,CCOC(=O)C1C(=O)NC2=CC=CC=C2S1,,
3749366,C1=CC=C2C(=C1)NC(=N2)CC(=O)C3=CC=C(C=C3)[N+](=O)[O-],,
3750505,CC1(C(CCC1(C)C(=O)O)C(=O)N)C,,
3751763,C1=CC=C(C=C1)C(=O)C2=CC=C(S2)CC(=O)O,,
3752257,CC1CC2(CCCC2)N(C3=C1C=C(C=C3)F)C(=O)N(C)C,,
3754047,C1C2CC3CC1CC(C2)C3NC(=O)NC4=C(C(=C(C=C4)F)F)F,,
3754545,CN(C)C=NC1=C(NC2=C1C=CC(=C2)OC)C(=O)OC,,
3755793,COC1=CC=C(C=C1)C2CC(=NN2C(=O)C3=CC=CC=C3)C4=CC(=C(C=C4)OC)OC,,
3756227,CC1=C(C(=NS1)SCC2=CC=CC=C2C(=O)OC)C#N,,
3756497,CC1=C2C(C3C(C(C1)O)C(=C)C(=O)O3)C(=CC2=O)CO,,
3756553,CCCCC(CCC(=O)NC1=NN(C=C1)C2=CC=CC=C2)C(=O)O,,
3756954,CCOC(=O)CNC(=O)C1COC2=CC=CC=C2O1,,
3757934,CC1=C(C=CC2=C1NC(C3C2C=CC3)C(=O)O)Cl,,
3758798,C1CN(CCN1C(=O)C2=CC=CO2)C(=O)OC3=CC=CC=C3,,
3759744,C1=CC=C2C(=C1)C(=O)N(C2=O)CCC(=O)CBr,,
3760804,CC(=O)C1=CC=C(C=C1)S(=O)(=O)N2CCCCC2C(=O)O,,
3761339,CCOC(=O)C1=C(SC=C1CC(C)C)N,,
3761604,C1=CC=C2C(=C1)NC(=N2)NC(=O)C3=CC=C(C=C3)[N+](=O)[O-],,
3761737,CCOC(=O)C1=CC=CC=C1N2C(=NN=N2)C,,
3762343,CN1C=CC=C1C(=O)C(=O)NC2=CC=CC=C2C(F)(F)F,,
3762660,CN(C)S(=O)(=O)OC1=CC=CC(=C1)C(=O)NC2=CC=C(C=C2)Cl,,
3762661,CN(C)S(=O)(=O)OC1=CC=CC(=C1)C(=O)NC2=CC(=CC=C2)Cl,,
3764070,COCCN(CCOC)C(=O)CC(=O)N(CCOC)CCOC,,
3764687,COC1=CC=C(C=C1)C2CC(=CC(=O)C2)O,,
3765615,CC1(CC(=O)C(C(=O)C1)C2C3=CC=CC=C3OC4=C2C(=O)CC(C4)(C)C)C,,
3765921,CCSC1=NSC(=N1)NC(=O)NC2=CC(=CC=C2)F,,
3766139,CCCCNC1=C2C(=C(C=C1)NCCCC)C(=O)C3=CC=CC=C3C2=O,,
3766166,CC(=O)C1=C(C(=O)N(C1C2=CC=C(C=C2)[N+](=O)[O-])C3=CC=C(C=C3)S(=O)(=O)N)O,,
3766410,C1=CC=C(C=C1)COC2=CC=C(C=C2)C(=O)Cl,,
3766543,CC1CC(=O)C=C(C1C(=O)OC)O,,
3767092,CC(C)OC(=O)C1=CC2=NC3=CC=CC=C3N=C2C=C1,,
3768054,CSCCC(C(=O)O)NC(=O)C1=CC(=CC=C1)[N+](=O)[O-],,
3768236,CC(C(=O)C1=CNC2=CC=CC=C21)N3CCOCC3,,
3768281,CC1=C2C(=CC=C1)C(=CC(=N2)C3=CN=CC=C3)C(=O)O,,
3768856,C1=CC(=CC=C1CC(=O)NCCCN2C=CN=C2)Br,,
3768984,C1CCN(C1)CC2=CC=CO2,,
3770655,CS(=O)(=O)N1CC2=CC=CC=C2CC1C(=O)O,,
3771553,CCCCCN1C2=C(N=C1SCC3=CC=CC(=C3)C)N(C(=O)NC2=O)C,,
3771612,C1=CC(=CC=C1CC(=O)NN)F,,
3772674,CCCCCCCCCCCCCCCCN1C2=CC=CC=C2C(=O)C1=O,,
3772821,C1=CC2=C(C=C1O)C(=CN2)CC(=O)[O-],,
3773589,C1=CC=C(C=C1)OC(=O)N2C3=CC=CC=C3SC4=CC=CC=C42,,
3774344,CCCCC(CC(COCC(C)C)O)C(=O)NNC(=S)NCC=C,,
3774467,C1=CC(=C(C=C1Br)[N+](=O)[O-])C(=O)O,,
3774662,C1COC2=C(O1)C=CC(=C2)N3C(=O)CC(C3=O)SC4=CC=C(C=C4)Cl,,
3775241,C1=CC=C(C=C1)C2=NN(C=C2C=O)C3=CC=C(C=C3)Cl,,
3776081,CC1=CC2=NC=C(N2C=C1)C(=O)C3=CC=C(C=C3)Cl,,
3776698,CCC1=CC=CC=C1NC(=O)CCN2C(=O)C3C4CCC(C4)C3C2=O,,
3778105,CC1CCC2(CCC3(C(=CCC4C3(CCC5C4(CCC(C5(C)C(=O)O)OC(=O)C)C)C)C2C1C)C)C,,
3778700,CC1=CC(=CC=C1)COC2=CC=CC(=C2)C=O,,
3780273,CCOC(=O)C1=CC=C(C=C1)NC(=O)CC2C(=O)N3CCN=C3S2,,
3780319,C1=CC(=CC(=C1)Cl)NCC(=O)O,,
3780551,C1=CC=C(C(=C1)C2=CN=CO2)Br,,
3780776,C1=CC(=CC=C1C(=O)NC2=CN=C(C=C2)Cl)F,,
3781218,C1=CC=C(C(=C1)C(=O)NN)[N+](=O)[O-],,
3781988,C(=O)(C(C(C(C(C(C(C(C(F)(F)F)(F)F)(F)F)(F)F)(F)F)(F)F)(F)F)(F)F)[O-],,
3782139,CCCC1CC(=CC(=O)C1)C,,
3782278,COC1=CC=C(C=C1)C2=C(C=NN2)C(=O)O,,
3783514,COC1=CC=C(C=C1)C(=O)[O-],,
3783853,CC(C)(CCl)C(=O)NC1=CC=C(C=C1)C(F)(F)F,,
3784095,CC1CN(CC(O1)C)C(=S)SCC(=O)C2=CC=CC=C2,,
3785596,COC1=C(C=C(C=C1)C2=NN(C(C2)C3=CC=CS3)C(=O)C4=CC=CO4)OC,,
3787294,CCCCCCCCCCCCCCCCCCCC(=O)NCCO,,
3787729,CC1(CC2=C(C(=O)C1)C(C(=O)N2C3=CC=C(C=C3)Cl)(C(F)(F)F)O)C,,
3787966,COC(=O)NC1=NN=CS1,,
3788216,COC1=C(C=C(C=C1)NC(=O)CC#N)OC,,
3789101,CCCCCC(=O)N=NC1=C(NC2=C1C=C(C=C2)[N+](=O)[O-])O,,
3790814,CCN1C=C(C(=O)C2=CC(=C(C=C21)N3CCN(CC3)C(=O)CCCCCCCCC=C)F)C(=O)O,,
3791011,C1CC(=NC1)NS(=O)(=O)C2=CC=CC(=C2)NC(=O)CCl,,
3791012,CCCCN1C(=C(C(=N1)C)C(=O)O)Cl,,
3791448,C1=CC=C(C=C1)NC(=O)NC2=CC(=C(C=C2O)[N+](=O)[O-])Cl,,
3791643,CC1=CC2=C(C=C1)OC(=O)CC2C3=CC=CC=C3,,
3791690,C1=CC=C(C(=C1)C(=C2C=C(C(=O)C(=C2)Br)Br)C3=CC(=C(C(=C3)Br)O)Br)S(=O)(=O)[O-].[Na+],,
3793001,CC(=O)N(CC1=CC=C(C=C1)F)C2=C(C(=O)C3=CC=CC=C3C2=O)NCC4=CC=CC=C4,,
3793088,C1COCCN1CC(=O)NNC(=O)C2=CC=C(C=C2)[N+](=O)[O-],,
3793564,CCOC(=O)C1C(CC2=C(C1=O)C(C(=C(N2)C)C(=O)OCC)C3=CC(=C(C(=C3)OC)OC)OC)C4=CC=CC=C4OC,,
3793733,CN1C(=O)C(=CC2=COC3=CC=CC=C3C2=O)C(=O)N(C1=O)C,,
3793749,CCCCCCCCCCCCCCCCCC(=O)OCC(C1C(C(CO1)O)O)O,,
3794292,C1C(OC2=C(C1=O)C=CC(=C2)O)C3=CC=C(C=C3)OC4C(C(C(C(O4)CO)O)O)O,,
3794313,CCCC(=O)N1C2=CC=CC=C2C(=O)C1=O,,
3794540,C1=CC=C(C(=C1)C=O)S(=O)(=O)[O-].[Na+],,
3794562,CC1=C(C2=CC3=NC(=CC4=NC(=CC5=C(C(=C(N5)C=C1N2)C=C)C)C(=C4CCC(=O)[O-])C)C(=C3C)CCC(=O)[O-])C=C,,
3794582,CCCCCN1C(=NC2=C1C(=O)N(C(=O)N2C)C)CN3CCN(CC3)C,,
3795763,COC(=O)C1=CC=C(C=C1)NC(=O)CSC2=NC3=C(N2)C=CC=N3,,
3796206,CC(C(=O)C1=C(N(C(=O)N(C1=O)C)C)N)Cl,,
3798501,CCOC(=O)CN1C=CN=C1,,
3798520,CC1=CC=C(C=C1)N2C(C(=C(C2=O)O)C(=O)C)C3=CC=CC=C3,,
3799774,CCC(=O)CCC(=O)O,,
3800205,CC(C)CC(C(=O)NC(CCCN=C(N)N)C(=O)O)N,,
3800367,CCN1CC2(CCC(C34C2C(C(C31)(C5(CC(C6CC4C5C6OC)OC)O)O)OC)OC)COC(=O)C7=CC=CC=C7N,,
3801066,C1=CC=C(C=C1)C2=C(C=NN2C3=CC=CC=C3)C(=O)O,,
3801344,C(CCCC(=O)[O-])CCCC(=O)[O-],,
3802701,COC1=CC=C(C=C1)NC(=O)NCC2=CN=CC=C2,,
3802772,CC1=CC=C(N1C2=C(C=CS2)C3=CC4=NC(=CC(=O)N4N3)C)C,,
3804259,C1=CC=C2C(=C1)C(OC2=O)O,,
3806114,C(C(C(=O)[O-])O)(C(=O)[O-])O,,
3807559,C1=CC=C(C=C1)C2=CC(=O)C3=C(C(=C(C=C3O2)OC4C(C(C(C(O4)C(=O)O)O)O)O)O)O,,
3807640,CC(=O)NNC1=C(C=C(C=C1)[N+](=O)[O-])[N+](=O)[O-],,
3808295,CCOC(=O)C1=C(N=C2CCCCC2=C1)N,,
3808331,C1=CC=C(C=C1)C(=O)N[O-].[K+],,
3808420,CCCCCC(C(CCCC(C1CCC(O1)C2CCC(O2)C(CCCCCCCCCCCCC3=CC(OC3=O)C)O)O)O)O,,
3810030,CC1(CC2=C(C(=O)C1)C(C(=O)N2C3CCCCC3)(C(F)(F)F)O)C,,
3810484,C1=CC=C(C=C1)C2=C(C(=O)NC3=C2C=C(C=C3)Cl)N,,
3810730,CC(C)CC(=O)NC1=NC=C(S1)[N+](=O)[O-],,
3811656,COC1=C(C=C(C=C1)C2CC(=NN2C(=O)CCl)C3=CC=CS3)OC,,
3811774,CC(C1=NC2=CC=CC=C2N1)SCC(=O)O,,
3811962,CC1=CC=CC=C1N2C(=O)CC3=CC=CC=C3C2=O,,
3813423,C1=CC=C(C=C1)C2=CC(=O)N=C3N2C=CC=C3,,
3813450,CCCCNC1=C(N(C(=O)NC1=O)CC(C)C)N,,
3814142,C1=CC(=CC(=C1)Br)C(C(=O)O)N,,
3814431,CC1=C(SC(=N1)C2=CC(=CC=C2)Cl)C(=O)C,,
3815063,CC(=O)C1=CC=C(C=C1)N2C=CC(=O)C=C2,,
3816252,C1COCCN1S(=O)(=O)C2=C(C=CC(=C2)NC(=O)CCl)Cl,,
3817031,C1=CC=C(C=C1)CN2C(NC3=CC=CC=C3C2=O)C4=CC=C(C=C4)F,,
3817292,C1CS(=O)(=O)CC1NC(=O)OC2=CC=C(C=C2)Cl,,
3817326,CCN(C1=CC=CC=C1)C(=O)C(C)Cl,,
3819217,CC1(C(O1)CC2=C(C=CC3=C2OC(=O)C=C3)OC)C,,
3819540,CCC1=C(C2=NC1=CC3=C(C4=C(CC(=C5C(C(C(=CC6=NC(=C2)C(=C6C)C=C)N5)C)CCC(=O)O)C4=N3)O)C)C,,
3819554,CC(C)N1C(=NC2=C1C(=O)N(C(=O)N2C)C)CN(C)CC3=CC=CC=C3,,
3819583,CCNC(=O)C(=O)C1=C(NC2=CC=CC=C21)C3=CC=CC=C3,,
3819775,C(=O)(C(=O)[O-])[OH2+],,
3819793,C1COCCN1C(=O)C2=CC3=CC=CC=C3O2,,
3819896,CC1=CC=C(C=C1)NC(=O)NC2=CC(=CC=C2)Cl,,
3821471,C1=CC=C2C(=C1)NC3=C(C=C(C=C3)[N+](=O)[O-])C(=O)N2,,
3821945,C1=CC=C2C(=C1)C(=O)C(=O)N2CC3=CC=C(C=C3)CC4=CC=C(C=C4)CN5C6=CC=CC=C6C(=O)C5=O,,
3822448,C1CCN(C1)C2=C(C(=CC=C2)F)C=O,,
3823803,C1=CC(=CC=C1C(F)(F)F)NC(=O)CC#N,,
3824366,C1=CC=C(C=C1)NC2=C(C=C(C=C2)C(=O)O)[N+](=O)[O-],,
3825655,CC1=CC=C(C=C1)C(=O)OCC2=NC3=CC=CC=C3[N+](=C2C(=O)C)[O-],,
3825829,COC1=C(C=C(C(=C1)N2C(=O)C3=CC=CC=C3NC2=S)Cl)Cl,,
3826063,COC1=CC=C(C=C1)C2=C(C3=CC=CC=C3N2)C=O,,
3826900,CC(=O)N1C(CC(=N1)C2=CC(=CC=C2)OC)C3=CC=CS3,,
3826960,CCOC(=O)C1=CC=C(C=C1)N2C(C3=C(NN=C3C2=O)C)C4=CC=CC=C4OC,,
3828062,C1=CC=C(C=C1)C(C2=CC=C(C=C2)NC3=CC(=C(C=C3)Cl)C(=O)O)(C4=CC=C(C=C4)NC5=CC(=C(C=C5)Cl)C(=O)O)Cl,,
3828962,CC1=C(C=C(C=C1)NC(CC(=O)C2=CC=CC=C2)C(=O)O)Cl,,
3829008,COC(=O)C1=CN(C2=CC=CC=C21)S(=O)(=O)C3=CC=CC=C3,,
3829124,CC(C[N+](C)(C)C)OC(=O)C1(CCCC1)C2=CC=CC=C2,,
3829743,CC(C(=O)NCC1=CC=NC=C1)OC2=C(C=C(C=C2)Cl)Cl,,
3829744,CC1=CC=C(C=C1)NC(=O)N(CC2=CC=CC=C2)CC3=CC=CC=C3,,
3830446,CC1=CC(=CC(=C1O)Br)C(=C2C=C(C(=O)C(=C2)Br)C)C3=CC=CC=C3S(=O)(=O)[O-].[Na+],,
3830563,C1=CC=C2C(C3=CC=CC=C3C=CC2=C1)CC(=O)O,,
3830595,CC1=C(C=CC2=C1NC(=O)C2(C3=CC=C(C=C3)O)C4=CC=C(C=C4)O)Cl,,
3830600,CC1=CC=CC=C1OCC(CN2C3=C(N=C2NCCCOC)N(C(=O)NC3=O)C)O,,
3830888,COC1=CC(=CC(=C1O)OC)C2=C(C=C3C(=CC(=CC3=[O+]2)O)OC4C(C(C(C(O4)CO)O)O)O)OC5C(C(C(C(O5)CO)O)O)O,,
3833115,C1=CC=C2C(=C1)C(=CN2)C3=NNC(=C3)C(=O)O,,
3833872,C1CC2(C3=CC=CC=C31)C(=O)N(C(=O)N2)CC(=O)O,,
3835143,CCC1=CC=CC(=C1NC(=O)N(CC2=CC=CC=C2)CC3=CC=CC=C3)C,,
3835463,C1=CC=C2C(=C1)C(=O)C3=C(C2=O)C4=NSN=C4C=C3,,
3836120,CC1=C(C(=O)OC(C1)C(C)(C2(CCC3(C2(CCC4C3CC5C6(C4(C(=O)C=CC6O)C)O5)C)O)O)O)C,,
3836940,C1CC2=C(C1)SC3=C2C(=O)NC(=N3)CCC(=O)O,,
3837306,C1COC2=C(O1)C=CC(=C2)NC(=O)N,,
3837315,C1CCN(C1)S(=O)(=O)C2=CNC(=O)C=C2,,
3837339,C1C2CC3CC1CC(C2)(C3)NC(=O)CSC4=CC=CC=C4C(=O)O,,
3837456,C1=CC=C(C=C1)CN2C3=C(C(=O)NC2=O)C(C(=O)N3)(C(F)(F)F)NC(=O)C4=CC=CO4,,
3837569,C1=CC=C2C(=C1)C(=CN2)CC3C(=O)NC(C(=O)N3)CC4=CNC5=CC=CC=C54,,
3838010,CC1CCC2(CCC3(C(=CCC4C3(CCC5C4(CCC(C5(C)C)O)C)C)C2C1(C)O)C)C(=O)O,,
3838250,C1=COC(=C1)C(=O)NNC2=C(C=C(C=C2[N+](=O)[O-])C(F)(F)F)[N+](=O)[O-],,
3838461,CCCCC1=C(N=C2C(=C1SCC(=O)O)C=CC=C2OC)C,,
3838871,C1CC(NC1)C(=O)NC(CC(=O)O)C(=O)O,,
3840885,CC1=C(C(=CC=C1)NC(=O)N2CCC3=CC=CC=C3C2)C,,
3841655,CC1=CC=C(C=C1)C2CC(=O)NC(=C2C#N)SCC(=O)NC3=NC=CS3,,
3842739,CN1C(=O)C=C(N1)CSC2=CC=C(C=C2)Cl,,
3843652,C1=CC=C2C(=C1)NC(=O)C3=NN=C(N23)C(F)(F)F,,
3843961,C1=CC(=C(C=C1CN2C(=O)C(=O)N(C2=O)CC(=O)O)Cl)Cl,,
3844957,CCCCCCCN1C2=CC=CC=C2N=C1NC(=O)CC,,
3845746,CCN1C2=C(C=C(C=C2)S(=O)(=O)N3CCOCC3)N=C1CCC(=O)O,,
3846150,CC1(CCC2(C(C1)C3=CCC4C5(CCC(C(C5CCC4(C3(CC2O)C)C)(C)C)OC6C(C(C(C(O6)C(=O)O)O)O)O)C)C(=O)O)C,,
3846558,CN1CC2=CC=CC=C2NC1=O,,
3847495,C1CC(OC1)CNS(=O)(=O)C2=C(C=CC(=C2)C(=O)O)Cl,,
3848011,C1CN(CCC1NC(=O)NC2=CC=CC(=C2)C(F)(F)F)CC3=CC=CC=C3,,
3848244,CC1=CC=C(C=C1)N2C(=O)C3C(=NNC3(C2=O)C)C(=O)OC,,
3848929,COC1=CC2=C(C=C1)NC3=C2CCNC3C(=O)O,,
3849497,COC(=O)CN1C2=CC=CC=C2N=C1SCC3=CC=CC=C3,,
3850181,C1=CC=C(C=C1)CCOC(=O)C2=CC(=C(C(=C2)O)O)O,,
3851247,CC(C)CC1C(=O)NC(C(=O)N2CCCC2C(=O)NC(C(=O)NC(C(=O)NC(C(=O)NC(C(=O)N3CCCC3C(=O)NC(C(=O)NC(C(=O)N1)CCCN)C(C)C)CC4=CC=CC=C4)CC(C)C)CCCN)C(C)C)CC5=CC=CC=C5,,
3851603,CCOC(=O)CNC1=NC(=C(S1)C#N)Cl,,
3851764,C1=CC(=CC=C1C=O)OC2=CC=C(C=C2)Cl,,
3852139,CC1=C(C=CC2=C1OC(=O)C3=C2CCC3)OCC(=O)C,,
3852177,CN1C2=C(C=C(C=C2)S(=O)(=O)N(C)C)N=C1CCC(=O)O,,
3853254,CC1(CC(=O)C2C(C1=O)(O2)C)C,,
3853255,COC1=C(C(=CC(=C1O)Br)C=O)[N+](=O)[O-],,
3853422,CN(C)C(=O)[N+]1=CC=C(C=C1)CCS(=O)(=O)[O-],,
3854043,CC(=O)NC1=CC=C(C=C1)NC2=C(C=C(C=C2)S(=O)(=O)C)[N+](=O)[O-],,
3854515,CCN(CC)C(=O)CC#N,,
3854666,C1=CC=C(C(=C1)NC(=O)NC2=C(C=C(C=C2)[N+](=O)[O-])O)Br,,
3854694,COC1=CC=CC=C1N(CC2=CC=CC=C2)S(=O)(=O)C3=C(C=CC(=C3)C(=O)O)Cl,,
3855720,C1CCC(=O)N(CC1)CC(=O)O,,
3857348,C1=CC=C(C=C1)C2=CSC(=N2)N3C(=O)C(=C(N3)C4=CC=CC=C4)N=NC5=NC=CS5,,
3857593,C1=CC=C(C(=C1)C=O)C2=CN=CC=C2,,
3858365,CCOC(=O)C1=CC=C(C=C1)NC(=O)CSC2=C(C(=CC(=N2)C3=CC=C(C=C3)F)C(F)(F)F)C#N,,
3860347,CN(C)S(=O)(=O)C1=C(C=CC(=C1)NC(=O)CCl)Cl,,
3860435,CC1(CC2C1CCC(=C)C(CCC2=O)O)C,,
3860640,CC1=C2C(=CC=C1)C(C(=O)N2)(C3=CC=C(C=C3)O)C4=CC=C(C=C4)O,,
3861164,C[N+](C)(C)C(CC1=CNC2=CC=CC=C21)C(=O)[O-],,
3861962,CC1=CC(=NO1)NC(=O)C(C)SCC(=O)O,,
3862197,CCCCCN1C2=C(C=C(C1=N)S(=O)(=O)C3=CC=C(C=C3)Cl)C(=O)N4C=CC=C(C4=N2)C,,
3862248,C1=C(C=NO1)Br,,
3862719,CC1=C(C(=NN1C)C)NS(=O)(=O)C2=CC=C(C=C2)C(=O)C,,
3863406,C1COCCN1C(=O)NC2=CC(=C(C=C2)Cl)Cl,,
3863484,B(C1=CC=C(C=C1)CCC(=O)O)(O)O,,
3864541,CCN1C=C(C(=O)C2=C1N=C(C=C2)C)C(=O)[O-].[Na+],,
3865677,CC(C(=O)NN)OC1=CC=CC=C1F,,
3866865,CC(CN1CCCCCC1)C(=O)NN,,
3867243,CN1C(=O)C2=C(NC(=O)C2CC(=O)O)N(C1=O)CC3=CC=CC=C3,,
3868445,C1CCC(CC1)C(=O)N2CCN(CC2)S(=O)(=O)C3=CC=CC4=CC=CC=C43,,
3868531,CC1=NC2=C(N1)C=C(C=C2)NC(=O)C3=CC=C(C=C3)[N+](=O)[O-],,
3868801,CCOC1=CC=CC2=C1OC(=C2)C(=O)C,,
3869471,CC(C)C1=CC=C(C=C1)NC(=O)N2CCN(CC2)C3=CC(=C(C=C3)Cl)Cl,,
3869511,CN1C2=C(C(=O)N(C1=O)C)N(C(=N2)CN3CCOCC3)CC(=O)OC,,
3869555,C1CS(=O)(=O)CC1N(CC2=CC=CC=C2)C(=O)CCl,,
3869589,CCC1=CC=CC=C1NC(=O)N2CCC3=CC=CC=C3C2,,
3870176,COCCN1C=NC2=C1C(=O)NC(=O)N2CC3=CC=CC=C3,,
3872724,CC1=CC=C(C=C1)C2=NNC3(S2)C4=C(C=CC(=C4)C)NC3=O,,
3873459,CC(=CCOC1=C(C=C2C=CC(=O)OC2=C1)O)C,,
3873975,CC(C)C1=CC2=C(C=C1)C=C(N2)C(=O)O,,
3874387,CC1C2C(C(=O)N2C(=C1SC3CC(NC3)C(=O)N(C)C)C(=O)O)C(C)O,,
3875700,C1CN(CCC1C(=O)O)C(=O)N,,
3876700,CCCCN1C2=C(C=C(C=C2)S(=O)(=O)N)N=C1SCN3C(=O)C4=CC=CC=C4N=N3,,
3877450,CCC(C)NC1=NC2=C(N1CCOC3=CC=CC=C3)C(=O)NC(=O)N2C,,
3879446,C1=CC=C(C=C1)C(CC(=O)O)(C(F)(F)F)O,,
3881876,CCC1=CC=CC=C1NC(=O)CC(=O)NC2=CC=CC=C2CC,,
3884807,CCCCCCCC1=CC=C(C=C1)C(=O)NC2=CC3=CC=CC=C3N=C2,,
3887388,CCOC1=CC=CC=C1N=NC2=C(NN(C2=O)C(=S)N)C,,
3889599,C1=CC=C(C=C1)N2C(NC(=O)C(=C2S)C#N)C3=CC=C(O3)C4=CC(=C(C=C4)Cl)Cl,,
3890693,C1=CC=C(C=C1)SC2=CC(=C(C3=C2C(=O)C4=CC=CC=C4C3=O)N)SC5=CC=CC=C5,,
3892919,C1=CC=C(C(=C1)C(=O)COC(=O)C2=CC=NC=C2)Br,,
3899541,C1=C2C(=CC(=C1[N+](=O)[O-])[N+](=O)[O-])NC(=O)C(=O)N2,,
3899551,CC1=CC(=C(C=C1)N2C(=C(C(=O)NC2=O)C=NCC3CCCO3)O)C,,
3900809,C1=CC=C(C=C1)CNC(=O)C2=CC3=CC=CC=C3OC2=N,,
3900876,CCC1C(C(NC(=S)N1)(C)O)C(=O)OCC,,
3901842,COC1=CC2=C(C=C1)N=C(N2)SCC(=O)NC3=CC=C(C=C3)[N+](=O)[O-],,
3904199,CCCCCCCCC1=CC=C(C=C1)C(=O)NC2=CC3=CC=CC=C3N=C2,,
3905449,CC(=O)OC1=C(C2=C(C=C1)C(=O)C3=CC=CC=C3C2=O)OC(=O)C,,
3906894,C1CN2C(CN1)C(=O)NC3=CC(=C(C=C32)Cl)Cl,,
3908167,CC(C)(C)C1=CC=C(C=C1)CN2C(=O)C3=CC=CC=C3S2(=O)=O,,
3908369,CC1=NC2=C(N1)C=CC3=C2C(=O)C4=CC=CC=C4C3=O,,
3908719,COC1=C(C(=C(C=C1)C(=O)C2=CC=C(C=C2)O)O)O,,
3916392,CN1C(=NN=N1)SCCC(=O)NC2=CC=C(C=C2)OC,,
3918899,CCC1=C(C(=NO1)C)C(=O)O,,
3921011,C1CCN(C1)C(=O)C2CCCN2C(=O)OCC3=CC=CC=C3,,
3921152,COC1=CC2=C(C=C1)NC(=C2)C(=O)C3=CC=CC=C3,,
3921619,CC1=C(C=C(C=C1)C2=NN=C(C3=CC=CC=C32)NC4=CC=C(C=C4)OCC(=O)N)S(=O)(=O)NCC5CCCO5,,
3921635,COC1C(OC2=CC=CC=C2C1=O)C3=CC=C(C=C3)O,,
3921992,CC1=CC=C(C=C1)S(=O)(=O)OC2=CC=CC=C2C=O,,
3922884,CCC(=O)N1C(=NC(=N1)C2=CN=CC=C2)NCC3=CC=C(C=C3)F,,
3923766,CC1CN(CCN1C(=S)NCC2=CC=CC=C2)C3=C(C=C4C(=C3OC)N(C=C(C4=O)C(=O)O)C5CC5)F,,
3929327,COC1=CC=C(C=C1)N2C(=O)C3=C(C2=O)C=C(C=C3)C(=O)NC4=NC=CS4,,
3929482,CC1=C(C=C(C=C1)C(=O)OC2=CC=CC3=C2N=CC=C3)S(=O)(=O)N4CCCCC4,,
3930725,COC1=CC=C(C=C1)NS(=O)(=O)C2=CC=C(C=C2)NC(=O)C(CCSC)NC(=O)N,,
3932023,CC1=C(C(=C(C(=N1)N=NC2=CC3=C(C=C(C=C3S(=O)(=O)O)[N+](=O)[O-])C(=C2)S(=O)(=O)O)COP(=O)(O)O)C=O)O,,
3932233,CC1=CC=C(C=C1)N2C(=O)C(N(C2=O)C3CC3)CC(=O)NC4=CC(=CC=C4)F,,
3934876,CC(C)C(=O)N1C(=NC(=N1)C2=CN=CC=C2)NCC3=CC=C(C=C3)F,,
3936354,CC1CN(C2=NC3=C(N2C1)C(=O)NC(=O)N3C)C4=CC(=CC=C4)OC,,
3936970,CC1CCCCN1C(=O)COC2=CC3=C(C=C2)C=CC(=O)O3,,
3937173,CC1=C(C(=O)N(N1)C2=CC=CC=C2)C3(C4=C(CC(CC4=O)(C)C)N(C3=O)C5=CC=C(C=C5)OC)C(F)(F)F,,
3938139,COC1=C(C=C(C(=C1)O)C(=O)C2=CC=CC=C2)O,,
3939095,COC(=O)C1=CC=C(C=C1)NC(=O)C2CC(=O)OC2C3=CC=CC=C3,,
3940691,CCOC(=O)C1=C(C(=C(C=C1C)O)C=O)O,,
3941008,COC(=O)C1=CC(=C(C=C1)N)[N+](=O)[O-],,
3943541,CC1=C(C=C(C=C1)C(=O)NC2=C3C(=CC(=CC3=C(C=C2)S(=O)(=O)[O-])S(=O)(=O)[O-])S(=O)(=O)[O-])NC(=O)C4=CC(=CC=C4)NC(=O)NC5=CC=CC(=C5)C(=O)NC6=C(C=CC(=C6)C(=O)NC7=C8C(=CC(=CC8=C(C=C7)S(=O)(=O)[O-])S(=O)(=O)[O-])S(=O)(=O)[O-])C,,
3945131,C1CN2CCC1C(C2)OC(=O)NC3=CC=CC=C3,,
3945661,CC(C)CC(C(=O)O)NC(=O)CC1=CNC2=CC=CC=C21,,
3946238,COC1=CC=C(C=C1)C(CC(=O)N2CCCC2)C3=CC=C(C=C3)F,,
3946848,C(C(=O)[O-])[NH+]=C(N)N,,
3947643,CC(C)C(C(=O)O)NC1=C(C=C(C=C1)C(F)(F)F)Cl,,
3950721,COC1=CC(=O)C(=CC1=O)C(C=C)C2=CC=C(C=C2)O,,
3952079,CC(=O)OCC(CC(CCCCCCCCCCCC#C)O)O,,
3952178,CC1(C=CC2=C(C3=C(C=C2O1)OC4COC5=CC(=C(C=C5C4C3=O)OC)OC)O)C,,
3953303,C1CN(CCN1C2=C3C=CC=NC3=C(C=C2)[N+](=O)[O-])C(=O)C4=CC=C(C=C4)Cl,,
3954028,C1=CN(C(=O)NC1=S)C2C(C(C(O2)CO)O)O,,
3955344,C1=CC=C2C(=C1)C(=O)C3=CC(=C(C(=C3C2=O)O)O)S(=O)(=O)[O-].[Na+],,
3956280,CC1=C(C(NC(=S)N1)C2=CC=C(C=C2)O)C(=O)C3=CC=CC=C3,,
3957801,CCOC(=O)C1=C(NC(=S)S1)C,,
3959383,COC1=CC=C(C=C1)CNC(=O)C2=CC=CC=C2,,
3960350,CCC(=O)N(CCC1(CCOC(C1)(C)C)C(C)C)C(C)C2=CC=CS2,,
3962011,CC1=C(C=C(C=C1)NC(=O)COC(=O)CCC(=O)C2=CC=CS2)S(=O)(=O)N3CCOCC3,,
3964633,CC(COP(=O)(O)O)(C(=O)O)N,,
3966848,CC(=O)C1=C(C2=CC=CC=C2S1)O,,
3969708,CC(=O)OC1CC(C2(CCC3C(=O)OC(CC3(C2C1=O)C)C4=COC=C4)C)C(=O)OC,,
3970972,C1=CC(=CC=C1CC(=O)NCC2=CC=C(C=C2)S(=O)(=O)N)Cl,,
3972752,CC(C1=CC=C(C=C1)P(=O)(O)O)(C(=O)O)N,,
3976006,CCC(=O)NC1CC(C2=CC=CC=C2C1)C3=CC=CC=C3,,
3977580,CC1=CC=C(C=C1)C(=O)NC2=CC(=CC=C2)OC,,
3978169,CCC(=O)N1C(=NC(=N1)C2=CN=CC=C2)NCC3=CC=CS3,,
3978878,CC(C(=O)C1=CC=C(C=C1)Cl)OC2=CC=C(C=C2)NC(=O)C3=CC=CS3,,
3978952,CC1=C(C(=C(C(=N1)N=NC2=C(C=CC(=C2)S(=O)(=O)O)S(=O)(=O)O)COP(=O)(O)O)C=O)O,,
3979456,C1CCN(CC1)S(=O)(=O)C2=CC=CC(=C2)C(=O)NN=C(CCC(=O)O)C3=CC=CC=C3,,
3980164,CCOC(=O)NC1=NC2=C(C(=C1)NC(C3=CC=CC=C3)C4=CC=CC=C4)NC=N2,,
3983547,CC(C)C1=CC2=C(C=C1)C3(CCCC(C3CC2)(C)C(=O)N)C,,
3985968,CC(C)(C)C1=CC=C(C=C1)C(CC(=O)O)NC(=O)CSC2=CC=CC=C2,,
3989419,CC1=CCC(C2C1CC(=O)C(=C2)C)C(C)C,,
3994476,COC1=CC=CC=C1N2CCN(CC2)CCCCN3C(=O)CCC3=O,,
3994494,C1=COC(=C1)C(CCNCC2=CC=CS2)C3=CC=C(C=C3)F,,
3996345,COC1=C(C=C(C=C1)CCN2C(=O)C3=CC=CC=C3C2=O)OC,,
4000219,C1=CSC(=C1)C(=O)CSC#N,,
4000243,CCOC1=CC=CC(=C1)C(=O)C2=C(C(=C(C=C2)O)O)O,,
4002939,CC1=C(C(=O)N(N1)C(=S)N)N=NC2=CC=CC=C2C(F)(F)F,,
4006554,CC1=CC(=CC=C1)C(=O)N2CCN(CC2)C3=CC(=CC=C3)Cl,,
4011696,C1=CC2=C(C=C1Br)NC(=C2)C(=O)O,,
4011971,C1CC1N2C=C(C(=O)C3=CC(=C(C=C32)N4CC[NH2+]CC4)F)C(=O)[O-],,
4012995,C1CCCN(CC1)S(=O)(=O)C2=CC=CC(=C2)NC(=O)CSC3=NC4=CC=CC=C4C(=O)N3CCCN5CCOCC5,,
4013085,CCOC(=O)C1=CC=C(C=C1)NC2NC3=CC(=NN3S2)C,,
4013695,COC1=CC=CC=C1N2CCN(CC2)CCN3C(=O)C4=C(C5=CC=CC=C5N4)NC3=O,,
4014291,CCC1=C2CN3C(=CC4=C(C3=O)COC(=O)C4(CC)O)C2=NC5=C1C=C(C=C5)O,,
4014968,CC1(CC2=C(C(C(=C(N2C3=CC=CC=C3)N)C#N)C4=CSC=C4)C(=O)C1)C,,
4015329,CCCOCN1C=C(C(=O)NC1=O)F,,
4017647,C1=CC=C(C=C1)C(=O)C2=CC(=C(C=C2)[N+](=O)[O-])N,,
4018512,CC(=O)NCCC1=C(NC2=C1C=C(C=C2)OC)C3=CC=CC=C3,,
4019048,C1CC(C(=O)NC1)C(=O)NC2=CC=CC=C2C(F)(F)F,,
4019172,COC(=O)C1=CC=CC(=N1)C(=O)O,,
4019569,CCN(CC)S(=O)(=O)C1=CC(=C(C=C1)N2CCOCC2)NC(=O)C3=C(C(=C(N3)C)C(=O)C)C,,
4020240,CC(=CCC1=C2C(=C(C3=C1OC(=C(C3=O)O)C4=CC=CC=C4)O)C=CC(O2)(C)C)C,,
4020724,COC1=CC2=C(C=C1)N(C(=O)C2=C(C#N)C#N)CCC3=CC=CC=C3,,
4021277,C1=CC2=C(C=C1F)C(=O)N(C(=O)N2)C3=C(C=C(C=C3)Cl)Cl,,
4021578,CC1=CC2=NC(=CC(=O)N2C=C1)C,,
4022553,C1CN(C(C2=C1C3=CC=CC=C3N2)C4=CC=CC=C4)C(=O)C5=CC=CC=C5,,
4022728,CCOC(=O)C1=C(SC=C1C2CC2)NC(=O)COC(=O)CCS(=O)(=O)C3=CC=C(C=C3)C,,
4022878,CC(=O)[N-]S(=O)(=O)C1=CC=C(C=C1)N.[Na+],,
4023489,C1C(=O)N(C(S1)C2=CC=C(C=C2)[N+](=O)[O-])C3=CC=CC=C3,,
4025630,CCN1CCN(CC1)C(=S)NC(CC(=O)C2=CC=CC=C2)C3=CC=CC=C3,,
4025704,CC1=CC2C(CC1)(C3(C(C(C(C34CO4)O2)O)OC(=O)C)C)CO,,
4026888,COC1=CC2=C(C=C1)C(=O)C(CO2)CC3=CC(=C(C=C3)OC)O,,
4027061,C1COCCN1CC(=O)NNC2=C3C=CC=CC3=NC4=CC=CC=C42,,
4030213,C1C2CC3CC1CC(C2)(C3)NC(=O)C4=CC(=CC=C4)OC(F)F,,
4034917,CCNC(=O)CC1C(=O)N(C(=S)N1NC(=O)C2=CN=CC=C2)CC,,
4037122,CCCCCC1CCCC2=C1NC3=CC=CC=C3C2=O,,
4038142,C1=CC2=C(C=C1[N+](=O)[O-])NC(=O)C(=O)N2,,
4039540,C1C=CC2C1C(NC3=C2C=C(C=C3)C(=O)O)C(=O)O,,
4043031,C1=CC(=CC=C1NNC(=O)NNC2=CC=C(C=C2)[N+](=O)[O-])[N+](=O)[O-],,
4043316,C1CC2=C(C(CC(=O)N2C3=C(C=C(C=C3)F)F)C4=CC=CC=C4)C(=O)C1,,
4043841,CC1=CC(=C(N1C2=CC=C(C=C2)C(=O)OC)C)C(=O)CSC3=CC=C(C=C3)NC(=O)C,,
4044373,C1=CC=C(C=C1)C(C2=CC=CC=C2)C(=O)NC3=CC=CC=C3C(=O)O,,
4046493,COC1=CC=CC=C1NC(=O)NC2=NC(=NC3=CC=CC=C32)C4=CN=CC=C4,,
4047159,CCC(C1=CC=CC=C1)C(=O)NC2=CN=CC=C2,,
4047281,CCOC(=O)COC1=CC=C(C=C1)C,,
4048115,CC1=CC(=CC(=N1)C)C(C)(C)NC(=O)C(C(C)(C)C)Br,,
4048767,CC1CCCN(C1)C(=O)CCl,,
4049161,CCCCCCCCOCCOCC(=O)O,,
4051140,C1CCC(CC1)NC(=O)NC2=CC=C(C=C2)O,,
4052011,C1=CC=C2C(=C1)C(=O)N(C(=N2)C3=CC=C(C=C3)F)N,,
4052597,CC1=CC=C(C=C1)N2C(NC3=CC=CC=C3C2=O)C(C)C4=CC=CC=C4,,
4052642,CCC(C)CCCCCCCCCC(=O)O,,
4052712,C1CCN2C(C1)C(=O)N(C2=O)CCCCN3CCN(CC3)C4=CC=C(C=C4)F,,
4053302,COC1=CC(=CC2=C1C(=O)CC(O2)C3=CC=CC=C3)O,,
4053755,CC(=O)NCCC1=CC=CC=C1OC,,
4054533,CN1CC(=O)NC2=C1C=CC(=C2)C(=O)O,,
4055067,COC1=CC=C(C=C1)C2=C3C(=CN=C2)C=CC(=N3)C(=O)NCCCN4C=CN=C4,,
4055843,C1=CC=C2C(=C1)C=C(C(=O)O2)C3=CC=C(C=C3)O,,
4056967,COC1=C(C=C(C=C1)C(=O)OC)O,,
4057370,CC1=CC(=CC(=C1C(=O)C)C)O,,
4058452,C1=CC=C(C=C1)CN2C3=C(C(=NC=N3)SC4=NC5=CC=CC=C5O4)N=N2,,
4058897,CCOC1=CC=C(C=C1)NC(=O)CSCC2=C(N(N=C2)C3=CC=CC=C3)N4C=CC=C4,,
4059895,CC1=C(C2=C(N1CC3=CC=C(C=C3)Cl)C=CC(=C2)OC)CC(=O)O,,
4060730,CN1CCN(CC1)C(=O)C2=CC3=CC=CC=C3N2,,
4061431,CC1=CC=C(C=C1)NC(=O)NC2=CC=CC(=C2)C(=O)O,,
4061915,CC1(CC2=C(C(C(=C(N2C3=CN=CC=C3)N)C#N)C4=CC(=C(C=C4)OC)OC)C(=O)C1)C,,
4063350,C1=CC=C(C=C1)SCC(=O)Cl,,
4064342,C1CN(CCC1NC(=O)NC2=CC=CC=C2)CC3=CC=CC=C3,,
4065178,CC1=CC=C(C=C1)N2C(C3=CC=CC=C3C2=O)C(=O)C4=C(C=C(C=C4)O)O,,
4066088,CCOC(=O)C=C=C,,
4066245,CC(=CC(=O)C)O.CC(=CC(=O)C)O.CC(=CC(=O)C)O.[Cr],,
4067175,C1C(C1C(=O)O)CN,,
4067466,CC(CCC(=O)NCC(=O)O)C1CCC2C1(CCC3C2CCC4C3(CCC(C4)O)C)C,,
4067705,CC(C)C(=O)NC1=C(C(=NC(=N1)C2=CC=CC=C2)SC)C(=O)C,,
4068104,CC1=NOC2=CC=CC=C12,,
4068248,CCOC(=O)C1=CC(=C(C=C1)NC2CCCCC2)N,,
4068533,C=CC(=O)[O-].[Na+],,
4072012,CC(=O)N1CCC(=NNC2=NC3=CC=CC=C3S2)CC1,,
4072341,COC1=CC(=C(C=C1)O)C(=O)OC,,
4072356,CCCCC(CC)C(=O)[O-],,
4072367,C1CCC(=O)CC(=O)C1,,
4073731,CCOC(=O)C(=CNC1=CC(=NN1C2=CC=CC=C2)C)C(=O)OCC,,
4073986,CC1=NN(C2=C1C(=O)CC(C2Br)(C)C)C3=CC=CC=N3,,
4074688,C1=CC=C(C=C1)NC(=O)NC2=CC=NC=C2,,
4075149,CCCCC(=O)C(C)CC,,
4075158,CCCCCCCCCCCCCC(=O)[O-],,
4075607,CC1=C(C=C(C=C1)NS(=O)(=O)C2=CC3=C(C=C2)NC(C4C3C=CC4)C5=CC=C(C=C5)C(=O)O)C,,
4076092,CCOC(=O)C(C)OC1=CC=CC2=C1C=CN(C2=O)CC(=O)NC3=CC4=C(C=C3)OCCO4,,
4077187,CC(=O)OCC1=CC=C(O1)COC(=O)C,,
4077460,C1=CC=C(C=C1)C2=C(SC(=C2)C3=NC(=NO3)C4=CC(=CC=C4)C(F)(F)F)C(F)(F)F,,
4078145,C1=CC=C(C(=C1)NC2=NC(=C(S2)C3=C4C=C(C=CC4=NC3=O)F)O)Cl,,
4078427,C(=O)(C(C(C(C(C(C(F)(F)F)(F)F)(F)F)(F)F)(F)F)(F)F)NN,,
4078684,CC(C(=O)O)NC(=O)C(CC1=CC=C(C=C1)O)N,,
4079571,COC(=O)C1=C(C=CS1)NC(=O)CC2=CC=CC=C2,,
4079580,C1CCC(CC1)NC(=O)NC2CCCC3=CC=CC=C23,,
4079622,CCOC1C(=O)NC(=O)N1CC2=CC=CC=C2,,
4079675,CN=C(C1=CC=CC=C1)NC2=CC=C(S2)C(=O)OC,,
4086645,C(=O)(C(C(C(C(C(C(F)(F)F)(F)F)(F)F)(F)F)(F)F)(F)F)[O-],,
4087444,CCCCCC(=O)[O-].[Na+],,
4087778,CC(C)(C)OC(=O)NC1=CC=CC=C1C(=O)O,,
4088395,CC1(CC2=C(C(N1)(C)C)SC(=C2C(=O)OC)NC(=O)C3=NC4=CC=CC=C4S3)C,,
4088536,CC1=CC(=NO1)NC(=O)CSC2=CNC3=CC=CC=C32,,
4088910,COC1=CC=CC2=C1NC(=O)C2=O,,
4089246,CCCCCCCNC(=O)NC1CCCCC1,,
4089912,C1=CC(=C(C=C1[N+](=O)[O-])NC(=O)CBr)O,,
4090226,CCCC(=O)C1=C(C=CC=C1O)O,,
4090273,CN1C2=C(C(=O)N(C1=O)C)NC(=N2)C3=CC=C(C=C3)F,,
4090966,CC1=C(C2=C(N1C(=O)C3=CC=C(C=C3)Cl)C=CC(=C2)OC)CC(=O)NC4=CC=C(C=C4)NC(=O)C,,
4091516,CC(C)C1=CC=C(C=C1)C(=O)NN2CCOCC2,,
4091559,CC1=CC=C(C=C1)C(=O)CCS(=O)(=O)C2=CC=C(C=C2)Cl,,
4091939,C1=CNC2=C1C(=O)NC(=S)N2,,
4092426,CC12C=CC3=C4CCC(=O)C=C4CCC3C1CCC2O,,
4092838,CCCCN(CCCC)C(=O)NC1=CC(=CC(=C1)C)C,,
4093508,CNC(=O)C1=CC=C(C=C1)S(=O)(=O)N,,
4095384,COC1=CC=CC=C1NC2=NC(=C(S2)CC(=O)O)C3=CC=CC=C3,,
4096211,C1C2CC3CC1CC(C2)(C3)C(=O)NC4=CC5=C(C=C4)N=C(S5)NC(=O)C6=CC=CC=C6,,
4097385,CC(=O)C1C(CC2C1(CCC3C2CCC4C3(CCC(C4)O)C)C)O,,
4099458,C1=CC=C2C(=C1)C(=CN2)CC(C(=O)[O-])[NH3+],,
4099463,C1C2C=CC1C3C2C(=O)N(C3=O)CC(=O)NC4=CC=C(C=C4)C(=O)O,,
4099572,CC(=O)OC1=C(C=CC(=C1)C=O)OC,,
4099879,CCCCCCCCCCCCCCCC(=O)OCC(COC(=O)CCCCCCCCCCCCC)OC(=O)CCCCCCCCCCCCCCC,,
4100428,C1=CC(=CC(=C1)[N+](=O)[O-])NC(=O)NCC2=CN=CC=C2,,
4100752,CC(CC1=CC2=C(C=C1)OCO2)C=NC3=CC=CC=C3C(=O)OC,,
4101463,COC1=CC(=C2C(=O)CC(OC2=C1)C3=CC=CC=C3)O,,
4101484,C1CN(CCN1)C(=O)C2=CC=C(C=C2)Cl,,
4101591,CCOC1=CC2=C(C=C1)N=C(S2)NC(=O)NC3=CC=CS3,,
4102909,C1=CC(=CC(=C1)NC(=O)NC2=CC(=C(C=C2)Cl)Cl)C(=O)O,,
4103042,CCOC(=O)C1=CC=C(C=C1)NC(=O)C2=CC=CC=C2C(=O)O,,
4103928,CC=C1CC(C(C(=O)OCC2=CC[N+]3(C2C(CC3)OC1=O)[O-])(CO)O)C,,
4106590,COC1=C(C=C(C=C1)C(=O)NC2=C(C=CS2)C(=O)N)OC,,
4109111,CC1=CC=C(C=C1)NC(C(Cl)(Cl)Cl)NC(=O)CC2=CC=CC=C2,,
4109614,C1=CC=C2C(=C1)C=CC=C2NC(=O)NC3=CC(=CC=C3)Cl,,
4110035,CC1CC(=O)N(C2=C(N1)C=CC(=C2)[N+](=O)[O-])C,,
4110386,CC1=C(C(=CC=C1)C(CC(=O)NCCC2=CC(=C(C=C2)OC)OC)C3=CC=CC=C3)O,,
4113470,CCCCCCCCCCCCCCCCC(=O)[O-],,
4114774,CC(=O)NC1=C(SC(=C1)C2=CC=CC=C2)C(=O)OC,,
4115504,CCOC(=O)C1=C(C2=C(S1)C=C(C=C2SCC(=O)OC)[N+](=O)[O-])N,,
4116749,COC1=CC=CC(=C1)NC(=O)OC2=CC=CC3=C2N=CC=C3,,
4116926,CC1CCN(CC1)C(=O)CCl,,
4117381,C1CCN(C1)S(=O)(=O)C2=CC3=C(C=C2)NC(=O)C3=O,,
4117383,C1CCN(CC1)S(=O)(=O)C2=CC3=C(C=C2)NC(=O)C3=O,,
4117477,CC1CCN(CC1)S(=O)(=O)C2=CC3=C(C=C2)NC(=O)C3=O,,
4118131,C1=CC=C(C=C1)CCC(=O)NO,,
4118145,CCCCCCCCCCCCCCCCCCCCC(=O)OCC(COC(=O)CCCCCCCCCCCCCCCCCCCC)OC(=O)CCCCCCCCCCCCCCCCCCCC,,
4118151,C1CCN(CC1)C(=O)C2=CC3=NON=C3C=C2,,
4119262,C1=CC=C(C=C1)C(=O)NC2=NC(=CS2)C3=CC=CC=N3,,
4119643,C1=CC=C(C=C1)CC(=O)NCC2=CC=C(C=C2)S(=O)(=O)N,,
4120205,CCCCCCCCCCCCCCCCOC1=CC=CC(=C1)C(=O)OC,,
4121769,C1=CC(=CC=C1CCNC(=O)CN(CCN(CC(=O)NCCC2=CC=C(C=C2)S(=O)(=O)N)CC(=O)O)CC(=O)O)S(=O)(=O)N,,
4122398,C1=CC=C(C=C1)CONC(=O)C2=CC=C(C=C2)[N+](=O)[O-],,
4122814,CCCCCCCCCCCCCCCC(=O)OCC(C1C(C(CO1)O)O)O,,
4123009,CN(C)C1=CC2=C(C=C1)C(=C3C=CC(=[N+](C)C)C=C3O2)C4=C(C=CC(=C4)N=C=S)C(=O)[O-],,
4123591,C1CSC2=NC=C(C(=O)N21)C(=O)NC3=CC=CC(=C3)C(F)(F)F,,
4123610,C1=CC=C(C=C1)CN2C(=O)C3=C(NC2=S)N=CC=C3,,
4124653,CC(=O)OC1=CC(=C(C(=C1)OCC2=CC=CC=C2)OC(=O)C)OCC3=CC=CC=C3,,
4124689,C1C(OC2=CC=CC=C2O1)C3=NN=C(O3)NC(=O)C4=CC=C(C=C4)F,,
4124851,CN1C(=O)N(C(=O)S1)CC2=CC=CC=C2,,
4125253,C(C1C(C(C(C(O1)OCC2C(C(C(C(O2)OCC(C(C(C(C=O)O)O)O)O)O)O)O)O)O)O)O,,
4125298,C1CNCC1CC(=O)O,,
4127211,COC1=CC=C(C=C1)OCCN2C=C(C3=CC=CC=C32)C(=O)C4=CC=CO4,,
4128060,CC(COC(C)COC(=O)C=C)OCC(C)OC(=O)C=C,,
4128171,C1=CC(=CC=C1C2=NN=C(O2)NC(=O)C3=CC=C(C=C3)Cl)F,,
4128305,CC(C)CC(C(=O)NC(CC(=O)N)C(=O)O)N,,
4128827,C1=CC=C(C=C1)COC2=C(N=CC=C2)NC(=O)NC3=CC(=CC=C3)Cl,,
4128901,C1CC(CN(C1)CC#N)C(=O)N,,
4129546,C1CN(CC2=C1SC=C2)C(C3=CC=CC=C3Cl)C(=O)O,,
4130574,C(CC(=O)O)C(C(=O)O)NC(=O)C(CC(=O)O)N,,
4131581,CCOC(=O)C(C)OC1=CC=CC2=C1C=CN(C2=O)CC(=O)NC3=CC=C(C=C3)OC,,
4131669,CC#CCOC(=O)Cl,,
4132227,CC1=CC(=CC=C1)N2C=CN=C2SCC(=O)NC3=C(C=CC(=C3)C(F)(F)F)Cl,,
4135273,C1=CC=C2C(=C1)C(=O)C(=O)N2CCI,,
4136782,COC1=CC(=C(C=C1)C(=O)NC2=CC=CC=C2C3=NC4=CC=CC=C4S3)OC,,
4136965,CCOC(=O)C1=C(N(C(=NC(=O)C2=C(C=CC=C2F)F)S1)C)C,,
4137406,CC1CCN(CC1)C2=C3C(=C(SC3=NC(=N2)C)C(=O)NC4=CC=C(C=C4)C(F)(F)F)C,,
4137900,CC(C)CC(=O)C(=O)[O-].[Na+],,
4138553,C1COCCC1(C2=CC=CC=C2)C(=O)O,,
4138562,C1=CC=C(C=C1)C2=C(C=NN2)C(=O)O,,
4139109,C1=C(NC=N1)CC(=O)[O-],,
4139750,C1COC2(C3=CC=CC=C3N(C2=O)CC4=C(C=C(C=C4)F)Cl)OC1,,
4143377,B(C1=CC=C(S1)C(=O)C)(O)O,,
4143687,CC1=C(C=C(C=C1)NC(=O)NCC2=CN=CC=C2)Cl,,
4145140,C(CO)C(=O)N,,
4147575,COC1=C(C=C(C=C1)CCNC(=O)C2=CC(=NC3=CC=CC=C32)NC4=CC=CC=C4)OC,,
4147757,CC(C1=CN=C(C=C1)CCOC2=CC=C(C=C2)CC3C(=O)NC(=O)S3)O,,
4148717,C1CC(C2=CC=CC=C2C1)NC(=O)C3=CC=C(C=C3)[N+](=O)[O-],,
4149059,CCC(CC)(C(=O)Cl)C(=O)Cl,,
4149109,C1=CC=C2C(=C1)C=C(C(=O)O2)C(=O)NC3=C(C(=C(C(=C3F)F)F)F)F,,
4149175,COC1=CC=C(C=C1)C2C3=C(CCCC3=O)NC(=O)N2,,
4149208,CCCCCCCCCCCC(=O)[O-],,
4149241,C1CCC(CC1)NC(=O)NCC(=O)O,,
4150009,C1=CC=C(C=C1)NC(=O)NCC2=CC=C(C=C2)Cl,,
4150792,CNC(=O)C1=CC(=CC=C1)Cl,,
4150876,CC(=O)C1=CC=C(C=C1)N2CCN(CC2)C(=O)NC3=CC=C(C=C3)Cl,,
4152252,CCC(=O)NCC1=CC2=C(C=C1)NC(=C2)C,,
4153324,C1CCC(CC1)CNC(=O)NC2CCCCC2,,
4153551,CN1C2=C(NC1=O)N=CC(=C2)C3=CC=CC=C3,,
4156919,C1=CC=C(C=C1)C2=NN(C(=C2)NC(=O)C3=CC=CC=C3)C4=CC=CC=C4,,
4157557,CCCCN(CCCC)C(=O)NC1=CC=CC(=C1C)C,,
4158022,CCOC1=CC=C(C=C1)NC(=O)CN2C=CC3=C(C2=O)C=CC=C3OC(C)C(=O)OCC,,
4158561,C1=CC(=CC=C1CCN2C(=O)C3=C(C=CC(=C3)Cl)NC2=S)S(=O)(=O)N,,
4159955,C1CCC(CC1)NC(=O)NC2=NC3=CC=CC=C3N2,,
4162623,C1=CC=C(C=C1)C2=NC3=C(O2)C=CC(=C3)C(=O)O,,
4163404,C1=CC(=CC(=C1)NC(=O)NC2=CC(=CC(=C2)Cl)Cl)C(F)(F)F,,
4163701,CC(C)(C)C1=CC(=C(S1)C(=O)OC)NC(=O)NC2=CC=CC=C2,,
4165004,C1=C(C=C(C=C1Cl)Cl)NC(=O)N,,
4165105,C1CC(C2=CC=CC=C2C1)NC=O,,
4165375,CCOC(=O)C1=C(C(=C(N1C)C)C(=O)NC2=CC=C(C=C2)F)C,,
4165402,COC1=CC=CC=C1N2CCN(CC2)CCCCN3C(=O)C4CCCCN4C3=O,,
4166285,CC1=C(CC(C(C1)C(=O)NC2=NC(=C(S2)C)C3=C(C=C(C=C3)C)C)C(=O)O)C,,
4166536,CC(C)NC(=O)NC1=CC=C(C=C1)Cl,,
4167053,CC1=CC(=C(C=C1)OC)NC(=O)N(CC2=CC=CC=C2)CC3=CC=CC=C3,,
4167542,CCCCCCCCCCCCC(=O)N,,
4168728,CCCCCCCCCCCCCCC(=O)OCC(COC(=O)CCCCCCCCCCCCCC)O,,
4169160,C1C(C=CC1=O)O,,
4169198,CCC(C)CCCCCCCCCCCCCC(=O)O,,
4170858,CCOC(=O)C(C)OC1=CC=CC2=C1C=CN(C2=O)CC(=O)NCC3=CC=CO3,,
4171316,CCOC1=CC2=C(C=C1)N=C(S2)NC(=O)C3(CC3(Br)Br)C,,
4171474,C1CCC2C(C1)C(=O)N(C2=O)C3=CC=CC=C3OC(=O)C4=CC=CC=C4F,,
4172014,C[Si](C)(C)OC(=O)CCl,,
4172058,C1CCN(CC1)S(=O)(=O)C2=CC3=C(C=C2)OCC(=O)N3,,
4172142,CCCC(=O)NCCC1=C2C3=CC=CC=C3CN2C4=C1C=C(C=C4)OC,,
4173511,C1=CC(=CN=C1)C(=O)NC2=NN=CS2,,
4174147,CCCCOC1=CC=CC=C1N2CCN(CC2)CCCN3C(=O)C4CCCN4C3=O,,
4174965,CC1=NC(=CC=C1)NC(=O)C2=C(N=CC=C2)Cl,,
4176428,CC1=C(OC(=N1)C2=CC=CC=C2)C(=O)O,,
4177750,C1=CC(=CC(=C1)Br)N2C(=O)C3=C4C(=C(C=C3)NCCO)C=CC=C4C2=O,,
4177957,CC1=C(C2=C(N1C(=O)C3=CC=CC=C3)C=CC(=C2)OC)CC(=O)O,,
4178408,CC1=CC=C(C=C1)C(=O)NC2=CC=C(C=C2)O,,
4178773,CSC1=NC2=CC=CC=C2O1,,
4179181,CC1=CC=CC=C1NC2=C(N=C3N2C=CC=C3C)C4=CC=CO4,,
4179424,C1=CC=C2C(=C1)C(=O)C3=C(C=CC(=C3C2=O)Cl)Cl,,
4179726,C1=CC(=NC=C1N)C(=O)O,,
4180608,C1=CC(=CC=C1NC(=O)C2=C(C(=C(C(=C2F)F)F)F)F)S(=O)(=O)N,,
4182378,CC1=CC(=C(N1)C(=O)OCC2=CC=CC=C2)C,,
4182595,C(C(=O)C(=O)[O-])S,,
4182953,C1CC1N2C=C(C(=O)C3=CC(=C(C=C32)N4CCN(CC4)C=O)F)C(=O)O,,
4183135,CCN1C=CC(=O)NC1=O,,
4183640,C1=CC(=CC=C1C2=COC3=C(C2=O)C=CC(=C3)OC4C(C(C(C(O4)CO)O)O)O)O,,
4184560,CCCNC(=O)NNC(=O)C1=CC=C(C=C1)F,,
4184572,C1C2CC3CC1CC(C2)(C3)NC(=O)NCC4=CC=NC=C4,,
4186202,CC(=O)N1CCCNCC1,,
4186339,C(C(=O)C(=O)[O-])O,,
4186881,CC1=C(C(C(=C(N1)C)C(=O)OCC=C)C2=CC=C(C=C2)C(C)(C)C)C(=O)OCC=C,,
4187769,CCCCCCCCCCCCCCCC1=C(C(=O)C=C(C1=O)O)O,,
4187904,C1=CC=C(C(=C1)NC(=O)CNCC2=CC=C(C=C2)F)[N+](=O)[O-],,
4189536,CCCCCCCCCCCCCCCCCCOC1=CC=C(C=C1)C(=O)OC,,
4189539,C1=CC(=CC(=C1)C2=CC=C(O2)C(=O)O)C=O,,
4189590,C1=CC(=CC(=C1)C2=CC=C(O2)C(=O)O)C#N,,
4189678,C1CCN(CC1)CCNC(=O)NC2=CC=C(C=C2)Cl,,
4191132,C(=O)(C(C(C(C(F)(F)F)(F)F)(F)F)(F)F)N,,
4191462,CC(=O)NNC(=S)NC1=CC=CC=C1,,
4191572,COC1=CC=CC=C1CN2C(=O)C3=C(C=CC(=C3)F)NC2=S,,
4191585,CC(C)C(C(=O)NCCOC)NC(=O)C1CCCCC1,,
4191879,COC(=O)C1=C(N(N=C1)C2=CC=CC=C2)N,,
4192833,C1=NC2=C(N1CC(=O)O)N=C(N=C2Cl)N,,
4193156,CCCCCCCCCCCCNC(=O)C1=CC(=C(C=C1)OC)OC,,
4193353,COC(=O)CCS(=O)(=O)C1=CC=CC=C1,,
4195532,CC1=NOC(=C1)CC(=O)O,,
4195607,CCOC(=O)C(C(F)(F)F)(NC1=CC=C(C=C1)S(=O)(=O)NC2=NC=CC=N2)NC(=O)C,,
4196307,CC1=CC(=CC=C1)NC(=O)NC2=CC=CC3=CC=CC=C32,,
4196308,CCCCN(CCCC)C(=O)NC1=CC=CC=C1C,,
4197086,CC1=NC2=C(C=NN2C(=C1)C(F)F)C(=O)NCCC3=CC(=C(C=C3)OC)OC,,
4198552,C1CC1NC(=O)C(C2=CC=CC=C2)Cl,,
4198996,C1=C(C=C(C=C1Cl)Cl)NC(=O)C(C(C(F)(F)F)(F)F)(F)F,,
4199500,C1=CC(=C(C=C1Cl)C2=CC=NO2)O,,
4200465,CC1=CC=C(C=C1)C(=O)NC2=NC(=CS2)C3=C(SC(=C3)Cl)Cl,,
4202176,C1=CC(=CC(=C1)[N+](=O)[O-])C2=C(C=NN2)C(=O)O,,
4203080,CCOC(=O)C1=C2C3CCCN3C(=O)C4=C(N2C=N1)C=CC(=C4)OC,,
4204024,C1CCC(CC1)NC(=O)C2=C(C=CS2)NC(=O)C3=CC=C(C=C3)F,,
4204917,C1=CC2=C(C(=C1)Cl)NC(=O)C=C2,,
4205159,CC(CCC=C(C)C)C1CCC2(C1(CCC3C2=CCC4C3(CCC(=O)C4(C)C)C)C)C,,
4205306,CCCCNC(=O)NC1=C(C=CC=C1C(C)C)C(C)C,,
4205337,CCC1=CC(=C(C=C1O)O)C(=O)CC2=CC=CC=C2C,,
4206177,C1=CC=C2C(=C1)NC(=N2)SCC(=O)C3=CC(=C(C=C3)O)O,,
4207409,C1CN(CCN1CC(=O)NC2=CC=CC=C2Br)C3=CC=CC=N3,,
4209683,CC(=O)OC1CCC2(C(C1(C)C(=O)O)CCC3(C2CC=C4C3(CCC5(C4CC(CC5)(C)C)C)C)C)C,,
4210039,C1CCC(CC1)N2C(=O)C3=C4C(=CC=C5C4=C(C=C3)C(=O)N(C5=O)C6CCCCC6)C2=O,,
4210929,CC1=CC2=C(C=C1)NC(=C2)C(=O)N3CCOCC3,,
4210951,C1=CC=C(C(=C1)C2=C(C(=O)NC2=O)NC3=CC(=C(C=C3)O)Cl)[N+](=O)[O-],,
4213774,COC1=CC2=C(C=C1)OC(CC2=O)C3=C(C(=CC=C3)OC)OC,,
4214594,CC#CCOC(=O)C1=CCCN(C1)C,,
4216385,C1=CC(=CC=C1C2=NC3=C(C(=NN3C(=C2)C(F)(F)F)C(=O)NCCCN4C=CN=C4)Cl)Br,,
4216814,C1=CC=NC(=C1)SCC(=O)NC2=CC(=C(C=C2)Cl)[N+](=O)[O-],,
4217712,COC1=C(C2=C(C=C1)C(=O)C3=CC=CC=C3C2=O)OC,,
4219491,CC1=CC(=NC2=C1C=C(C=C2)NC(=O)C3=CC(=CC=C3)OC)N4CCOCC4,,
4220093,COC1=CC2=C(C=C1)C=CNC(=O)C2,,
4220289,CCN1C=C(C=N1)C(=O)NC(=S)NC2=CC=CC=C2[N+](=O)[O-],,
4220380,C(#CC(=O)[O-])C(=O)[O-],,
4220856,CC1CCC(=C(C)C)C(C1(C)COC2=CC3=C(C=C2)C=CC(=O)O3)CCC(=O)O,,
4221180,C1=CC(=CC(=C1)Br)C(=O)NCCCN2C=CN=C2,,
4223811,C1=COC(=C1)CN=C=O,,
4223812,CCC(=O)N1CCN(CC1)C(=O)C2=CC=CC=C2,,
4225440,C1=CC=C(C=C1)C(CCNC(=O)C(C2=CC=CC=C2)C3=CC=CC=C3)C4=CC=CC=C4,,
4225619,CCCCCCCCCC(=O)OC1CCC2(C3CCC4(C(C3CC=C2C1)CCC4C(C)CCCC(C)C)C)C,,
4225961,CSC1=NSC(=N1)SCC(=O)NC2=CC=CC=C2F,,
4227699,CC(C)CCNC(=O)C1=CC(=NC2=CC=CC=C21)C3=CC=CS3,,
4228388,CCCC(CCC)C(=O)NC1=NN=C(S1)S(=O)(=O)N,,
4229592,C1=CC=C(C=C1)NC(=O)NCCC2=CC=C(C=C2)S(=O)(=O)N,,
4229689,CC(C)CCCC(C)C1CCC2C1(CCC3C2CC=C4C3(CCC(C4)OC(=O)C5=C(C=C(C=C5)Cl)Cl)C)C,,
4229702,C1=CC=C(C=C1)CC(=O)NCC(=O)[O-],,
4231127,COC1=CC=C(C=C1)OCC2C3=CC(=C(C=C3CCN2C(=O)C4=CC(=CC=C4)Cl)OC)OC,,
4231835,COC1=CC(=C(C=C1)OC)C2=CC(=O)C3=CC=CC=C3O2,,
4233041,CC(C)(C)OC(=O)NC1CCCNC1,,
4233329,CC(C)CC(=O)NC1=CC=CC(=C1)C2=NC3=CC=CC=C3N2,,
4236420,CC1=C(C(=O)NO1)CCC(C(=O)O)N,,
4239327,CCN1C2=C(C=C(C=C2)S(=O)(=O)N(CC)CC)N=C1CCC(=O)NC3=CC=CC=C3CC4=CC=CC=C4,,
4242975,CC1=CC2=C(C=C1)NC(=C2)C(=O)N3CCN(CC3)C,,
4244251,CC1=NN(C(=C1Cl)C(=O)NC(=S)NC2=CC=C(C=C2)[N+](=O)[O-])C,,
4244680,CC1CCC(CC1)C(=O)NC2=CC3=C(C=C2)N=C(C=C3C)N4CCN(CC4)C5=NC=CC=N5,,
4245760,C1=CC=C2C(=C1)C(=O)N(N=N2)CCC(=O)O,,
4247255,CC(C)(C)OC(=O)NCC=O,,
4247366,CC1=CC(=NN1)NC(=O)C2=CC=CC=C2,,
4247789,C1=CC2=C3C(=C1)NC(=O)NC3=CC=C2,,
4248455,CCCCCCCCC1C(C(=C)C(=O)O1)C(=O)O,,
4249471,CC1=C(C=C(C=C1)S(=O)(=O)NC(CC2=CC=CC=C2)C(=O)O)C,,
4249714,C1=CC(=CC(=C1)Br)CSC2=C(C=CC=N2)C(=O)O,,
4249750,C1=CC=C(C=C1)CC(=O)NC(C(Cl)(Cl)Cl)NC2=CC=C(C=C2)[N+](=O)[O-],,
4250390,CC1=CC=CC=C1C(=O)NC2=CC=NC=C2,,
4250909,CN1C(=CC2=C(C1=O)C(=NO2)C3=CC=CC=C3)C4=CC=CC=C4,,
4251126,C1=CC(=CC=C1NC(=O)NO)Br,,
4251417,C1CCCC(CC1)(C(=O)O)O,,
4252358,CN1C(=NNC1=O)C2=CC(=CC=C2)Br,,
4253236,C1=CC=C(C=C1)C2=NC3=CC=CC=C3C(=C2)C(=O)NC4=NN=C(O4)C5=CC=CO5,,
4253803,C(=O)(C(C(C(C(C(C(C(F)(F)F)(F)F)(F)F)(F)F)(F)F)(F)F)(F)F)[O-].[K+],,
4254782,CC1C(C(CC(O1)OC2CCC3(C4CCC5(C(CCC5(C4CCC3(C2)O)O)C6=CC(=O)OC6)C)CO)O)O,,
4255607,CC(C)(C)C1=CC(=C(C(=C1)C(C)(C)C)O)C(=O)O.CC(C)(C)C1=CC(=C(C(=C1)C(C)(C)C)O)C(=O)O.[Zn],,
4255608,C1=CC=C(C=C1)CC(C(=O)O)NC(=O)CC2=CNC3=CC=CC=C32,,
4256185,C(=O)(C(C(F)(F)F)(OC(C(C(F)(F)F)(F)F)(F)F)F)[O-].[K+],,
4256987,C1=CC=C(C=C1)C2(C3=C(C=CC(=C3)Br)NC2=O)O,,
4257368,C1=CC(=CC=C1N(CCCNC(=O)C(F)(F)F)C(=O)CCl)[N+](=O)[O-],,
4257706,CNC(=O)C1=CC=CC2=NC3=CC=CC=C3N=C21,,
4258082,CCCCC(=O)NC1=CC=C(C=C1)S(=O)(=O)N,,
4259167,C1CCN2C(=NC3=C(C2=O)C=C(C=C3)[N+](=O)[O-])C1,,
4261196,CC1=C(C=C(C=C1)C(=O)NC2=C3C(=CC(=CC3=C(C=C2)S(=O)(=O)[O-])S(=[OH+])(=O)[O-])S(=[OH+])(=O)O)NC(=O)C4=CC(=CC=C4)NC(=O)NC5=CC=CC(=C5)C(=O)NC6=C(C=CC(=C6)C(=O)NC7=C8C(=CC(=CC8=C(C=C7)S(=O)(=O)[O-])S(=[OH+])(=O)[O-])S(=[OH+])(=O)O)C,,
4261503,CCOC(=O)C(CC1=C(C=C(C=C1)Cl)Cl)C2=CC=NO2,,
4261850,CC(=O)NC1=CC=C(C=C1)S(=O)(=O)NC2=C(C(=O)C3=CC=CC=C3C2=O)N4CCN(CC4)C5=CC=C(C=C5)F,,
4262314,C1CC(C2=C(C1)C3=CC=CC=C3N2)C(=O)N,,
4262362,CC1(C=CC2=C(O1)C=C3C(=C2OC)C(=C(C(=O)O3)C4=CC=C(C=C4)OC)OC)C,,
4264204,CCC(C1C(CC(C(O1)C(C)C(C(C)C(=O)C(CC)C2C(CC(C3(O2)C=CC(C4(O3)CCC(O4)(C)C5CCC(C(O5)C)(CC)O)O)C)C)O)C)C)C(=O)O,,
4264496,CCCCC(=O)NC1(C(=O)N(C(=O)N1)CC2=CC=CC=C2)C(F)(F)F,,
4264556,CC1C2=C(CC([NH2+]1)C(=O)[O-])C3=CC=CC=C3N2,,
4264650,CCNC(=O)CC1C(=O)N(C(=S)N1NC(=O)C2=CC=CC=C2)CC,,
4264695,C1CN(CC2=CC=CC=C21)C(=O)CCl,,
4264843,CC1=CC=C(C=C1)N2C=CC(=O)C(=N2)C3=NC(=NC=C3)SCC=C,,
4267343,COC1=CC=CC=C1NS(=O)(=O)C2=CC=CC(=C2)NC(=O)C3=CC(=CN=C3)Br,,
4267688,CN(C1=C(C(=O)C2=CC=CC=C2C1=O)NC3CCCCC3)N=O,,
4268702,CC(C)(C)C1=CC=C(C=C1)OCC(=O)NC2=CC=CC=C2C(=O)O,,
4270371,C1=CC=C(C=C1)OC2=CC3=C(C=C2)NC(=C3)C(=O)O,,
4270681,CCN1C(=NN=C1SCC(=O)OC(C)C)C2=CC=CC=C2,,
4270974,CCOC1=CC=C(C=C1)NC(=O)CN2C(=O)C3CCCN3C2=O,,
4271571,COC1=CC=C(C=C1)C(=O)CS(=O)(=O)C2=CC=CC=C2,,
4271775,C1=CC(=CC(=C1)OC2=CC=CC(=N2)C(=O)O)C(F)(F)F,,
4273754,CCCN1C(=C(C2=CC=CC=C21)C(=O)C3=CC=CC4=CC=CC=C43)C,,
4274774,CC1=C(C(=O)C=C2C1=CC=C3C2(CCC4(C3(CCC5(C4CC(CC5)(C)C(=O)O)C)C)C)C)O,,
4274816,CC1=CC(=C(C=C1)C2=NNC(=C2)C(=O)O)C,,
4275592,CC(C)CCC(=O)[O-],,
4278270,COC1=CC=C(C=C1)C2=CC(=C(S2)C(=O)N)N,,
4280155,C1CCN2C(C1)C(=O)N(C2=O)CCCCN3CCN(CC3)C4=CC(=CC=C4)Br,,
4280205,C1=CC(=CC=C1C(=O)NC2=C(C=CC(=C2)S(=O)(=O)N)O)[N+](=O)[O-],,
4282462,COC1=CC=C(C=C1)C2=NC3=C(O2)C=CC(=C3)NC(=O)C4=CC=C(C=C4)OCC5=CC=CC=C5,,
4282937,CCCCN(CCCC)C(=O)NC1=CC=C(C=C1)F,,
4284525,CC(=O)NCCC1=CNC2=C1C=C(C=C2)NC(=O)OC,,
4284721,COC1=C(C2=C(N1)C=CC(=C2)F)C(=O)OCC3CCN(CC3)CCNS(=O)(=O)C,,
4285635,CCC(C(C)C)C(C(C(C)C1CCC2C1(CCC3C2COC(=O)C4C3(CC(C(C4)O)O)C)C)O)O,,
4286311,CCCCC1=CC=C(C=C1)C(=O)NC2=CN=CC=C2,,
4287729,COC1=CC=C(C=C1)N2C=NC3=C2C=CC(=C3)C(=O)NC4CCCCCC4,,
4289057,CCOC(=O)C(C)OC1=CC=CC2=C1C=CN(C2=O)CC(=O)NCC3=CC4=C(C=C3)OCO4,,
4290313,CCCCS(=O)(=O)CCC(=O)O,,
4290702,CCCCCCCCCCCCCCC(=O)OCC(COC(=O)CCCCCCCCCCCCCC)OC(=O)CCCCCCCCCCCCCC,,
4291281,CCOC(=O)C1=C(N(N=N1)C2=NON=C2N)C3=CC=C(C=C3)C,,
4292413,CCCCCCCCCCCC[N+](C)(C)CC(=O)[O-],,
4293941,CN(CC1=CC=CO1)C(=O)CN2C(=O)C=CC(=N2)C3=CC=C(C=C3)Cl,,
4294170,CNC(=O)C1=CC(=CC=C1)Br,,
4295485,CC1=C(C=CC(=C1)Cl)NC(=O)N(CC2=CC=CC=C2)CC3=CC=CC=C3,,
4295489,C1=CC(=C(C=C1Cl)Cl)NC(=O)NO,,
4295697,C1=CC=C(C=C1)CCCNC(=O)CC#N,,
4295870,CC(C)OP(=O)(C(C)NC(=O)CC1=CC=CC=C1)OC(C)C,,
4296438,CN(C)C1=CC=C(C=C1)C(NC(=O)CC2=CC=CC=C2)NC(=O)CC3=CC=CC=C3,,
4297278,CC1=CC(=O)OC2=C1C=CC(=C2C)OC3CCCCC3=O,,
4298023,CCCC1=CC=C(C=C1)C(=O)NC2=CC3=CC=CC=C3N=C2,,
4298309,CC(=O)NS(=O)(=O)C1=CC=C(C=C1)Br,,
4298878,CCC(C)C(=O)C(=O)[O-],,
4299916,C1CCC(CC1)NC(=O)NC2=CC=C(C=C2)[N+](=O)[O-],,
4300518,C1=CC(=CC=C1CC(C(=O)[O-])[NH3+])O,,
4300623,CC(=O)N1C(C2CCOC2C3=C1C=CC(=C3)Cl)C4=CC=CO4,,
4301570,CC(=C)C1CC2=C(O1)C3=CC=CC=C3C(=O)C2=O,,
4302026,C1=CC=C2C(=C1)C(=O)C3=C(C=CC(=C3N2)NCCN)[N+](=O)[O-],,
4302116,CCOC(=O)C1=C(N=C2N(C1C3=CC=C(C=C3)SC)C(=O)C(=CC4=CC=C(C=C4)OCC(=O)O)S2)C,,
4302960,CC(=O)C1=CC=C(C=C1)C2=CC=C(C=C2)C(=O)NCCCCN3CCN(CC3)C4=CC=CC=C4OC,,
4302962,CC1=C(N(N=C1C(=O)NN2CCOCC2)C3=C(C=C(C=C3)Cl)Cl)C4=CC=C(C=C4)I,,
4302963,CC1=C(C2=C(N1CCN3CCOCC3)C=C(C=C2)I)C(=O)C4=CC=C(C=C4)OC,,
4303053,C1=CC=C(C=C1)C2=CC3=CC=CC=C3N2CC(=O)O,,
4303535,C1=C(C(=CC(=C1O)Br)Br)C=O,,
4303567,CC(=O)OC1=CC2=C(C(=C1)OC(=O)C)C(=O)C=C(O2)C3=CC=C(C=C3)OC,,
4304328,CN(C)N1C2=C(C(C(=C1N)C#N)C3=CC4=C(C=C3)OCO4)C(=O)CCC2,,
4304882,CC1=C(C(=O)N(N1)C(=S)N)N=NC2=C(C=C(C=C2)[N+](=O)[O-])Cl,,
4305457,CC(C)CC(C(=O)NC(CCC(=O)N)C(=O)O)N,,
4305703,CN(C)C(=O)O[Si](C)(C)C,,
4306767,CC1=CC=CC=C1N2CCN(CC2)CCCCN3C(=O)C4CCCN4C3=O,,
4307444,C1=CC2=C(C=C1F)NC(=C2)C(=O)O,,
4307629,CC(C)C(C1=CC=C(C=C1)Cl)C(=O)NC2=NC=CS2,,
4308221,CC1CC2=CC=CC=C2N1C(=O)C,,
4308903,C1=CC=C(C=C1)C#CC2=CC=C(C=C2)C(=O)O,,
4313559,CC(=O)N1C(=NC(=N1)C2=CN=CC=C2)NCC3=CC=C(C=C3)OC,,
4314943,C1CCC(C(C1)C(=O)NC(C2=CC=CC=C2)C3=CC=CC=C3)C(=O)O,,
4315161,CC(=O)NC1=CC=C(C=C1)N=[N+]=[N-],,
4315987,CCOC1=CC=CC(=C1)CC(=O)O,,
4317073,CC1(C(=O)NC2=C(O1)C=CC=N2)C(=O)O,,
4317973,C1=CC(=CC=C1C=O)OC(=O)CCCCC(=O)OC2=CC=C(C=C2)C=O,,
4319124,C1=CC2=C(C=C1Cl)SC(=C2Cl)C(=O)NC3=NOC=C3,,
4320616,CN1C2=C(C(C(=O)N2)CC(=O)NC3=CC=CC=C3F)C(=O)N(C1=O)C,,
4320874,COC1=C(C=C(C=C1)CCNC(=O)C2=C(C=CC(=C2)S(=O)(=O)N3CCC4(CC3)OCCO4)F)OC,,
4321627,COC1=CC=C(C=C1)CC(=O)NCCC2=CC(=C(C=C2)OC)OC,,
4323589,C1=CC=C(C=C1)COC(=O)NC2=CN=CC=C2,,
4323685,CC(C)C1CC2=C(O1)C=CC3=C2OC4COC5=CC(=C(C=C5C4C3=O)OC)OC,,
4323939,CC(C)CNC(=O)NC1CCCCC1,,
4324242,CCN(CC)C1=CC=C(C=C1)CNC2=C(C3=C(S2)CN(CC3)C(=O)OCC)C(=O)NC4=C(C=CC(=C4)OC)OC,,
4324257,C1CNC(CC1CP(=O)(O)O)C(=O)O,,
4325210,CCCN1CCC2=C(C1)SC3=C2C(=O)N(C(=N3)SC)C4=CC=CC=C4,,
4327891,C1(=C(C(=C(C(=C1F)F)F)F)F)OC(=O)C(F)(F)F,,
4328171,CC1=C(C(=C(N1)C)C=O)C=O,,
4329551,CCOC(=O)C(C)OC1=CC=CC2=C1C=CN(C2=O)CC(=O)NC3=CC=C(C=C3)OC(F)(F)F,,
4329839,CSCCC(C(=O)NC(CC(=O)O)C(=O)NC(CC1=CC=CC=C1)C(=O)N)NC(=O)C(CC2=CNC3=CC=CC=C32)N,,
4329947,CCOC1=CC2=C(C=C1)OC(=C2C)C(=O)NC(CCSC)C3=NC4=CC=CC=C4N3,,
4330388,COC1=C(C=CC(=C1)C=O)OC(=O)C2=CC=CC=C2,,
4330531,CCC1(C2=C(COC1=O)C(=O)N3CC4=C(C3=C2)N=C5C=CC(=CC5=C4)O)O,,
4330618,CCC(C)C1C(CCC2(O1)CC3CC(O2)CC=C(C(C(C=CC=C4COC5C4(C(C=C(C5O)C)C(=O)O3)O)C)OC6CC(C(C(O6)C)OC7CC(C(C(O7)C)O)OC)OC)C)C,,
4331799,CC1=CC(=C2C=C(C=C(C2=N1)F)F)NC(=O)NC3=CC=C(C=C3)N(C)C,,
4331928,CC(=NNC1=C(C=C(C=C1)[N+](=O)[O-])S(=O)(=O)NC2=CC=CC=C2C(=O)O)C3=C(C=C(C=C3)OC)OC,,
4332683,CC(C)(C)C1=CC2=C(C(=C1)C(C)(C)C)OC(=O)C2(C(F)(F)F)O,,
4335030,C1=CC(=CC(=C1)Cl)NC(=O)NC2=C(C=C(C=C2)Cl)Cl,,
4335616,CC1CC(CC(C1)(C)C)NC(=O)C2(CC2(Cl)Cl)C,,
4335983,COC1=CC=CC=C1CNC(=O)CN2C3=C(C=C(C=C3)Cl)OC2=O,,
4336830,CC(=O)NNC(=O)N1CC2=CC=CC=C2OC3=C1C=C(C=C3)Cl,,
4338240,C1=CC=C2C(=C1)C(=O)C(=O)N2CNC3=CC=C(C=C3)Br,,
4342231,CCCCC1=NN(C(C1)(C(F)(F)F)O)C(=O)C2=CN=CC=C2,,
4342282,CCN1C=CC(=N1)C(=O)NC2=CC3=C(CCC3)C=C2,,
4342730,COC1=C(C=C2C(=C1)C3C(CO2)OC4=C(C3=O)C=CC5=C4CC(O5)C(=C)CO)OC,,
4342798,C(=O)(C(C(C(F)(F)F)(F)F)(F)F)[O-],,
4344644,CCCN1C(=O)C2=CC=CC=C2NC1=O,,
4345065,CC(C(=O)NC(CC1=CNC2=CC=CC=C21)C(=O)NC(CC3=CC=CC=C3)C(=O)NC(CCCCN)C(=O)N)NC(=O)C(CC4=CNC5=CC=CC=C54)NC(=O)C(CC6=CN=CN6)N,,
4345957,CC(C)CC(C(=O)NC(CC1=CNC2=CC=CC=C21)C(=O)NC(C)C(=O)NC(C(C)O)C(=O)NCC(=O)NC(CC3=CN=CN3)C(=O)NC(CC4=CC=CC=C4)C(=O)NC(CCSC)C(=O)N)NC(=O)C(CC(=O)N)NC(=O)CN,,
4347087,CCCCN(CCCC)C(=O)NC1=C(C=C(C=C1)Cl)C,,
4348117,C1=CC(=C(C=C1NC(=O)C(C(C(F)(F)F)(F)F)(F)F)Cl)Cl,,
4348598,CCN1CCN(CC1)C(=O)C23CC4CC(C2)CC(C4)C3,,
4350511,CC1=NC2=CC=CC=C2C(=O)N1NC(=O)C3=CC=CC=C3F,,
4350924,C1=CC=C2C(=C1)C(=O)C(=O)N2C(=O)CCl,,
4351752,CC1CN=C(S1)N(C(C)C2=CC=CC=C2)C(=O)NC3=CC=CC=C3,,
4353789,CC1C(C(C(C(O1)OC2C(C(COC2OC(=O)C34CCC(CC3C5=CCC6C7(CCC(C(C7CCC6(C5(CC4)C)C)(C)C)OC8C(C(C(C(O8)CO)O)O)OC9C(C(C(C(O9)CO)O)O)O)C)(C)C)O)O)O)O)OC1C(C(C(CO1)O)OC1C(C(C(CO1)O)O)O)O,,
4354181,C1=CC2=C(C=C1O)C(=O)C3=C2C=CC(=C3)O,,
4354185,CCCC1CCC(CC1)C2CCC(=O)CC2,,
4355450,CC(C)OC1=CC=CC(=C1)N2C(=NC3=CC=CC=C3C2=O)CCC4=CNC5=C4C=C(C=C5)Br,,
4355631,CN1C=CC2=C(CN3C(=NC(=N3)C4=CC=CC=C4)C2=C1)C(=O)OC,,
4355644,COC1=CC=C(C=C1)NC(=O)C2=CC3=CC=CC=C3N2,,
4356128,C1=CC(=CC=C1C(=O)[OH2+])C(=O)[O-],,
4357428,C1=CC(=CC=C1C(CC(=O)[O-])[NH3+])O,,
4358479,C1=CC(=C(C=C1Cl)Cl)C(C#N)C2=NNC(=O)C=C2,,
4359312,C1=CC=C(C=C1)C(=O)NC2=CC(=C(C=C2C(=O)O)C(=O)O)NC(=O)C3=CC=CC=C3,,
4363246,CCCCN(CCCC)C(=O)NC1=CC(=C(C=C1)C)Cl,,
4363933,CC1=CC(=C(N1CCOC)C)C(=O)CSC2=NC3=CC=CC=C3C(=O)N2C(C)COC,,
4365273,CCC(C)C1=CC=CC=C1NC(=O)COC(=O)C2=CC(=C(C=C2)C)NC(=O)C3=CC=CO3,,
4366126,CCCCCCCCCCCCC(C1CCC(O1)C(CCCCC(=O)CCCCCCCC2=CC(OC2=O)C)O)O,,
4367044,CN1C2=C(C(=O)N(C1=O)C)NC(=N2)C3=CC=CC=C3F,,
4367545,C1CN(CCN1CC2CN3C(=C4C=CC=CC4=NC3=O)N2)C5=CC=CC=C5,,
4368921,CCOC(=O)COC1=NC2=CC=CC=C2N=C1,,
4369021,C1C[C@H](N(C1)C(=O)[C@H](CO)N)C(=O)O,,
4369034,C/C=C\1/C(=O)N[C@H]([C@@H](C(=O)N[C@H](C(=O)N[C@H]([C@@H](C(=O)N[C@H](CCC(=O)N1C)C(=O)O)C)/C=C/C(=C/[C@H](C)[C@H](CC2=CC=CC=C2)OC)/C)C(C)C)C)C(=O)O,,
4369080,CNC(=O)[C@H](CC1=C(C(=C(C(=C1F)F)F)F)F)NC(=O)NC2=NNC(=S)S2,,
4369082,C1=CC=C(C=C1)COC(=O)N[C@H](CC(=O)NC2=NNC(=S)S2)C3=CC=CC=C3,,
4369084,CNC(=O)[C@H](CC1=CC=CC=C1)NC(=O)NC2=NNC(=S)S2,,
4369141,CC(C)[C@@H](C(=O)OC)NC(=O)CNC(=O)[C@H](CS)NCC1=CC=C(C=C1)C2=CC=CC=C2,,
4369162,C([C@@H]1[C@H]([C@@H]([C@H]([C@]2(O1)C(=O)NC(=S)N2)O)O)O)O,,
4369208,CC(C)[C@@H](C(=O)N[C@@H](CC1=CC=CC=C1)C(=O)N[C@@H](CCSC)C(=O)O)NC(=O)[C@H](CS)N,,
4369233,C/C=C/1\[C@H]2CC3=C([C@@]1(CC(=C2)C)N)C=CC(=O)N3,,
4369234,C1=C(C=C(C(=C1C(=O)NC/C=C/[C@@H]2[C@H]([C@H]([C@@H](O2)N3C=NC4=C(N=CN=C43)N)O)O)O)O)[N+](=O)[O-],,
4369270,C[C@]12CC[C@@H](C[C@H]1CC[C@@H]3[C@@H]2CC[C@]4([C@@]3(CC[C@@H]4C5=CC(=O)OC5)O)C)O,,
4369278,C1CNCCC2=CC=CC=C2CNC(=O)CN3C(=CN=C(C3=O)N[C@H](CNC1)CC4=CC=CC=C4)Cl,,
4369285,C1CN(CCN1CCC(=O)C2=CC(=C(C(=C2)O)O)[N+](=O)[O-])C3=CC=CC(=C3)C(F)(F)F,,
4369325,C1=CC(=C(C=C1F)OCC(=O)O)C(=S)NCC2=C(C=C(C=C2)Br)F,,
4369343,C[C@@H](C(=O)N[C@H](C(=O)N1CCC[C@H]1C(=O)N[C@@H]2CCCC3=CC=CC=C23)C(C)(C)C)NC,,
4369345,C1[C@H]([C@@H]([C@H](C=C1C(=O)O)N)O)O,,
4369359,C1CN2C(=NN=C2C(F)(F)F)CN1C(=O)C[C@@H](CC3=CC(=C(C=C3F)F)F)N,,
4369380,C1=CC=C(C=C1)C[C@H](CS)C(=O)NCC(=O)O,,
4369384,CC1=C(C=CC(=C1)S(=O)(=O)N[C@H](C2CCOCC2)C(=O)NO)F,,
4369389,CC(C)CN(C[C@H]([C@H](CC1=CC=CC=C1)N2C=C(N=N2)CNC(=O)C3=CC=C(C=C3)CNC(=O)OC(C)(C)C)O)S(=O)(=O)C4=CC=C(C=C4)OC,,
4369390,C1[C@@H]([C@H](O[C@H]1N2C=CC(=O)NC2=O)COC(C3=CC=CC=C3)(C4=CC=CC=C4)C5=CC=CC=C5)F,,
4369395,C1=CC=C2C(=C1)C(=CN2)C[C@@H](C(=O)O)NC(=O)[C@H](CCCCN)N,,
4369432,CN(CCO)C1=C2C(=C(OC2=NC=N1)C3=CC=CC=C3)C4=CC=CC=C4,,
4369443,CCOCN1C(=C(C(=O)O1)C2=CC=C(C=C2)F)C3=NC(=NC=C3)OC4=CC=CC=C4O,,
4369448,C(C[C@@H](C(=O)O)N)CC(=O)N[C@@H](CS)C(=O)NCC(=O)O,,
4369451,COC1=C(C=C(C=C1)C2=CC=CC=C2)N3CC(=O)NS3(=O)=O,,
4369452,C1C(=O)NS(=O)(=O)N1C2=CC=CC=C2,,
4369476,C1=CC=C(C=C1)COC2=CC=CC(=C2)CC3C(=O)NC(=O)N(C3=O)COCCO,,
4369485,C1[C@H](CN2[C@@H]1[C@H]3[C@@H]([C@@H]2C4=CC=C(C=C4)C(=N)N)C(=O)N(C3=O)CC5=CC6=C(C=C5)OCO6)O,,
4369486,COC1=C(C=C(C=C1)[C@H](C(=O)NCC2=CC=CC=C2)NC3=CC=C(C=C3)C(=N)N)OC,,
4369491,C1=CC=C(C=C1)C2=CC3=C(C4=C(N3)C=CC(=C4)O)C5=C2C(=O)NC5=O,,
4369495,CC1=C(C(=CC=C1)C)OCC(=O)N[C@@H](CC2=CC(=CC=C2)Br)[C@@H](C[C@H](CC(C)C)S(=O)(=O)C3=CC=C(C=C3)F)O,,
4369496,CN1CCN(CC1)CC2=CC=C(C=C2)C(=O)NC3=CC=CC(=C3)NC4=NC=CC(=N4)C5=CN=CC=C5,,
4369497,CCS(=O)(=O)C1=CC(=C(C=C1)OC)NC2=NC=C(O2)C3=CC=CC(=C3)C4=CC=CC=N4,,
4369498,COC1=C(C=C(C=C1)S(=O)(=O)NCC2CC2)NC3=NC=C(O3)C4=CC=CC(=C4)C5=CN=CC=C5,,
4369509,C1=CC=C(C=C1)SCCNC2=C(C=C(C=C2)S(=O)(=O)NC(=O)C3=CC=C(C=C3)C4=CC=C(C=C4)F)[N+](=O)[O-],,
4369513,C1C2CC3CC1CC(C2)(C3)C(=O)N/C(=C\C4=CC=C(C=C4)OC5=CC=CC=C5Br)/C(=O)O,,
4369534,C1CCC(CC1)C2=C(N(C3=C2C=CC(=C3)C(=O)O)CC(=O)N4CCOCC4)C5=CC=CC=C5,,
4369536,CCNC(=O)C1=C(C(=NN1)C2=CC(=C(C=C2O)O)Cl)C3=CC=C(C=C3)OC,,
4369550,C1=CC2=C(C=CC=C2O)C(=C1)C3=NC4=C(O3)C=C(C=C4)O,,
4369556,C1[C@H]([C@H]([C@H](O[C@]1(C(=O)O)O)[C@@H](COP(=O)(O)O)O)O)O,,
4369563,C1=CC(=C(C=C1F)F)C2=CC(=C(C(=C2)I)O)C(=O)O,,
4369573,CCCCCCCCCCCCCC[C@H]([C@H]([C@H](CO[C@@H]1[C@@H]([C@H]([C@H]([C@H](O1)CO)O)O)O)NC(=O)CCCCCCC)O)O,,
4369584,CCCCCCCCCCCCCCC(=O)OC[C@H](COP(=O)(O)OCCN)OC(=O)CCCCCCCCCCCCC,,
4369593,CC1(OCC(CO1)OC(=O)NCCNC(=O)OC2COC(OC2)(C)C(=O)O)C(=O)O,,
4369594,CC1(OCC(CO1)OC(=O)N2CCN(CC2)C(=O)OC3COC(OC3)(C)C(=O)O)C(=O)O,,
4369935,CCOC1=CC=C(C=C1)C(=O)C(=O)C2=CC=C(C=C2)OCC,,
4370685,CC1=CC=CN2C1=NC3=C(C2=O)C=C(C(=N)N3CCC4=CC=CC=C4)C(=O)NCC=C,,
4373344,C1CC(=CC(=O)C1)N2CCOCC2,,
4374687,C1CC1CNC(=O)C2=CC(=CC(=C2)[N+](=O)[O-])[N+](=O)[O-],,
4375060,CCCCCCCCCC1=CC=C(C=C1)C(=O)NC2=CC3=CC=CC=C3N=C2,,
4377504,COC1=C(C=C2C(=C1)CC(=O)NN=C2C3=CC=C(C=C3)N)OC,,
4377950,C#CCCCCC(=O)O,,
4378076,COC1=CC=C(C=C1)S(=O)(=O)NC2=C(C=CC(=C2)C(=O)OC)N3CCCCCC3,,
4380991,C1C(SC2=CC=CC=C2NC1=O)C3=CC=CS3,,
4381769,CCOC(=O)C1=CC=C(C=C1)N2C(=O)C=CS2,,
4382156,C1=CC=C(C(=C1)NC(=O)CCCN2C(=O)C3=C(C2=O)N=CC=C3)F,,
4383090,CC(C)CCCCCCCCCCCCCCCCC(=O)O,,
4383856,C(=O)(C(C(C(C(C(C(C(=O)N)(F)F)(F)F)(F)F)(F)F)(F)F)(F)F)N,,
4384008,C[N+]1(C2CCC1CC(C2)OC(=O)C3=CC(=C(C=C3)OC)OC)[O-],,
4384081,C1C(=O)N(C(S1)C2=CC(=CC=C2)Br)C3=C(C=CC(=C3)Cl)O,,
4384110,CS(=O)(=O)N(CC(=O)NC1=CC=CC=C1)C2=CC=CC=C2Cl,,
4384482,CCCCCCCCOC(=O)CC#N,,
4384851,CC1=C(C=C(C=C1)C(=O)C(=O)C2=CC=CC=C2)[N+](=O)[O-],,
4384888,COC1=C(C=CC(=C1)CNC2=CC3=C(C=C2)NC(=O)N3)OCC4=CC=CC=C4Cl,,
4385305,C(C(=O)O)SC1=C(C(=O)C(=C(C1=O)SCC(=O)O)SCC(=O)O)SCC(=O)O,,
4386570,CCCCN1C2=C(C=C(C=C2)S(=O)(=O)N(C)C)N=C1CCC(=O)O,,
4387649,COC1=C(C=C(C=C1)NC(=O)COC(=O)CCC2=CC=C(C=C2)S(=O)(=O)N3CCOCC3)Cl,,
4388725,C1CN(CC1C2=CC=CC=C2)C(=O)CC3=CC=CC=C3,,
4389805,C1=C(SC(=C1)C2=CC=C(S2)C3=CC=C(S3)C=O)C=O,,
4389874,CC(=O)C1=CC=C(C=C1)NC(=S)NCCCN2C=CN=C2,,
4395990,CCCCCCCCCCCCCCCCOC(=O)C1=CC(=C(C=C1)Cl)N,,
4396058,CCOC(=O)C(C)OC1=CC=CC2=C1C=CN(C2=O)CC(=O)NCCC3=CC=CC=C3,,
4396341,CCCCCCC1CC(=O)NC(=S)N1,,
4397804,C1CC2=C(C3=CC=CC=C31)NC(=O)NC2C4=CC5=C(C=C4)OCO5,,
4398339,CCCCCC(=O)[O-],,
4398380,CCC1CCC2=C(C1)SC(=C2C(=O)N)NC(=O)C3=CC=CC=C3[N+](=O)[O-],,
4401768,C1=CC=C(C=C1)C(C(C(=O)O)N)C(F)F,,
4402171,C1(=C(C(=O)C(=C(C1=O)O)[N+](=O)[O-])O)[N+](=O)[O-],,
4402710,C1=CC=C(C=C1)C(=O)NCC(=O)[O-],,
4402959,CCN1C(=NC2=C1C(=O)NC(=O)N2CC3=CC=CC=C3)CO,,
4403716,C1CN(CCN1CCC(=O)C2=CC3=C(C=C2)OCO3)C4=CC=C(C=C4)[N+](=O)[O-],,
4404942,CN(C)NC(=O)NCCCCCCNC(=O)NN(C)C,,
4405380,C1COC2=C(O1)C=CC(=C2)NC(=O)CSC3=CN(C4=CC=CC=C43)CCNC(=O)C5=CC(=CC=C5)C(F)(F)F,,
4407096,C(CCN)CC(C(=O)NC(CCCCN)C(=O)NC(CCCCN)C(=O)O)N,,
4407879,C1CCCC(CC1)NC(=O)C2=CC=CNC2=S,,
4408062,C1CCCCNC(=O)CCC1,,
4408229,CC(C)NC(=O)NC1=NC2=CC=CC=C2S1,,
4408257,C1=CC=C2C(=C1)C=CN2CC(=O)N,,
4409936,C1=CC=C(C=C1)CC(=O)[O-],,
4412068,COC1=C(C=C2C(=CC(=O)OC2=C1OC)C3=CC=CC=C3)O,,
4413077,CCC(COCCCOC(=O)C=C)(COCCCOC(=O)C=C)COCCCOC(=O)C=C,,
4413704,COC1=CC(=CC(=C1OC)OC)C(=O)NC(C2=CC=CC=C2Cl)C3=CC(=C4C=CC=NC4=C3O)Cl,,
4414300,CCC(C)C(C(=O)NC(CC(=O)N)C(=O)O)N,,
4414330,CC1CC(=O)NN1C2=CC=CC=C2,,
4414641,CC(C)C(C(=O)NC1=CC=C(C=C1)OC)Br,,
4415058,C1=CC=C(C=C1)CN(CC2=CC=CC=C2)C(=O)NC3=CC(=CC=C3)[N+](=O)[O-],,
4415445,CC1CN(CC(O1)C)C(=O)C2(CC2(Cl)Cl)C,,
4416107,CCOC(=O)C1=C(C=CC(=C1)Br)O,,
4416918,C1CCC(CC1)NC(=O)N2CCN(CC2)C3=CC=C(C=C3)Cl,,
4417023,CCC(C)NC(=O)NC1CCCCC1,,
4417116,C1=CC=C(C=C1)CSC2=C(C=CC(=C2)[N+](=O)[O-])C(=O)N,,
4418048,C(CC(=O)[O-])CC(=O)[O-],,
4419408,CCC1=CC=C(C=C1)NC(=O)CN2C=CC3=C(C2=O)C=CC=C3OC(C)C(=O)OCC,,
4419780,CC1=CC2=C(N1C)C=CC(=C2)CNC(=O)CCC(=O)O,,
4419940,C1=CC(=CC=C1C(=O)[O-])[N+](=O)[O-],,
4420067,CCCCCCCCCCCSCC(=O)O,,
4420316,CC(C)(C)OC(=O)NC1CCCC(C1)C(=O)O,,
4421615,C1=CC2=C(C(=C1)[N+](=O)[O-])C(=O)C3=C(C=CC(=C3C2=O)N)N,,
4422109,C1=CC=C(C=C1)C(C(=O)O)NC(=O)C2=CC=CC=C2,,
4423590,CCC1(NC2=CC=CC=C2C(=O)N1C3=CC=C(C=C3)OCC)C,,
4425285,C1=CC=C(C=C1)CC(C2=CC=CC=C2)NC(=O)CCl,,
4425951,CC(=O)C1=CC=C(C=C1)N=NC2=CC=C(C=C2)N,,
4426320,C=C1CCC2C(C3C1CCC3=C)OC(=O)C2=C,,
4426513,C1=CC=C(C(=C1)NC(=O)NCC2=CN=CC=C2)Cl,,
4426693,C1CCC(CC1)(CC(=O)O)N,,
4426716,C1=C(SC(=C1)Cl)CC(=O)O,,
4427557,CC1=CC(=C(C=C1)O)NC(=O)CSC2=NNC(=C2[N+](=O)[O-])C,,
4427709,C1=CC=C(C=C1)CC(C(=O)O)NC(=O)C(CC2=CNC3=CC=CC=C32)N,,
4428040,CC(C)(C)OC(=O)NC(=NC(=O)OC(C)(C)C)N1C=CC=N1,,
4429391,C=CC(=O)[O-].[K+],,
4429965,CCCNC(=O)CC#N,,
4430637,C1=CC(=CC(=C1)Cl)C2=NNC(=C2)C(=O)O,,
4430867,CC1=CC2=C(C=C1)OC(C(=O)N2)CC(=O)OC,,
4431026,C1CCN(C(C1)C(=O)O)C(=O)OCC2=CC=CC=C2,,
4431057,COC1=C(C=C(C=C1)C2=NC3=CC(=NN3C(=C2)C(F)(F)F)C(=O)N4CCN5CCCC5C4)OC,,
4432220,CC(C)C(C(=O)NCC(=O)OC)NC(=O)OCC1=CC=CC=C1,,
4432275,C1=CC=C(C=C1)NC(=O)NC2=CC=CC3=C2C=CC=C3O,,
4432412,C=COCCCCOC(=O)C1=CC(=C(C=C1)C(=O)OCCCCOC=C)C(=O)OCCCCOC=C,,
4433908,CCCCCCCOC1=CC=C(C=C1)C2=CC=C(C=C2)C(=O)O,,
4434869,CC1=C(C2=C(N1C(=O)C3=CC=C(C=C3)Cl)C=CC(=C2)OC)CC(=O)NC4=CN=CC=C4,,
4435105,C1=CC(=CC(=C1)[N+](=O)[O-])C(=O)NO,,
4435675,COC1=C(C=C2C(=C1)C3=C(CO2)OC4=C(C3=O)C=CC5=C4CC(O5)C(=C)CO)OC,,
4436040,CC1=NNN=C1C(=O)O,,
4436165,CC1=CC=CC=C1C(=O)NC2=NC(=NC=C2)C3=CC=NC=C3,,
4436967,C(CN(CC(=O)O)CC(=O)[O-])N(CCN(CC(=O)O)CC(=O)[O-])CC(=O)[O-],,
4437430,CCCCCCCCCCCCNC(=O)NC1CCCCC1,,
4438911,CCN1CCN(CC1)C(=O)CC2=CC=C(C=C2)C,,
4439884,C=CCC(C1=CC=CC=C1F)N(CCN2CCOCC2)C(=O)NC3=CC(=CC=C3)Cl,,
4440588,CN1CCC2=C(C1=O)C=CC=C2OCC(=O)N3C(CC(=N3)C4=CC=CS4)C5=CC=C(C=C5)F,,
4442871,C1=CC=C(C=C1)C(CC(=O)O)CN2C=NN=N2,,
4443516,C=CC(=O)OCC(COC1=CC=CC=C1)O,,
4443990,C1CCC(CC1)C(=O)NC2=NN=C(O2)C3=CC4=C(C=C3)OCCO4,,
4444925,COC(=O)C=C(C1=CC=CC=C1)C2=CC=CC=C2,,
4445081,CCC(C)N1C(=O)N(C=N1)C2=CC=C(C=C2)N3CCN(CC3)C4=CC=C(C=C4)O,,
4447651,CC(=O)OCCSC,,
4448318,C1=CC=C(C(=C1)C(=O)NC2=CC3=C(C=C2)NN=C3)Cl,,
4448381,CSCCC(C(=O)NC(CO)C(=O)O)N,,
4449807,CC1CCCC(C1C)NC(=O)CSC2=CC=C(C=C2)F,,
4450213,CC1=C(N=CC=C1)NC(=O)C(C2=CC=CC=C2)C3=CC=CC=C3,,
4450244,CCN1C(=C(C=N1)Br)C(=O)NC2=CC=CC=C2OC,,
4451502,C(=O)C(C=O)O,,
4452166,CC1=CC=C(C=C1)C(=O)NN2CCOCC2,,
4454833,C1=CC(=CN=C1)CNC(=O)NC2=CC=C(C=C2)Br,,
4456136,CC(C)(C)OC(=O)NCCCCCO,,
4457968,CCCCCCCCCC(=O)[O-].[Na+],,
4460128,CC1=CC=C(C=C1)S(=O)(=O)C(C2=CC=CC=C2)C3=C(ON=C3C)C,,
4460698,CC(=O)OC1C(CC2C1(CCC3C2CCC4C3(CC(C(C4)O)N5CCOCC5)C)C)[N+]6(CCCC6)CC=C,,
4460732,CCCCOC(=O)C1CCC(=O)N1,,
4460995,CC12CCC3C(C1CCC2=O)CC(=C)C4=CC(=O)C=CC34C,,
4461168,CCCCC1=CC=C(C=C1)NC(=O)CN2C=CC3=C(C2=O)C=CC=C3OC(C)C(=O)OCC,,
4461489,CC(C)C1C2=CC=CC=C2NC1=O,,
4462928,CC(C)CC1=CC=C(C=C1)C(C)C(=O)NC2=NC=CC=N2,,
4463130,CCCCCCCCOC(=O)C1=NC(=C(C(=C1Cl)N)Cl)Cl,,
4463282,CC(=O)[S-].[K+],,
4463283,CC1C(C(C(C(O1)OC2C(C(C(OC2OC3=CC(=C4C(=O)CC(OC4=C3)C5=CC=C(C=C5)OC)O)CO)O)O)O)O)O,,
4464271,CC(C)CC1=CC=C(C=C1)C(C)C(=O)OC2=CC=CC=C2OC,,
4465027,COC1=C(C=C(C=C1)C=C2C3=CC=CC=C3C(=O)C4=CC=CC=C42)OC,,
4465413,C1CCC(CC1)NC(=O)NC2C3CC4CC(C3)CC2C4,,
4465807,CC(C)(C(CC1=C(C=C(C2=C1OC(=O)C=C2)OC)OC)O)O,,
4466134,CC(C)CC(C(=O)O)NC(=O)C(CC1=CC=C(C=C1)O)N,,
4469124,CC1(CCC(C2=C1C=CC(=C2)C(C3=CC4=C(C=C3)C=C(C=C4)C(=O)O)O)(C)C)C,,
4469805,CC1=C(C2=C(N1C)C(=O)C=C(C2=O)OC)COC3=CC=CC=C3,,
4470566,C1COCCN1CCCN2C(=O)C3=CC4=C(N3C2=S)C=C(S4)C5=CC(=CC=C5)[N+](=O)[O-],,
4470577,C1CN(CC2=C1C3=CC=CC=C3N2CC4=CC=C(C=C4)O)C(=O)C5=CC=C(C=C5)O,,
4470790,CC1=C(C2=C(N1C)C(=O)C=C(C2=O)OC)COC3=CC=C(C=C3)[N+](=O)[O-],,
4470793,CCCCCNC(=O)C(CC1=CC=C(C2=CC=CC=C12)N(C3=CC=CC=C3C(=O)O)C(=O)C(=O)O)NC(=O)C,,
4471188,C1C2=C(C(=CC=C2)O)C(=O)C3=C1C=CC(=C3O)CC(=O)O,,
4472504,CC1=C(C(=NO1)C(=O)O)CC(C(=O)O)N,,
4472903,C1(C(C(OC(C1O)OC2C(C(C(OC2C(=O)O)OC3C(C(C(OC3C(=O)O)O)O)O)O)O)C(=O)O)O)O,,
4473082,C(C(CN=C(N)N)O)C(C(=O)O)N,,
4474062,CN1C=C(C(=O)C2=C1C=C(C=C2)F)S(=O)C,,
4475102,C1=CC(=CC=C1C2=CC(=O)C3=C(O2)C=C(C(=C3O)C4C(C(C(C(O4)CO)O)O)O)O)O,,
4477130,C1C2=C(CS1(=O)=O)C=C(C=C2)N=CC3=C(NC4=C3C=C(C=C4)C5=CN=CO5)O,,
4479242,C1CC1(NC(=O)CCC(C(=O)O)N)O,,
4479246,C1=CNC(=O)N(C1=O)CC(C(=O)O)N,,
4480305,COC1=CC2=C(C=C1)N(C(=O)C(O2)OC3C(C(C(C(O3)CO)O)O)O)O,,
4480653,CC12C=CC3=C(C1CCC45C2CCC(C4)C(C5)(CO)O)C=CO3,,
4481258,COC1=C(C=CC(=C1)C2C(OC3=C(O2)C=CC(=C3)C4CC(=O)C5=C(C=C(C=C5O4)O)O)CO)O,,
4481259,C1=CC(=C(C=C1C2=[O+]C3=CC(=CC(=C3C=C2OC4C(C(C(C(O4)CO)O)O)O)O)O)O)O,,
4481462,CC(=CCCC(C1CCC2(C1(CCC3=C2CCC4C3(CCC(C4(C)C)O)C)C)C)C(=O)O)C,,
4481797,COC1=C(C=CC(=C1)C2C(C3=C(O2)C(=CC(=C3)C4C(C(=O)C5=C(C=C(C=C5O4)O)O)O)O)CO)O,,
4483254,CC12CCC(CC1C3=CCC4C5(CCC(C(C5CCC4(C3(CC2)C)C)(C)CO)OC6C(C(C(C(O6)C(=O)O)O)O)OC7C(C(C(C(O7)CO)O)O)O)C)(C)C(=O)O,,
4484070,CC1=CC2=C(C(=C1OC3C(C(C(C(O3)CO)O)O)O)OC)C(=O)C4=C(C2=O)C=CC=C4O,,
4484071,CC1=CC2=C(C(=C1)O)C(=O)C3=C(C2=O)C=C(C=C3OC4C(C(C(C(O4)CO)O)O)O)OC,,
4484222,CC(=O)OC1=C(C=C(C=C1)C(C=C)OC(=O)C)OC,,
4485133,CC(=O)OC12COC(C1COC2C3=CC(=C(C=C3)O)OC)C4=CC(=C(C=C4)O)OC,,
4485134,COC1COC(C(C1OC)O)OC2=C3COC(=O)C3=C(C4=CC(=C(C=C42)OC)OC)C5=CC6=C(C=C5)OCO6,,
4486613,C1C(C(C(CC1(C(=O)O)O)OC(=O)C2=CC(=C(C(=C2)O)O)O)O)O,,
4487555,CCC1CCCC(C(C(=O)C2=CC3C4CC(CC4C=CC3C2CC(=O)O1)OC5C(C(C(C(O5)C)OC)OC)OC)C)OC6CCC(C(O6)C)NC,,
4487707,C1=CC=C(C(=C1)NC(=O)NC2=C(C=C(C=C2)Cl)Cl)Cl,,
4488713,CC(=C)C(CCC(=O)C)CC(=O)O,,
4490284,CC1CCC2C1C(OC=C2C(=O)O)OC3C(C(C(C(O3)CO)O)O)O,,
4491164,CC(C12CCCN3C1C4(CC3)C5=CC=CC=C5NC4=C(C2)C(=O)OC)O,,
4491166,CCC12CCN(C(C1C)C(=O)C3=C2C=C(C=C3)O)CC4CC4,,
4493235,CC1=C(C=C(C=C1)OCC(=O)NC2=NOC(=C2)C(C)(C)C)C,,
4494116,C1=CC(=CC=C1NC(=O)COCC(=O)O)N2C=NN=N2,,
4498254,CCN(CC)C(=O)C1=CC=C(C=C1)Br,,
4500012,C1=CC2=C(C(=C1)Br)C(=O)C(=O)N2,,
4508010,C1CN(CC2=CC=CC=C21)C(=O)NC3=CC=C(C=C3)Br,,
4513067,CC1=C(C=CC2=C1NC(=O)C2=O)Cl,,
4517893,CC(C)CCC(CC(C)O)C(=O)NNC(=S)NC1=CC=CC=C1,,
4518228,CNC(=O)C1=CC=C(C=C1)SC,,
4519035,COC1=CC=C(C=C1)N2C(SCC2=O)C3=CC=C(C=C3)F,,
4519262,CC(C)C1=CC2=C(C=C1)N(C(=C2SC(C)(C)C)CC(C)(C)C(=O)[O-])CC3=CC=C(C=C3)Cl.[Na+],,
4519512,C1=CC=C2C(=C1)C(=O)N(N=N2)CC(=O)O,,
4519822,CCOC(=O)C1=C(NC(=C(C1C#CC2=CC=CC=C2)C(=O)OCC3=CC=C(C=C3)[N+](=O)[O-])C4=CC=CC=C4)C,,
4521392,C1OC2=C(O1)C=C(C=C2)C3=C(NC(=N3)C4=CC=C(C=C4)C(=O)N)C5=CC=CC=N5,,
4521898,C1COC2=C(C1=O)C=CC(=C2)OCC3=CC=CC=C3,,
4523180,CC(C)(C(=O)Cl)C(=O)Cl,,
4523333,C1=CC=C(C=C1)OCC(=O)[O-],,
4523465,CC(C)C1CC(C(=O)O1)C(=O)NC2=CC=CC=C2OC,,
4523558,CCC1=CC=C(C=C1)NC2=NC(=C(S2)CC)C3=CC4=C(C(=CC=C4)OC)OC3=O,,
4524659,C1C(=O)N(C2=CC=CC=C2O1)CCC#N,,
4525487,C(CC(=O)[O-])C(C(=O)[O-])[NH3+],,
4527956,CC1=NC(=NN1C2=C(C=CC(=C2)Cl)Cl)C(=O)O,,
4529125,C1=CC(=CC=C1NC2=NC(=C(S2)C(=O)C3=C(C=C(C=C3)Cl)Cl)N)Cl,,
4529149,CC1CCC2(C(C3C(O2)CC4C3(CCC5C4CCC6C5(CCC(=O)C6)C)C)C)NC1,,
4529187,CC(C)(C)C1CCC2=C(C1)SC3=C2C(=O)N(C(=S)N3)C,,
4530104,C1=CC(=C(C=C1C(=O)NN)N)N,,
4530884,C1CC2=C(C1)C=C(C=C2)NC(=O)NC3=CC=CC=C3,,
4531915,C1=CC=C(C=C1)CSC2=C(C=CC=N2)C=O,,
4532427,C1=CC(=CC(=C1)NC(=O)NC2=CC(=C(C=C2)Cl)C(F)(F)F)C(F)(F)F,,
4532985,C1CCN(C1)CC(=O)NC2=CC=C(C=C2)CC3=CC=C(C=C3)NC(=O)CN4CCCC4,,
4533272,CN(C)S(=O)(=O)C1=CC=C(C=C1)C(=O)N2CCN=C2SC,,
4533882,CC1=CC(=C2C3C=CCC3C(N4C2=C1C5C=CCC5C4)C(=O)O)C,,
4534085,CN1C2=CC=CC=C2C3=NC(CN3C1=O)CN4CCN(CC4)C5=CC=CC=C5OC,,
4534458,CN(C)CCCNC1=CC(=O)CC(C1)C2=CC=CC=C2,,
4535089,COC1=CC=CC(=C1)NC(=O)CSC2=NC3=CC=CC=C3C4=NC(C(=O)N42)CC(=O)NCC5=CC=CC=C5OC,,
4536713,COC1=CC=C(C=C1)CNC(=O)COC(=O)C2CC3CC2C=C3,,
4541001,COC(=O)C1=CC=CC=C1C2=C3C=CC(=[NH2+])C=C3OC4=C2C=CC(=C4)N,,
4545429,CN(C(CN1CCCC1)C2=CC=CC=C2)C(=O)CC3=CC(=C(C=C3)Cl)Cl,,
4545574,C1=CC(=CC=C1C(C(=O)O)N)P(=O)(O)O,,
4547230,CC1=C(C=C(C=C1)NS(=O)(=O)C2=CC3=C(C=C2)NC(=O)CC3)C,,
4547491,COC1=CC=CC2=C1CCC2=O,,
4552362,C1=CC=C(C=C1)CN(CC2=CC=CC=C2)S(=O)(=O)C3=CC=C(C=C3)C(=O)O,,
4552577,CN1CCN(CC1)C2=CC=C(C=C2)NC(=O)OC3=CC=CC=C3,,
4552810,CC1CCC2C(CC2(C)C)C(=C)CCC1=O,,
4553009,C1=CC=C(C=C1)C(=O)NC2=NC(=O)NS2,,
4553298,CCOP(=O)(C(CC1=CC=CC=C1)NC(=O)C)OCC,,
4554732,CC1CCN(CC1)C2=NC3=C(N2CC(C)CSC4=NN=NN4C5=CC=CC=C5)C(=O)NC(=O)N3C,,
4554836,COC1=CC=C(C=C1)C2=NC(=CS2)C=O,,
4555259,CC=C(C)C(=O)OC1C(C2(C(CC1(C)C)C3=CCC4C5(CCC(C(C5CCC4(C3(CC2O)C)C)(C)CO)OC6C(C(C(C(O6)C(=O)O)OC7C(C(C(C(O7)CO)O)O)O)O)OC8C(C(C(C(O8)CO)O)O)O)C)CO)OC(=O)C,,
4555562,CC1(C2=C(CCN1C(=O)CCl)C3=CC=CC=C3N2)C(=O)OC,,
4555739,CC1=NC(=NC=C1C(=O)C)SC,,
4555947,CC1C(C(C(C(O1)OC2C(C(COC2OC(=O)C34CCC(CC3C5=CCC6C7(CCC(C(C7CCC6(C5(CC4)C)C)(C)C)OC8C(C(C(C(O8)CO)O)O)OC9C(C(C(C(O9)CO)O)O)O)C)(C)C)O)O)O)OC1C(C(C(CO1)O)O)O)OC1C(C(C(CO1)O)OC1C(C(C(CO1)O)O)O)O,,
4556427,C1=CC=C2C(=C1)NC3=C(C=CC=C3O2)C(=O)O,,
4557394,C1CCC(CC1)CNC(=O)NC2=CC=CC=C2,,
4557640,CCOC(=O)NC(=O)C1=C(SC=C1)NC(=O)C2=NC3=CC=CC=C3S2,,
4560140,CC1C(SC(=O)N1C(=O)NC2CCCCC2)C3=CC=C(C=C3)Cl,,
4560409,CC1=C(C=CC(=C1)OCC2=NC3=CC=CC=C3S2)NC(=O)NC4=CC(=C(C=C4)Cl)Cl,,
4562392,CN1CCN(CC1)C(=S)NC(CC(=O)C2=CC=CC=C2)C3=CC=CC=C3,,
4562506,C1CCN(CC1)CC(=O)NNC(=O)C2=CC=C(C=C2)[N+](=O)[O-],,
4563418,CC(C)(C)C(=O)N(CC1=CC=C(C=C1)Cl)C2=NC=CN=C2,,
4563900,C1=CC=C(C=C1)COCCOC(=O)Cl,,
4564493,CC1=C(C(=O)CO1)O,,
4564862,C1=CC(=CC=C1C2=NNC(=O)C=C2)F,,
4565183,CC1=C2C(=C(C(=C1Cl)O)Cl)OC3=C(C(=C(C=C3OC2=O)OC)C(=O)OC)C,,
4566093,C1CC2=C(C(NC(=O)N2)C3=CC=CC=C3)C(=O)C1,,
4569720,C1=CC=C(C=C1)NC(=O)OCC2=CC=C(C=C2)[N+](=O)[O-],,
4570782,CC(=O)C1=CC=C(C=C1)NC=O,,
4571789,CC1=CC(=CC=C1)C2=NSC(=N2)SCC(=O)C3=CC=C(C=C3)Cl,,
4572067,C1=CC=C2C(=C1)C=C(C(=O)O2)C(=O)NCC3=CC=C(C=C3)S(=O)(=O)N,,
4572191,CC1CCCCN1C(=O)CCN2C3=CC=CC=C3OC2=S,,
4572525,CC1=NC2=C(C=NN2C(=C1)C(F)(F)F)C(=O)O,,
4573847,CCOC(=O)C(C)OC1=CC=CC2=C1C=CN(C2=O)CC(=O)NC3=CC=C(C=C3)[N+](=O)[O-],,
4574094,CCCCCC=C1CCCC1=O,,
4574925,CC(=CCC1=C2C(=C(C3=C1OC(C=C3)(C)C)OC(=O)C)C(=O)C(=C(O2)C4=CC=CC=C4)OC(=O)C)C,,
4575187,C1CCC2=NC3=C(C=C2C1)C(=C(S3)C(=O)NC4=CC=CC=C4)N,,
4575239,CC(CCCCCCCC(=O)O)O,,
4575557,C1COC2=CC=CC=C2C13C(=O)NC(=O)N3,,
4576216,C1=CC(=C(C=C1NC(=O)NC2=C(C=C(C=C2)Cl)Cl)Cl)Cl,,
4578038,COC1=CC=C(C=C1)CC(=O)NCC2=CC=C(C=C2)S(=O)(=O)N,,
4583704,C1=CC(=CC=C1C(=O)O)N2C(=O)C3=NC=CN=C3C2=O,,
4584184,CSCCC(=O)C(=O)[O-],,
4585437,C1C(=O)N(CS1)C2=CC(=C(C=C2)Cl)Cl,,
4585644,CC1=C(C(=NN1C)C(=O)O)Cl,,
4586649,CC1=C(C(=C(C=C1)C(CC(=O)N2CCCCC2)C3=CC=CC=C3)O)C,,
4587968,CC1(C=CC2=C(O1)C=CC(=C2OC)C3=COC4=C(C3=O)C=C5CC(C(OC5=C4)(C)C)O)C,,
4589033,CCCCCCCCCCCCCC(=O)OCC(COC(=O)CCCCCCCCCCC)OC(=O)CCCCCCCCCCC,,
4589998,COC1=CC2=C(C=C1)C(=O)C3=C(C2=O)C=CC(=C3)OC,,
4591666,C1CCC(CC1)N2C(=O)C(NC2=O)(C(F)(F)F)NC(=O)C3=CC=CO3,,
4592697,C1=CC=C(C=C1)CC(=O)C(=O)[O-],,
4592745,CC(C)(C)C(=O)CS(=O)(=O)C1=CC=CC=C1,,
4593087,CCCCCC(=O)CC(=O)OCC,,
4593731,CC1(C2CCC1(C(C2)OC(=O)C3=CC=C(C=C3)O)C)C,,
4594276,CCCC1=NN(C(C1)(C(F)(F)F)O)C(=O)CC2=CC(=C(C=C2)OC)OC,,
4594279,C(#CBr)C(=O)O,,
4594917,C1CC2C(C(C1O2)C(=O)NC3=CC=C(C=C3)C(=O)O)C(=O)O,,
4595252,CC(C(=O)NC1=CC=CC=C1)N2CCN(CC2)C3=CC=CC=N3,,
4596190,C1=CC=C(C(=C1)C(=O)O)OC2C(C(C(C(O2)CO)O)O)O,,
4596756,CC1=CC(=NO1)NS(=O)(=O)C2=CC(=C(C=C2Cl)Cl)Cl,,
4596836,CCCCNNC(=O)C1=CC=C(C=C1)Br,,
4597423,C1=CC=C(C(=C1)NS(=O)(=O)C2=CC=CC(=C2)NC(=O)C3=CC=CO3)F,,
4597675,CCOC(=O)C(C)OC1=CC=CC2=C1C=CN(C2=O)CC(=O)NC3=CC=C(C=C3)C,,
4597757,CCCCN(CC1=CC=C(O1)C)CC2=CC=C(O2)C,,
4598002,CC1=CC(=O)OC2=C1C=CC(=C2)NC(=O)C3=C(C=CC(=C3)F)F,,
4598704,CC1=C(C=C(C=C1)C2=NNC(=C2)C(=O)O)C,,
4598916,C1CC(=O)CCC1C2=CC=C(C=C2)O,,
4601418,COC1=CC(=C(C=C1)NC(=O)CCCCC(=O)NC2=C(C=C(C=C2)OC)OC)OC,,
4601988,CC1(C(=O)NC(=O)N1CC2=CC=CC=C2)C,,
4604028,C1=CC=C(C=C1)CNC(=S)NCC2=CC=CO2,,
4604107,CCOC(=O)C1=C(NC(=C1C)C(=O)OCC2=CC=CC=C2)C,,
4604410,CC1=C(C=CC=C1Cl)NC(=O)CCCN2C(=O)C3=C(C2=O)N=CC=C3,,
4605311,C1=CC=C(C=C1)NC(=O)OC2=C(C=C(C3=C2N=CC=C3)Cl)Cl,,
4610559,C1=CC(=C(C(=C1)Cl)NC(=O)NC2=CN=CC=C2)Cl,,
4610946,COC(=O)C1=C(C=CS1)NC(=S)N2CCC(CC2)C(=O)N,,
4610977,CN(C1CCCCC1)C(=S)NC2=C(SC=C2)C(=O)OC,,
4612352,CC1=CC(=C(C=C1)NC(=O)NCC2=CC=CC=C2)C,,
4614896,CN1C2=C(C=C(C=C2)S(=O)(=O)N3CCOCC3)C(=O)C1=O,,
4615193,CC(C)(C)C1=C(C(=NO1)OCP(=O)(O)O)CC(C(=O)O)N,,
4615331,CC(C)(C)OC(=O)NCC1=CC=CC=C1,,
4616045,C1CN1C2=CC(=O)C3=CC=CC=C3C2=O,,
4616219,CC(=O)C1=CN=C(S1)C2=CC(=CC=C2)Cl,,
4616292,CC12C(C(CC(O1)N3C4=CC=CC=C4C5=C6C(=C7C8=CC=CC=C8N2C7=C53)C(NC6=O)O)NC)OC,,
4616789,CC1=C(N=C(S1)C2=CC=CC=C2)C(=O)C,,
4617217,C1=CC=C2C(=C1)C=CC(=C2O)C(=O)NC3=C(C=C(C=C3)[N+](=O)[O-])Cl,,
4617502,CCN(CC)CCNC(=O)C1C(N(C(=O)C2=CC=CC=C12)CC3=CC=C(C=C3)F)C4=CC=C(C=C4)OC,,
4617978,C1=CC(=CC=C1CNC(=O)C(C(C(C(C(C(C(C(F)(F)F)(F)F)(F)F)(F)F)(F)F)(F)F)(F)F)(F)F)S(=O)(=O)N,,
4620666,CC1=C(SC(=N1)NC(=O)C2CCCCC2C(=O)O)C,,
4625323,CCCC1=CC=C(C=C1)OCC2=NC(=NO2)C3=CC=C(C=C3)NC(=O)C4=CC=CS4,,
4626049,CCOC(=O)C1=C(C=CC=C1O)O,,
4626060,CC1=CC=C(C=C1)C(=O)CCS(=O)(=O)C2=CC=C(C=C2)F,,
4628122,C1=C(C=C(C(=C1O)O)O)C(=O)OC2C(C(C(C(O2)CO)O)O)O,,
4628123,COC1=CC(=CC(=C1O)OC)C=CC(=O)OC2C(C(C(C(O2)CO)O)O)O,,
4630909,C1CN(CCN1)C2=CC(=C3CNC(=O)N(C3=C2)C4=C(C=CC=C4Cl)Cl)C5=C(C=C(C=C5)F)F,,
4631604,C1CN(CC(=C1C#N)C2=CC=CC3=CC=CC=C32)C(=O)CC4=CN=CN4CC5=CC=C(C=C5)C#N,,
4632015,CC1(CCCC2(C1C(C34C2CCC(C3)(C(=C)C4)O)C(=O)O)C=O)C(=O)O,,
4632016,CC12CCCC3(C1C(C45C3CCC(C4)(C(=C)C5)O)C(=O)O)OC2=O,,
4633677,COC(=O)CC1CC(=NO1)C2=CC=C(C=C2)O,,
4634231,C1=CC2=C(C(=C1)O)C(=O)C3=C(C=CC(=C3C2=O)[N+](=O)[O-])O,,
4636051,CC(C1=CC=C(C=C1)C(=O)C2=CC=C(S2)I)C(=O)O,,
4636593,C1=CC(=CC=C1C2=CC(=O)C3=C(C(=C(C=C3O2)OC4C(C(C(C(O4)CO)O)O)O)C5C(C(C(C(O5)CO)O)O)O)O)O,,
4638214,C1=CC=NC(=C1)OC(=O)C(F)(F)F,,
4638847,CC1=CC2=C(C(C(=C(O2)N)C(=O)OC)C3=CC=CC=C3OC)C(=O)N1,,
4639181,C(CSC1=NC(=O)NC2=C1NC(=O)N2)C(=O)O,,
4639571,CC1(CC2=C(C(C(=C(N2C3=CN=CC=C3)N)C#N)C4=CC=CS4)C(=O)C1)C,,
4639668,CCCC(C)CCCCCC(=O)O,,
4640755,CCOC1=CC=C(C=C1)NC2=CC(=O)CCC2,,
4641377,C1CN(C1C(=O)O)CCC(C(=O)O)NCCC(C(=O)O)O,,
4642000,C1=CC=C(C=C1)SCC2=CC=C(O2)C(=O)O,,
4643300,C(C(=O)COP(=O)([O-])[O-])O,,
4643312,C(C(C(=O)[O-])O)O,,
4643333,CC1=CC(=O)C2=C(O1)C(=C(C=C2O)OC)CC=C(C)C,,
4643334,COC1=CC2=C(C=C1)C(=O)C(CO2)CC3=CC(=C(C=C3)OC)OC,,
4644263,C1C2CC3CC1CC(C2)(C3)C(=O)NC(CC(=O)O)C4=CC(=CC=C4)[N+](=O)[O-],,
4644726,C1=CC=NC(=C1)C(=O)NC2=CC(=C(C=C2)Cl)Cl,,
4646592,CSC1=NC2=C(S1)C3=C(C=C2)N=C(S3)NC(=O)C4=CC=CO4,,
4648643,C1=CC=C(C=C1)CCCNC(=O)C2=CN=CC=C2,,
4649699,COC1=CC2=C(C(=C1)OC)C(=O)C3=C(C2=O)C=C(C=C3OC)OC,,
4651115,CC(=CC(=O)C)O.CC(=CC(=O)C)O.CC(=CC(=O)C)O.[Fe],,
4651585,C1=CSC=C1C=C2C(=O)NC(=O)NC2=O,,
4651694,C1CC1NC(=O)C2=CC=C(O2)CSCC3=CC=CC=C3Cl,,
4652205,C1=CC=C(C=C1)CN2C(=O)C3=C(C=C(C=C3S2)[N+](=O)[O-])[N+](=O)[O-],,
4652880,CCOC(=O)C1=CC=CC=C1S(=O)(=O)N,,
4653584,CC1=CC=C(O1)C(=O)NC2=NC(=C(S2)C(=O)N(C)C)C,,
4656408,C1=CC=C2C(=C1)C(=CN2)CC(=O)NC(CC(=O)O)C(=O)O,,
4657307,C1C(C(OC2=CC(=CC(=C21)O)O)C3=CC(=C(C4=C(C(=O)C=C(C=C34)C5C(CC6=C(C=C(C=C6O5)O)O)OC(=O)C7=CC(=C(C(=C7)O)O)O)O)O)O)O,,
4657542,CNC(CC1=CC=CC=C1)C(=O)O,,
4659569,CC1=CC=C(C=C1)C(=O)C2=CC(=C(C(=C2)O)O)[N+](=O)[O-],,
4659978,CC(C)NC(=O)C1CC=CCC1C(=O)O,,
4660499,CC1=CC=C(S1)C2=CC(=NN2)C(=O)O,,
4660579,CC1(CCC2(CCC3(C(=CCC4C3(CC(C5C4(CCC(C5(C)C)O)C)O)C)C2C1)C)C(=O)O)C,,
4661317,C1COCC1C(=O)O,,
4661376,CC1CC(=O)CC(=O)C1C(=O)OC,,
4661965,CC1(CO1)C(=O)C2=NNCC2C3=CC(=CC=C3)Br,,
4663110,CC1=NC2=C(S1)C=C(C=C2)NC(=O)COC3=CC=C(C=C3)OC,,
4663984,C1=CC=C(C(=C1)C(=O)O)NC2=NC(=NC=C2)NC3=CC=CC(=C3)C(=O)O,,
4664941,C1C2CC3CC1CC(C2)(C3)C(=O)NC4=CC5=C(C=C4)C(=O)OC5,,
4667416,CCCCCCC(=O)CCCC(=O)O,,
4668801,COC(=O)C1=CSC(=N1)C(=O)C2=CNC3=CC=CC=C32,,
4668907,CN1C=CC(=N1)C(=O)NC2=C(C3=C(S2)CCC3)C(=O)OC,,
4669250,C1=CC2=C(C=C1[N+](=O)[O-])C(=O)C(=O)N2,,
4670740,C1CC(N(C1)C(=O)C(CC2=CC=C(C=C2)O)N)C(=O)NC(CC3=CC=CC=C3)C(=O)O,,
4670742,CCCCCCCCCCCCCCCCCCC(=O)OCC(COC(=O)CCCCCCCCCCCCCCCCCC)OC(=O)CCCCCCCCCCCCCCCCCC,,
4670836,COC1=CC=C(C=C1)CN2C(=O)C3=C(C=CS3)NC2=S,,
4671958,CC1=CC=C(C=C1)S(=O)(=O)CCC(=O)C2=CC(=CC=C2)[N+](=O)[O-],,
4672308,CC1=CC2=C(C=C1)N(C(C=C2)C#N)C(=O)C3=CC=CC=C3,,
4673190,CC1=C2C(=C(C(=C1Cl)OC(=O)C)Cl)OC3=C(C(=C(C=C3OC2=O)OC)C(=O)OC)C,,
4673492,CCC1=CC2=C(CCC(=O)N2CC3=CC=C(C=C3)C4=CC=CC=C4C5=NNN=N5)C(=N1)CC,,
4673520,C1=CC(=CN=C1)C2=C3C(C(=C(OC3=NN2)N)C#N)C4=CC=C(O4)[N+](=O)[O-],,
4674196,COC1=CC2=C(C=C1)NC(=O)CCC2,,
4674993,CCOC(=O)C1=C(C(=C(S1)NC(=O)C2=CC=CO2)SC#N)C,,
4675130,C1=CC=C2C(=C1)C=CC=C2C3=NN=C(O3)SCC#CCOC(=O)C4=CC=C(C=C4)Cl,,
4677380,CC(C(=O)O)NC(=O)C(CC(=O)O)N,,
4677493,CC1=CC=C(C=C1)NC(=O)NCC2=CN=CC=C2,,
4677798,CCC(C)(C)C(=O)OC1CC(C=C2C1C(C(C=C2)C)CCC3CC(CC(=O)O3)O)C,,
4677904,C1=CC=C(C=C1)CN2C(=S)N(SC2=O)CC3=CC=CC=C3,,
4678093,CCCCCCCCCC(=O)[O-],,
4678304,CC1=CC(=CC(=C1N)Br)C(=O)O,,
4678785,COC1=C(C=C(C=C1)C2CC(=NN2C(=O)C3=CC=CO3)C4=CC=CS4)OC,,
4679312,CCC(C(=O)OC1CC2CCC(C1)N2C)OC3=CC=C(C=C3)Cl,,
4679494,C1CC2=C(C=CC(=C2)O)C(=O)C1,,
4680176,CC1=C(C(N2C(=O)CCSC2=N1)C3=CC(=C(C=C3)OCC4=CC=CC=C4)OC)C(=O)OCC(C)C,,
4682590,CC(=O)CC(C)(C)SC,,
4683230,CC1=C(C(=O)N(N1)C(=S)N)N=NC2=CC(=CC=C2)Cl,,
4684308,C(C(=O)[O-])N.[Na+],,
4685119,COC(=O)C1CC2=CC=CC=C2CN1,,
4685120,CC1(C(=O)N(C(=O)N1)N)C2=CC=CC=C2,,
4685291,C1C(N(N=C1C2=CC=CC=C2)C(=O)C3=CC=CC=C3)C4=CC=C(C=C4)Cl,,
4685450,C1C(=O)OC2=CC=CC=C2O1,,
4685930,COC1=CC(=C(C=C1NCCC(=O)C2=CC=CS2)OC)Cl,,
4686761,COC1=CC=C(C=C1)C2=NN=C(O2)NC(=O)C3=CC=C(C=C3)F,,
4687157,C1C(C(=O)N(C1=O)CC(C2=CC=CC=C2)C3=CC=CC=C3)SCC(=O)NC4=CC=C(C=C4)Cl,,
4687521,CN1CC(=O)N2C(C1=O)CC3=C(C2C4=CC5=C(C=C4)OCO5)NC6=CC=CC=C36,,
4689974,CCCCCCCCCCCCCCCCOC1=CC=C(C=C1)C(=O)OC,,
4690601,C1=CC=C(C=C1)CC(C(=O)[O-])NC(=O)C[NH3+],,
4690818,CC1=CC(=O)OC2=C1C=CC(=C2)S,,
4693933,C1=CC(=CC=C1CC(=O)[O-])O,,
4694356,C(C1=C(C(=O)NO1)Cl)C(C(=O)O)N,,
4695397,CC(C)C1=CC=C(C=C1)NC(=O)C(C2=CC=CC=C2)N(C)C(=O)CC3=CNC4=CC=CC=C43,,
4697633,C1=CC=C(C(=C1)C2=CC=C(O2)C(=O)NN)Cl,,
4711697,COC1=CC2=C(C=C1)N(C=C2CC(=O)O)C(=O)C3=CC=C(C=C3)Cl,,
4712703,CC(C)N1C=NC2=C1C=CC(=C2)C(=O)O,,
4713438,CCCC(=O)C1=NC=C2C(=C1)C3=CC=CC=C3N2,,
4713720,CC1=CC(=C(C=C1)NC(=O)CSC2=NN=C(N2C3=CC=CC=C3)C)Br,,
4714359,C1CC1N2CC(CC2=O)C(=O)O,,
4714951,C1=CC(=C(N=C1)Br)C=O,,
4715025,C1CCNC(C1)C2=CC=CO2,,
4715032,COC(=O)C1=CC2=C(N1)C=C(C=C2)Cl,,
4715128,CC1=CC2=C(C=C1)C=C(N2)C(=O)OC,,
4715169,CC(C)CC(CC(=O)O)CN,,
4715419,CC1=CC=C(O1)C2CCCN2,,
4730265,CC1=C2C(=CC=C1)C(=O)C(=O)N2C,,
4736862,CCCCN1C2=C(C=C(C=C2)Cl)C(=O)C1=O,,
4736916,CN1C(=O)CCC(=N1)C(=O)O,,
4737072,C1=CC2=C(C3=C(C=C2)C=CC(=N3)C=O)N=C1,,
4737220,COC1=CC(=C(C=C1)C2=NNC(=C2)C(=O)O)OC,,
4737557,CCCCC(=O)NCC(=O)O,,
4738040,C1=CC=C2C(=C1)NC(=O)C(=N2)N,,
4738383,C1=CC=C(C(=C1)C(=O)O)N2C=CC=N2,,
4738388,COC(=O)C1=CC=C(C=C1)S(=O)(=O)Cl,,
4738557,C1CC2=C(C=NN2C3=CC=CC=C3)C(=O)C1,,
4740700,C1=CC=C(C=C1)CCC(=O)[O-],,
4740811,CN1CCN(CC1)C(=O)C2=CC=C(C=C2)O,,
4746853,CC1CCC2=C(C1)SC=C2C(=O)O,,
4754175,CC1=CC=C(C=C1)OCCN2C3=CC=CC=C3N=C2C4CC(=O)N(C4)CC5=CC=CC=C5,,
4755801,C(C[NH3+])C(=O)[O-],,
4763851,C1=CC(=CC(=C1)NC2=CC=C(C=C2)[N+](=O)[O-])C(=O)O,,
4770316,C1=CC2=C3C(=C1)N(S(=O)(=O)C3=CC=C2)CC(=O)O,,
4770946,C1=CC(=CC=C1C=O)OCC(F)(F)F,,
4773837,CC1=C(N2C(C(C2=O)NC(=O)C3=CC=CC=C3Cl)SC1)C(=O)O,,
4773907,C1=CC(=C(C=C1Cl)SCN2C=CC(=N2)C(=O)O)Cl,,
4774630,COC1=CC=C(C=C1)C2=CC=NC3=CC(=NN23)C(=O)O,,
4775471,C1=CC(=CC=C1C2=CC=NC3=CC(=NN23)C(=O)O)F,,
4776201,CCN1C(=C(C=N1)C2=CC=NC3=CC(=NN23)C(=O)O)C,,
4776419,CC1=CC=C(C=C1)CONC(=O)C2=C(C(=CC=C2)OC)OC,,
4777647,CCNCC1=CC=C(O1)C,,
4777843,C1=CC=C2C(=C1)C(=C(N2)C(=O)O)C=O,,
4777902,CC1=CC2=C(C=C1)C(=CN2)C=O,,
4777913,CN1C2=CC=CC=C2C(=C1C(=O)O)C=O,,
4777955,CC(C)SC1=CC=CC=C1C(=O)O,,
4778175,CN(C)C(=O)C1=CC=CC=C1N,,
4778955,CCOC(=O)C1=CC=C(C=C1)OCCOC2=CC=CC=C2,,
4778958,COC(=O)C1=CC(=C(C=C1)O)Br,,
4780744,C1CN(CCN1CC(=O)NC2=CC=CC=C2)C3=CC=CC=N3,,
4780882,CC(C)CN(C1CCS(=O)(=O)C1)C(=O)CC2=CC(=C(C(=C2)OC)OC)OC,,
4782931,C1=CC=C2C(=C1)C(=CN2)CCC(=O)NCCC3=CC=C(C=C3)Cl,,
4784722,C1CN(CCN1C(=O)N2C=CN=C2)S(=O)(=O)C3=CC=C(C=C3)Cl,,
4784804,C1CCC(CC1)(CNC(=O)C2=CC=C(C=C2)F)N3CCCCC3,,
4787937,C1=CC=C(C=C1)C(=O)NNC(=O)C2=CC=C(C=C2)CNS(=O)(=O)C3=CC(=C(C=C3)F)Cl,,
4789050,C1=CC=C2C(=C1)C(=O)NC(N2)C3=CC=C(C=C3)F,,
4790602,CC1=CC=C(C=C1)NC(=O)CN(C)C(=O)COC2=CC=CC=C2C3=CC=CC=C3,,
4791237,CC1=CSC(=N1)NC(=O)C2=CC=C(O2)COC3=CC=CC=C3,,
4793207,C1=CC=C(C=C1)C2=CC=C(C=C2)C3NC4=CC=CC=C4C(=O)N3,,
4798604,CC1=CC=C(C=C1)NC(=O)NCC2=NC3=CC=CC=C3N2C,,
4798771,C1=CC=C2C=C(C=CC2=C1)S(=O)(=O)NC3=CC=CC=C3C(=O)O,,
4799088,C1CCC(CC1)NC(=O)NC2=CC=C(C=C2)OC(F)(F)F,,
4799939,CC1=CC=C(O1)C(=O)NC2=C(C=CC(=C2)C(F)(F)F)N3CCOCC3,,
4800571,COC1=C(C=C(C=C1)S(=O)(=O)N2CCOCC2)NC(=O)C3=CC4=CC=CC=C4O3,,
4801151,CC1=CC=CC=C1CN2C(=O)C3=CC=CC=C3S2(=O)=O,,
4803142,COC1=CC=CC(=C1)CC(=O)NC2=NC(=CS2)C3=CC=NC=C3,,
4804492,CCC1(C(=O)N(C(=O)N1)CC2=CC=CC=C2)C3=CC=CC=C3,,
4826644,CC(C)(C)C1=CC=C(C=C1)C2NC3=CC=CC=C3C(=O)N2,,
4830568,COC1=CC=C(C=C1)NS(=O)(=O)C2=C(C=CC(=C2)NC(=O)C3=CC=C(S3)[N+](=O)[O-])OC,,
4832445,CC1CCCC(C1C)NC(=O)CSC2=NN=C(N2N)C,,
4839391,CCCN1C2=C(C=C(C=C2)S(=O)(=O)N3CCOCC3)N=C1CCC(=O)NC4=CC=CC=C4CC5=CC=CC=C5,,
4839545,COC1=CC=CC(=C1)CNC(=O)CCl,,
4841437,CN(C1CCS(=O)(=O)C1)C(=O)COC2=C(C=C(C=C2)S(=O)(=O)N3CCOCC3)[N+](=O)[O-],,
4852740,C1=CC=C(C=C1)C2=CC=C(C=C2)CC(=O)NC3=CC=CC=C3,,
4859665,C1COC(=O)C1SC2=NN=C(O2)C3=C(C=C(C=C3)Cl)Cl,,
4860011,CC(C)CCN1C(=NC2=C1C(=O)N(C(=O)N2C)C)CN3CCC(CC3)C(=O)N,,
4860409,CC1CN(CC(O1)C)S(=O)(=O)C2=CC=C(C=C2)NC(=O)C3=CC(=NN3)C4=C(C=C(C=C4)C)O,,
4862343,C1CCC2=C(C1)C(=NN2C3=CC=C(C=C3)C(=O)N4CCCC4)C(F)(F)F,,
4867627,C1=CC=C2C(=C1)C3=C(N2)C(=NC=C3)C4=C(C=CO4)CO,,
4868168,C(CSSCCC(C(=O)[O-])[NH3+])C(C(=O)[O-])[NH3+],,
4868340,CN(CC1=CC=C(C=C1)OC)C(=O)CCl,,
4868358,C1CCN(CC1)S(=O)(=O)C2=CC(=C(C=C2)N3CCC(CC3)C(=O)O)[N+](=O)[O-],,
4868361,C1=CC=C(C=C1)NC(=O)NN(C2=CC=CC=C2)C(=O)CCl,,
4868364,CCCCN1C2=C(C=C(C=C2)S(=O)(=O)N3CCCC3)N=C1CCC(=O)O,,
4868373,CC1=CC(=C(N1C2=NOC=C2)C)C(=O)CCl,,
4868377,COC1=CC(=C(C=C1)C(=O)N)O,,
4868381,C1CCC2=C(C1)C=CC(=C2)S(=O)(=O)NCCC(=O)O,,
4868392,CC(C(=O)C1=CNC2=CC=CC=C21)Cl,,
4868411,C1CN(CCC1C(=O)O)C2=CC=CC=C2[N+](=O)[O-],,
4870494,C1CC2CC1C3C2SC4=C(C3C5=CN=CC=C5)SC(=O)N4,,
4871560,CC1C2=CC=C(N2CCN1C(=O)C3=CC=C(C=C3)C)C,,
4871646,C1=CC=C2C(=C1)C(=O)N(C2=O)CCCCCC(=O)NO,,
4871804,CC(C)(C(C(=O)[O-])[NH3+])S,,
4872633,CC1CN(CC[NH2+]1)C2=C(C=C3C(=C2OC)N(C=C(C3=O)C(=O)[O-])C4CC4)F,,
4876025,CS(=O)(=O)N(CC(=O)NC1=C(C=CC(=C1)Cl)Cl)C2=CC=CC=C2Cl,,
4876863,C1=CC=C(C=C1)NC(=O)C2=CN3C=CC=CC3=N2,,
4876898,CCC(C)NC(=O)COC(=O)C1=CSC2=C1CCCC2,,
4877185,CC1=CC(=C2C(=C1)SC(=N2)NC(=O)C3CCCO3)C,,
4879010,C1=CC2=NC(=CN2C=C1)C(=O)NC3=NC=CS3,,
4879102,CC1=CC=C(C=C1)S(=O)(=O)NC(=O)C2CCCCC2,,
4879910,C1=CC=C(C=C1)OCCNC(=O)CCC2=CNC3=CC=CC=C32,,
4879932,CC(C(=O)NC1=CC=C(C=C1)C#N)N(C)CC(=O)NC2=CC(=CC=C2)F,,
4880035,CN(CC(=O)NC1=CC=C(C=C1)OC)C(=O)C2(CCCC2)C3=CC=CC=C3,,
4880691,CC1CCCN(C1)C(=O)C(C)NC2=C(C=CC(=C2)Cl)N3CCOCC3,,
4883248,COC1=CC=C(C=C1)C(CNC(=O)C2=CC3=CC=CC=C3O2)N4CCCCC4,,
4884003,C1=CC=C(C=C1)CCC2=NC3=CC=CC=C3NC2=O,,
4884161,CC1=C(C=C(C=C1)S(=O)(=O)N2CCCCC2)NC(=O)C3CC(=O)N(C3)CC4=CC=CC=C4,,
4884909,CCN(CC)S(=O)(=O)C1=CC2=C(C=C1)N(C(=N2)SC(C)C(=O)N)C3=CC=C(C=C3)OC,,
4885041,CC(=O)C1=CC(=CC=C1)S(=O)(=O)NCC2CCCCC2,,
4885255,CC(C1=CC=C(C=C1)Cl)OC(=O)NC2=CC=CC=C2OC,,
4885432,C1CC(OC1)COC2=CC=C(C=C2)C(=O)N,,
4886315,CCCC(=O)N1CCN(CC1)CC2=NC3=C(N2C)C=CC(=C3)[N+](=O)[O-],,
4886386,CCN1CCN(CC1)CC(=O)N2C(CC=N2)C3=CC=CC=C3,,
4886699,CNC(=O)CSC1=NC(=NS1)SC,,
4887113,CN1C(=C(C(=O)N(C1=O)C)C2=NNC(C2)C3=CC=C(C=C3)Cl)O,,
4893655,CC1=CC=C(C=C1)S(=O)(=O)NC(CCSC)C(=O)N2CCC3=CC(=C(C=C3C2)OC)OC,,
4894361,CC(C)CCN1C(=NC2=C1C(=O)N(C(=O)N2C)C)CN3CCN(CC3)C(=O)C4=CC=CO4,,
4894947,COC1=C(C2=CC=CC=C2C=C1)C3CC(=O)N4CN(CSC4=C3C#N)CC5=CC=CO5,,
4897400,C1CN(CCN1C2=CC=CC=C2F)C(=O)C3=CC4=C(N3)C=CC(=C4)Cl,,
4899521,CN(CC1=CC=CC=C1)C(=O)C2=CC3=C(N2)C=CC(=C3)F,,
4903300,COC1=CC(=C(C=C1)C2=C(C(=O)N3CCSC3=N2)C#N)OC,,
4905344,CN1CCN(CC1)C(=O)C2=CC3=C(N2)C=C(C=C3)OC,,
4906475,CCCC(=O)NC1=C(C(=O)C2=CC=CC=C2N1C)C3=CC(=CC=C3)OC,,
4906599,CN1CCN(CC1)C(=O)C2=CC3=C(N2)C=CC(=C3)F,,
4908365,CN1CCN(CC1)C(=O)C2=CC3=C(N2)C=CC(=C3)Cl,,
4910187,CC(C1=CC=CC=C1)NC(=O)C2=CC3=C(N2)C=CC(=C3)F,,
4912758,C1=CC=C2C(=C1)C=CC3=C(C=C(C=C3O2)[N+](=O)[O-])C(=O)O,,
4912759,C1CC(=O)NC2=C1C=C(C=C2)N,,
4912763,CCOC(=O)C1=NC(=NO1)C2=CC(=C(C=C2)OC)OC,,
4912772,COC1=CC=C(C=C1)NCC2=NN=C(O2)C3=CC=CC=C3,,
4912935,CN1C(=C(C=N1)C2=CC=NO2)C(=O)O,,
4913063,CN1C=NC2=C1C=CC(=C2)C(=O)O,,
4913264,C1=CC2=C(C=C1Br)NC(=O)C=N2,,
4913980,CC1=C(C(=O)OC2=CC(=C(C=C12)OC)OC)CC(=O)N3CCCCC3,,
4914255,CC1=C(OC2=CC3=C(C=C12)C(=C(C(=O)O3)CCC(=O)N4CCCCC4)C)C,,
4914973,C1=CC=C2C(=C1)C=C(C(=O)O2)C(=O)NC3=CC=C(C=C3)O,,
4915226,C1=CC=C(C=C1)NC2=NC3=C(O2)C=CC(=C3)Cl,,
4915921,CC1=NC2=CC=CC=C2C(=C1)CNC(=O)C3=CC=C(C=C3)OC,,
4915924,CC1=NC2=CC=CC=C2C(=C1)CNC(=O)C3=CC(=CC=C3)[N+](=O)[O-],,
4915939,CCCC(=O)NCN1N=C(N=N1)C2=CC=C(C=C2)Cl,,
4915964,CC1=CC(=NC=C1)NC2(C(=O)N3CCSC3=N2)C(F)(F)F,,
4916033,C1C(=O)NC2=C(O1)C=CC(=C2)S(=O)(=O)NCC3=CC=CC=C3,,
4916035,C1C(=O)NC2=C(O1)C=CC(=C2)S(=O)(=O)NCCC3=CC=CC=C3,,
4916037,C1CCN(C1)S(=O)(=O)C2=CC3=C(C=C2)OCC(=O)N3,,
4916122,CC1=NC(=CC=C1)NC(=O)C(C)N2C=C(C=N2)[N+](=O)[O-],,
4916125,CC(C(=O)N1CCOCC1)N2C=C(C=N2)[N+](=O)[O-],,
4916214,COC1=CC=C(C=C1)NC(=O)CCCN2C=C(C=N2)[N+](=O)[O-],,
4916306,CC1=C(C(=NN1C(=O)CCCN2C=C(C=N2)[N+](=O)[O-])C)Cl,,
4916601,C1CC(OC1)C(=O)NC2=CC=C(C=C2)C(=O)NCC3=CC=CC=C3,,
4916632,CCC1=CC(=CC=C1)NC(=O)CCCCCC2C(NC(=O)N2)C,,
4916634,CC1C(NC(=O)N1)CCCCCC(=O)NC2=CC=C(C=C2)F,,
4917368,C1CN(C(C2=CC=CN21)C3=CC=CC=C3)C(=O)C4=CC=CO4,,
4917496,CN1C2=C(C(NC1=O)C3=CC=C(C=C3)O)C(=O)N(C2)C4=CC=C(C=C4)O,,
4917731,CC1CC2=NC(=NC=C2C(=O)C1)NC3=C(C=C(C=C3)C)C,,
4918515,CC1=CC2=C(C(=N1)SCC=C)C(=O)OC2,,
4918878,CN1C=C(C2=CC=CC=C21)C(=O)C(=O)NCCC3=CC=CC=C3,,
4919914,CC1CN(C2=NC3=C(N2C1)C(=O)NC(=O)N3C)C4=CC=CC(=C4)C,,
4920424,CC1=CC(=CC=C1)N2C(=O)CC(C3=C2COC3=O)C4=CC=C(C=C4)F,,
4921011,C1C2CC3CC1CC(C2)(C3)CC(=O)NC4=CC=C(C=C4)OCC(=O)N,,
4935536,CC(C)(C)OC(=O)NCC1=CC=CS1,,
4935693,C1CN(C2=CC=CC=C21)C(=O)OCC3=CC=CC=C3,,
4952422,CC(C)OC1=CC=C(C=C1)C(=O)N,,
4961254,C1=CSC2=C1NC(=C2)C(=O)O,,
4961259,C1=CC=C(C(=C1)C=O)N2C=CC=C2,,
4961580,C1CC(N(C1)C(=O)CCl)C2=CC3=C(C=C2)OCCO3,,
4961584,CCCN1C2=C(C=C(C=C2)S(=O)(=O)N)N=C1CCC(=O)O,,
4961625,C1=CC=C2C(=C1)C=CC=C2CN3C=CSC3=NC(=O)CCl,,
4961635,CCOC(=O)C1=C(SC2=C1CCSC2)N,,
4961662,C1C(N(N=C1C2=CC=CO2)C(=O)CCl)C3=CC=CS3,,
4961664,C1=CC=C2C(=C1)N=C(S2)CC(=O)O,,
4961736,CC1CCC2=C(C1)C=C(S2)C(=O)NN,,
4961760,CC1(C(=O)N(C(=O)N1)CC(=O)O)CCC2=CC=CC=C2,,
4961761,CC1(C(=O)NC(=O)N1)CCC2=CC=C(C=C2)O,,
4961785,CC1=CC=CC=C1N2C=CN=C2SCC(=O)O,,
4961799,C1CCC2(C1)CC(=O)NC2=O,,
4961822,CN(C1CCCC2=CC=CC=C12)C(=O)CCl,,
4961852,CC1=C(C(=NN1C2CCS(=O)(=O)C2)C)C=O,,
4961858,CC1=C(SC(=N1)NCCC2=CC=CC=C2)C(=O)O,,
4961864,CN1C=CN=C1C(=O)C2=CC=C(C=C2)N,,
4961958,C1CC2=CC=CC=C2C3(C1)C(=O)N(C(=O)N3)CC(=O)O,,
4962012,CC1=C(N(C(=C1C#N)NC(=O)CCl)CC2=CC=C(C=C2)F)C,,
4962018,CC(C)CC(C1=CC=CC=C1)NC(=O)CCl,,
4962022,CC1=NC2=C(C=CS2)C(=O)N1N,,
4962027,CC(=O)NCC1=CC=C(S1)C(=O)CCl,,
4962038,CCOC(=O)C(=O)C1=C(N=C2N1C=CC=C2)C3=CC=C(C=C3)C,,
4962041,CC1CCCC(N1C(=S)SCC(=O)O)C,,
4962089,CC(C)OCCCN1C(=O)C2=CC=CC=C2N=C1NN,,
4962124,C1=CC=C(C=C1)S(=O)(=O)CC2=CC=C(O2)C(=O)O,,
4962152,C1CCC2(CC1)CC(=O)CC(=O)C2,,
4962173,CC(C)(C)C1=CC=C(C=C1)CCC(=O)O,,
4962255,COC1=CC=C(C=C1)N2C(=O)C(=O)NC2=O,,
4962303,CC1=C(C(=NO1)C)S(=O)(=O)N,,
4962316,COC1=CC(=CC2=C1OCCO2)C(=O)O,,
4962323,C1=CSC(=C1)CCNC(=O)N,,
4962363,COC(=O)CCCN=C=S,,
4962388,C1CS(=O)(=O)CC1N(CC2=CC=CS2)C(=O)CCl,,
4962397,CC1=NC(=NO1)C2=CC=C(C=C2)O,,
4962426,CC1=CC(=O)C(=NN1C2=CC=CC=C2Cl)C(=O)O,,
4962437,C1=CC=C2C(=C1)C3=C(O2)C(=O)N(C=N3)CC(=O)O,,
4962453,C1C(N(C2=CC=CC=C2S1)C(=O)CCl)C3=CC=CC=C3,,
4962481,CC(=O)C1=CC=C(S1)C2=CC=CC=C2,,
4962513,C1CCN(C1)C(=O)C(C2=CC=CC=C2)Cl,,
4962514,C1COCCN1C(=O)C(C2=CC=CC=C2)Cl,,
4962537,C1C2=CC=CC=C2C(=O)N(C1=O)CCC(=O)O,,
4962569,C1CCC(C1)N(C2CCS(=O)(=O)C2)C(=O)CCl,,
4962642,C1CC2=C3C(=CC(=C2)C(=O)CCl)CC(=O)N3C1,,
4962735,COC(=O)C(C(OC)(OC)OC)F,,
4962738,CC1=CC(=O)C(=NN1C2=CC=CC(=C2)C(F)(F)F)C(=O)O,,
4962750,COC1=CC=CC=C1C(=O)CC#N,,
4962812,CCS(=O)(=O)N1CCC(CC1)C(=O)O,,
4962855,C1C2CC3CC1CC(C2)(C3)C(=O)NCC4=CC=C(C=C4)C(=O)O,,
4962862,CCOC1=C(C=C(C(=C1)C(=O)O)N)OC,,
4962866,C1=CC=C(C=C1)N2C=C3C4=CC=CC=C4NC(=O)C3=N2,,
4962882,C1=CC(=CC=C1C2=NC(=CS2)C(=O)O)F,,
4962898,CCOC(=O)C1=NOC(=C1C2=CC=CC=C2)N,,
4963407,C1=CC=C2C(=C1)NC(=N2)NC(=O)NC3=CC=CC=C3F,,
4963667,CC1=C(C2=C(N1C(=O)C3=CC=C(C=C3)Cl)C=CC(=C2)OC)CC(=O)NCC4=CC=NC=C4,,
4966305,C1CCN(C1)CC(=O)NC2=C(C=C(C=C2)[N+](=O)[O-])Cl,,
4968024,C1CC2C(CC3=CC=CC=C3N2C1)C(=O)O,,
4970947,CC1=CC(=C2C(=C1)C(=O)C=C(O2)C(=O)N3CCN(CC3)C4=CC=CC=C4OC)C,,
4971481,CN1C2=C(C(=O)N(C1=O)CC3=CC=C(C=C3)F)N4CCN(C4=N2)CC5=CC=CO5,,
4975679,C1CN(CC2=CC=CC=C21)C(=O)C3=CC4=C(N3)C=CC(=C4)Cl,,
4976594,C1C(N2C=NN=C2NC1=O)C(=O)NC3=CC=C(C=C3)F,,
4979347,CC1(CCC2(CCC3(C(=CCC4C3(CCC5C4(CCC(C5(C)C)OC6C(C(C(C(O6)CO)O)OC7C(C(C(C(O7)CO)O)O)O)OC8C(C(C(C(O8)CO)O)O)O)C)C)C2C1)C)C(=O)OC9C(C(C(C(O9)CO)O)O)O)C,,
4979942,C1=CC(=CC=C1C2C(C(=O)N2C3=CC=C(C=C3)F)CCC(C4=CC=C(C=C4)F)O)O,,
4980022,C1=CC=NC(=C1)C2=NNC(=O)C=C2,,
4982645,C1=CC=C2C(=C1)NC(=N2)CC(=O)C3=CC=C(C=C3)Cl,,
4983386,C1=CNC(=O)C2=C1C=CS2,,
4983517,CC1=CC(=C(C=C1)C)N2C(=O)CCC(=N2)C(=O)O,,
4983912,CSC1=CC=C(C=C1)CC(=O)O,,
4984595,CCCCCCCCCCCCCCCC1=C(C(=O)C=C(C1=O)OC)O,,
4985948,CCCCN(CCCC)C(=O)NC1=CC=C(C=C1)C,,
4986139,C(=O)(C(C(C(C(C(C(C(F)(F)F)(F)F)(F)F)(F)F)(F)F)(F)F)(F)F)[O-],,
4987278,CC1=CC=C(S1)C2=CC=C(S2)C=O,,
4988454,C1CN(CCN1C(C2=CC=CC=C2)C3=CC=CC=C3)C(=O)CC(C4=CC=CC=C4)C5=CC=CC=C5,,
4988615,COC1=CC=CC=C1OC2=CC3=C(C=C2)C(=O)N(C3=O)CC4CCCO4,,
4989393,C(C(=O)O)C(CC(=O)O)(C(=O)O)O.[Fe],,
4990240,C=CCSC1=NSC(=N1)NC(=O)NC2=CC=C(C=C2)Cl,,
4990243,C=CCSC1=NSC(=N1)NC(=O)NC2=C(C=C(C=C2)Cl)C(F)(F)F,,
4990246,C#CCSC1=NSC(=N1)NC(=O)NC2=CC(=C(C=C2)Cl)C(F)(F)F,,
4990600,C1=CC=C(C=C1)CONC(=O)C2=CC=C(C=C2)Cl,,
4990817,C1=CC=C(C=C1)NC(=O)C2C(=O)NC(=S)NC2=O,,
4991131,CC(C)C(C(=O)O)NC(=O)C(CC(=O)O)N,,
4992159,C1=CC=C2C(=C1)NC(=N2)SCC3=CC=C(C=C3)C(=O)O,,
4992775,C1=CC(=CC(=C1)S(=O)(=O)NCC(F)(F)F)C(=O)O,,
4993304,CCCN1C(=NN=C1SCC(=O)NC2=NC3=C(S2)C=C(C=C3)OC)C4=CC=NC=C4,,
4994109,CC(C)(CC1=NC2=CC=CC=C2N1)C(=O)O,,
4994387,CC(C)CC(C(=O)O)NC(=O)C1=CC=C(C=C1)Cl,,
4994807,CCOC(=O)C1=CC(=CC=C1)NC(=O)CCN2C(=C(C=C2C3=CC=C(C=C3)F)C(=O)OCC)C,,
4994857,CCN(CCNC(=O)NC1=C(C(=CC=C1)Cl)Cl)C2=CC=CC(=C2)C,,
4995911,C1C2=C(C3=C(S1)C=CC(=C3)F)SC(=C2)C(=O)O,,
4995951,CCOC(=O)C1=C(NC2=C1C3=C(C=C2)OC4C5=C(CCN4C3)C=C(C=C5)OC)C,,
4996665,CCN(CCNC(=O)NC1=CC=CC=C1C)C2=CC=CC(=C2)C,,
4998669,CCCCCCC(=O)CCCCCCCCC(=O)O,,
4998861,CC1=NN(C(=O)C1=C(C)C)C2=CC=CC=C2,,
5000326,CC1=CC=CC=C1CN2C(=CC(=C(C2=O)C#N)C)C,,
5000632,CC1(C(=O)NC(=O)N1)C2=CC3=CC=CC=C3C=C2,,
5002006,CC1CCCC(C1C)NC(=O)C2=CC(=NC3=CC=CC=C32)C,,
5002435,C1=CC(=CC(=C1)F)NC(=O)C2=CC=C(O2)CN3C=C(C=N3)[N+](=O)[O-],,
5003498,C1=CC=C(C=C1)C2=C(NC3=C2C=CC=C3C(=O)O)C4=CC=CC=C4,,
5003667,COC1=CC=C(C=C1)C2CC(=O)C3=C(O2)C=C(C=C3OC)OC,,
5003929,CC1(C(N(C(=O)N1CC(=O)NN=CC=CC2=CC=C(O2)[N+](=O)[O-])C3=CC=C(C=C3)Cl)N(C(=O)NC4=CC=C(C=C4)Cl)O)C,,
5003977,C1=CC=C(C=C1)CN(C2=CC=CC=C2Cl)S(=O)(=O)C3=CC(=C(C=C3)Cl)C(=O)O,,
5004084,C1CC(=O)N(C1=O)OC(=O)C(=O)ON2C(=O)CCC2=O,,
5004413,C1=CC=C(C=C1)C(=O)C(=O)C2=C(C=C(C=C2)[N+](=O)[O-])[N+](=O)[O-],,
5005111,CC1=C2C(=C(C=C1)O)CCC2=O,,
5005498,C1C2=C(C3=CC=CC=C3NC1=O)NC4=C2C=C(C=C4)[N+](=O)[O-],,
5007032,C1=CC=C2C(=C1)C(=O)C3=C(N2)C(=CC=C3)N,,
5008489,C1=CC(=CC=C1NNC=O)[N+](=O)[O-],,
5009928,CCOC1=CC=C(C=C1)NC2=CC(=O)OC3=CC=CC=C32,,
5011228,C1=CC(=CC(=C1)[N+](=O)[O-])C2=CC(=O)C3=C(O2)C=CC(=C3)Cl,,
5011391,CN1C=CN=C1C(=O)C2=CC=CC=C2Cl,,
5016756,CC(C)CN1C=NC2=C(C1=N)C(C3=C(O2)CC(CC3=O)(C)C)C4=CC=CC=C4,,
5017142,C1=CC=C2C(=C1)C(=C(O2)C(=O)N)NC(=O)C3=CC=C(O3)[N+](=O)[O-],,
5017639,C1=CSC(=C1)C(=O)[O-],,
5017692,COC1=CC=C(C=C1)C2C(C(=O)N2C3=CC=CC=C3)(F)F,,
5018304,C1=CC=C(C(=C1)CC(=O)[O-])NC2=C(C=CC=C2Cl)Cl.[Na+],,
5018391,CCCCC1C2CCCC=C2C(=O)O1,,
5018482,COC(C1NC2=CC=CC=C2C(=O)N1C3=CC=C(C=C3)F)OC,,
5018929,CC(=C)C1COC2=C(O1)C=C3C=CC(=O)OC3=C2,,
5020799,COC1=C(C=C(C=C1)NC(=O)C2=CC=C(C=C2)C3=CC=CC=C3)NS(=O)(=O)C4=CC=C(C=C4)F,,
5022541,C1=CC(=CC(=C1)NC(=O)C2=CC=C(C=C2)[N+](=O)[O-])NC(=O)C3=CC=C(C=C3)[N+](=O)[O-],,
5024568,COC1=CC=C(C=C1)C(=O)CSC#N,,
5024746,CC(C)C1=C(C(=C2C(=C1)CCC3C2(CCCC3(C)C)C(=O)O)O)O,,
5025063,CN1C=NC2=C1C(=O)N(C(=O)N2C)CCCN3C(=O)C4=C(N=CN4C)N(C3=O)C,,
5025211,CN1C(=CC(=O)N(C1=O)C)C(=O)O,,
5027250,COC1=CC2=CC=CC3=C2C(=CC=C3)C1=O,,
5028078,C1=CC=C(C=C1)NC(=O)C2=CC=C(O2)C3=CC=CC=C3C(F)(F)F,,
5028133,CC1=NC(=C(S1)CC(=O)O)C2=CC(=C(C=C2)OC)OC,,
5029871,C1CCC(CC1)NC(=O)NC23CC4CC(C2)CC(C4)C3,,
5031329,CC(C(=O)NN=CC1=C(C=CC(=C1)Br)O)SC2=NC3=CC=CC=C3N2,,
5033943,C1=CC=C2C(=C1)C(=C(N2)O)N=NC3=CC=C(C=C3)C(=O)O,,
5034241,COC1=C(C=C2C(NCCC2=C1)C3=CC=C(C=C3)C(=O)OC)OC,,
5036272,C1=CC=C(C=C1)C(C(=O)NC2=C(C=CC(=C2)C(F)(F)F)Cl)OC(=O)CNC(=O)C3=CC=CC=C3F,,
5036604,CC1=CC(=O)C2=C(O1)C=C(C(=C2O)C)O,,
5037142,CCC(C1=NC2=CC=CC=C2C(=O)N1C3=CC(=C(C=C3)F)Cl)N(CCC4=CC=CC=C4)C(=O)COC5=CC=C(C=C5)Cl,,
5037694,C1=COC(=C1)CNC2=NC(=NC3=C2NC=N3)Cl,,
5038499,C1=CC(=C(C=C1C(=O)C(=O)C2=CC(=C(C=C2)Br)[N+](=O)[O-])[N+](=O)[O-])Br,,
5039074,C1=CC=C(C=C1)C2=CC(=C(O2)CSCC(C(=O)O)N)C(=O)O,,
5039109,COC1=CC(=C(C(=C1O)C=O)Br)Br,,
5039735,CC1=CC(=O)N2C(=N1)C(=C(N2)C3=CC=CC=C3)C4=CC=CC=C4,,
5040456,CN(C)S(=O)(=O)C1=CC=CC(=C1)N2C(=O)C3=CC=CC=C3S2,,
5042858,CC1=CC(=C(C(=C1C(=O)OC2=C(C(=C(C(=C2)C)C(=O)OC)O)C)O)CO)O,,
5043691,C1=CC(=CC=C1C(=O)NO)[N+](=O)[O-],,
5043824,CN(CC1=CC=CO1)C(=O)C2=CC3=C(C=C2)SC4=CC=CC=C4C(=O)N3CC5=CC=CC=C5F,,
5044232,C1=CC=C(C=C1)NC(=O)NC2=NC=CN=C2,,
5047828,C1=CC(=CC=C1C(=O)N)NC2=NC=NC3=C2NC=N3,,
5048149,CCC1=CC=C(C=C1)N2C=NC3=C2C=CC(=C3)C(=O)NCCCOCC,,
5048921,CCN(CC)C(=O)NC1=C(C=C(C=C1)Cl)Cl,,
5049161,CCOC(=O)CSC1=NC2=C(C(=O)N1CCCN3CCCC3)SC4=CC=CC=C42,,
5049636,C1=CC(=CC=C1C(=O)O)N=NC2=C(NC3=C2C=C(C=C3)Br)O,,
5049666,[BH-](OC(=O)C)(OC(=O)C)OC(=O)C.[Na+],,
5050380,C1C(N(N=C1C2=CC=CS2)C(=O)CSC3=NN=C(N3CC4=CC=CC=C4)CNC(=O)CC5=CC=CC=C5)C6=CC=C(C=C6)F,,
5050508,CC1=CC=C(O1)CNC2=C(C3=C(S2)CCCCC3)C(=O)NC4=C(C=CC(=C4)Cl)OC,,
5051738,CCOC1=CC(=C(C=C1)C(=O)C2=CC=CC=C2)O,,
5052387,CC1=C(C(=C(C(=N1)N=NC2=CC=C(C=C2)C(=O)O)COP(=O)(O)O)C=O)O,,
5053474,CC(C1=CC=CC=C1)NC(=O)CN2C(=O)C=CC(=N2)C3=CC=CC=C3,,
5053787,C1CCC(C1)CCC(=O)N2CCCC2,,
5054022,CC(C(=O)N1C(CC(=N1)C(F)F)(C(F)F)O)N2C=C(C(=N2)OC)[N+](=O)[O-],,
5055591,CC1=NC2=C(C=C1)C(=O)CC(C2)(C)C,,
5056270,C1C(OC2=CC=CC=C2O1)C(=O)NC3=NC(=CS3)C4=CC=NC=C4,,
5057093,CCCCN1C2=C(C=C(C=C2)S(=O)(=O)N(CC)CC)N=C1CCC(=O)O,,
5057430,C1=CC(=CC=C1CC(C(=O)NC(CC2=CC=C(C=C2)O)C(=O)O)N)O,,
5057936,COC1=C(C=C(C=C1)C(=O)CCCCC(=O)C2=CC(=C(C=C2)OC)OC)OC,,
5058874,C1=C(OC(=C1)[N+](=O)[O-])C(=O)OCC(=O)NC2=C(C=C(C=N2)Cl)Cl,,
5060109,CCOC(=O)CN1CCN(CC1)CC2=CC=CC=C2,,
5062351,CC(=C)C(=O)OCC(COC(=O)C=C)O,,
5064384,CC1=CC2=C(N1C)C=CC(=C2)CNC(=O)C3=CC(=CC=C3)OC,,
5064578,CCCCCCCCCCCCOC1=CC=CC(=C1)C(=O)OC,,
5066134,CSC1=NC2=C(S1)C3=C(C=C2)N=C(S3)NC(=O)C(C4=CC=CC=C4)C5=CC=CC=C5,,
5067097,COC1=CC=C(C=C1)C2=NSC(=N2)SCC(=O)NCC3CCCO3,,
5067753,CC1(C2=CC=CC=C2C(=O)N(C1=O)C3=CC=CC=C3F)C,,
5070088,CC1=C(C(N2C(=NC=N2)N1)C3=CC=CC=C3)C(=O)C,,
5070146,CC(C)(C(=O)NC1CCCCC1)OC2=CC=C(C=C2)Cl,,
5070262,CC(C)(C)C(=O)NC1CCSC1=O,,
5070782,CC1(CCC2(CCC3(C(=CCC4C3(CCC5C4(CC(C(C5(C)CO)OC6C(C(C(CO6)O)O)O)O)C)C)C2C1)C)C(=O)O)C(=O)OC,,
5070783,CC(C)(C(CC1=C(C=CC2=C1OC(=O)C=C2)OC)O)O,,
5071820,CCCCCCCCCCCC(=O)NC12CC3CC(C1)CC(C3)C2,,
5072317,CCOC(=O)C1=CC2=C(CCCC2=O)N(C1=O)C3=CC=C(C=C3)Cl,,
5074765,C1=CNC2=C(C1=O)SC=C2,,
5076223,CC1=CC(=CC=C1)NC(=O)C(C)SC2=NN3C(=CC(=NC3=N2)C)C,,
5076481,C1CN(C(=O)N1)CC2=CC=C(C=C2)Cl,,
5076487,C1CNC(=O)N(C1)CC2=CC=C(C=C2)Cl,,
5076555,C1=CC=C2C(=C1)C(=O)C3=C(C=C(C(=C3C2=O)N)S(=O)(=O)[O-])Br.[Na+],,
5077622,C1C(=O)N(C2=C(S1)C=CC(=C2)C(=O)NCC3=CC=CO3)CC4=C(C=CC=C4Cl)F,,
5079010,CCOC(=O)C(C)OC1=CC=CC2=C1C=CN(C2=O)CC(=O)NCC3=CC=CC=C3,,
5080198,COC1=CC=C(C=C1)C2N(C(=O)CS2)C3=CC=C(C=C3)F,,
5080434,C1=CC=C(C=C1)CCC(=O)C2=C(C=C(C=C2OC3C(C(C(C(O3)CO)O)O)O)O)O,,
5080737,CNC(=O)C1=CC=C(C=C1)C#N,,
5081913,C1=CC(=C(C=C1Cl)C(=O)NC2=CC(=CC(=C2)C(F)(F)F)C(F)(F)F)O,,
5082263,COC(=O)C1=CC2=C(N1)C=CO2,,
5082502,CC(C(=O)N1CCCCC1)NC(=O)C(C2=CC=CC=C2)C3=CC=CC=C3,,
5082818,CC1=C(C=C(C=C1)NC(=O)NCCSCC2=CC=C(O2)CN(C)C)Cl,,
5084090,CC(=O)NCC1=CC=CC=N1,,
5086419,CC1=C2CC(CCC2(CCC1=O)C)C(C)(C)O,,
5086465,C(C(=O)[O-])S,,
5086469,CCN(CC)C1=CC=C(C=C1)C(=O)OC,,
5087640,CC1C(C(C(C(O1)OC2C(C(C(OC2OC3C(C(C(OC3OC4CCC5(C(C4(C)CO)CCC6(C5CC=C7C6(CCC8(C7CC(CC8O)(C)C)C)C)C)C)C(=O)O)O)O)CO)O)O)O)O)O,,
5087641,CC1(CCC2(CCC3(C(=CCC4C3(CCC5C4(CCC(C5(C)C)OC6C(C(C(C(O6)C(=O)O)O)OC7C(C(C(C(O7)CO)O)O)O)O)C)C)C2C1)C)C(=O)O)C,,
5088389,CC12CCCC3(C1C(C(C45C2CC(C(C4)C(=C)C5)O)O)OC3=O)C,,
5088391,CC12CCCC(C1CCC34C2CCC(C3)C(C4)(CO)O)(C)C(=O)O,,
5088914,C1=CC(=O)OC2=CC(=C(C=C21)O)OC3C(C(C(C(O3)CO)O)O)O,,
5089683,C1C2C(C(C(C(O2)OC(=O)C3=CC(=C(C(=C3)O)O)O)O)OC(=O)C4=CC(=C(C(=C4C5=C(C(=C(C=C5C(=O)O1)O)O)O)O)O)O)O,,
5091219,CC1C(C(CC(O1)OC2CCC3(C4CCC5(C(CCC5(C4CCC3(C2)O)O)C6=CC(=O)OC6)C)C=O)O)O,,
5091486,COC1=CC2=C(C=C1)C3=C(C(=O)N2)SC4=CC=CC=C43,,
5091685,CC1CN(CCN1C(=S)NC2=CC=CC=C2F)C3=C(C=C4C(=C3OC)N(C=C(C4=O)C(=O)O)C5CC5)F,,
5091716,C1=CC=C(C=C1)C(=O)NC2=CC=CC=C2C(=O)[O-],,
5092865,COC1=CC=C(C=C1)C2=NNC3=C2C(=O)C4=CC=CC=C43,,
5095842,C1=C(C=C(C(=C1C(=O)O)O)N)[N+](=O)[O-],,
5098531,CC1CN(CC(O1)C)S(=O)(=O)C2=CC=C(C=C2)C(=O)NC3=NN=C(O3)C4=CC5=C(CCCC5)C=C4,,
5098884,COC(=O)C1=CC(=O)C(=C2C(=C1)C=CC(=C2O)O)O,,
5098885,C1=CC(=C(C2=C(C(=O)C=C(C=C21)C(=O)O)O)O)O,,
5101506,C1=C(SC(=C1)Cl)C(=O)CCl,,
5102481,C1=CC=C2C(=C1)C(=CC(=N2)C3=CC=CS3)C(=O)NN,,
5102534,C1=CC2=C3C(=C1)C(=O)N(C(=O)C3=CC=C2)OS(=O)(=O)C(F)(F)F,,
5102882,C1(C(C(OC(C1O)O)C(=O)[O-])O)O.[Na+],,
5103438,CC(C)(C)OC(=O)N1CCCCC1CCO,,
5104673,CC1(CCC2(CCC3(C(=CCC4C3(CCC5C4(CCC(C5(C)C)OC6C(C(C(C(O6)C(=O)O)O)O)O)C)C)C2C1)C)C(=O)O)C,,
5104781,CCOC1=CC=C(C=C1)OCC2=CC=C(O2)C(=O)NN,,
5104810,CC1C2CC3C(=C)CCCC3(CC2OC1=O)C,,
5111749,C1CC(=O)NC2=C1C=C(C=C2)[N+](=O)[O-],,
5112550,CC(=CC(=O)C)O.CC(=CC(=O)C)O.[Ni],,
5113032,C1CC(C2=C(C1)C3=C(N2)C=CC(=C3)Cl)C(=O)N,,
5113707,CC(C)(C)C(=O)OC1=CC=C(C=C1)C(=O)C2=CC=C(C=C2)OC(=O)C(C)(C)C,,
5114629,COC1=CC=C(C=C1)NC(=O)C2=CC=C(O2)C3=CC=C(C=C3)[N+](=O)[O-],,
5115028,C1C(N(N=C1C2=CC=CC=C2)C=O)C3=CC=CC=C3[N+](=O)[O-],,
5115810,C1=CC=C2C(=C1)C=CC=C2CNCC(=O)NC3=CC=CC=C3[N+](=O)[O-],,
5116866,CCCCCCCCCCC(C(CCC(C1CCC(O1)C2CCC(O2)CCCCCCCC(CC3=CC(OC3=O)C)O)O)O)O,,
5118250,COC1=CC=C(C=C1)C2CC(=O)C3=C(C=C(C=C3O2)O)O,,
5119115,CONC(=O)NC1=CC=C(C=C1)Br,,
5119267,C1=CC(=C(C=C1Cl)C(=O)NC2=CC(=C(C(=C2)Br)O)Br)Cl,,
5121664,C(C(=O)C(=O)[O-])F,,
5121684,C1=CC=C(C(=C1)C(=O)NC2=CC=NC=C2)Cl,,
5121953,C1=CC(=C(C=C1N=[N+]=[N-])C(=O)O)[N+](=O)[O-],,
5125273,C(=O)(C(OC(F)(F)F)(F)F)O,,
5127120,CCOC(=O)N1CCC(CC1)NC(=O)CC2=CC=CC=C2,,
5127525,C1=CC=C(C(=C1)CC(=O)O)S,,
5128032,C(CC(=O)[O-])C(C(=O)[O-])N,,
5128451,C1CC(N(C1)C(=O)C2CCCN2C(=O)C(CCCN=C(N)N)N)C(=O)NCC(=O)NC(CC3=CC=CC=C3)C(=O)NC(CO)C(=O)N4CCCC4C(=O)NC(CC5=CC=CC=C5)C(=O)O,,
5128885,C1CC1C(=O)NNC(=O)C2=CC(=CC=C2)[N+](=O)[O-],,
5129185,CC(=O)NC1=CC=C(C=C1)S(=O)(=O)N=[N+]=[N-],,
5129202,CCCNC(=O)NC1=CC=CC2=CC=CC=C21,,
5129458,C1=CC=C(C=C1)CNC(=O)NC2=CC=CC=C2Cl,,
5131781,C1=CC=C(C=C1)C(=O)NCCOC(=O)C2=CC=CC=C2,,
5133457,CC1(C2CCC1(C(C2)OC(=O)CNC3=CC=CC=C3)C)C,,
5133468,C=CCOC1=CC(=O)OC2=CC=CC=C21,,
5135482,CCCCOC(=O)N1CCOCCOCCOCCOCC1,,
5136400,C1CC2=NC3=C(C=C(C=C3)N)C(=O)N2C1,,
5138213,C1=CC(=C(C=C1N)C(=O)O)C2=C3C=CC(=O)C=C3OC4=C2C=CC(=C4)O,,
5138791,C1=COC(=C1)C2=CC=C(C=C2)C(=O)O,,
5139052,COC1=CC2=C(C=C1)C(=CO2)CC(=O)NC3=NC=CS3,,
5139184,CCCN1C2=C(C(=O)N(C1=O)CCC)NC(=N2)C3=CC=C(C=C3)OCC(=O)NC4=CC=C(C=C4)C(=O)C,,
5139980,C1=CC(=C(C2=C1NC(=O)C2=O)Cl)Cl,,
5140436,CCCCOC(=O)CC(=O)OCC,,
5140913,CCN1C=C(C(=O)C2=CC(=C(C(=C21)F)F)F)C(=O)OCC,,
5141361,COC(=O)C1C2CCC(N2)CC1C3=CC=C(C=C3)I,,
5141362,C(CN(C=O)O)CP(=O)(O)[O-].[Na+],,
5143406,C1=CC=C2C(=C1)C(=CC3=CC=C(C=C3)[N+](=O)[O-])C4=CC=CC=C4C2=O,,
5144092,C1C(C(=O)N(C1=O)C2=CC=CC=C2)NNC(=O)C3=CN=CC=C3,,
5144111,C1C(CN(C1=O)C2=CC=C(C=C2)S(=O)(=O)N)C(=O)O,,
5145950,COC1=CC(=CC(=C1)COC2=CC(=C(C=C2C(=O)CCC3CCN(CC3)CCNS(=O)(=O)C)Cl)N)OC,,
5146782,CC1C(=O)N(C(=O)N1)C2=CC=CC=C2,,
5147155,C1OC2=C(O1)C=C(C=C2)NC3=NN=C(O3)C4=CC=CC=C4NCC5=CC=NC=C5,,
5147156,C1OC2=C(O1)C=C(C=C2)NC3=NN=C(O3)C4=CC=CC=C4NCC5=CN=CC=C5,,
5147157,C1COC2=C(O1)C=CC(=C2)NC3=NN=C(O3)C4=CC=CC=C4NCC5=CC=NC=C5,,
5147158,C1COC2=C(O1)C=CC(=C2)NC3=NN=C(O3)C4=CC=CC=C4NCC5=CN=CC=C5,,
5147162,CC1=CC(=NO1)NC(=O)C(=O)C2=CN(C3=CC=CC=C32)CC4=CC=C(C=C4)Cl,,
5147171,C(CC(=O)O)[C@@H](C(=O)O)[NH3+],,
5147612,COC1=CC=C(C=C1)CNC(=O)C2=CSC3=C2CCCC3,,
5147852,CN1CCC23CC(=O)CCC2C1CC4=C3C(=C(C=C4)OC)O,,
5149140,CCCCCCCCC(=O)NCC1=CC(=C(C=C1I)O)OC,,
5149276,CC(C)CCCC1(C=CC2=C(C3=C(C(=C2O1)CCC(C)C)OC45C(C3=O)CC6CC4C(OC5(C6O)CCC(C)C(=O)O)(C)C)O)C,,
5150303,C(C[NH+](CC(=O)[O-])CC(=O)[O-])[NH+](CC(=O)[O-])CC(=O)[O-].[Ca+2],,
5150304,C(C[NH+](CC(=O)[O-])CC(=O)[O-])[NH+](CC(=O)[O-])CC(=O)[O-].[Mg+2],,
5150389,C1=CC=C(C=C1)C2=NN=C(O2)C3=CC=CC=C3[N+](=O)[O-],,
5151086,COC1=CC(=CC(=C1O)C=O)Cl,,
5151463,CC(=O)NCCC(C1=CC=CC=C1)C2=CC=CC=C2,,
5152152,CC1=CC=C(C=C1)C(C(=O)O)N,,
5152312,C1=CC(=CC=C1CC(C(=O)O)N)I,,
5152592,C1=CC=NC(=C1)C2=CC(=CC=C2)C(=O)O,,
5152597,C1C(C(OC2=CC(=CC(=C21)O)O)C3=CC(=C(C(=C3C4=C(C(=C(C=C4C5C(CC6=C(C=C(C=C6O5)O)O)OC(=O)C7=CC(=C(C(=C7)O)O)O)O)O)O)O)O)O)OC(=O)C8=CC(=C(C(=C8)O)O)O,,
5152765,CCCCCCCCCCCCCCOC1=CC=CC(=C1)C(=O)OC,,
5152919,CC(=O)[O-].[Cs+],,
5153171,CCCCC1C(=O)NC(=S)NC1=O,,
5153580,C1=C(C=C(C(=C1O)O)O)C2C(C(=O)C3=C(C=C(C=C3O2)O)O)O,,
5153644,C1=C(C=C(C(=C1O)O)O)C(=O)OCC2C(C(C(C(O2)OC(=O)C3=CC(=C(C(=C3)O)O)O)OC(=O)C4=CC(=C(C(=C4)O)O)O)OC(=O)C5=CC(=C(C(=C5)O)O)O)O,,
5154387,CC(=O)NC1=CC(=C(C=C1)NC(=O)C)[N+](=O)[O-],,
5154674,CC(C(=O)O)NC(=O)CCC(C(=O)O)N,,
5155455,COC1=CC=CC(=C1)NC2=C(C=C(C=C2)C(=O)O)N,,
5155622,CC1CCN(CC1)C(=O)C(C)Cl,,
5155717,C1=CC(=CC=C1CCN2C(=O)C3=C(C=CC(=C3)F)NC2=S)S(=O)(=O)N,,
5157550,CC1=CC=C(C=C1)C(=O)N2C3=CC=CC=C3OC(C2=O)C4=CC=CC=C4,,
5158191,CCOC1=C(C=C(C=C1Br)C2C(=CN(C=C2C(=O)OCC)C)C(=O)OCC)OC,,
5159350,CC1=CC2=C(C=C1)C(=C(S2)C(=O)NC3=NNN=N3)Cl,,
5159834,C1=CC(=CC=C1C(=O)NCCCCCC(=O)O)C(=O)NCCCCCC(=O)O,,
5165162,CCC(=O)N(C1=C(C(=O)C2=CC=CC=C2C1=O)NC)C(C)C,,
5165230,CC(C)C(C(=O)O)NC(=O)CC1=CNC2=CC=CC=C21,,
5165698,C12=C(NC(=O)NC1=O)NC(=S)N2,,
5170952,CCC(=O)NC1CCC2=C(C1)C(=CC=C2)OC,,
5172137,CC1(CC(=C(C(=O)C1)C(C2=CC=CC=C2)C3=C(CC(CC3=O)(C)C)O)O)C,,
5172319,C(CN(CC(=O)NC1=NN=C(S1)S(=O)(=O)N)CC(=O)O)N(CCN(CC(=O)NC2=NN=C(S2)S(=O)(=O)N)CC(=O)O)CC(=O)O,,
5172545,C1=C(SC(=C1)Cl)C(=O)N,,
5175202,C1=CC=C(C=C1)CN(CC2=CC=CC=C2)C(=O)NC3=C(C=C(C=C3)Cl)Cl,,
5175738,C1=CSC(=C1)C2=NC3=C(C(=C2)C(F)(F)F)C(=C(S3)C(=O)NC4=CC=C(C=C4)F)N,,
5177120,CC(=O)CCC(=O)[O-],,
5177574,CC1=CC=CC=C1C2=CC=C(O2)C(=O)O,,
5177764,C(=O)(C(=O)O)C(F)(F)F,,
5178559,CCCN1C2=C(C=C(C=C2)S(=O)(=O)N3CCCC3)N=C1CCC(=O)O,,
5179950,CSCC(=O)[O-],,
5181298,COC1=CC=C(C=C1)C2CC(=NN2C3=CC=C(C=C3)C(=O)O)C4=CC=CC=C4,,
5183345,CCOC(=O)CNC(=O)CSC1=NC(=NS1)C2=CC=CC(=C2)C,,
5184540,C1CCC(=CC1)C=O,,
5184800,CS(=O)(=O)C1=C(C=C(C=C1)C(=O)OCC(=O)NC23CC4CC(C2)CC(C4)C3)[N+](=O)[O-],,
5185538,C1=CC=C(C=C1)C(=O)NNC2=CC=C(C=C2)[N+](=O)[O-],,
5185849,CC1CCC2(CCC3(C(=CCC4C3(CCC5C4(CCC(C5(C)C(=O)O)O)C)C)C2C1C)C)C,,
5186226,C1CC1C(=O)NCCCC2=CC=CC=C2,,
5187941,C1=CC=C2C(=C1)C(=NN=C2NC3=CC=C(C=C3)OC(F)(F)Cl)C4=CC=C(C=C4)C(=O)N,,
5188693,C(CC(=O)O)C(=O)C(=O)[O-],,
5189254,C1C(=O)NC(=O)N(C1=O)C2=CC=CC(=C2)C(F)(F)F,,
5191579,CC(C)(CO)C(C(=O)NCCC(=O)[O-])O,,
5191689,CCCC1=CC=C(O1)C,,
5193384,C1=CC=C(C=C1)C(CCNC(=O)C2=CC=NC=C2)C3=CC=CC=C3,,
5194568,CCCCN(CCCC)C(=O)NC1=CC(=CC(=C1)Cl)Cl,,
5199636,C1=CC=C2C(=C1)C(=CN2)CC(C(=O)O)NC(=O)CC(=O)O,,
5200220,C1CC2=NC(=NC=C2C(=O)C1)N,,
5200225,C1CC(C(=O)NC1)N,,
5200228,C1=CC=C2C(=C1)C=C(C(=N2)N)C(=O)N,,
5200300,CC1=CC=CC=C1COC2=CC=C(C=C2)C(=O)C,,
5200303,CC1=CC(=CC=C1)COC2=CC=C(C=C2)C(=O)C,,
5201447,CS(=O)(=O)C1=CC=C(C=C1)C(C(CF)NC(=O)C(Cl)Cl)O,,
5202474,C1=CC=C(C=C1)C(=O)NNC(=S)NC2=CC=C(C=C2)Cl,,
5202936,COC(=O)C1=CC(=NC2=CC=CC=C21)Cl,,
5203773,C1=CC(=CC=C1C(=O)NCCN)F,,
5204024,C1CC(C2=CC=CC=C2C1)NC(=O)CCC(=O)N3CCN(CC3)S(=O)(=O)C4=CC=C(C=C4)Cl,,
5204254,C1=CC(=CC=C1C2=NOC(=C2)N)Br,,
5204641,CC(C)C(=O)C(=O)[O-],,
5206924,C1C(=C(N2C(S1)C(C2=O)NC(=O)CC3=CC=CS3)C(=O)[O-])C[N+]4=CC=CC=C4,,
5207625,C1CC2CN(CCN2C1)C(=O)C3=NN4C(=CC(=NC4=C3)C5=CC=CC=C5)C(F)(F)F,,
5212856,CCCOC1=C2C(=C(C=C1)Cl)C(=O)C3=CC=CC=C3S2,,
5214209,COC1=CC(=NC=C1)C(=O)N,,
5214710,CC(C)(C)C1CCC2=C(C1)SC(=C2C(=O)N)NC(=O)C3=CC=CC=C3[N+](=O)[O-],,
5214900,CCCCCCCCCCCCCCCCCCCC(=O)OCCCCCCCCCCCC,,
5216003,C1CN(CCN1CC2=CC=CC=C2)C(=O)C(F)(F)F,,
5216267,C1C(N=C(S1)N)CC(=O)O,,
5216290,C1=NN(C=N1)CC(C(=O)O)N,,
5217129,CCCN(CC1=CC=C(O1)C)CC2=CC=C(O2)C,,
5218261,CC(C)CC(=O)OCC1=COC(C2C1CC(C23CO3)OC(=O)C)OC(=O)CC(C)C,,
5219721,COC(=O)C1=CC(=C(C=C1)F)[N+](=O)[O-],,
5219821,COC1=CC=C(C=C1)N2C(=O)CC(C2=O)NNC(=O)C3=CN=CC=C3,,
5219869,CC1=CC=C(C=C1)C(=O)N2C3=CC4=C(C=C3N=C2SC)OCCO4,,
5221196,CCN1C=C(C=N1)C(=O)NC(=S)NC2=C(C=C(C=C2)OCC)[N+](=O)[O-],,
5221308,C1CS(=O)(=O)C2=C(C13C(=O)NC(=O)N3)C=C(C=C2)F,,
5221469,CC1=CC=CN2C1=NC3=C(C2=O)C=C(C(=N)N3CCC4=CC=CC=C4)C(=O)NC(C)C5=CC=CC=C5,,
5222383,CC1=CC=CC=C1C(=O)N(C)C2=CC=CC=C2,,
5222465,CCCC(=O)[O-].[Na+],,
5222748,C1=CC(=CC=C1NC(=O)NO)[N+](=O)[O-],,
5223276,C1=COC(=C1)C2=NN=C(O2)NC(=O)C3=CC=C(C=C3)Cl,,
5225092,CCCCC(=O)OC1(CCC2C1(CC(C3C2CCC4=CC(=O)CCC34C)O)C)C(=O)CO,,
5225625,CC1=CC=C(C=C1)S(=O)(=O)CCC(=O)C2=CC=C(C=C2)F,,
5228340,CCCCCCCCCCCCCCCCOC1=C(C=C(C=C1)C(=O)O)OC,,
5228465,C1=CC=C2C(=C1)C3=C4C(=CC(=C3)[N+](=O)[O-])C=CC=C4C2=O,,
5228738,CNC(=O)NC1=CC=C(C=C1)CC2=CC=C(C=C2)NC(=O)NC,,
5230519,C(C(=O)C(C(=O)O)N)OP(=O)(O)O,,
5230731,CC(C)(C)S(=O)(=O)CC(CC1=CC=CC=C1)C(=O)NC(CC2=CN=CN2)C(=O)NC(CC3CCCCC3)C(C(C4CC4)O)O,,
5232305,C(C[NH+](CC(=O)O)CC(=O)[O-])[NH+](CC(=O)O)CC(=O)[O-],,
5236119,C1=CC(=CC=C1NC2=CC=NC=C2)NC(=O)C3=C(C=C(C=C3)NC4=C5C=C(C=CC5=NC=C4)[N+](=O)[O-])[N+](=O)[O-],,
5236771,C1CCC(CC1)NC(=O)C2(CCCCC2)N(CC3=CC=CS3)C(=O)C4=CC=CC=N4,,
5237032,CC(C)C(C(=O)[O-])[NH3+],,
5237226,CC1CCN(CC1)C(=O)C2=CC3=C(C=C2)OCO3,,
5238140,CC1=CC(=C2C(=C1)C(=C(N2)O)N=NC3=CC=C(C=C3)C(=O)O)C,,
5238478,C1C(C[NH2+]C1C(=O)[O-])O,,
5239058,CNC(=O)CC1C(=O)N(C(=S)N1NC(=O)C2=CC=CC=C2)C,,
5240566,CCOC(=O)C1=C(C(=C(N1)C)C(=O)N2CCN(CC2)C3=CC=CC=C3OC)C,,
5241825,CC1=C2C(=CC3=C(C(=O)OC3C1)C)C(=CC2=O)C,,
5242389,C(CC[NH3+])CC(C(=O)[O-])[NH3+],,
5242513,CC(C(=O)NC(C)C(=O)[O-])[NH3+],,
5244453,CCN(CC)C(=S)SC(C)C(=O)C1=C(C=CC(=C1)Br)O,,
5244802,C1CCN(C(C1)CN2CCCC2)C(=O)CC3=CC(=C(C=C3)Cl)Cl,,
5245667,C1CN2C(=CC3=C(C2=O)C4=C(C=C3)OCO4)C5=CC6=C(C=C51)OCO6,,
5245668,C(C(=O)O)(C(=O)[O-])[NH3+],,
5245672,CC(C)(C(=O)[O-])[NH3+],,
5245705,C(CCC(=O)NCCCCCC(=O)[O-])CC[NH3+],,
5245764,COC(=O)C1=NNN=C1,,
5246010,CCC(C)C(C(=O)NC(C)C(=O)O)N,,
5246202,C(C[NH+](CC(=O)[O-])CC(=O)[O-])[NH+](CC(=O)[O-])CC(=O)[O-],,
5247114,C(C(C(=O)[O-])[NH3+])C(=O)N,,
5248351,C1C[NH2+]C1C(=O)[O-],,
5249080,C(CCCC(=O)[O-])CCC(=O)[O-],,
5249188,CC1(CC2=C(O1)C3=CC=CC=C3C(=O)C2=O)C,,
5249326,CC1=CC(=C(C(=C1)OC2=C(C=C(C=C2OC)O)C(=O)OC)C(=O)OC)O,,
5249536,CC1C(C=CC(=O)O1)OC2C(C(C(C(O2)CO)O)O)O,,
5249653,C1=C(NC=N1)CC(C(=O)[O-])NC(=O)CC[NH3+],,
5251896,C1CC(N(C1)C(=O)CNC23CC4CC(C2)CC(C4)(C3)O)C#N,,
5253705,CC12CCCC(C1C(C34C2CCC(C3)C(=C)C4)C=O)(C)C(=O)O,,
5253706,CC12CCCC(C1C(C34C2CCC(C3)(C(=C)C4)O)C(=O)O)(C)C(=O)O,,
5255267,CN1CC2=C(N=CN2C3=C(C1=O)C=C(C=C3)C#C)C(=O)OCCCOC(=O)C4=C5CN(C(=O)C6=C(N5C=N4)C=CC(=C6)C#C)C,,
5255796,C(CC(=O)NC(CSSCC(C(=O)NCC(=O)O)NC(=O)CCC(C(=O)[O-])[NH3+])C(=O)NCC(=O)O)C(C(=O)[O-])[NH3+],,
5255803,CC(C)CC(C(=O)[O-])[NH3+],,
5255804,CCCC(C(=O)[O-])[NH3+],,
5255805,CSCCC(C(=O)[O-])[NH3+],,
5256173,CC1CCC2(CCC3(C4=CCC5C(C(CCC5(C4CCC3(C2C1C)C)C)OC(=O)C)(C)C)C)C,,
5256491,CC1=C(C(C(=C(N1)C)C(=O)OC)C2=C(C(=C(C(=C2F)F)F)F)F)C(=O)OC,,
5256512,C(CO)[NH+](CCO)CC(=O)[O-],,
5257127,C(C(=O)[O-])[NH3+],,
5257561,CC1(C2CCC3(C(C2(CCC1O)C)CC=C4C3(CCC5(C4CC6(CC5OC6=O)C)C)C)C)C,,
5257909,C1=C(C(=CC(=C1Cl)Cl)Cl)OCC(=O)[O-],,
5258991,C1C(OC2=CC(=CC(=C2C1=O)O)O)C3=CC(=C(C(=C3)O)O)O,,
5259590,CC(C)CC(C(=O)NC(CCC(=O)O)C(=O)O)N,,
5260103,CC1C2C(CC1=O)C(=C)CCC3C2OC(=O)C3(CO)O,,
5260155,C(C(C(=O)[O-])[NH3+])S,,
5260640,C1=CC=C(C(=C1)C(=O)C2=CC=C(S2)Br)C(=O)O,,
5270542,C1=CC=C(C(=C1)C(=O)/C=C/C2=CC(=CC=C2)O)O,,
5270543,C1C(OC2=C(C1=O)C=CC(=C2)F)C3=CC=CC=C3,,
5270588,C1CCN2CC[C@H]3C(=C[C@@](CC/C=C\C1)([C@H]4[C@]3(C2)C[C@H]/5N4CCCC/C=C5)O)C=O,,
5270598,C1CC(=C(C1)C(=O)O)C(=O)NC2=C(C=CC=C2F)F,,
5270600,C1CC(=C(C1)C(=O)O)C(=O)NC2=C(C(=CC=C2)F)F,,
5270647,CCCOC(=O)/C=C/C1=CC=CC=C1,,
5270712,C1CC(=C(C1)C(=O)O)C(=O)NC2=C(C(=C(C=C2)F)F)F,,
5270751,COC1=CC=C(C=C1)CN2C=NC3=C(N=C(N=C32)Cl)C4=CC=CO4,,
5270801,CC1=CC(=CC(=C1NC2=NC(=NC=C2)NC3=CC=C(C=C3)C#N)C)C4=CC=C(O4)C#N,,
5271013,C[C@]12CCC[C@]([C@@H]1CC(=O)C3=C2C=C(C=C3)OC)(C)C(=O)OC,,
5271138,CC(C1=CC=C(C=C1)F)NC(=S)NC2=CC=C(C=C2)NC(=O)C3=CC=CC=C3F,,
5271184,CC1=NOC(=C1)CCCCCCCOC2=C(C=C(C=C2)OC)Cl,,
5271216,CC1=NOC(=C1)CCCCOC2=C(C=C(C=C2)C3=NCCO3)Cl,,
5271217,CC1=NOC(=C1)CCCCCCOC2=C(C=C(C=C2)C3=NCCO3)Cl,,
5271218,CC1=NOC(=C1)CCCCCCCOC2=C(C=C(C=C2)C3=NCCO3)Cl,,
5271219,CC1=C(C=CC(=C1)C2=NCCO2)OCCCCCC3=CC(=NO3)C,,
5271220,CC1=NOC(=C1)CCCCCOC2=CC(=C(C=C2)C3=NCCO3)Cl,,
5271221,CC1=C(C=CC(=C1)OCCCCCC2=CC(=NO2)C)C3=NCCO3,,
5271222,CC1=NOC(=C1)CCCCCOC2=C(C=C(C=C2)C3=NCCO3)F,,
5271223,CC1=NOC(=C1)CCCCCOC2=C(C=C(C=C2)C3=NCCO3)Br,,
5271224,CC1=NOC(=C1)CCCCCOC2=C(C=C(C=C2)C3=NCCO3)N,,
5271225,CC1=NOC(=C1)CCCCCOC2=C(C=C(C=C2)C3=NCCO3)C(F)(F)F,,
5271226,CCC1=C(C=CC(=C1)C2=NCCO2)OCCCCCC3=CC(=NO3)C,,
5271227,CC1=NOC(=C1)CCCCCOC2=C(C=C(C=C2)C3=NCCO3)C(C)C,,
5271229,CC1=NOC(=C1)CCCCCOC2=C(C=C(C=C2)C3=NCCO3)[N+](=O)[O-],,
5271230,CC1=NOC(=C1)CCCCCOC2=C(C=C(C=C2)C3=NCCO3)OC,,
5271231,CC1=NOC(=C1)CCCCCOC2=C(C=C(C=C2)C3=NCCO3)CC=C,,
5271232,CC1=NOC(=C1)CCCCCOC2=C(C=C(C=C2)C3=NCCO3)C(=O)C,,
5271235,CC1=NOC(=C1)CCCCCOC2=C(C=C(C=C2)C3=NCCO3)C(F)F,,
5271238,CC1=NOC(=C1)CCCCCOC2=C(C=C(C=C2)C3=NCCO3)N(C)C,,
5271239,CC1=NOC(=C1)CCCCCOC2=C(C=C(C=C2)C3=NCCO3)C=C,,
5271292,CC(C)(C)[C@@H](C(=O)N1C[C@@H](C[C@H]1C(=O)N[C@@]2(C[C@H]2C=C)C(=O)O)OC3=CC(=NC4=C3C=CC(=C4)OC)C5=CC=CC=C5)NC(=O)NC(C)(C)C,,
5271294,CC(C)(C)[C@@H](C(=O)N1C[C@@H](C[C@H]1C(=O)N[C@@]2(C[C@H]2C=C)C(=O)O)OC3=CC(=NC4=C3C=CC(=C4)OC)C5=CC=CC=C5)NC(=O)OC(C)(C)C,,
5271378,C1=C(C(=O)NC(=O)N1[C@H]2[C@H]([C@@H]([C@H](O2)CO)O)F)F,,
5271440,COC1=CC(=CC(=C1OC)C#CCCCC(=O)O)CC2=CN=C(N=C2N)N,,
5271441,COC1=CC(=CC(=C1OC)C#CC2=CC=C(C=C2)C(=O)O)CC3=CN=C(N=C3N)N,,
5271543,COC1=CC=C(C=C1)C2CC(=O)C3=C(O2)C=C(C=C3)F,,
5271544,COC1=CC=C(C=C1)C2CC(=O)C3=C(O2)C=C(C=C3)OC,,
5271551,COC1=CC2=C(C(=O)CC(O2)C3=CC=C(C=C3)O)C(=C1)OC,,
5271565,COC(=O)/C=C\C(=O)OC,,
5271566,CCOC(=O)/C=C\C(=O)OCC,,
5271567,CCCOC(=O)/C=C\C(=O)OCCC,,
5271568,CCCOC(=O)/C=C/C(=O)OCCC,,
5271569,CCCCOC(=O)/C=C\C(=O)OCCCC,,
5271570,CCCCOC(=O)/C=C/C(=O)OCCCC,,
5271571,CCCCCOC(=O)/C=C\C(=O)OCCCCC,,
5271572,CCCCCOC(=O)/C=C/C(=O)OCCCCC,,
5271573,CCCCCCOC(=O)/C=C\C(=O)OCCCCCC,,
5271574,CCCCCCOC(=O)/C=C/C(=O)OCCCCCC,,
5271576,COC(=O)/C=C(/C(=O)OC)\F,,
5271579,COC(=O)C/C=C/C(=O)OC,,
5271584,COC(=O)C(CF)Br,,
5271684,CC1=CC(=CC(=C1OCCCCCC2=CC(=NO2)C)C)C3=NCCO3,,
5271685,CC1=NOC(=C1)CCCCCOC2=C(C=C(C=C2Br)C3=NCCO3)Br,,
5271686,CC1=NOC(=C1)CCCCCOC2=C(C=C(C=C2F)C3=NCCO3)F,,
5271687,CC1=NOC(=C1)CCCCCOC2=C(C=C(C=C2Cl)C3=NCCO3)C(F)(F)F,,
5271688,CC1=NOC(=C1)CCCCCOC2=C(C=C(C=C2Br)C3=NCCO3)Cl,,
5271689,CC1=NOC(=C1)CCCCCOC2=C(C=C(C=C2Br)C3=NCCO3)[N+](=O)[O-],,
5271690,CC1=NOC(=C1)CCCCCOC2=C(C=C(C=C2Cl)C3=NCCO3)[N+](=O)[O-],,
5271691,CC1=CC(=CC(=C1OCCCCCC2=CC(=NO2)C)Cl)C3=NCCO3,,
5271692,CC1=NOC(=C1)CCCCCOC2=C(C=C(C=C2OC)C3=NCCO3)OC,,
5271787,C1CC(CN(C1)S(=O)(=O)CC2=CC=CC=C2)(CC3=CC=C(C=C3)Cl)C(=O)/C=C(/C(=O)O)\O,,
5271788,C1=CC=C(C=C1)C2=CC=C(C=C2)/C(=C/C(=O)C(=O)O)/O,,
5271805,COC1=C(C=C(C=C1)C2=CC(=O)C3=C(C=C(C=C3O2)OC)O)C4=C(C=C(C5=C4OC(=CC5=O)C6=CC=C(C=C6)O)O)O,,
5271809,C1=C(N=C(C(=O)N1[C@H]2[C@@H]([C@@H]([C@H](O2)COP(=O)(O)OP(=O)(O)OP(=O)(O)O)O)O)C(=O)N)F,,
5271811,C1=CN(C(=O)C(=N1)C(=O)N)[C@H]2[C@@H]([C@@H]([C@H](O2)COP(=O)(O)OP(=O)(O)OP(=O)(O)O)O)O,,
5271819,C1=CN(C(=O)C(=N1)C(=O)N)[C@H]2[C@@H]([C@@H]([C@H](O2)CO)O)O,,
5271826,COC1=C2C(=CC(=C1N3C[C@H](C4(C3)CC4)N)F)C(=O)C(=CN2[C@@H]5C[C@@H]5F)C(=O)O,,
5271952,C=CC1=CN(C(=O)NC1=O)[C@H]2[C@@H]([C@@H]([C@H](O2)CO)O)F,,
5271991,COC1=C(C=CC(=C1C2=CC(=O)C3=C(O2)C(=C(C=C3O)O)OC)O)O,,
5272013,CC(=O)CCN1C2=CC=CC=C2N=C1CN3C4=CC=CC=C4N=N3,,
5272139,C[C@@H]1COC(=N1)C2=CC=C(C=C2)OCCCCCCCC3=CC(=NO3)C,,
5272156,CC1=NOC(=C1)CCCCCCOC2=CC=C(C=C2)C3=NCCO3,,
5272158,CC1=NOC(=C1)CCCCCCCOC2=CC=C(C=C2)C3=NC(CO3)CO,,
5272159,CC1=NOC(=C1)CCCCCCCOC2=CC=C(C=C2)C3=NCC(O3)CO,,
5272222,C[C@H](C1=CC=CC=C1)NC(=S)NC2=CC=C(C=C2)NC(=O)C3=CC=CC=C3F,,
5272224,C[C@H](C1=CC=C(C=C1)Br)NC(=S)NC2=CC=C(C=C2)NC(=O)C3=CC=CC=C3F,,
5272225,CC(C1=CC=C(C=C1)Cl)NC(=S)NC2=CC=C(C=C2)NC(=O)C3=CC=CC=C3F,,
5272226,CC(C1=CC=C(C=C1)Br)NC(=S)NC2=CC=C(C=C2)NC(=O)C3=CC=CC=C3F,,
5272227,CC(C1=CC=C(C=C1)C#N)NC(=S)NC2=CC=C(C=C2)NC(=O)C3=CC=CC=C3F,,
5272228,CC(C1=CC2=CC=CC=C2O1)NC(=S)NC3=CC=C(C=C3)NC(=O)C4=CC=CC=C4F,,
5272232,CC(C1=CC=C(C=C1)F)NC(=S)NC2=CC(=C(C=C2)NC(=O)C3=CC=CC=C3F)C(F)(F)F,,
5272233,CC(C1=CC=C(C=C1)F)NC(=S)NC2=CC(=C(C(=C2)Br)NC(=O)C3=CC=CC=C3F)Br,,
5272234,CC(C1=CC=C(C=C1)F)NC(=S)NC2=CC(=C(C=C2)NC(=O)C3=CC=CC=C3F)OC,,
5272235,CC(C1=CC=C(C=C1)F)NC(=S)NC2=CC(=C(C=C2)NC(=O)C3=CC=CC=C3F)C#N,,
5272236,CC1=C(C=CC(=C1)NC(=S)NC(C)C2=CC=C(C=C2)F)NC(=O)C3=CC=CC=C3F,,
5272239,CC1=C(C=CC(=C1)NC(=O)C2=CC=CC=C2F)NC(=S)NC(C)C3=CC=C(C=C3)F,,
5272242,CC(C1=CC=C(C=C1)F)NC(=S)NC2=CC=C(C=C2)NC(=O)C3=CC=CC=C3OC,,
5272249,CC(C1=CC2=CC=CC=C2O1)NC(=S)NC3=CC(=C(C=C3)NC(=O)C4=CC=CC=C4F)C#N,,
5272619,CC(=O)C1=C(N(C2=CC(=C(C=C21)Cl)Cl)[C@H]3C[C@@H]([C@H](O3)CO)O)Cl,,
5272620,CC(=O)C1=C(N(C2=CC(=C(C=C21)Cl)Cl)[C@H]3C[C@@H]([C@H](O3)CO)O)Br,,
5272653,COC1=C(C=C(C=C1)C2=CC(=O)C3=C(C=C(C=C3O2)OC)O)OC,,
5272796,C1=CC=C2C(=C1)C(=O)C=C(O2)C3=CC=C(C=C3)C(=O)O,,
5272853,CCC1=CN(C(=O)NC1=O)[C@H]2C[C@@H]([C@H](O2)CNC(=O)CC3=CC=CC=C3)O,,
5273006,C1[C@@H]([C@H](O[C@H]1N2C3=CC(=C(C=C3C(=C2Cl)C4=CC=CO4)Cl)Cl)CO)O,,
5273028,CC1=CC(=CC(=C1OCCCC2=CC(=NO2)C)C)C3=NOC(=N3)C,,
5273032,CC1=CC(=CC(=C1OCCCC2=CC(=NO2)C)C)C3=NOC(=N3)C4CC4,,
5273034,CC1=CC(=CC(=C1OCCCC2=CC(=NO2)C)C)C3=NOC(=N3)COC,,
5273039,CC1=CC(=CC(=C1OCCCC2=CC(=NO2)C)C)C3=NOC(=N3)OC,,
5273040,CCOC1=NC(=NO1)C2=CC(=C(C(=C2)C)OCCCC3=CC(=NO3)C)C,,
5273042,CC1=CC(=CC(=C1OCCCC2=CC(=NO2)C)C)C3=NOC(=N3)NC,,
5273043,CC1=CC(=CC(=C1OCCCC2=CC(=NO2)C)C)C3=NOC(=N3)N(C)C,,
5273046,CCC1=NOC(=C1)CCCOC2=C(C=C(C=C2C)C3=NOC(=N3)C)C,,
5273047,CCCC1=NOC(=C1)CCCOC2=C(C=C(C=C2C)C3=NOC(=N3)C)C,,
5273048,CC1=CC(=CC(=C1OCCCC2=CC(=NO2)COC)C)C3=NOC(=N3)C,,
5273049,CCOCC1=NOC(=C1)CCCOC2=C(C=C(C=C2C)C3=NOC(=N3)C)C,,
5273051,CC1=CC(=CC(=C1OCCCC2=CC(=NO2)C3CC3)C)C4=NOC(=N4)C,,
5273058,CCC1=NC(=NO1)C2=CC(=C(C(=C2)C)OCCCC3=CC(=NO3)COC)C,,
5273062,CC1=NC(=NO1)C2=CC(=C(C(=C2)Cl)OCCCC3=CC(=NO3)COC)Cl,,
5273063,CC1=CC(=CC(=C1OCCCC2=CC(=NO2)C)C)C3=NC(=NO3)C,,
5273070,CC1=CC2=C3C(=CN=C2C=C1)C(=O)N(N3)C4=CC=CC=C4,,
5273071,CC1=CC2=C3C(=CN=C2C=C1)C(=O)N(N3)C4=CC=C(C=C4)OC,,
5273072,CC1=CC2=C3C(=CN=C2C=C1)C(=O)N(N3)C4=CC=C(C=C4)F,,
5273082,CC(=O)C1=CC=C(O1)CCCCCOC2=CC=C(C=C2)C3=NCCO3,,
5273084,CC(=O)C1=CC=C(O1)CCCCCOC2=C(C=C(C=C2Cl)C3=NCCO3)Cl,,
5273093,CC1=NOC(=C1)CCCCCOC2=CC=C(C=C2)C3=NC(=C(S3)C)C,,
5273284,C1=CC(=CC=C1/C=C/C2=CC(=CC(=C2)O)O)O[C@H]3[C@@H]([C@H]([C@@H]([C@H](O3)C(=O)O)O)O)O,,
5273285,C1=CC(=CC=C1/C=C/C2=CC(=CC(=C2)O[C@H]3[C@@H]([C@H]([C@@H]([C@H](O3)C(=O)O)O)O)O)O)O,,
5273315,CC(C)C[C@@H](C(=O)N[C@@H](CO)C(=O)N[C@@H](CC1=CC=C(C=C1)O)C(=O)N[C@@H](CCCN=C(N)N)C(=O)N[C@@H](CS)C(=O)O)NC(=O)[C@H](CO)NC(=O)[C@H](C(C)C)NC(=O)[C@@H]2CCCN2C(=O)[C@H](CCCCN)N,,
5273357,CC1=CC2=C(C(=O)CC[C@H]2O)C(=C1)O,,
5273464,CC(C)OC(=O)/C=C/C1=CC=CC=C1,,
5273465,CCCCOC(=O)/C=C/C1=CC=CC=C1,,
5273467,CC(C)CCOC(=O)/C=C/C1=CC=CC=C1,,
5273468,CCCCCCCCOC(=O)/C=C/C1=CC=CC=C1,,
5273469,C1=CC=C(C=C1)COC(=O)/C=C/C2=CC=CC=C2,,
5273472,C1=CC=C(C=C1)/C=C/C(=O)N,,
5273566,C1=CC(=C(C=C1CCO[C@H]2[C@@H]([C@H]([C@@H]([C@H](O2)CO)OC(=O)/C=C/C3=CC(=C(C=C3)O)O)O)O)O)O,,
5273567,C1=CC(=C(C=C1CCO[C@H]2[C@@H]([C@H]([C@@H]([C@H](O2)COC(=O)/C=C/C3=CC(=C(C=C3)O)O)O)O)O)O)O,,
5273568,COC1=C(C(=C2C(=C1)C=CC(=O)O2)O[C@H]3[C@@H]([C@H]([C@@H]([C@H](O3)CO)O)O)O)O,,
5273569,COC1=C(C(=C2C(=C1)C=CC(=O)O2)O)O,,
5273621,COC1=CC(=O)OC(=C1)/C=C/C2=CC=CC=C2,,
5273622,COC1=CC(=O)OC(=C1)CCC2=CC3=C(C=C2)OCO3,,
5273755,COC1=C(C=C(C=C1)C2=CC(=O)C3=C(O2)C=C(C(=C3O)OC)O)OC,,
5273759,C1CC1NC2=C3C(=NC(=N2)N)N(C=N3)[C@@H]4C[C@@H](C=C4)CO.C1[C@H](O[C@H](S1)CO)N2C=CC(=NC2=O)N,,
5273762,CCCC1(C2=C(CCO1)C3=C(C=CC(=C3N2)Cl)Cl)CC(=O)O,,
5273765,CCCC1(C2=C(CCO1)C3=C(C=CC(=C3N2)C)C#N)CC(=O)O,,
5273766,CCCC1(C2=C(CCO1)C3=C(C=CC(=C3N2)F)C#N)CC(=O)O,,
5273767,CCCC1(C2=C(CCO1)C3=C(N2)C(=CC(=C3C#N)F)C)CC(=O)O,,
5273770,CCC[C@]1(C2=C(CCO1)C3=C(C=CC(=C3N2)Cl)Cl)CC(=O)O,,
5273773,CCC[C@]1(C2=C(CCO1)C3=C(C=CC(=C3N2)F)C#N)CC(=O)O,,
5273775,CCC[C@]1(C2=C(CCO1)C3=C(N2)C(=CC(=C3C#N)F)C)CC(=O)O,,
5273776,CCC[C@@]1(C2=C(CCO1)C3=C(N2)C(=CC(=C3C#N)F)C)CC(=O)O,,
5273785,COC1=C(C=C(C=C1)C2=C3C(=CC4=C2C(=O)NC4=O)C=CC5=C3OCO5)OC,,
5273786,C1OC2=C(O1)C=C(C=C2)C3=C4C(=CC(=C3C(=O)O)C(=O)N)C=CC5=C4OCO5,,
5273788,CN(C)C(=O)C1=C(C(=C2C(=C1)C=CC3=C2OCO3)C4=CC5=C(C=C4)OCO5)C(=O)O,,
5273789,COC1=C(C=C(C=C1)C2=C3C(=CC(=C2C(=O)O)C(=O)N)C=CC4=C3OCO4)OC,,
5273791,CN1CC2=C(C1=O)C(=C3C(=C2)C=CC4=C3OCO4)C5=CC6=C(C=C5)OCO6,,
5273792,C1C2=C(C=C3C=CC4=C(C3=C2C5=CC6=C(C=C5)OCO6)OCO4)C(=O)N1,,
5273793,CN1CC2=C(C1=O)C=C3C=CC4=C(C3=C2C5=CC6=C(C=C5)OCO6)OCO4,,
5273795,C1C2=C(C=C3C=CC4=C(C3=C2C5=CC6=C(C=C5)OCO6)OCO4)C(=O)N1CCCO,,
5273796,COC1=C(C=C(C=C1)C2=C3C(=CC4=C2CNC4=O)C=CC5=C3OCO5)OC,,
5273798,CC(=O)NN1C(=O)C2=C(C1=O)C(=C3C(=C2)C=CC4=C3OCO4)C5=CC6=C(C=C5)OCO6,,
5273800,CC(=O)NN1CC2=C(C1=O)C(=C3C(=C2)C=CC4=C3OCO4)C5=CC6=C(C=C5)OCO6,,
5274022,C1=CC(=C(C=C1NC(=O)C2=C(C=C(C=C2)Cl)O)Cl)Cl,,
5274026,C1=CC(=CC=C1C(F)(F)F)NC(=O)C2=C(C=C(C=C2)Cl)O,,
5274057,C1=CC(=CC=C1C(F)(F)F)NC(=O)C2=C(C=CC(=C2)Br)O,,
5274059,C1=CC(=CC=C1C(F)(F)F)NC(=O)C2=C(C=CC(=C2)Cl)O,,
5274061,C1=CC(=CC=C1C#N)NC(=O)C2=C(C=CC(=C2)Cl)O,,
5274062,C1=CC(=CC=C1C(F)(F)F)NC(=O)C2=C(C=CC(=C2)F)O,,
5274071,COC1=CC(=C(C=C1)O)C(=O)NC2=CC(=CC=C2)Cl,,
5274585,C1=CC(=C(C=C1C2=C(C(=O)C3=C(C=C(C=C3O2)O)O)O[C@H]4[C@@H]([C@H]([C@@H]([C@H](O4)C(=O)O)O)O)O)O)O,,
5274622,COC1=C(C=CC(=C1)CCCOC(=O)/C=C/C2=CC(=C(C=C2)O)OC)O[C@@H](COC(=O)/C=C/C3=CC(=C(C=C3)O)OC)[C@H](C4=CC(=C(C=C4)O)OC)O,,
5274624,COC1=CC(=CC2=C1O[C@H]([C@@H]2COC(=O)/C=C/C3=CC(=C(C=C3)O)OC)C4=CC(=C(C=C4)O)OC)CCCOC(=O)/C=C/C5=CC(=C(C=C5)O)OC,,
5274768,C1CCC(CC1)C(=O)NC2=NC3=C(S2)C=C(C=C3)C(=O)NCCNCC4=CC5=CC=CC=C5C=C4,,
5274815,C1CCC(C1)C(=O)NC2=NC3=C(S2)C=C(C=C3)NC(=O)[C@H]4CCC[C@H](C4)NCC5=CC6=CC=CC=C6C=C5,,
5275061,CC1=CC(=C(C(=C1)C)N2C(=NN=N2)SCC(=O)NC3=CC=CC=C3[N+](=O)[O-])C,,
5275073,C1=CC=C2C(=C1)C=CC=C2N3C(=NN=N3)SCC(=O)NC4=CC=CC=C4Cl,,
5275112,C1=CC=C2C(=C1)C=CC=C2N3C(=NN=N3)CCC(=O)NC4=CC=CC=C4[N+](=O)[O-],,
5275154,C1=CC=C2C(=C1)C=CC=C2N3C=CN=C3SCC(=O)NC4=CC=CC=C4[N+](=O)[O-],,
5275183,CC1=CC(=C(C=C1)N2C(=NN=N2)SCC(=O)NC3=CC=CC=C3Cl)Cl,,
5275197,CC(C)(C)C1=CC(=C(C=C1)N2C(=NN=N2)SCC(=O)NC3=C(C=C(C=C3)S(=O)(=O)C)Cl)Cl,,
5275227,CC(=CCC1=C2C(=C(C=C1O)O)C(=O)C[C@H](O2)C3=C(C=C(C=C3)O)O)C,,
5275230,CC(C)C[C@@H]([C@H]1[C@@H](C[C@@H](O1)C(=O)O)C2=CN=CN2)NC(=O)C,,
5275422,CC(C)C[C@]1(C[C@@H]([C@@H](N1C(=O)C2=CC=C(C=C2)C(F)(F)F)C3=CC=CS3)C(=O)O)C(=O)O,,
5275439,C1CCC(CC1)C2=C(NC3=C2C=CC(=C3)C(=O)O)C4=CC=CC=C4,,
5275440,C1CCC(CC1)C2=C(N(C3=C2C=CC(=C3)C(=O)O)CC4=CC=CC=C4)C5=CC=CC=C5,,
5275441,C1CCC(CC1)C2=C(N(C3=C2C=CC(=C3)C(=O)O)S(=O)(=O)C4=CC=CC=C4)C5=CC=CC=C5,,
5275444,CN(C)C(=O)CN1C2=C(C=CC(=C2)C(=O)O)C(=C1C3=CC=CC=C3)C4CCCCC4,,
5275445,CN(C)C(=O)CN1C2=C(C=CC(=C2)C(=O)O)C(=C1C3=CC=CC=C3Cl)C4CCCCC4,,
5275446,CN(C)C(=O)CN1C2=C(C=CC(=C2)C(=O)O)C(=C1C3=CC(=CC=C3)Cl)C4CCCCC4,,
5275447,CN(C)C(=O)CN1C2=C(C=CC(=C2)C(=O)O)C(=C1C3=CC=C(C=C3)Cl)C4CCCCC4,,
5275448,CN(C)C(=O)CN1C2=C(C=CC(=C2)C(=O)O)C(=C1C3=CC(=CC=C3)F)C4CCCCC4,,
5275449,CC1=CC=C(C=C1)C2=C(C3=C(N2CC(=O)N(C)C)C=C(C=C3)C(=O)O)C4CCCCC4,,
5275450,CN(C)C(=O)CN1C2=C(C=CC(=C2)C(=O)O)C(=C1C3=CC=C(C=C3)OC)C4CCCCC4,,
5275451,CN(C)C(=O)CN1C2=C(C=CC(=C2)C(=O)O)C(=C1C3=CC=C(C=C3)OCC4=CC=CC=C4)C5CCCCC5,,
5275507,CC(=CCC/C(=C/CC/C(=C/C(=O)O)/C)/C)C,,
5275508,CC(=CCC/C(=C/CC/C(=C/C(=O)OC)/C)/C)C,,
5275520,CC(=CCC/C(=C/C(=O)O)/C)C,,
5275521,CC(=CCC/C(=C/CC/C(=C/CC/C(=C/C(=O)O)/C)/C)/C)C,,
5275522,C1=CC(=CC=C1C2=NC3=C(C=C(C=C3)OC(F)(F)F)C(=C2)C(=O)O)Br,,
5275528,CC1=CC2=C(C(=C1)Cl)N=C(C=C2C(=O)O)C3=CC=C(C=C3)Br,,
5275530,C1=CC(=CC=C1C2=NC3=C(C(=C2)C(=O)O)C(=CC(=C3)Cl)Cl)Br,,
5275531,C1=CC(=CC=C1C2=NC3=C(C=C(C=C3C(F)(F)F)Br)C(=C2)C(=O)O)Br,,
5275532,CC1=C(C=CC2=C1N=C(C=C2C(=O)O)C3=CC=C(C=C3)Br)Br,,
5275533,CC1=C(C=CC2=C1N=C(C=C2C(=O)O)C3=CC=C(C=C3)Br)F,,
5275537,CC1=CC(=CC2=C1N=C(C=C2C(=O)OCC3=CC(=C(C=C3)Cl)Cl)C4=CC=C(C=C4)Br)Cl,,
5275538,CC1=CC(=CC2=C1N=C(C=C2C(=O)OCC3=CC=CO3)C4=CC=C(C=C4)Br)Cl,,
5275725,CCCCCCCC(CC(=O)CCC1=CC(=C(C=C1)O)OC)O,,
5275726,CCCCCCCCCC(CC(=O)CCC1=CC(=C(C=C1)O)OC)O,,
5275759,CS(=O)(=O)N1CCC(CC1)C(=O)N(CCCN2CCC(CC2)CC3=CC=C(C=C3)C#N)C4=CC(=C(C=C4)Cl)Cl,,
5275760,COC(=O)C1=CC=C(C=C1)CC2CCN(CC2)CCCN(C3=CC(=C(C=C3)Cl)Cl)C(=O)C4CCN(CC4)S(=O)(=O)C,,
5275761,CS(=O)(=O)N1CCC(CC1)C(=O)N(CCCN2CCC(CC2)CC3=CC=C(C=C3)C(=O)O)C4=CC(=C(C=C4)Cl)Cl,,
5275762,CS(=O)(=O)N1CCC(CC1)C(=O)N(CCCN2CCC(CC2)CC3=CC=C(C=C3)C(=O)N)C4=CC(=C(C=C4)Cl)Cl,,
5275763,CNC(=O)C1=CC=C(C=C1)CC2CCN(CC2)CCCN(C3=CC(=C(C=C3)Cl)Cl)C(=O)C4CCN(CC4)S(=O)(=O)C,,
5275764,CN(C)C(=O)C1=CC=C(C=C1)CC2CCN(CC2)CCCN(C3=CC(=C(C=C3)Cl)Cl)C(=O)C4CCN(CC4)S(=O)(=O)C,,
5275765,CC(=O)N1CCC(CC1)C(=O)N(CCCN2CCC(CC2)CC3=CC=C(C=C3)C(=O)N)C4=CC(=C(C=C4)Cl)Cl,,
5275766,CC1=C(C=C(C=C1)N(CCCN2CCC(CC2)CC3=CC=C(C=C3)C(=O)N)C(=O)C4CCN(CC4)C(=O)C)Cl,,
5275788,COC1=CC(=CC(=C1O)O)/C=C/C2=NC3=C(C=C2)C=CC(=C3O)C(=O)O,,
5275801,C1C(NC(=O)NC1=O)C2=NC(=C(C3=C2C=CC=N3)O)C(=O)NCC4=CC=C(C=C4)F,,
5275802,CN1C(CC(=O)NC1=O)C2=NC(=C(C3=C2C=CC=N3)O)C(=O)NCC4=CC=C(C=C4)F,,
5275803,CN1C(=O)CC(NC1=O)C2=NC(=C(C3=C2C=CC=N3)O)C(=O)NCC4=CC=C(C=C4)F,,
5275804,CN1C(CC(=O)N(C1=O)C)C2=NC(=C(C3=C2C=CC=N3)O)C(=O)NCC4=CC=C(C=C4)F,,
5275815,COC1=CC=C(C=C1)S(=O)(=O)N(C[C@H]2CCC(=O)N2)C[C@H]([C@H](CC3=CC=CC=C3)NC(=O)O[C@@H]4C[C@@H]5CCO[C@@H]5C4)O,,
5275835,C[C@@](CCN1CCC2C(C1)CCN2C(=O)OC(C)(C)C)(CN(C)S(=O)(=O)C3=CC=CC=C3)C4=CC=CC=C4,,
5275843,C1C(=O)N[C@@H](C(=O)N[C@H](C(=O)N[C@H](C(=O)N[C@H](C(=O)N1)CC2=CC3=CC=CC=C3C=C2)CCCN=C(N)N)CCCN=C(N)N)CC4=CC=C(C=C4)O,,
5275906,C[C@@H]1C/C=C/CCCCC(=O)CC2=C(C(=CC(=C2)O)O)C(=O)O1,,
5275907,C[C@H]1[C@@H](CCC2=CC(=O)[C@@H](C[C@]12C)C(=C)C)O,,
5275908,C[C@H]1[C@@H](CCC2=CC(=O)C(=C[C@]12C)C(=C)C)O,,
5275923,CC1=CC(=O)C(=C(C2=C1CC(CC2)C(=C)C)O)O,,
5275937,CCC1=CN(C(=O)NC1=O)[C@H]2C[C@@H]([C@H](O2)CNC(=O)C3C4=CC=CC=C4C5=CC=CC=C35)O,,
5275938,CCC1=CN(C(=O)NC1=O)[C@H]2C[C@@H]([C@H](O2)CNC(=O)C3C4=CC=CC=C4CC5=CC=CC=C35)O,,
5275941,CCC1=CN(C(=O)NC1=O)[C@H]2C[C@@H]([C@H](O2)CNC(=O)C3C4=CC=CC=C4OC5=CC=CC=C35)O,,
5275942,CCC1=CN(C(=O)NC1=O)[C@H]2C[C@@H]([C@H](O2)CNC(=O)C3C4=CC=CC=C4N(C5=CC=CC=C35)C)O,,
5275943,CCC1=CN(C(=O)NC1=O)[C@H]2C[C@@H]([C@H](O2)CNC(=O)C3C4=CC=CC=C4SC5=CC=CC=C35)O,,
5275944,CCC1=CN(C(=O)NC1=O)[C@H]2C[C@@H]([C@H](O2)CNC(=O)C3C4=CC=CC=C4S(=O)(=O)C5=CC=CC=C35)O,,
5275945,CCC1=CN(C(=O)NC1=O)[C@H]2[C@H]([C@@H]([C@H](O2)CNC(=O)C3C4=CC=CC=C4OC5=CC=CC=C35)O)F,,
5275946,CCC1=CN(C(=O)NC1=O)[C@H]2[C@H]([C@@H]([C@H](O2)CNC(=O)C3C4=CC=CC=C4SC5=CC=CC=C35)O)F,,
5275947,CCC1=CN(C(=O)NC1=O)[C@H]2[C@H]([C@@H]([C@H](O2)CNC(=O)C3C4=CC=CC=C4S(=O)(=O)C5=CC=CC=C35)O)F,,
5275948,CCC1=CN(C(=O)NC1=O)[C@H]2[C@H]([C@@H]([C@H](O2)CNC(=O)C3C4=C(C(=CC=C4)Cl)OC5=CC=CC=C35)O)F,,
5275949,CCC1=CN(C(=O)NC1=O)[C@H]2[C@H]([C@@H]([C@H](O2)CNC(=O)C3C4=CC=CC=C4OC5=C(C=CC=C35)C)O)F,,
5275950,CCC1=CN(C(=O)NC1=O)[C@H]2[C@H]([C@@H]([C@H](O2)CNC(=O)C3C4=C(C(=CC=C4)C(F)(F)F)OC5=CC=CC=C35)O)F,,
5275951,CCC1=CN(C(=O)NC1=O)[C@H]2[C@H]([C@@H]([C@H](O2)CNC(=O)C3C4=C(C(=CC=C4)OC)OC5=CC=CC=C35)O)F,,
5275952,CCC1=CN(C(=O)NC1=O)[C@H]2[C@H]([C@@H]([C@H](O2)CNC(=O)C3C4=CC=CC=C4OC5=C(C=CC=C35)C6=CC=CC=C6)O)F,,
5275953,CCC1=CN(C(=O)NC1=O)[C@H]2[C@H]([C@@H]([C@H](O2)CNC(=O)C3C4=C(C(=CC=C4)Cl)OC5=C3C=CC=C5Cl)O)F,,
5275954,CCC1=CN(C(=O)NC1=O)[C@H]2[C@H]([C@@H]([C@H](O2)CNC(=O)C3C4=CC=CC(=C4OC5=C(C=CC=C35)C)C)O)F,,
5275955,CCC1=CN(C(=O)NC1=O)[C@H]2[C@H]([C@@H]([C@H](O2)CNC(=O)C3C4=C(C(=CC=C4)Cl)SC5=CC=CC=C35)O)F,,
5275956,CCC1=CN(C(=O)NC1=O)[C@H]2[C@H]([C@@H]([C@H](O2)CNC(=O)C3C4=C(C(=CC=C4)Cl)S(=O)(=O)C5=CC=CC=C35)O)F,,
5275957,CCC1=CN(C(=O)NC1=O)[C@H]2[C@H]([C@@H]([C@H](O2)CNC(=O)C3C4=CC=CC=C4C(C5=CC=CC=C35)(C)C)O)F,,
5275958,CCC1=CN(C(=O)NC1=O)[C@H]2[C@H]([C@@H]([C@H](O2)CNC(=O)C3C4=CC=CC=C4C(C5=CC=CC=C35)(C(F)(F)F)C(F)(F)F)O)F,,
5275970,CCC(CC)OC1=CC(=CC(=C1NC(=O)C)N)C(=O)O,,
5275971,CCC(CC)OC1=CC(=CC(=C1NC(=O)C)N=C(N)N)C(=O)O,,
5276209,CC(=O)NC12CC3CC(C1)(CC(C3)(C2)C)C,,
5276377,C1=CC(=C(C(=C1)F)CN2C3=C(C=CC(=C3)Cl)NC2=O)F,,
5276379,C1=CC(=C(C(=C1)F)CN2C3=C(C=CC(=C3)Cl)OC2=O)F,,
5276380,C1=CC(=C(C(=C1)Cl)CN2C3=C(C=CC(=C3)Cl)NC2=O)Cl,,
5276381,CC(C)C1=CC=C(C=C1)CN2C3=C(C=CC(=C3)Cl)NC2=O,,
5276382,C1=CC=C2C(=C1)C=CC=C2CN3C4=C(C=CC(=C4)Cl)NC3=O,,
5276383,C1=CC=C2C=C(C=CC2=C1)CN3C4=C(C=CC(=C4)Cl)NC3=O,,
5276384,C1CCC(CC1)CN2C3=C(C=CC(=C3)Cl)NC2=O,,
5276405,C1=CC(=CC=C1CCOC(=O)C2=CC(=C(C(=C2)O)O)O)O,,
5276454,C1[C@@H]([C@H](OC2=CC(=CC(=C21)O)O)C3=CC(=C(C=C3)O)O)OC(=O)C4=CC(=C(C(=C4)O)O)O,,
5276592,CCCCCCCCCCC[C@@]1(CCCC(=O)O1)CO,,
5276616,CC1=CC2=C(C(=C1)O)C(=O)C(=CC2=O)OC,,
5276618,CC12C(CC3=C1C(=O)C4=C(C3=O)C=CC=C4O)C(=O)C5=C(C2=O)C=CC=C5O,,
5276642,C1=C(C(=NC(=O)N1[C@H]2[C@@H]([C@@H]([C@H](O2)CO)O)F)N)I,,
5276646,CC1=CN2[C@@H]3[C@@H]([C@H]([C@@H](O3)CO)O)OC2=NC1=O,,
5276659,C1=CC=C(C=C1)CN2C=C(C(=O)NC2=O)Br,,
5276704,C1CCC(C1)C(=O)NC2=NC3=C(S2)C=C(C=C3)NC(=O)[C@@H]4CCC[C@@H](C4)NCC5=CC6=CC=CC=C6C=C5,,
5276890,C1[C@@H]([C@H](OC2=CC(=CC(=C21)O)O)C3=CC(=C(C(=C3)O)O)O)OC(=O)C4=CC(=C(C(=C4)O)O)O,,
5276968,C1=CC(=C(C(=C1)Cl)Cl)CC2=CC3=C(C=C2)N(C=C(C3=O)C(=O)O)CCO,,
5276969,C1=CC(=C(C(=C1)Cl)Cl)CC2=CC3=C(C(=C2)F)N(C=C(C3=O)C(=O)O)CCO,,
5276974,C1=CC(=C(C(=C1)Cl)Cl)CC2=CC3=C(C=C2)N(C=C(C3=O)C(=O)O)CC(=O)N,,
5276975,CC(C)N1C=C(C(=O)C2=C1C=CC(=C2)CC3=C(C(=CC=C3)Cl)Cl)C(=O)O,,
5276977,C1=CC(=C(C(=C1)Cl)Cl)CC2=CC3=C(C=C2)N(C=C(C3=O)C(=O)O)CCC(=O)O,,
5276980,C1=CC(=C(C(=C1)Cl)Cl)CC2=CC3=C(C=C2)N(C=C(C3=O)C(=O)O)CCC(=O)N,,
5276992,C1=CC(=C(C(=C1)Cl)Cl)CC2=CC3=C(C=C2)N(C=C(C3=O)C(=O)O)CCCO,,
5276995,C1=CC(=C(C(=C1)Cl)Cl)CC2=CC3=C(C=C2)N(C=C(C3=O)C(=O)O)CC(=O)O,,
5277003,CN1C=C(C(=O)C2=C1C=CC(=C2)CC3=C(C(=CC=C3)Cl)Cl)C(=O)O,,
5277004,CCN1C=C(C(=O)C2=C1C=CC(=C2)CC3=C(C(=CC=C3)Cl)Cl)C(=O)O,,
5277005,CCCN1C=C(C(=O)C2=C1C=CC(=C2)CC3=C(C(=CC=C3)Cl)Cl)C(=O)O,,
5277006,CCCCN1C=C(C(=O)C2=C1C=CC(=C2)CC3=C(C(=CC=C3)Cl)Cl)C(=O)O,,
5277013,C1=CC(=C(C(=C1)Cl)Cl)CC2=CC3=C(C=C2)N(C=C(C3=O)C(=O)O)CCN,,
5277031,C1=CC(=C(C(=C1)F)Cl)CC2=CC3=C(C=C2)N(C=C(C3=O)C(=O)O)CCO,,
5277051,COC1=CC2=C(C=C1CC3=C(C(=CC=C3)Cl)F)C(=O)C(=CN2CCO)C(=O)O,,
5277062,C1=CC(=C(C(=C1)Cl)Cl)CC2=CC3=C(C=C2Cl)N(C=C(C3=O)C(=O)O)CCO,,
5277063,C1=CC(=C(C(=C1)Cl)Cl)CC2=CC3=C(C=C2C(F)(F)F)N(C=C(C3=O)C(=O)O)CCO,,
5277064,C[C@@H](CO)N1C=C(C(=O)C2=C1C=CC(=C2)CC3=C(C(=CC=C3)Cl)F)C(=O)O,,
5277065,C[C@H](CO)N1C=C(C(=O)C2=C1C=CC(=C2)CC3=C(C(=CC=C3)Cl)F)C(=O)O,,
5277068,C1=CC(=C(C(=C1)Cl)Cl)CC2=CC3=C(C=C2C#N)N(C=C(C3=O)C(=O)O)CCO,,
5277092,CC[C@@H](CO)N1C=C(C(=O)C2=C1C=CC(=C2)CC3=C(C(=CC=C3)Cl)F)C(=O)O,,
5277114,C1=CC(=C(C(=C1)Cl)Cl)CC2=CC3=C(C=C2F)N(C=C(C3=O)C(=O)O)CCO,,
5277116,C1=CC(=C(C(=C1)Cl)Cl)CC2=C(C3=C(C=C2)N(C=C(C3=O)C(=O)O)CCO)F,,
5277118,CC1=CC2=C(C=C1CC3=C(C(=CC=C3)Cl)Cl)C(=O)C(=CN2CCO)C(=O)O,,
5277121,C1CCC(CC1)[C@@H](CO)N2C=C(C(=O)C3=C2C=CC(=C3)CC4=C(C(=CC=C4)Cl)F)C(=O)O,,
5277135,CC(C)[C@@H](CO)N1C=C(C(=O)C2=C1C=C(C(=C2)CC3=C(C(=CC=C3)Cl)F)OC)C(=O)O,,
5277136,CC(C)(C)[C@@H](CO)N1C=C(C(=O)C2=C1C=C(C(=C2)CC3=C(C(=CC=C3)Cl)F)OC)C(=O)O,,
5277141,CCC[C@@H](CO)N1C=C(C(=O)C2=C1C=C(C(=C2)CC3=C(C(=CC=C3)Cl)F)OC)C(=O)O,,
5277145,COC1=CC2=C(C=C1CC3=C(C(=CC=C3)Cl)F)C(=O)C(=CN2[C@H](CO)C4CCCCC4)C(=O)O,,
5277164,CC(C)(C)[C@@H](C(=O)N1C[C@@H](C[C@H]1C(=O)N[C@@]2(C[C@H]2C=C)C(=O)NS(=O)(=O)C3CC3)OC4=CC(=NC5=C4C=CC(=C5)OC)C6=CC=CC=C6)N,,
5277203,CC(C)(C)[C@@H](C(=O)N1C[C@@H](C[C@H]1C(=O)N[C@@]2(C[C@H]2C=C)C(=O)NS(=O)(=O)C3CC3)OC4=CC(=NC5=C4C=CC(=C5)OC)C6=CC=CC=C6)NC(=O)OC,,
5277577,CC(C)CN(C[C@H]([C@@H]1CCCC/C=C\COC2=C(C=CC=C2O)C(=O)N1)O)S(=O)(=O)C3=CC=C(C=C3)OC,,
5277578,CCCCCCC[C@@H]([C@@H](CN(CC(C)C)S(=O)(=O)C1=CC=C(C=C1)OC)O)NC(=O)C2=C(C(=CC=C2)O)O,,
5277579,CC(C)CN(C[C@H]([C@@H]1CCCCCCCOC2=C(C=CC=C2O)C(=O)N1)O)S(=O)(=O)C3=CC=C(C=C3)OC,,
5277580,CC(C)CN(C[C@H]([C@H](CCCCC=C)NC(=O)C1=C(C(=CC=C1)O)OCCC=C)O)S(=O)(=O)C2=CC=C(C=C2)OC,,
5277581,CC(C)CN(C[C@H]([C@@H]1CCCCCCCCOC2=C(C=CC=C2O)C(=O)N1)O)S(=O)(=O)C3=CC=C(C=C3)OC,,
5277582,CC(C)CN(C[C@H]([C@H](CCCCC=C)NC(=O)C1=C(C(=CC=C1)O)OCCCC=C)O)S(=O)(=O)C2=CC=C(C=C2)OC,,
5277583,CC(C)CN(C[C@H]([C@@H]1CCCCCCCCCOC2=C(C=CC=C2O)C(=O)N1)O)S(=O)(=O)C3=CC=C(C=C3)OC,,
5277584,CC(C)CN(C[C@H]([C@H](CCCCC=C)NC(=O)C1=C(C(=CC=C1)O)OCCC=C)O)S(=O)(=O)C2=CC3=C(C=C2)OCO3,,
5277585,CC(C)CN(C[C@H]([C@@H]1CCCCCCCCOC2=C(C=CC=C2O)C(=O)N1)O)S(=O)(=O)C3=CC4=C(C=C3)OCO4,,
5277586,CC(C)C(=O)C1=C(C2=C(C(=C1O)CC=C(C)C)OC(=O)C=C2C3=CC=CC=C3)O,,
5277587,CC(C)C(=O)C1=C(C(=C(C2=C1OC(=O)C=C2C3=CC=CC=C3)O)CC=C(C)C)O,,
5277593,CCCCCCCC(=O)CCCCCC/C=C/[C@H](C(=O)N[C@@H](CC1=CC=C(C=C1)OC2=CC=CC=C2)C(=O)O)[C@@](CC(=O)O)(C(=O)O)O,,
5277595,CCCCCCCC(=O)CCCCCC/C=C/[C@H](C(=O)N[C@@H](CC1=CC=C(C=C1)OCC2=CC=CC=C2)C(=O)O)[C@@](CC(=O)O)(C(=O)O)O,,
